date,pointIndex,timePoint,declarationPower,declarationPowerUpper,declarationPowerLower,declarationStartStopState,declarationPercent,defaultDeclarationPower,defaultDeclarationPowerUpper,defaultDeclarationPowerLower,defaultDeclarationStartStopState,defaultDeclarationPercent,dayAheadUserMediumLongPower,dayAheadUserStandardPower,dayAheadUserSumPower,dayAheadUserClearingPower,dayAheadUserPrice,dayAheadUserPriceFinal,dayAheadUserSouthPrice,dayAheadUserNorthPrice,dayAheadPublicClearingPower,dayAheadPublicPrice,dayAheadPublicSouthPrice,dayAheadPublicNorthPrice,dayAheadPublicSouthNodePrice,dayAheadPublicNorthNodePrice,realTimeSouthPrice,realTimeNorthPrice,realTimeSouthNodePrice,realTimeNorthNodePrice,realTimeSouthReleaseType,realTimeNorthReleaseType,realTimeClearingPower,realTimeAvgPrice,realTimePointPrice,realTimeAvgPriceCurrent,realTimePointPriceCurrent,realTimeAvgPriceFinal,realTimePointPriceFinal,actualKwh,settleAmount,sourceTargets,sourceFiles
2026-05-12,1,00:15,,,,,,,,,,,,,,,,,,,,,,,,,,,,,,,,341.1,,,,,,,,realtime_public_clearing|realtime_average_price,067-www-jspec-com-cn-px-spotgoods-province-curclearingresult-querytablexrdonlyjiesuan.json|069-www-jspec-com-cn-px-spotgoods-province-realtimeclearingrelease-queryrealtimemaravepricepublic.json
2026-05-12,2,00:30,,,,,,,,,,,,,,,,,,,,,,,,,,,,,,,,339.3,,,,,,,,realtime_public_clearing|realtime_average_price,067-www-jspec-com-cn-px-spotgoods-province-curclearingresult-querytablexrdonlyjiesuan.json|069-www-jspec-com-cn-px-spotgoods-province-realtimeclearingrelease-queryrealtimemaravepricepublic.json
2026-05-12,3,00:45,,,,,,,,,,,,,,,,,,,,,,,,,,,,,,,,331.6,,,,,,,,realtime_public_clearing|realtime_average_price,067-www-jspec-com-cn-px-spotgoods-province-curclearingresult-querytablexrdonlyjiesuan.json|069-www-jspec-com-cn-px-spotgoods-province-realtimeclearingrelease-queryrealtimemaravepricepublic.json
2026-05-12,4,01:00,,,,,,,,,,,,,,,,,,,,,,,,,,,,,,,,332.1,,,,,,,,realtime_public_clearing|realtime_average_price,067-www-jspec-com-cn-px-spotgoods-province-curclearingresult-querytablexrdonlyjiesuan.json|069-www-jspec-com-cn-px-spotgoods-province-realtimeclearingrelease-queryrealtimemaravepricepublic.json
2026-05-12,5,01:15,,,,,,,,,,,,,,,,,,,,,,,,,,,,,,,,332,,,,,,,,realtime_public_clearing|realtime_average_price,067-www-jspec-com-cn-px-spotgoods-province-curclearingresult-querytablexrdonlyjiesuan.json|069-www-jspec-com-cn-px-spotgoods-province-realtimeclearingrelease-queryrealtimemaravepricepublic.json
2026-05-12,6,01:30,,,,,,,,,,,,,,,,,,,,,,,,,,,,,,,,334.1,,,,,,,,realtime_public_clearing|realtime_average_price,067-www-jspec-com-cn-px-spotgoods-province-curclearingresult-querytablexrdonlyjiesuan.json|069-www-jspec-com-cn-px-spotgoods-province-realtimeclearingrelease-queryrealtimemaravepricepublic.json
2026-05-12,7,01:45,,,,,,,,,,,,,,,,,,,,,,,,,,,,,,,,336.1,,,,,,,,realtime_public_clearing|realtime_average_price,067-www-jspec-com-cn-px-spotgoods-province-curclearingresult-querytablexrdonlyjiesuan.json|069-www-jspec-com-cn-px-spotgoods-province-realtimeclearingrelease-queryrealtimemaravepricepublic.json
2026-05-12,8,02:00,,,,,,,,,,,,,,,,,,,,,,,,,,,,,,,,333.1,,,,,,,,realtime_public_clearing|realtime_average_price,067-www-jspec-com-cn-px-spotgoods-province-curclearingresult-querytablexrdonlyjiesuan.json|069-www-jspec-com-cn-px-spotgoods-province-realtimeclearingrelease-queryrealtimemaravepricepublic.json
2026-05-12,9,02:15,,,,,,,,,,,,,,,,,,,,,,,,,,,,,,,,349.5,,,,,,,,realtime_public_clearing|realtime_average_price,067-www-jspec-com-cn-px-spotgoods-province-curclearingresult-querytablexrdonlyjiesuan.json|069-www-jspec-com-cn-px-spotgoods-province-realtimeclearingrelease-queryrealtimemaravepricepublic.json
2026-05-12,10,02:30,,,,,,,,,,,,,,,,,,,,,,,,,,,,,,,,358.8,,,,,,,,realtime_public_clearing|realtime_average_price,067-www-jspec-com-cn-px-spotgoods-province-curclearingresult-querytablexrdonlyjiesuan.json|069-www-jspec-com-cn-px-spotgoods-province-realtimeclearingrelease-queryrealtimemaravepricepublic.json
2026-05-12,11,02:45,,,,,,,,,,,,,,,,,,,,,,,,,,,,,,,,356.8,,,,,,,,realtime_public_clearing|realtime_average_price,067-www-jspec-com-cn-px-spotgoods-province-curclearingresult-querytablexrdonlyjiesuan.json|069-www-jspec-com-cn-px-spotgoods-province-realtimeclearingrelease-queryrealtimemaravepricepublic.json
2026-05-12,12,03:00,,,,,,,,,,,,,,,,,,,,,,,,,,,,,,,,364.8,,,,,,,,realtime_public_clearing|realtime_average_price,067-www-jspec-com-cn-px-spotgoods-province-curclearingresult-querytablexrdonlyjiesuan.json|069-www-jspec-com-cn-px-spotgoods-province-realtimeclearingrelease-queryrealtimemaravepricepublic.json
2026-05-12,13,03:15,,,,,,,,,,,,,,,,,,,,,,,,,,,,,,,,354.6,,,,,,,,realtime_public_clearing|realtime_average_price,067-www-jspec-com-cn-px-spotgoods-province-curclearingresult-querytablexrdonlyjiesuan.json|069-www-jspec-com-cn-px-spotgoods-province-realtimeclearingrelease-queryrealtimemaravepricepublic.json
2026-05-12,14,03:30,,,,,,,,,,,,,,,,,,,,,,,,,,,,,,,,376.8,,,,,,,,realtime_public_clearing|realtime_average_price,067-www-jspec-com-cn-px-spotgoods-province-curclearingresult-querytablexrdonlyjiesuan.json|069-www-jspec-com-cn-px-spotgoods-province-realtimeclearingrelease-queryrealtimemaravepricepublic.json
2026-05-12,15,03:45,,,,,,,,,,,,,,,,,,,,,,,,,,,,,,,,379.6,,,,,,,,realtime_public_clearing|realtime_average_price,067-www-jspec-com-cn-px-spotgoods-province-curclearingresult-querytablexrdonlyjiesuan.json|069-www-jspec-com-cn-px-spotgoods-province-realtimeclearingrelease-queryrealtimemaravepricepublic.json
2026-05-12,16,04:00,,,,,,,,,,,,,,,,,,,,,,,,,,,,,,,,399.2,,,,,,,,realtime_public_clearing|realtime_average_price,067-www-jspec-com-cn-px-spotgoods-province-curclearingresult-querytablexrdonlyjiesuan.json|069-www-jspec-com-cn-px-spotgoods-province-realtimeclearingrelease-queryrealtimemaravepricepublic.json
2026-05-12,17,04:15,,,,,,,,,,,,,,,,,,,,,,,,,,,,,,,,407.2,,,,,,,,realtime_public_clearing|realtime_average_price,067-www-jspec-com-cn-px-spotgoods-province-curclearingresult-querytablexrdonlyjiesuan.json|069-www-jspec-com-cn-px-spotgoods-province-realtimeclearingrelease-queryrealtimemaravepricepublic.json
2026-05-12,18,04:30,,,,,,,,,,,,,,,,,,,,,,,,,,,,,,,,405.3,,,,,,,,realtime_public_clearing|realtime_average_price,067-www-jspec-com-cn-px-spotgoods-province-curclearingresult-querytablexrdonlyjiesuan.json|069-www-jspec-com-cn-px-spotgoods-province-realtimeclearingrelease-queryrealtimemaravepricepublic.json
2026-05-12,19,04:45,,,,,,,,,,,,,,,,,,,,,,,,,,,,,,,,437.1,,,,,,,,realtime_public_clearing|realtime_average_price,067-www-jspec-com-cn-px-spotgoods-province-curclearingresult-querytablexrdonlyjiesuan.json|069-www-jspec-com-cn-px-spotgoods-province-realtimeclearingrelease-queryrealtimemaravepricepublic.json
2026-05-12,20,05:00,,,,,,,,,,,,,,,,,,,,,,,,,,,,,,,,431.8,,,,,,,,realtime_public_clearing|realtime_average_price,067-www-jspec-com-cn-px-spotgoods-province-curclearingresult-querytablexrdonlyjiesuan.json|069-www-jspec-com-cn-px-spotgoods-province-realtimeclearingrelease-queryrealtimemaravepricepublic.json
2026-05-12,21,05:15,,,,,,,,,,,,,,,,,,,,,,,,,,,,,,,,494,,,,,,,,realtime_public_clearing|realtime_average_price,067-www-jspec-com-cn-px-spotgoods-province-curclearingresult-querytablexrdonlyjiesuan.json|069-www-jspec-com-cn-px-spotgoods-province-realtimeclearingrelease-queryrealtimemaravepricepublic.json
2026-05-12,22,05:30,,,,,,,,,,,,,,,,,,,,,,,,,,,,,,,,478.7,,,,,,,,realtime_public_clearing|realtime_average_price,067-www-jspec-com-cn-px-spotgoods-province-curclearingresult-querytablexrdonlyjiesuan.json|069-www-jspec-com-cn-px-spotgoods-province-realtimeclearingrelease-queryrealtimemaravepricepublic.json
2026-05-12,23,05:45,,,,,,,,,,,,,,,,,,,,,,,,,,,,,,,,441.4,,,,,,,,realtime_public_clearing|realtime_average_price,067-www-jspec-com-cn-px-spotgoods-province-curclearingresult-querytablexrdonlyjiesuan.json|069-www-jspec-com-cn-px-spotgoods-province-realtimeclearingrelease-queryrealtimemaravepricepublic.json
2026-05-12,24,06:00,,,,,,,,,,,,,,,,,,,,,,,,,,,,,,,,379.7,,,,,,,,realtime_public_clearing|realtime_average_price,067-www-jspec-com-cn-px-spotgoods-province-curclearingresult-querytablexrdonlyjiesuan.json|069-www-jspec-com-cn-px-spotgoods-province-realtimeclearingrelease-queryrealtimemaravepricepublic.json
2026-05-12,25,06:15,,,,,,,,,,,,,,,,,,,,,,,,,,,,,,,,359.9,,,,,,,,realtime_public_clearing|realtime_average_price,067-www-jspec-com-cn-px-spotgoods-province-curclearingresult-querytablexrdonlyjiesuan.json|069-www-jspec-com-cn-px-spotgoods-province-realtimeclearingrelease-queryrealtimemaravepricepublic.json
2026-05-12,26,06:30,,,,,,,,,,,,,,,,,,,,,,,,,,,,,,,,353.9,,,,,,,,realtime_public_clearing|realtime_average_price,067-www-jspec-com-cn-px-spotgoods-province-curclearingresult-querytablexrdonlyjiesuan.json|069-www-jspec-com-cn-px-spotgoods-province-realtimeclearingrelease-queryrealtimemaravepricepublic.json
2026-05-12,27,06:45,,,,,,,,,,,,,,,,,,,,,,,,,,,,,,,,350,,,,,,,,realtime_public_clearing|realtime_average_price,067-www-jspec-com-cn-px-spotgoods-province-curclearingresult-querytablexrdonlyjiesuan.json|069-www-jspec-com-cn-px-spotgoods-province-realtimeclearingrelease-queryrealtimemaravepricepublic.json
2026-05-12,28,07:00,,,,,,,,,,,,,,,,,,,,,,,,,,,,,,,,340,,,,,,,,realtime_public_clearing|realtime_average_price,067-www-jspec-com-cn-px-spotgoods-province-curclearingresult-querytablexrdonlyjiesuan.json|069-www-jspec-com-cn-px-spotgoods-province-realtimeclearingrelease-queryrealtimemaravepricepublic.json
2026-05-12,29,07:15,,,,,,,,,,,,,,,,,,,,,,,,,,,,,,,,330.9,,,,,,,,realtime_public_clearing|realtime_average_price,067-www-jspec-com-cn-px-spotgoods-province-curclearingresult-querytablexrdonlyjiesuan.json|069-www-jspec-com-cn-px-spotgoods-province-realtimeclearingrelease-queryrealtimemaravepricepublic.json
2026-05-12,30,07:30,,,,,,,,,,,,,,,,,,,,,,,,,,,,,,,,324.9,,,,,,,,realtime_public_clearing|realtime_average_price,067-www-jspec-com-cn-px-spotgoods-province-curclearingresult-querytablexrdonlyjiesuan.json|069-www-jspec-com-cn-px-spotgoods-province-realtimeclearingrelease-queryrealtimemaravepricepublic.json
2026-05-12,31,07:45,,,,,,,,,,,,,,,,,,,,,,,,,,,,,,,,319.9,,,,,,,,realtime_public_clearing|realtime_average_price,067-www-jspec-com-cn-px-spotgoods-province-curclearingresult-querytablexrdonlyjiesuan.json|069-www-jspec-com-cn-px-spotgoods-province-realtimeclearingrelease-queryrealtimemaravepricepublic.json
2026-05-12,32,08:00,,,,,,,,,,,,,,,,,,,,,,,,,,,,,,,,312.5,,,,,,,,realtime_public_clearing|realtime_average_price,067-www-jspec-com-cn-px-spotgoods-province-curclearingresult-querytablexrdonlyjiesuan.json|069-www-jspec-com-cn-px-spotgoods-province-realtimeclearingrelease-queryrealtimemaravepricepublic.json
2026-05-12,33,08:15,,,,,,,,,,,,,,,,,,,,,,,,,,,,,,,,282.6,,,,,,,,realtime_public_clearing|realtime_average_price,067-www-jspec-com-cn-px-spotgoods-province-curclearingresult-querytablexrdonlyjiesuan.json|069-www-jspec-com-cn-px-spotgoods-province-realtimeclearingrelease-queryrealtimemaravepricepublic.json
2026-05-12,34,08:30,,,,,,,,,,,,,,,,,,,,,,,,,,,,,,,,278.9,,,,,,,,realtime_public_clearing|realtime_average_price,067-www-jspec-com-cn-px-spotgoods-province-curclearingresult-querytablexrdonlyjiesuan.json|069-www-jspec-com-cn-px-spotgoods-province-realtimeclearingrelease-queryrealtimemaravepricepublic.json
2026-05-12,35,08:45,,,,,,,,,,,,,,,,,,,,,,,,,,,,,,,,274.8,,,,,,,,realtime_public_clearing|realtime_average_price,067-www-jspec-com-cn-px-spotgoods-province-curclearingresult-querytablexrdonlyjiesuan.json|069-www-jspec-com-cn-px-spotgoods-province-realtimeclearingrelease-queryrealtimemaravepricepublic.json
2026-05-12,36,09:00,,,,,,,,,,,,,,,,,,,,,,,,,,,,,,,,206.6,,,,,,,,realtime_public_clearing|realtime_average_price,067-www-jspec-com-cn-px-spotgoods-province-curclearingresult-querytablexrdonlyjiesuan.json|069-www-jspec-com-cn-px-spotgoods-province-realtimeclearingrelease-queryrealtimemaravepricepublic.json
2026-05-12,37,09:15,,,,,,,,,,,,,,,,,,,,,,,,,,,,,,,,208.4,,,,,,,,realtime_public_clearing|realtime_average_price,067-www-jspec-com-cn-px-spotgoods-province-curclearingresult-querytablexrdonlyjiesuan.json|069-www-jspec-com-cn-px-spotgoods-province-realtimeclearingrelease-queryrealtimemaravepricepublic.json
2026-05-12,38,09:30,,,,,,,,,,,,,,,,,,,,,,,,,,,,,,,,217.5,,,,,,,,realtime_public_clearing|realtime_average_price,067-www-jspec-com-cn-px-spotgoods-province-curclearingresult-querytablexrdonlyjiesuan.json|069-www-jspec-com-cn-px-spotgoods-province-realtimeclearingrelease-queryrealtimemaravepricepublic.json
2026-05-12,39,09:45,,,,,,,,,,,,,,,,,,,,,,,,,,,,,,,,263.5,,,,,,,,realtime_public_clearing|realtime_average_price,067-www-jspec-com-cn-px-spotgoods-province-curclearingresult-querytablexrdonlyjiesuan.json|069-www-jspec-com-cn-px-spotgoods-province-realtimeclearingrelease-queryrealtimemaravepricepublic.json
2026-05-12,40,10:00,,,,,,,,,,,,,,,,,,,,,,,,,,,,,,,,213.7,,,,,,,,realtime_public_clearing|realtime_average_price,067-www-jspec-com-cn-px-spotgoods-province-curclearingresult-querytablexrdonlyjiesuan.json|069-www-jspec-com-cn-px-spotgoods-province-realtimeclearingrelease-queryrealtimemaravepricepublic.json
2026-05-12,41,10:15,,,,,,,,,,,,,,,,,,,,,,,,,,,,,,,,303.8,,,,,,,,realtime_public_clearing|realtime_average_price,067-www-jspec-com-cn-px-spotgoods-province-curclearingresult-querytablexrdonlyjiesuan.json|069-www-jspec-com-cn-px-spotgoods-province-realtimeclearingrelease-queryrealtimemaravepricepublic.json
2026-05-12,42,10:30,,,,,,,,,,,,,,,,,,,,,,,,,,,,,,,,290.2,,,,,,,,realtime_public_clearing|realtime_average_price,067-www-jspec-com-cn-px-spotgoods-province-curclearingresult-querytablexrdonlyjiesuan.json|069-www-jspec-com-cn-px-spotgoods-province-realtimeclearingrelease-queryrealtimemaravepricepublic.json
2026-05-12,43,10:45,,,,,,,,,,,,,,,,,,,,,,,,,,,,,,,,279,,,,,,,,realtime_public_clearing|realtime_average_price,067-www-jspec-com-cn-px-spotgoods-province-curclearingresult-querytablexrdonlyjiesuan.json|069-www-jspec-com-cn-px-spotgoods-province-realtimeclearingrelease-queryrealtimemaravepricepublic.json
2026-05-12,44,11:00,,,,,,,,,,,,,,,,,,,,,,,,,,,,,,,,225.6,,,,,,,,realtime_public_clearing|realtime_average_price,067-www-jspec-com-cn-px-spotgoods-province-curclearingresult-querytablexrdonlyjiesuan.json|069-www-jspec-com-cn-px-spotgoods-province-realtimeclearingrelease-queryrealtimemaravepricepublic.json
2026-05-12,45,11:15,,,,,,,,,,,,,,,,,,,,,,,,,,,,,,,,289.1,,,,,,,,realtime_public_clearing|realtime_average_price,067-www-jspec-com-cn-px-spotgoods-province-curclearingresult-querytablexrdonlyjiesuan.json|069-www-jspec-com-cn-px-spotgoods-province-realtimeclearingrelease-queryrealtimemaravepricepublic.json
2026-05-12,46,11:30,,,,,,,,,,,,,,,,,,,,,,,,,,,,,,,,250.6,,,,,,,,realtime_public_clearing|realtime_average_price,067-www-jspec-com-cn-px-spotgoods-province-curclearingresult-querytablexrdonlyjiesuan.json|069-www-jspec-com-cn-px-spotgoods-province-realtimeclearingrelease-queryrealtimemaravepricepublic.json
2026-05-12,47,11:45,,,,,,,,,,,,,,,,,,,,,,,,,,,,,,,,226.5,,,,,,,,realtime_public_clearing|realtime_average_price,067-www-jspec-com-cn-px-spotgoods-province-curclearingresult-querytablexrdonlyjiesuan.json|069-www-jspec-com-cn-px-spotgoods-province-realtimeclearingrelease-queryrealtimemaravepricepublic.json
2026-05-12,48,12:00,,,,,,,,,,,,,,,,,,,,,,,,,,,,,,,,230.7,,,,,,,,realtime_public_clearing|realtime_average_price,067-www-jspec-com-cn-px-spotgoods-province-curclearingresult-querytablexrdonlyjiesuan.json|069-www-jspec-com-cn-px-spotgoods-province-realtimeclearingrelease-queryrealtimemaravepricepublic.json
2026-05-12,49,12:15,,,,,,,,,,,,,,,,,,,,,,,,,,,,,,,,235.7,,,,,,,,realtime_public_clearing|realtime_average_price,067-www-jspec-com-cn-px-spotgoods-province-curclearingresult-querytablexrdonlyjiesuan.json|069-www-jspec-com-cn-px-spotgoods-province-realtimeclearingrelease-queryrealtimemaravepricepublic.json
2026-05-12,50,12:30,,,,,,,,,,,,,,,,,,,,,,,,,,,,,,,,241.1,,,,,,,,realtime_public_clearing|realtime_average_price,067-www-jspec-com-cn-px-spotgoods-province-curclearingresult-querytablexrdonlyjiesuan.json|069-www-jspec-com-cn-px-spotgoods-province-realtimeclearingrelease-queryrealtimemaravepricepublic.json
2026-05-12,51,12:45,,,,,,,,,,,,,,,,,,,,,,,,,,,,,,,,241,,,,,,,,realtime_public_clearing|realtime_average_price,067-www-jspec-com-cn-px-spotgoods-province-curclearingresult-querytablexrdonlyjiesuan.json|069-www-jspec-com-cn-px-spotgoods-province-realtimeclearingrelease-queryrealtimemaravepricepublic.json
2026-05-12,52,13:00,,,,,,,,,,,,,,,,,,,,,,,,,,,,,,,,237.9,,,,,,,,realtime_public_clearing|realtime_average_price,067-www-jspec-com-cn-px-spotgoods-province-curclearingresult-querytablexrdonlyjiesuan.json|069-www-jspec-com-cn-px-spotgoods-province-realtimeclearingrelease-queryrealtimemaravepricepublic.json
2026-05-12,53,13:15,,,,,,,,,,,,,,,,,,,,,,,,,,,,,,,,227,,,,,,,,realtime_public_clearing|realtime_average_price,067-www-jspec-com-cn-px-spotgoods-province-curclearingresult-querytablexrdonlyjiesuan.json|069-www-jspec-com-cn-px-spotgoods-province-realtimeclearingrelease-queryrealtimemaravepricepublic.json
2026-05-12,54,13:30,,,,,,,,,,,,,,,,,,,,,,,,,,,,,,,,236.4,,,,,,,,realtime_public_clearing|realtime_average_price,067-www-jspec-com-cn-px-spotgoods-province-curclearingresult-querytablexrdonlyjiesuan.json|069-www-jspec-com-cn-px-spotgoods-province-realtimeclearingrelease-queryrealtimemaravepricepublic.json
2026-05-12,55,13:45,,,,,,,,,,,,,,,,,,,,,,,,,,,,,,,,237.5,,,,,,,,realtime_public_clearing|realtime_average_price,067-www-jspec-com-cn-px-spotgoods-province-curclearingresult-querytablexrdonlyjiesuan.json|069-www-jspec-com-cn-px-spotgoods-province-realtimeclearingrelease-queryrealtimemaravepricepublic.json
2026-05-12,56,14:00,,,,,,,,,,,,,,,,,,,,,,,,,,,,,,,,270,,,,,,,,realtime_public_clearing|realtime_average_price,067-www-jspec-com-cn-px-spotgoods-province-curclearingresult-querytablexrdonlyjiesuan.json|069-www-jspec-com-cn-px-spotgoods-province-realtimeclearingrelease-queryrealtimemaravepricepublic.json
2026-05-12,57,14:15,,,,,,,,,,,,,,,,,,,,,,,,,,,,,,,,238.9,,,,,,,,realtime_public_clearing|realtime_average_price,067-www-jspec-com-cn-px-spotgoods-province-curclearingresult-querytablexrdonlyjiesuan.json|069-www-jspec-com-cn-px-spotgoods-province-realtimeclearingrelease-queryrealtimemaravepricepublic.json
2026-05-12,58,14:30,,,,,,,,,,,,,,,,,,,,,,,,,,,,,,,,,,,,,,,,realtime_public_clearing|realtime_average_price,067-www-jspec-com-cn-px-spotgoods-province-curclearingresult-querytablexrdonlyjiesuan.json|069-www-jspec-com-cn-px-spotgoods-province-realtimeclearingrelease-queryrealtimemaravepricepublic.json
2026-05-12,59,14:45,,,,,,,,,,,,,,,,,,,,,,,,,,,,,,,,,,,,,,,,realtime_public_clearing|realtime_average_price,067-www-jspec-com-cn-px-spotgoods-province-curclearingresult-querytablexrdonlyjiesuan.json|069-www-jspec-com-cn-px-spotgoods-province-realtimeclearingrelease-queryrealtimemaravepricepublic.json
2026-05-12,60,15:00,,,,,,,,,,,,,,,,,,,,,,,,,,,,,,,,,,,,,,,,realtime_public_clearing|realtime_average_price,067-www-jspec-com-cn-px-spotgoods-province-curclearingresult-querytablexrdonlyjiesuan.json|069-www-jspec-com-cn-px-spotgoods-province-realtimeclearingrelease-queryrealtimemaravepricepublic.json
2026-05-12,61,15:15,,,,,,,,,,,,,,,,,,,,,,,,,,,,,,,,,,,,,,,,realtime_public_clearing|realtime_average_price,067-www-jspec-com-cn-px-spotgoods-province-curclearingresult-querytablexrdonlyjiesuan.json|069-www-jspec-com-cn-px-spotgoods-province-realtimeclearingrelease-queryrealtimemaravepricepublic.json
2026-05-12,62,15:30,,,,,,,,,,,,,,,,,,,,,,,,,,,,,,,,,,,,,,,,realtime_public_clearing|realtime_average_price,067-www-jspec-com-cn-px-spotgoods-province-curclearingresult-querytablexrdonlyjiesuan.json|069-www-jspec-com-cn-px-spotgoods-province-realtimeclearingrelease-queryrealtimemaravepricepublic.json
2026-05-12,63,15:45,,,,,,,,,,,,,,,,,,,,,,,,,,,,,,,,,,,,,,,,realtime_public_clearing|realtime_average_price,067-www-jspec-com-cn-px-spotgoods-province-curclearingresult-querytablexrdonlyjiesuan.json|069-www-jspec-com-cn-px-spotgoods-province-realtimeclearingrelease-queryrealtimemaravepricepublic.json
2026-05-12,64,16:00,,,,,,,,,,,,,,,,,,,,,,,,,,,,,,,,,,,,,,,,realtime_public_clearing|realtime_average_price,067-www-jspec-com-cn-px-spotgoods-province-curclearingresult-querytablexrdonlyjiesuan.json|069-www-jspec-com-cn-px-spotgoods-province-realtimeclearingrelease-queryrealtimemaravepricepublic.json
2026-05-12,65,16:15,,,,,,,,,,,,,,,,,,,,,,,,,,,,,,,,,,,,,,,,realtime_public_clearing|realtime_average_price,067-www-jspec-com-cn-px-spotgoods-province-curclearingresult-querytablexrdonlyjiesuan.json|069-www-jspec-com-cn-px-spotgoods-province-realtimeclearingrelease-queryrealtimemaravepricepublic.json
2026-05-12,66,16:30,,,,,,,,,,,,,,,,,,,,,,,,,,,,,,,,,,,,,,,,realtime_public_clearing|realtime_average_price,067-www-jspec-com-cn-px-spotgoods-province-curclearingresult-querytablexrdonlyjiesuan.json|069-www-jspec-com-cn-px-spotgoods-province-realtimeclearingrelease-queryrealtimemaravepricepublic.json
2026-05-12,67,16:45,,,,,,,,,,,,,,,,,,,,,,,,,,,,,,,,,,,,,,,,realtime_public_clearing|realtime_average_price,067-www-jspec-com-cn-px-spotgoods-province-curclearingresult-querytablexrdonlyjiesuan.json|069-www-jspec-com-cn-px-spotgoods-province-realtimeclearingrelease-queryrealtimemaravepricepublic.json
2026-05-12,68,17:00,,,,,,,,,,,,,,,,,,,,,,,,,,,,,,,,,,,,,,,,realtime_public_clearing|realtime_average_price,067-www-jspec-com-cn-px-spotgoods-province-curclearingresult-querytablexrdonlyjiesuan.json|069-www-jspec-com-cn-px-spotgoods-province-realtimeclearingrelease-queryrealtimemaravepricepublic.json
2026-05-12,69,17:15,,,,,,,,,,,,,,,,,,,,,,,,,,,,,,,,,,,,,,,,realtime_public_clearing|realtime_average_price,067-www-jspec-com-cn-px-spotgoods-province-curclearingresult-querytablexrdonlyjiesuan.json|069-www-jspec-com-cn-px-spotgoods-province-realtimeclearingrelease-queryrealtimemaravepricepublic.json
2026-05-12,70,17:30,,,,,,,,,,,,,,,,,,,,,,,,,,,,,,,,,,,,,,,,realtime_public_clearing|realtime_average_price,067-www-jspec-com-cn-px-spotgoods-province-curclearingresult-querytablexrdonlyjiesuan.json|069-www-jspec-com-cn-px-spotgoods-province-realtimeclearingrelease-queryrealtimemaravepricepublic.json
2026-05-12,71,17:45,,,,,,,,,,,,,,,,,,,,,,,,,,,,,,,,,,,,,,,,realtime_public_clearing|realtime_average_price,067-www-jspec-com-cn-px-spotgoods-province-curclearingresult-querytablexrdonlyjiesuan.json|069-www-jspec-com-cn-px-spotgoods-province-realtimeclearingrelease-queryrealtimemaravepricepublic.json
2026-05-12,72,18:00,,,,,,,,,,,,,,,,,,,,,,,,,,,,,,,,,,,,,,,,realtime_public_clearing|realtime_average_price,067-www-jspec-com-cn-px-spotgoods-province-curclearingresult-querytablexrdonlyjiesuan.json|069-www-jspec-com-cn-px-spotgoods-province-realtimeclearingrelease-queryrealtimemaravepricepublic.json
2026-05-12,73,18:15,,,,,,,,,,,,,,,,,,,,,,,,,,,,,,,,,,,,,,,,realtime_public_clearing|realtime_average_price,067-www-jspec-com-cn-px-spotgoods-province-curclearingresult-querytablexrdonlyjiesuan.json|069-www-jspec-com-cn-px-spotgoods-province-realtimeclearingrelease-queryrealtimemaravepricepublic.json
2026-05-12,74,18:30,,,,,,,,,,,,,,,,,,,,,,,,,,,,,,,,,,,,,,,,realtime_public_clearing|realtime_average_price,067-www-jspec-com-cn-px-spotgoods-province-curclearingresult-querytablexrdonlyjiesuan.json|069-www-jspec-com-cn-px-spotgoods-province-realtimeclearingrelease-queryrealtimemaravepricepublic.json
2026-05-12,75,18:45,,,,,,,,,,,,,,,,,,,,,,,,,,,,,,,,,,,,,,,,realtime_public_clearing|realtime_average_price,067-www-jspec-com-cn-px-spotgoods-province-curclearingresult-querytablexrdonlyjiesuan.json|069-www-jspec-com-cn-px-spotgoods-province-realtimeclearingrelease-queryrealtimemaravepricepublic.json
2026-05-12,76,19:00,,,,,,,,,,,,,,,,,,,,,,,,,,,,,,,,,,,,,,,,realtime_public_clearing|realtime_average_price,067-www-jspec-com-cn-px-spotgoods-province-curclearingresult-querytablexrdonlyjiesuan.json|069-www-jspec-com-cn-px-spotgoods-province-realtimeclearingrelease-queryrealtimemaravepricepublic.json
2026-05-12,77,19:15,,,,,,,,,,,,,,,,,,,,,,,,,,,,,,,,,,,,,,,,realtime_public_clearing|realtime_average_price,067-www-jspec-com-cn-px-spotgoods-province-curclearingresult-querytablexrdonlyjiesuan.json|069-www-jspec-com-cn-px-spotgoods-province-realtimeclearingrelease-queryrealtimemaravepricepublic.json
2026-05-12,78,19:30,,,,,,,,,,,,,,,,,,,,,,,,,,,,,,,,,,,,,,,,realtime_public_clearing|realtime_average_price,067-www-jspec-com-cn-px-spotgoods-province-curclearingresult-querytablexrdonlyjiesuan.json|069-www-jspec-com-cn-px-spotgoods-province-realtimeclearingrelease-queryrealtimemaravepricepublic.json
2026-05-12,79,19:45,,,,,,,,,,,,,,,,,,,,,,,,,,,,,,,,,,,,,,,,realtime_public_clearing|realtime_average_price,067-www-jspec-com-cn-px-spotgoods-province-curclearingresult-querytablexrdonlyjiesuan.json|069-www-jspec-com-cn-px-spotgoods-province-realtimeclearingrelease-queryrealtimemaravepricepublic.json
2026-05-12,80,20:00,,,,,,,,,,,,,,,,,,,,,,,,,,,,,,,,,,,,,,,,realtime_public_clearing|realtime_average_price,067-www-jspec-com-cn-px-spotgoods-province-curclearingresult-querytablexrdonlyjiesuan.json|069-www-jspec-com-cn-px-spotgoods-province-realtimeclearingrelease-queryrealtimemaravepricepublic.json
2026-05-12,81,20:15,,,,,,,,,,,,,,,,,,,,,,,,,,,,,,,,,,,,,,,,realtime_public_clearing|realtime_average_price,067-www-jspec-com-cn-px-spotgoods-province-curclearingresult-querytablexrdonlyjiesuan.json|069-www-jspec-com-cn-px-spotgoods-province-realtimeclearingrelease-queryrealtimemaravepricepublic.json
2026-05-12,82,20:30,,,,,,,,,,,,,,,,,,,,,,,,,,,,,,,,,,,,,,,,realtime_public_clearing|realtime_average_price,067-www-jspec-com-cn-px-spotgoods-province-curclearingresult-querytablexrdonlyjiesuan.json|069-www-jspec-com-cn-px-spotgoods-province-realtimeclearingrelease-queryrealtimemaravepricepublic.json
2026-05-12,83,20:45,,,,,,,,,,,,,,,,,,,,,,,,,,,,,,,,,,,,,,,,realtime_public_clearing|realtime_average_price,067-www-jspec-com-cn-px-spotgoods-province-curclearingresult-querytablexrdonlyjiesuan.json|069-www-jspec-com-cn-px-spotgoods-province-realtimeclearingrelease-queryrealtimemaravepricepublic.json
2026-05-12,84,21:00,,,,,,,,,,,,,,,,,,,,,,,,,,,,,,,,,,,,,,,,realtime_public_clearing|realtime_average_price,067-www-jspec-com-cn-px-spotgoods-province-curclearingresult-querytablexrdonlyjiesuan.json|069-www-jspec-com-cn-px-spotgoods-province-realtimeclearingrelease-queryrealtimemaravepricepublic.json
2026-05-12,85,21:15,,,,,,,,,,,,,,,,,,,,,,,,,,,,,,,,,,,,,,,,realtime_public_clearing|realtime_average_price,067-www-jspec-com-cn-px-spotgoods-province-curclearingresult-querytablexrdonlyjiesuan.json|069-www-jspec-com-cn-px-spotgoods-province-realtimeclearingrelease-queryrealtimemaravepricepublic.json
2026-05-12,86,21:30,,,,,,,,,,,,,,,,,,,,,,,,,,,,,,,,,,,,,,,,realtime_public_clearing|realtime_average_price,067-www-jspec-com-cn-px-spotgoods-province-curclearingresult-querytablexrdonlyjiesuan.json|069-www-jspec-com-cn-px-spotgoods-province-realtimeclearingrelease-queryrealtimemaravepricepublic.json
2026-05-12,87,21:45,,,,,,,,,,,,,,,,,,,,,,,,,,,,,,,,,,,,,,,,realtime_public_clearing|realtime_average_price,067-www-jspec-com-cn-px-spotgoods-province-curclearingresult-querytablexrdonlyjiesuan.json|069-www-jspec-com-cn-px-spotgoods-province-realtimeclearingrelease-queryrealtimemaravepricepublic.json
2026-05-12,88,22:00,,,,,,,,,,,,,,,,,,,,,,,,,,,,,,,,,,,,,,,,realtime_public_clearing|realtime_average_price,067-www-jspec-com-cn-px-spotgoods-province-curclearingresult-querytablexrdonlyjiesuan.json|069-www-jspec-com-cn-px-spotgoods-province-realtimeclearingrelease-queryrealtimemaravepricepublic.json
2026-05-12,89,22:15,,,,,,,,,,,,,,,,,,,,,,,,,,,,,,,,,,,,,,,,realtime_public_clearing|realtime_average_price,067-www-jspec-com-cn-px-spotgoods-province-curclearingresult-querytablexrdonlyjiesuan.json|069-www-jspec-com-cn-px-spotgoods-province-realtimeclearingrelease-queryrealtimemaravepricepublic.json
2026-05-12,90,22:30,,,,,,,,,,,,,,,,,,,,,,,,,,,,,,,,,,,,,,,,realtime_public_clearing|realtime_average_price,067-www-jspec-com-cn-px-spotgoods-province-curclearingresult-querytablexrdonlyjiesuan.json|069-www-jspec-com-cn-px-spotgoods-province-realtimeclearingrelease-queryrealtimemaravepricepublic.json
2026-05-12,91,22:45,,,,,,,,,,,,,,,,,,,,,,,,,,,,,,,,,,,,,,,,realtime_public_clearing|realtime_average_price,067-www-jspec-com-cn-px-spotgoods-province-curclearingresult-querytablexrdonlyjiesuan.json|069-www-jspec-com-cn-px-spotgoods-province-realtimeclearingrelease-queryrealtimemaravepricepublic.json
2026-05-12,92,23:00,,,,,,,,,,,,,,,,,,,,,,,,,,,,,,,,,,,,,,,,realtime_public_clearing|realtime_average_price,067-www-jspec-com-cn-px-spotgoods-province-curclearingresult-querytablexrdonlyjiesuan.json|069-www-jspec-com-cn-px-spotgoods-province-realtimeclearingrelease-queryrealtimemaravepricepublic.json
2026-05-12,93,23:15,,,,,,,,,,,,,,,,,,,,,,,,,,,,,,,,,,,,,,,,realtime_public_clearing|realtime_average_price,067-www-jspec-com-cn-px-spotgoods-province-curclearingresult-querytablexrdonlyjiesuan.json|069-www-jspec-com-cn-px-spotgoods-province-realtimeclearingrelease-queryrealtimemaravepricepublic.json
2026-05-12,94,23:30,,,,,,,,,,,,,,,,,,,,,,,,,,,,,,,,,,,,,,,,realtime_public_clearing|realtime_average_price,067-www-jspec-com-cn-px-spotgoods-province-curclearingresult-querytablexrdonlyjiesuan.json|069-www-jspec-com-cn-px-spotgoods-province-realtimeclearingrelease-queryrealtimemaravepricepublic.json
2026-05-12,95,23:45,,,,,,,,,,,,,,,,,,,,,,,,,,,,,,,,,,,,,,,,realtime_public_clearing|realtime_average_price,067-www-jspec-com-cn-px-spotgoods-province-curclearingresult-querytablexrdonlyjiesuan.json|069-www-jspec-com-cn-px-spotgoods-province-realtimeclearingrelease-queryrealtimemaravepricepublic.json
2026-05-12,96,24:00,,,,,,,,,,,,,,,,,,,,,,,,,,,,,,,,,,,,,,,,realtime_public_clearing|realtime_average_price,067-www-jspec-com-cn-px-spotgoods-province-curclearingresult-querytablexrdonlyjiesuan.json|069-www-jspec-com-cn-px-spotgoods-province-realtimeclearingrelease-queryrealtimemaravepricepublic.json
2026-05-13,1,00:15,,,,,,35.5,,,,,,,,,,,,,,,,,,,,,,,,,,,,,,,,,,user_bid_96|user_default_bid_96|dayahead_user_clearing|dayahead_public_clearing,036-www-jspec-com-cn-px-spotgoods-province-mosenergybidinfouser-getmosenergybidinfouser.json|040-www-jspec-com-cn-px-spotgoods-province-mosenergybidinfouser-getmosenergybidinfouser.json|043-www-jspec-com-cn-px-spotgoods-province-mosenergybidinfouser-getmosenergybidinfouser.json|052-www-jspec-com-cn-px-spotgoods-province-mosenergybidinfouser-getmosenergybidinfouserdefault.json|056-www-jspec-com-cn-px-spotgoods-province-mosenergybidinfouser-getmosenergybidinfouserdefault.json|058-www-jspec-com-cn-px-spotgoods-province-mosenergybidinfouser-getmosenergybidinfouserdefault.json|062-www-jspec-com-cn-px-spotgoods-province-dd2jyuserclearingresult-querydd2jyrqclearing.json|065-www-jspec-com-cn-px-spotgoods-province-dayclearingresult-querytablexrdonlyjiesuan.json
2026-05-13,2,00:30,,,,,,35.5,,,,,,,,,,,,,,,,,,,,,,,,,,,,,,,,,,user_bid_96|user_default_bid_96|dayahead_user_clearing|dayahead_public_clearing,036-www-jspec-com-cn-px-spotgoods-province-mosenergybidinfouser-getmosenergybidinfouser.json|040-www-jspec-com-cn-px-spotgoods-province-mosenergybidinfouser-getmosenergybidinfouser.json|043-www-jspec-com-cn-px-spotgoods-province-mosenergybidinfouser-getmosenergybidinfouser.json|052-www-jspec-com-cn-px-spotgoods-province-mosenergybidinfouser-getmosenergybidinfouserdefault.json|056-www-jspec-com-cn-px-spotgoods-province-mosenergybidinfouser-getmosenergybidinfouserdefault.json|058-www-jspec-com-cn-px-spotgoods-province-mosenergybidinfouser-getmosenergybidinfouserdefault.json|062-www-jspec-com-cn-px-spotgoods-province-dd2jyuserclearingresult-querydd2jyrqclearing.json|065-www-jspec-com-cn-px-spotgoods-province-dayclearingresult-querytablexrdonlyjiesuan.json
2026-05-13,3,00:45,,,,,,35.5,,,,,,,,,,,,,,,,,,,,,,,,,,,,,,,,,,user_bid_96|user_default_bid_96|dayahead_user_clearing|dayahead_public_clearing,036-www-jspec-com-cn-px-spotgoods-province-mosenergybidinfouser-getmosenergybidinfouser.json|040-www-jspec-com-cn-px-spotgoods-province-mosenergybidinfouser-getmosenergybidinfouser.json|043-www-jspec-com-cn-px-spotgoods-province-mosenergybidinfouser-getmosenergybidinfouser.json|052-www-jspec-com-cn-px-spotgoods-province-mosenergybidinfouser-getmosenergybidinfouserdefault.json|056-www-jspec-com-cn-px-spotgoods-province-mosenergybidinfouser-getmosenergybidinfouserdefault.json|058-www-jspec-com-cn-px-spotgoods-province-mosenergybidinfouser-getmosenergybidinfouserdefault.json|062-www-jspec-com-cn-px-spotgoods-province-dd2jyuserclearingresult-querydd2jyrqclearing.json|065-www-jspec-com-cn-px-spotgoods-province-dayclearingresult-querytablexrdonlyjiesuan.json
2026-05-13,4,01:00,,,,,,35.5,,,,,,,,,,,,,,,,,,,,,,,,,,,,,,,,,,user_bid_96|user_default_bid_96|dayahead_user_clearing|dayahead_public_clearing,036-www-jspec-com-cn-px-spotgoods-province-mosenergybidinfouser-getmosenergybidinfouser.json|040-www-jspec-com-cn-px-spotgoods-province-mosenergybidinfouser-getmosenergybidinfouser.json|043-www-jspec-com-cn-px-spotgoods-province-mosenergybidinfouser-getmosenergybidinfouser.json|052-www-jspec-com-cn-px-spotgoods-province-mosenergybidinfouser-getmosenergybidinfouserdefault.json|056-www-jspec-com-cn-px-spotgoods-province-mosenergybidinfouser-getmosenergybidinfouserdefault.json|058-www-jspec-com-cn-px-spotgoods-province-mosenergybidinfouser-getmosenergybidinfouserdefault.json|062-www-jspec-com-cn-px-spotgoods-province-dd2jyuserclearingresult-querydd2jyrqclearing.json|065-www-jspec-com-cn-px-spotgoods-province-dayclearingresult-querytablexrdonlyjiesuan.json
2026-05-13,5,01:15,,,,,,34,,,,,,,,,,,,,,,,,,,,,,,,,,,,,,,,,,user_bid_96|user_default_bid_96|dayahead_user_clearing|dayahead_public_clearing,036-www-jspec-com-cn-px-spotgoods-province-mosenergybidinfouser-getmosenergybidinfouser.json|040-www-jspec-com-cn-px-spotgoods-province-mosenergybidinfouser-getmosenergybidinfouser.json|043-www-jspec-com-cn-px-spotgoods-province-mosenergybidinfouser-getmosenergybidinfouser.json|052-www-jspec-com-cn-px-spotgoods-province-mosenergybidinfouser-getmosenergybidinfouserdefault.json|056-www-jspec-com-cn-px-spotgoods-province-mosenergybidinfouser-getmosenergybidinfouserdefault.json|058-www-jspec-com-cn-px-spotgoods-province-mosenergybidinfouser-getmosenergybidinfouserdefault.json|062-www-jspec-com-cn-px-spotgoods-province-dd2jyuserclearingresult-querydd2jyrqclearing.json|065-www-jspec-com-cn-px-spotgoods-province-dayclearingresult-querytablexrdonlyjiesuan.json
2026-05-13,6,01:30,,,,,,34,,,,,,,,,,,,,,,,,,,,,,,,,,,,,,,,,,user_bid_96|user_default_bid_96|dayahead_user_clearing|dayahead_public_clearing,036-www-jspec-com-cn-px-spotgoods-province-mosenergybidinfouser-getmosenergybidinfouser.json|040-www-jspec-com-cn-px-spotgoods-province-mosenergybidinfouser-getmosenergybidinfouser.json|043-www-jspec-com-cn-px-spotgoods-province-mosenergybidinfouser-getmosenergybidinfouser.json|052-www-jspec-com-cn-px-spotgoods-province-mosenergybidinfouser-getmosenergybidinfouserdefault.json|056-www-jspec-com-cn-px-spotgoods-province-mosenergybidinfouser-getmosenergybidinfouserdefault.json|058-www-jspec-com-cn-px-spotgoods-province-mosenergybidinfouser-getmosenergybidinfouserdefault.json|062-www-jspec-com-cn-px-spotgoods-province-dd2jyuserclearingresult-querydd2jyrqclearing.json|065-www-jspec-com-cn-px-spotgoods-province-dayclearingresult-querytablexrdonlyjiesuan.json
2026-05-13,7,01:45,,,,,,34,,,,,,,,,,,,,,,,,,,,,,,,,,,,,,,,,,user_bid_96|user_default_bid_96|dayahead_user_clearing|dayahead_public_clearing,036-www-jspec-com-cn-px-spotgoods-province-mosenergybidinfouser-getmosenergybidinfouser.json|040-www-jspec-com-cn-px-spotgoods-province-mosenergybidinfouser-getmosenergybidinfouser.json|043-www-jspec-com-cn-px-spotgoods-province-mosenergybidinfouser-getmosenergybidinfouser.json|052-www-jspec-com-cn-px-spotgoods-province-mosenergybidinfouser-getmosenergybidinfouserdefault.json|056-www-jspec-com-cn-px-spotgoods-province-mosenergybidinfouser-getmosenergybidinfouserdefault.json|058-www-jspec-com-cn-px-spotgoods-province-mosenergybidinfouser-getmosenergybidinfouserdefault.json|062-www-jspec-com-cn-px-spotgoods-province-dd2jyuserclearingresult-querydd2jyrqclearing.json|065-www-jspec-com-cn-px-spotgoods-province-dayclearingresult-querytablexrdonlyjiesuan.json
2026-05-13,8,02:00,,,,,,34,,,,,,,,,,,,,,,,,,,,,,,,,,,,,,,,,,user_bid_96|user_default_bid_96|dayahead_user_clearing|dayahead_public_clearing,036-www-jspec-com-cn-px-spotgoods-province-mosenergybidinfouser-getmosenergybidinfouser.json|040-www-jspec-com-cn-px-spotgoods-province-mosenergybidinfouser-getmosenergybidinfouser.json|043-www-jspec-com-cn-px-spotgoods-province-mosenergybidinfouser-getmosenergybidinfouser.json|052-www-jspec-com-cn-px-spotgoods-province-mosenergybidinfouser-getmosenergybidinfouserdefault.json|056-www-jspec-com-cn-px-spotgoods-province-mosenergybidinfouser-getmosenergybidinfouserdefault.json|058-www-jspec-com-cn-px-spotgoods-province-mosenergybidinfouser-getmosenergybidinfouserdefault.json|062-www-jspec-com-cn-px-spotgoods-province-dd2jyuserclearingresult-querydd2jyrqclearing.json|065-www-jspec-com-cn-px-spotgoods-province-dayclearingresult-querytablexrdonlyjiesuan.json
2026-05-13,9,02:15,,,,,,25.1,,,,,,,,,,,,,,,,,,,,,,,,,,,,,,,,,,user_bid_96|user_default_bid_96|dayahead_user_clearing|dayahead_public_clearing,036-www-jspec-com-cn-px-spotgoods-province-mosenergybidinfouser-getmosenergybidinfouser.json|040-www-jspec-com-cn-px-spotgoods-province-mosenergybidinfouser-getmosenergybidinfouser.json|043-www-jspec-com-cn-px-spotgoods-province-mosenergybidinfouser-getmosenergybidinfouser.json|052-www-jspec-com-cn-px-spotgoods-province-mosenergybidinfouser-getmosenergybidinfouserdefault.json|056-www-jspec-com-cn-px-spotgoods-province-mosenergybidinfouser-getmosenergybidinfouserdefault.json|058-www-jspec-com-cn-px-spotgoods-province-mosenergybidinfouser-getmosenergybidinfouserdefault.json|062-www-jspec-com-cn-px-spotgoods-province-dd2jyuserclearingresult-querydd2jyrqclearing.json|065-www-jspec-com-cn-px-spotgoods-province-dayclearingresult-querytablexrdonlyjiesuan.json
2026-05-13,10,02:30,,,,,,25.1,,,,,,,,,,,,,,,,,,,,,,,,,,,,,,,,,,user_bid_96|user_default_bid_96|dayahead_user_clearing|dayahead_public_clearing,036-www-jspec-com-cn-px-spotgoods-province-mosenergybidinfouser-getmosenergybidinfouser.json|040-www-jspec-com-cn-px-spotgoods-province-mosenergybidinfouser-getmosenergybidinfouser.json|043-www-jspec-com-cn-px-spotgoods-province-mosenergybidinfouser-getmosenergybidinfouser.json|052-www-jspec-com-cn-px-spotgoods-province-mosenergybidinfouser-getmosenergybidinfouserdefault.json|056-www-jspec-com-cn-px-spotgoods-province-mosenergybidinfouser-getmosenergybidinfouserdefault.json|058-www-jspec-com-cn-px-spotgoods-province-mosenergybidinfouser-getmosenergybidinfouserdefault.json|062-www-jspec-com-cn-px-spotgoods-province-dd2jyuserclearingresult-querydd2jyrqclearing.json|065-www-jspec-com-cn-px-spotgoods-province-dayclearingresult-querytablexrdonlyjiesuan.json
2026-05-13,11,02:45,,,,,,25.1,,,,,,,,,,,,,,,,,,,,,,,,,,,,,,,,,,user_bid_96|user_default_bid_96|dayahead_user_clearing|dayahead_public_clearing,036-www-jspec-com-cn-px-spotgoods-province-mosenergybidinfouser-getmosenergybidinfouser.json|040-www-jspec-com-cn-px-spotgoods-province-mosenergybidinfouser-getmosenergybidinfouser.json|043-www-jspec-com-cn-px-spotgoods-province-mosenergybidinfouser-getmosenergybidinfouser.json|052-www-jspec-com-cn-px-spotgoods-province-mosenergybidinfouser-getmosenergybidinfouserdefault.json|056-www-jspec-com-cn-px-spotgoods-province-mosenergybidinfouser-getmosenergybidinfouserdefault.json|058-www-jspec-com-cn-px-spotgoods-province-mosenergybidinfouser-getmosenergybidinfouserdefault.json|062-www-jspec-com-cn-px-spotgoods-province-dd2jyuserclearingresult-querydd2jyrqclearing.json|065-www-jspec-com-cn-px-spotgoods-province-dayclearingresult-querytablexrdonlyjiesuan.json
2026-05-13,12,03:00,,,,,,25.1,,,,,,,,,,,,,,,,,,,,,,,,,,,,,,,,,,user_bid_96|user_default_bid_96|dayahead_user_clearing|dayahead_public_clearing,036-www-jspec-com-cn-px-spotgoods-province-mosenergybidinfouser-getmosenergybidinfouser.json|040-www-jspec-com-cn-px-spotgoods-province-mosenergybidinfouser-getmosenergybidinfouser.json|043-www-jspec-com-cn-px-spotgoods-province-mosenergybidinfouser-getmosenergybidinfouser.json|052-www-jspec-com-cn-px-spotgoods-province-mosenergybidinfouser-getmosenergybidinfouserdefault.json|056-www-jspec-com-cn-px-spotgoods-province-mosenergybidinfouser-getmosenergybidinfouserdefault.json|058-www-jspec-com-cn-px-spotgoods-province-mosenergybidinfouser-getmosenergybidinfouserdefault.json|062-www-jspec-com-cn-px-spotgoods-province-dd2jyuserclearingresult-querydd2jyrqclearing.json|065-www-jspec-com-cn-px-spotgoods-province-dayclearingresult-querytablexrdonlyjiesuan.json
2026-05-13,13,03:15,,,,,,36.4,,,,,,,,,,,,,,,,,,,,,,,,,,,,,,,,,,user_bid_96|user_default_bid_96|dayahead_user_clearing|dayahead_public_clearing,036-www-jspec-com-cn-px-spotgoods-province-mosenergybidinfouser-getmosenergybidinfouser.json|040-www-jspec-com-cn-px-spotgoods-province-mosenergybidinfouser-getmosenergybidinfouser.json|043-www-jspec-com-cn-px-spotgoods-province-mosenergybidinfouser-getmosenergybidinfouser.json|052-www-jspec-com-cn-px-spotgoods-province-mosenergybidinfouser-getmosenergybidinfouserdefault.json|056-www-jspec-com-cn-px-spotgoods-province-mosenergybidinfouser-getmosenergybidinfouserdefault.json|058-www-jspec-com-cn-px-spotgoods-province-mosenergybidinfouser-getmosenergybidinfouserdefault.json|062-www-jspec-com-cn-px-spotgoods-province-dd2jyuserclearingresult-querydd2jyrqclearing.json|065-www-jspec-com-cn-px-spotgoods-province-dayclearingresult-querytablexrdonlyjiesuan.json
2026-05-13,14,03:30,,,,,,36.4,,,,,,,,,,,,,,,,,,,,,,,,,,,,,,,,,,user_bid_96|user_default_bid_96|dayahead_user_clearing|dayahead_public_clearing,036-www-jspec-com-cn-px-spotgoods-province-mosenergybidinfouser-getmosenergybidinfouser.json|040-www-jspec-com-cn-px-spotgoods-province-mosenergybidinfouser-getmosenergybidinfouser.json|043-www-jspec-com-cn-px-spotgoods-province-mosenergybidinfouser-getmosenergybidinfouser.json|052-www-jspec-com-cn-px-spotgoods-province-mosenergybidinfouser-getmosenergybidinfouserdefault.json|056-www-jspec-com-cn-px-spotgoods-province-mosenergybidinfouser-getmosenergybidinfouserdefault.json|058-www-jspec-com-cn-px-spotgoods-province-mosenergybidinfouser-getmosenergybidinfouserdefault.json|062-www-jspec-com-cn-px-spotgoods-province-dd2jyuserclearingresult-querydd2jyrqclearing.json|065-www-jspec-com-cn-px-spotgoods-province-dayclearingresult-querytablexrdonlyjiesuan.json
2026-05-13,15,03:45,,,,,,36.4,,,,,,,,,,,,,,,,,,,,,,,,,,,,,,,,,,user_bid_96|user_default_bid_96|dayahead_user_clearing|dayahead_public_clearing,036-www-jspec-com-cn-px-spotgoods-province-mosenergybidinfouser-getmosenergybidinfouser.json|040-www-jspec-com-cn-px-spotgoods-province-mosenergybidinfouser-getmosenergybidinfouser.json|043-www-jspec-com-cn-px-spotgoods-province-mosenergybidinfouser-getmosenergybidinfouser.json|052-www-jspec-com-cn-px-spotgoods-province-mosenergybidinfouser-getmosenergybidinfouserdefault.json|056-www-jspec-com-cn-px-spotgoods-province-mosenergybidinfouser-getmosenergybidinfouserdefault.json|058-www-jspec-com-cn-px-spotgoods-province-mosenergybidinfouser-getmosenergybidinfouserdefault.json|062-www-jspec-com-cn-px-spotgoods-province-dd2jyuserclearingresult-querydd2jyrqclearing.json|065-www-jspec-com-cn-px-spotgoods-province-dayclearingresult-querytablexrdonlyjiesuan.json
2026-05-13,16,04:00,,,,,,36.4,,,,,,,,,,,,,,,,,,,,,,,,,,,,,,,,,,user_bid_96|user_default_bid_96|dayahead_user_clearing|dayahead_public_clearing,036-www-jspec-com-cn-px-spotgoods-province-mosenergybidinfouser-getmosenergybidinfouser.json|040-www-jspec-com-cn-px-spotgoods-province-mosenergybidinfouser-getmosenergybidinfouser.json|043-www-jspec-com-cn-px-spotgoods-province-mosenergybidinfouser-getmosenergybidinfouser.json|052-www-jspec-com-cn-px-spotgoods-province-mosenergybidinfouser-getmosenergybidinfouserdefault.json|056-www-jspec-com-cn-px-spotgoods-province-mosenergybidinfouser-getmosenergybidinfouserdefault.json|058-www-jspec-com-cn-px-spotgoods-province-mosenergybidinfouser-getmosenergybidinfouserdefault.json|062-www-jspec-com-cn-px-spotgoods-province-dd2jyuserclearingresult-querydd2jyrqclearing.json|065-www-jspec-com-cn-px-spotgoods-province-dayclearingresult-querytablexrdonlyjiesuan.json
2026-05-13,17,04:15,,,,,,32.4,,,,,,,,,,,,,,,,,,,,,,,,,,,,,,,,,,user_bid_96|user_default_bid_96|dayahead_user_clearing|dayahead_public_clearing,036-www-jspec-com-cn-px-spotgoods-province-mosenergybidinfouser-getmosenergybidinfouser.json|040-www-jspec-com-cn-px-spotgoods-province-mosenergybidinfouser-getmosenergybidinfouser.json|043-www-jspec-com-cn-px-spotgoods-province-mosenergybidinfouser-getmosenergybidinfouser.json|052-www-jspec-com-cn-px-spotgoods-province-mosenergybidinfouser-getmosenergybidinfouserdefault.json|056-www-jspec-com-cn-px-spotgoods-province-mosenergybidinfouser-getmosenergybidinfouserdefault.json|058-www-jspec-com-cn-px-spotgoods-province-mosenergybidinfouser-getmosenergybidinfouserdefault.json|062-www-jspec-com-cn-px-spotgoods-province-dd2jyuserclearingresult-querydd2jyrqclearing.json|065-www-jspec-com-cn-px-spotgoods-province-dayclearingresult-querytablexrdonlyjiesuan.json
2026-05-13,18,04:30,,,,,,32.4,,,,,,,,,,,,,,,,,,,,,,,,,,,,,,,,,,user_bid_96|user_default_bid_96|dayahead_user_clearing|dayahead_public_clearing,036-www-jspec-com-cn-px-spotgoods-province-mosenergybidinfouser-getmosenergybidinfouser.json|040-www-jspec-com-cn-px-spotgoods-province-mosenergybidinfouser-getmosenergybidinfouser.json|043-www-jspec-com-cn-px-spotgoods-province-mosenergybidinfouser-getmosenergybidinfouser.json|052-www-jspec-com-cn-px-spotgoods-province-mosenergybidinfouser-getmosenergybidinfouserdefault.json|056-www-jspec-com-cn-px-spotgoods-province-mosenergybidinfouser-getmosenergybidinfouserdefault.json|058-www-jspec-com-cn-px-spotgoods-province-mosenergybidinfouser-getmosenergybidinfouserdefault.json|062-www-jspec-com-cn-px-spotgoods-province-dd2jyuserclearingresult-querydd2jyrqclearing.json|065-www-jspec-com-cn-px-spotgoods-province-dayclearingresult-querytablexrdonlyjiesuan.json
2026-05-13,19,04:45,,,,,,32.4,,,,,,,,,,,,,,,,,,,,,,,,,,,,,,,,,,user_bid_96|user_default_bid_96|dayahead_user_clearing|dayahead_public_clearing,036-www-jspec-com-cn-px-spotgoods-province-mosenergybidinfouser-getmosenergybidinfouser.json|040-www-jspec-com-cn-px-spotgoods-province-mosenergybidinfouser-getmosenergybidinfouser.json|043-www-jspec-com-cn-px-spotgoods-province-mosenergybidinfouser-getmosenergybidinfouser.json|052-www-jspec-com-cn-px-spotgoods-province-mosenergybidinfouser-getmosenergybidinfouserdefault.json|056-www-jspec-com-cn-px-spotgoods-province-mosenergybidinfouser-getmosenergybidinfouserdefault.json|058-www-jspec-com-cn-px-spotgoods-province-mosenergybidinfouser-getmosenergybidinfouserdefault.json|062-www-jspec-com-cn-px-spotgoods-province-dd2jyuserclearingresult-querydd2jyrqclearing.json|065-www-jspec-com-cn-px-spotgoods-province-dayclearingresult-querytablexrdonlyjiesuan.json
2026-05-13,20,05:00,,,,,,32.4,,,,,,,,,,,,,,,,,,,,,,,,,,,,,,,,,,user_bid_96|user_default_bid_96|dayahead_user_clearing|dayahead_public_clearing,036-www-jspec-com-cn-px-spotgoods-province-mosenergybidinfouser-getmosenergybidinfouser.json|040-www-jspec-com-cn-px-spotgoods-province-mosenergybidinfouser-getmosenergybidinfouser.json|043-www-jspec-com-cn-px-spotgoods-province-mosenergybidinfouser-getmosenergybidinfouser.json|052-www-jspec-com-cn-px-spotgoods-province-mosenergybidinfouser-getmosenergybidinfouserdefault.json|056-www-jspec-com-cn-px-spotgoods-province-mosenergybidinfouser-getmosenergybidinfouserdefault.json|058-www-jspec-com-cn-px-spotgoods-province-mosenergybidinfouser-getmosenergybidinfouserdefault.json|062-www-jspec-com-cn-px-spotgoods-province-dd2jyuserclearingresult-querydd2jyrqclearing.json|065-www-jspec-com-cn-px-spotgoods-province-dayclearingresult-querytablexrdonlyjiesuan.json
2026-05-13,21,05:15,,,,,,46.5,,,,,,,,,,,,,,,,,,,,,,,,,,,,,,,,,,user_bid_96|user_default_bid_96|dayahead_user_clearing|dayahead_public_clearing,036-www-jspec-com-cn-px-spotgoods-province-mosenergybidinfouser-getmosenergybidinfouser.json|040-www-jspec-com-cn-px-spotgoods-province-mosenergybidinfouser-getmosenergybidinfouser.json|043-www-jspec-com-cn-px-spotgoods-province-mosenergybidinfouser-getmosenergybidinfouser.json|052-www-jspec-com-cn-px-spotgoods-province-mosenergybidinfouser-getmosenergybidinfouserdefault.json|056-www-jspec-com-cn-px-spotgoods-province-mosenergybidinfouser-getmosenergybidinfouserdefault.json|058-www-jspec-com-cn-px-spotgoods-province-mosenergybidinfouser-getmosenergybidinfouserdefault.json|062-www-jspec-com-cn-px-spotgoods-province-dd2jyuserclearingresult-querydd2jyrqclearing.json|065-www-jspec-com-cn-px-spotgoods-province-dayclearingresult-querytablexrdonlyjiesuan.json
2026-05-13,22,05:30,,,,,,46.5,,,,,,,,,,,,,,,,,,,,,,,,,,,,,,,,,,user_bid_96|user_default_bid_96|dayahead_user_clearing|dayahead_public_clearing,036-www-jspec-com-cn-px-spotgoods-province-mosenergybidinfouser-getmosenergybidinfouser.json|040-www-jspec-com-cn-px-spotgoods-province-mosenergybidinfouser-getmosenergybidinfouser.json|043-www-jspec-com-cn-px-spotgoods-province-mosenergybidinfouser-getmosenergybidinfouser.json|052-www-jspec-com-cn-px-spotgoods-province-mosenergybidinfouser-getmosenergybidinfouserdefault.json|056-www-jspec-com-cn-px-spotgoods-province-mosenergybidinfouser-getmosenergybidinfouserdefault.json|058-www-jspec-com-cn-px-spotgoods-province-mosenergybidinfouser-getmosenergybidinfouserdefault.json|062-www-jspec-com-cn-px-spotgoods-province-dd2jyuserclearingresult-querydd2jyrqclearing.json|065-www-jspec-com-cn-px-spotgoods-province-dayclearingresult-querytablexrdonlyjiesuan.json
2026-05-13,23,05:45,,,,,,46.5,,,,,,,,,,,,,,,,,,,,,,,,,,,,,,,,,,user_bid_96|user_default_bid_96|dayahead_user_clearing|dayahead_public_clearing,036-www-jspec-com-cn-px-spotgoods-province-mosenergybidinfouser-getmosenergybidinfouser.json|040-www-jspec-com-cn-px-spotgoods-province-mosenergybidinfouser-getmosenergybidinfouser.json|043-www-jspec-com-cn-px-spotgoods-province-mosenergybidinfouser-getmosenergybidinfouser.json|052-www-jspec-com-cn-px-spotgoods-province-mosenergybidinfouser-getmosenergybidinfouserdefault.json|056-www-jspec-com-cn-px-spotgoods-province-mosenergybidinfouser-getmosenergybidinfouserdefault.json|058-www-jspec-com-cn-px-spotgoods-province-mosenergybidinfouser-getmosenergybidinfouserdefault.json|062-www-jspec-com-cn-px-spotgoods-province-dd2jyuserclearingresult-querydd2jyrqclearing.json|065-www-jspec-com-cn-px-spotgoods-province-dayclearingresult-querytablexrdonlyjiesuan.json
2026-05-13,24,06:00,,,,,,46.5,,,,,,,,,,,,,,,,,,,,,,,,,,,,,,,,,,user_bid_96|user_default_bid_96|dayahead_user_clearing|dayahead_public_clearing,036-www-jspec-com-cn-px-spotgoods-province-mosenergybidinfouser-getmosenergybidinfouser.json|040-www-jspec-com-cn-px-spotgoods-province-mosenergybidinfouser-getmosenergybidinfouser.json|043-www-jspec-com-cn-px-spotgoods-province-mosenergybidinfouser-getmosenergybidinfouser.json|052-www-jspec-com-cn-px-spotgoods-province-mosenergybidinfouser-getmosenergybidinfouserdefault.json|056-www-jspec-com-cn-px-spotgoods-province-mosenergybidinfouser-getmosenergybidinfouserdefault.json|058-www-jspec-com-cn-px-spotgoods-province-mosenergybidinfouser-getmosenergybidinfouserdefault.json|062-www-jspec-com-cn-px-spotgoods-province-dd2jyuserclearingresult-querydd2jyrqclearing.json|065-www-jspec-com-cn-px-spotgoods-province-dayclearingresult-querytablexrdonlyjiesuan.json
2026-05-13,25,06:15,,,,,,75.8,,,,,,,,,,,,,,,,,,,,,,,,,,,,,,,,,,user_bid_96|user_default_bid_96|dayahead_user_clearing|dayahead_public_clearing,036-www-jspec-com-cn-px-spotgoods-province-mosenergybidinfouser-getmosenergybidinfouser.json|040-www-jspec-com-cn-px-spotgoods-province-mosenergybidinfouser-getmosenergybidinfouser.json|043-www-jspec-com-cn-px-spotgoods-province-mosenergybidinfouser-getmosenergybidinfouser.json|052-www-jspec-com-cn-px-spotgoods-province-mosenergybidinfouser-getmosenergybidinfouserdefault.json|056-www-jspec-com-cn-px-spotgoods-province-mosenergybidinfouser-getmosenergybidinfouserdefault.json|058-www-jspec-com-cn-px-spotgoods-province-mosenergybidinfouser-getmosenergybidinfouserdefault.json|062-www-jspec-com-cn-px-spotgoods-province-dd2jyuserclearingresult-querydd2jyrqclearing.json|065-www-jspec-com-cn-px-spotgoods-province-dayclearingresult-querytablexrdonlyjiesuan.json
2026-05-13,26,06:30,,,,,,75.8,,,,,,,,,,,,,,,,,,,,,,,,,,,,,,,,,,user_bid_96|user_default_bid_96|dayahead_user_clearing|dayahead_public_clearing,036-www-jspec-com-cn-px-spotgoods-province-mosenergybidinfouser-getmosenergybidinfouser.json|040-www-jspec-com-cn-px-spotgoods-province-mosenergybidinfouser-getmosenergybidinfouser.json|043-www-jspec-com-cn-px-spotgoods-province-mosenergybidinfouser-getmosenergybidinfouser.json|052-www-jspec-com-cn-px-spotgoods-province-mosenergybidinfouser-getmosenergybidinfouserdefault.json|056-www-jspec-com-cn-px-spotgoods-province-mosenergybidinfouser-getmosenergybidinfouserdefault.json|058-www-jspec-com-cn-px-spotgoods-province-mosenergybidinfouser-getmosenergybidinfouserdefault.json|062-www-jspec-com-cn-px-spotgoods-province-dd2jyuserclearingresult-querydd2jyrqclearing.json|065-www-jspec-com-cn-px-spotgoods-province-dayclearingresult-querytablexrdonlyjiesuan.json
2026-05-13,27,06:45,,,,,,75.8,,,,,,,,,,,,,,,,,,,,,,,,,,,,,,,,,,user_bid_96|user_default_bid_96|dayahead_user_clearing|dayahead_public_clearing,036-www-jspec-com-cn-px-spotgoods-province-mosenergybidinfouser-getmosenergybidinfouser.json|040-www-jspec-com-cn-px-spotgoods-province-mosenergybidinfouser-getmosenergybidinfouser.json|043-www-jspec-com-cn-px-spotgoods-province-mosenergybidinfouser-getmosenergybidinfouser.json|052-www-jspec-com-cn-px-spotgoods-province-mosenergybidinfouser-getmosenergybidinfouserdefault.json|056-www-jspec-com-cn-px-spotgoods-province-mosenergybidinfouser-getmosenergybidinfouserdefault.json|058-www-jspec-com-cn-px-spotgoods-province-mosenergybidinfouser-getmosenergybidinfouserdefault.json|062-www-jspec-com-cn-px-spotgoods-province-dd2jyuserclearingresult-querydd2jyrqclearing.json|065-www-jspec-com-cn-px-spotgoods-province-dayclearingresult-querytablexrdonlyjiesuan.json
2026-05-13,28,07:00,,,,,,75.8,,,,,,,,,,,,,,,,,,,,,,,,,,,,,,,,,,user_bid_96|user_default_bid_96|dayahead_user_clearing|dayahead_public_clearing,036-www-jspec-com-cn-px-spotgoods-province-mosenergybidinfouser-getmosenergybidinfouser.json|040-www-jspec-com-cn-px-spotgoods-province-mosenergybidinfouser-getmosenergybidinfouser.json|043-www-jspec-com-cn-px-spotgoods-province-mosenergybidinfouser-getmosenergybidinfouser.json|052-www-jspec-com-cn-px-spotgoods-province-mosenergybidinfouser-getmosenergybidinfouserdefault.json|056-www-jspec-com-cn-px-spotgoods-province-mosenergybidinfouser-getmosenergybidinfouserdefault.json|058-www-jspec-com-cn-px-spotgoods-province-mosenergybidinfouser-getmosenergybidinfouserdefault.json|062-www-jspec-com-cn-px-spotgoods-province-dd2jyuserclearingresult-querydd2jyrqclearing.json|065-www-jspec-com-cn-px-spotgoods-province-dayclearingresult-querytablexrdonlyjiesuan.json
2026-05-13,29,07:15,,,,,,82.6,,,,,,,,,,,,,,,,,,,,,,,,,,,,,,,,,,user_bid_96|user_default_bid_96|dayahead_user_clearing|dayahead_public_clearing,036-www-jspec-com-cn-px-spotgoods-province-mosenergybidinfouser-getmosenergybidinfouser.json|040-www-jspec-com-cn-px-spotgoods-province-mosenergybidinfouser-getmosenergybidinfouser.json|043-www-jspec-com-cn-px-spotgoods-province-mosenergybidinfouser-getmosenergybidinfouser.json|052-www-jspec-com-cn-px-spotgoods-province-mosenergybidinfouser-getmosenergybidinfouserdefault.json|056-www-jspec-com-cn-px-spotgoods-province-mosenergybidinfouser-getmosenergybidinfouserdefault.json|058-www-jspec-com-cn-px-spotgoods-province-mosenergybidinfouser-getmosenergybidinfouserdefault.json|062-www-jspec-com-cn-px-spotgoods-province-dd2jyuserclearingresult-querydd2jyrqclearing.json|065-www-jspec-com-cn-px-spotgoods-province-dayclearingresult-querytablexrdonlyjiesuan.json
2026-05-13,30,07:30,,,,,,82.6,,,,,,,,,,,,,,,,,,,,,,,,,,,,,,,,,,user_bid_96|user_default_bid_96|dayahead_user_clearing|dayahead_public_clearing,036-www-jspec-com-cn-px-spotgoods-province-mosenergybidinfouser-getmosenergybidinfouser.json|040-www-jspec-com-cn-px-spotgoods-province-mosenergybidinfouser-getmosenergybidinfouser.json|043-www-jspec-com-cn-px-spotgoods-province-mosenergybidinfouser-getmosenergybidinfouser.json|052-www-jspec-com-cn-px-spotgoods-province-mosenergybidinfouser-getmosenergybidinfouserdefault.json|056-www-jspec-com-cn-px-spotgoods-province-mosenergybidinfouser-getmosenergybidinfouserdefault.json|058-www-jspec-com-cn-px-spotgoods-province-mosenergybidinfouser-getmosenergybidinfouserdefault.json|062-www-jspec-com-cn-px-spotgoods-province-dd2jyuserclearingresult-querydd2jyrqclearing.json|065-www-jspec-com-cn-px-spotgoods-province-dayclearingresult-querytablexrdonlyjiesuan.json
2026-05-13,31,07:45,,,,,,82.6,,,,,,,,,,,,,,,,,,,,,,,,,,,,,,,,,,user_bid_96|user_default_bid_96|dayahead_user_clearing|dayahead_public_clearing,036-www-jspec-com-cn-px-spotgoods-province-mosenergybidinfouser-getmosenergybidinfouser.json|040-www-jspec-com-cn-px-spotgoods-province-mosenergybidinfouser-getmosenergybidinfouser.json|043-www-jspec-com-cn-px-spotgoods-province-mosenergybidinfouser-getmosenergybidinfouser.json|052-www-jspec-com-cn-px-spotgoods-province-mosenergybidinfouser-getmosenergybidinfouserdefault.json|056-www-jspec-com-cn-px-spotgoods-province-mosenergybidinfouser-getmosenergybidinfouserdefault.json|058-www-jspec-com-cn-px-spotgoods-province-mosenergybidinfouser-getmosenergybidinfouserdefault.json|062-www-jspec-com-cn-px-spotgoods-province-dd2jyuserclearingresult-querydd2jyrqclearing.json|065-www-jspec-com-cn-px-spotgoods-province-dayclearingresult-querytablexrdonlyjiesuan.json
2026-05-13,32,08:00,,,,,,82.6,,,,,,,,,,,,,,,,,,,,,,,,,,,,,,,,,,user_bid_96|user_default_bid_96|dayahead_user_clearing|dayahead_public_clearing,036-www-jspec-com-cn-px-spotgoods-province-mosenergybidinfouser-getmosenergybidinfouser.json|040-www-jspec-com-cn-px-spotgoods-province-mosenergybidinfouser-getmosenergybidinfouser.json|043-www-jspec-com-cn-px-spotgoods-province-mosenergybidinfouser-getmosenergybidinfouser.json|052-www-jspec-com-cn-px-spotgoods-province-mosenergybidinfouser-getmosenergybidinfouserdefault.json|056-www-jspec-com-cn-px-spotgoods-province-mosenergybidinfouser-getmosenergybidinfouserdefault.json|058-www-jspec-com-cn-px-spotgoods-province-mosenergybidinfouser-getmosenergybidinfouserdefault.json|062-www-jspec-com-cn-px-spotgoods-province-dd2jyuserclearingresult-querydd2jyrqclearing.json|065-www-jspec-com-cn-px-spotgoods-province-dayclearingresult-querytablexrdonlyjiesuan.json
2026-05-13,33,08:15,,,,,,93.4,,,,,,,,,,,,,,,,,,,,,,,,,,,,,,,,,,user_bid_96|user_default_bid_96|dayahead_user_clearing|dayahead_public_clearing,036-www-jspec-com-cn-px-spotgoods-province-mosenergybidinfouser-getmosenergybidinfouser.json|040-www-jspec-com-cn-px-spotgoods-province-mosenergybidinfouser-getmosenergybidinfouser.json|043-www-jspec-com-cn-px-spotgoods-province-mosenergybidinfouser-getmosenergybidinfouser.json|052-www-jspec-com-cn-px-spotgoods-province-mosenergybidinfouser-getmosenergybidinfouserdefault.json|056-www-jspec-com-cn-px-spotgoods-province-mosenergybidinfouser-getmosenergybidinfouserdefault.json|058-www-jspec-com-cn-px-spotgoods-province-mosenergybidinfouser-getmosenergybidinfouserdefault.json|062-www-jspec-com-cn-px-spotgoods-province-dd2jyuserclearingresult-querydd2jyrqclearing.json|065-www-jspec-com-cn-px-spotgoods-province-dayclearingresult-querytablexrdonlyjiesuan.json
2026-05-13,34,08:30,,,,,,93.4,,,,,,,,,,,,,,,,,,,,,,,,,,,,,,,,,,user_bid_96|user_default_bid_96|dayahead_user_clearing|dayahead_public_clearing,036-www-jspec-com-cn-px-spotgoods-province-mosenergybidinfouser-getmosenergybidinfouser.json|040-www-jspec-com-cn-px-spotgoods-province-mosenergybidinfouser-getmosenergybidinfouser.json|043-www-jspec-com-cn-px-spotgoods-province-mosenergybidinfouser-getmosenergybidinfouser.json|052-www-jspec-com-cn-px-spotgoods-province-mosenergybidinfouser-getmosenergybidinfouserdefault.json|056-www-jspec-com-cn-px-spotgoods-province-mosenergybidinfouser-getmosenergybidinfouserdefault.json|058-www-jspec-com-cn-px-spotgoods-province-mosenergybidinfouser-getmosenergybidinfouserdefault.json|062-www-jspec-com-cn-px-spotgoods-province-dd2jyuserclearingresult-querydd2jyrqclearing.json|065-www-jspec-com-cn-px-spotgoods-province-dayclearingresult-querytablexrdonlyjiesuan.json
2026-05-13,35,08:45,,,,,,93.4,,,,,,,,,,,,,,,,,,,,,,,,,,,,,,,,,,user_bid_96|user_default_bid_96|dayahead_user_clearing|dayahead_public_clearing,036-www-jspec-com-cn-px-spotgoods-province-mosenergybidinfouser-getmosenergybidinfouser.json|040-www-jspec-com-cn-px-spotgoods-province-mosenergybidinfouser-getmosenergybidinfouser.json|043-www-jspec-com-cn-px-spotgoods-province-mosenergybidinfouser-getmosenergybidinfouser.json|052-www-jspec-com-cn-px-spotgoods-province-mosenergybidinfouser-getmosenergybidinfouserdefault.json|056-www-jspec-com-cn-px-spotgoods-province-mosenergybidinfouser-getmosenergybidinfouserdefault.json|058-www-jspec-com-cn-px-spotgoods-province-mosenergybidinfouser-getmosenergybidinfouserdefault.json|062-www-jspec-com-cn-px-spotgoods-province-dd2jyuserclearingresult-querydd2jyrqclearing.json|065-www-jspec-com-cn-px-spotgoods-province-dayclearingresult-querytablexrdonlyjiesuan.json
2026-05-13,36,09:00,,,,,,93.4,,,,,,,,,,,,,,,,,,,,,,,,,,,,,,,,,,user_bid_96|user_default_bid_96|dayahead_user_clearing|dayahead_public_clearing,036-www-jspec-com-cn-px-spotgoods-province-mosenergybidinfouser-getmosenergybidinfouser.json|040-www-jspec-com-cn-px-spotgoods-province-mosenergybidinfouser-getmosenergybidinfouser.json|043-www-jspec-com-cn-px-spotgoods-province-mosenergybidinfouser-getmosenergybidinfouser.json|052-www-jspec-com-cn-px-spotgoods-province-mosenergybidinfouser-getmosenergybidinfouserdefault.json|056-www-jspec-com-cn-px-spotgoods-province-mosenergybidinfouser-getmosenergybidinfouserdefault.json|058-www-jspec-com-cn-px-spotgoods-province-mosenergybidinfouser-getmosenergybidinfouserdefault.json|062-www-jspec-com-cn-px-spotgoods-province-dd2jyuserclearingresult-querydd2jyrqclearing.json|065-www-jspec-com-cn-px-spotgoods-province-dayclearingresult-querytablexrdonlyjiesuan.json
2026-05-13,37,09:15,,,,,,89.3,,,,,,,,,,,,,,,,,,,,,,,,,,,,,,,,,,user_bid_96|user_default_bid_96|dayahead_user_clearing|dayahead_public_clearing,036-www-jspec-com-cn-px-spotgoods-province-mosenergybidinfouser-getmosenergybidinfouser.json|040-www-jspec-com-cn-px-spotgoods-province-mosenergybidinfouser-getmosenergybidinfouser.json|043-www-jspec-com-cn-px-spotgoods-province-mosenergybidinfouser-getmosenergybidinfouser.json|052-www-jspec-com-cn-px-spotgoods-province-mosenergybidinfouser-getmosenergybidinfouserdefault.json|056-www-jspec-com-cn-px-spotgoods-province-mosenergybidinfouser-getmosenergybidinfouserdefault.json|058-www-jspec-com-cn-px-spotgoods-province-mosenergybidinfouser-getmosenergybidinfouserdefault.json|062-www-jspec-com-cn-px-spotgoods-province-dd2jyuserclearingresult-querydd2jyrqclearing.json|065-www-jspec-com-cn-px-spotgoods-province-dayclearingresult-querytablexrdonlyjiesuan.json
2026-05-13,38,09:30,,,,,,89.3,,,,,,,,,,,,,,,,,,,,,,,,,,,,,,,,,,user_bid_96|user_default_bid_96|dayahead_user_clearing|dayahead_public_clearing,036-www-jspec-com-cn-px-spotgoods-province-mosenergybidinfouser-getmosenergybidinfouser.json|040-www-jspec-com-cn-px-spotgoods-province-mosenergybidinfouser-getmosenergybidinfouser.json|043-www-jspec-com-cn-px-spotgoods-province-mosenergybidinfouser-getmosenergybidinfouser.json|052-www-jspec-com-cn-px-spotgoods-province-mosenergybidinfouser-getmosenergybidinfouserdefault.json|056-www-jspec-com-cn-px-spotgoods-province-mosenergybidinfouser-getmosenergybidinfouserdefault.json|058-www-jspec-com-cn-px-spotgoods-province-mosenergybidinfouser-getmosenergybidinfouserdefault.json|062-www-jspec-com-cn-px-spotgoods-province-dd2jyuserclearingresult-querydd2jyrqclearing.json|065-www-jspec-com-cn-px-spotgoods-province-dayclearingresult-querytablexrdonlyjiesuan.json
2026-05-13,39,09:45,,,,,,89.3,,,,,,,,,,,,,,,,,,,,,,,,,,,,,,,,,,user_bid_96|user_default_bid_96|dayahead_user_clearing|dayahead_public_clearing,036-www-jspec-com-cn-px-spotgoods-province-mosenergybidinfouser-getmosenergybidinfouser.json|040-www-jspec-com-cn-px-spotgoods-province-mosenergybidinfouser-getmosenergybidinfouser.json|043-www-jspec-com-cn-px-spotgoods-province-mosenergybidinfouser-getmosenergybidinfouser.json|052-www-jspec-com-cn-px-spotgoods-province-mosenergybidinfouser-getmosenergybidinfouserdefault.json|056-www-jspec-com-cn-px-spotgoods-province-mosenergybidinfouser-getmosenergybidinfouserdefault.json|058-www-jspec-com-cn-px-spotgoods-province-mosenergybidinfouser-getmosenergybidinfouserdefault.json|062-www-jspec-com-cn-px-spotgoods-province-dd2jyuserclearingresult-querydd2jyrqclearing.json|065-www-jspec-com-cn-px-spotgoods-province-dayclearingresult-querytablexrdonlyjiesuan.json
2026-05-13,40,10:00,,,,,,89.3,,,,,,,,,,,,,,,,,,,,,,,,,,,,,,,,,,user_bid_96|user_default_bid_96|dayahead_user_clearing|dayahead_public_clearing,036-www-jspec-com-cn-px-spotgoods-province-mosenergybidinfouser-getmosenergybidinfouser.json|040-www-jspec-com-cn-px-spotgoods-province-mosenergybidinfouser-getmosenergybidinfouser.json|043-www-jspec-com-cn-px-spotgoods-province-mosenergybidinfouser-getmosenergybidinfouser.json|052-www-jspec-com-cn-px-spotgoods-province-mosenergybidinfouser-getmosenergybidinfouserdefault.json|056-www-jspec-com-cn-px-spotgoods-province-mosenergybidinfouser-getmosenergybidinfouserdefault.json|058-www-jspec-com-cn-px-spotgoods-province-mosenergybidinfouser-getmosenergybidinfouserdefault.json|062-www-jspec-com-cn-px-spotgoods-province-dd2jyuserclearingresult-querydd2jyrqclearing.json|065-www-jspec-com-cn-px-spotgoods-province-dayclearingresult-querytablexrdonlyjiesuan.json
2026-05-13,41,10:15,,,,,,83.1,,,,,,,,,,,,,,,,,,,,,,,,,,,,,,,,,,user_bid_96|user_default_bid_96|dayahead_user_clearing|dayahead_public_clearing,036-www-jspec-com-cn-px-spotgoods-province-mosenergybidinfouser-getmosenergybidinfouser.json|040-www-jspec-com-cn-px-spotgoods-province-mosenergybidinfouser-getmosenergybidinfouser.json|043-www-jspec-com-cn-px-spotgoods-province-mosenergybidinfouser-getmosenergybidinfouser.json|052-www-jspec-com-cn-px-spotgoods-province-mosenergybidinfouser-getmosenergybidinfouserdefault.json|056-www-jspec-com-cn-px-spotgoods-province-mosenergybidinfouser-getmosenergybidinfouserdefault.json|058-www-jspec-com-cn-px-spotgoods-province-mosenergybidinfouser-getmosenergybidinfouserdefault.json|062-www-jspec-com-cn-px-spotgoods-province-dd2jyuserclearingresult-querydd2jyrqclearing.json|065-www-jspec-com-cn-px-spotgoods-province-dayclearingresult-querytablexrdonlyjiesuan.json
2026-05-13,42,10:30,,,,,,83.1,,,,,,,,,,,,,,,,,,,,,,,,,,,,,,,,,,user_bid_96|user_default_bid_96|dayahead_user_clearing|dayahead_public_clearing,036-www-jspec-com-cn-px-spotgoods-province-mosenergybidinfouser-getmosenergybidinfouser.json|040-www-jspec-com-cn-px-spotgoods-province-mosenergybidinfouser-getmosenergybidinfouser.json|043-www-jspec-com-cn-px-spotgoods-province-mosenergybidinfouser-getmosenergybidinfouser.json|052-www-jspec-com-cn-px-spotgoods-province-mosenergybidinfouser-getmosenergybidinfouserdefault.json|056-www-jspec-com-cn-px-spotgoods-province-mosenergybidinfouser-getmosenergybidinfouserdefault.json|058-www-jspec-com-cn-px-spotgoods-province-mosenergybidinfouser-getmosenergybidinfouserdefault.json|062-www-jspec-com-cn-px-spotgoods-province-dd2jyuserclearingresult-querydd2jyrqclearing.json|065-www-jspec-com-cn-px-spotgoods-province-dayclearingresult-querytablexrdonlyjiesuan.json
2026-05-13,43,10:45,,,,,,83.1,,,,,,,,,,,,,,,,,,,,,,,,,,,,,,,,,,user_bid_96|user_default_bid_96|dayahead_user_clearing|dayahead_public_clearing,036-www-jspec-com-cn-px-spotgoods-province-mosenergybidinfouser-getmosenergybidinfouser.json|040-www-jspec-com-cn-px-spotgoods-province-mosenergybidinfouser-getmosenergybidinfouser.json|043-www-jspec-com-cn-px-spotgoods-province-mosenergybidinfouser-getmosenergybidinfouser.json|052-www-jspec-com-cn-px-spotgoods-province-mosenergybidinfouser-getmosenergybidinfouserdefault.json|056-www-jspec-com-cn-px-spotgoods-province-mosenergybidinfouser-getmosenergybidinfouserdefault.json|058-www-jspec-com-cn-px-spotgoods-province-mosenergybidinfouser-getmosenergybidinfouserdefault.json|062-www-jspec-com-cn-px-spotgoods-province-dd2jyuserclearingresult-querydd2jyrqclearing.json|065-www-jspec-com-cn-px-spotgoods-province-dayclearingresult-querytablexrdonlyjiesuan.json
2026-05-13,44,11:00,,,,,,83.1,,,,,,,,,,,,,,,,,,,,,,,,,,,,,,,,,,user_bid_96|user_default_bid_96|dayahead_user_clearing|dayahead_public_clearing,036-www-jspec-com-cn-px-spotgoods-province-mosenergybidinfouser-getmosenergybidinfouser.json|040-www-jspec-com-cn-px-spotgoods-province-mosenergybidinfouser-getmosenergybidinfouser.json|043-www-jspec-com-cn-px-spotgoods-province-mosenergybidinfouser-getmosenergybidinfouser.json|052-www-jspec-com-cn-px-spotgoods-province-mosenergybidinfouser-getmosenergybidinfouserdefault.json|056-www-jspec-com-cn-px-spotgoods-province-mosenergybidinfouser-getmosenergybidinfouserdefault.json|058-www-jspec-com-cn-px-spotgoods-province-mosenergybidinfouser-getmosenergybidinfouserdefault.json|062-www-jspec-com-cn-px-spotgoods-province-dd2jyuserclearingresult-querydd2jyrqclearing.json|065-www-jspec-com-cn-px-spotgoods-province-dayclearingresult-querytablexrdonlyjiesuan.json
2026-05-13,45,11:15,,,,,,80.4,,,,,,,,,,,,,,,,,,,,,,,,,,,,,,,,,,user_bid_96|user_default_bid_96|dayahead_user_clearing|dayahead_public_clearing,036-www-jspec-com-cn-px-spotgoods-province-mosenergybidinfouser-getmosenergybidinfouser.json|040-www-jspec-com-cn-px-spotgoods-province-mosenergybidinfouser-getmosenergybidinfouser.json|043-www-jspec-com-cn-px-spotgoods-province-mosenergybidinfouser-getmosenergybidinfouser.json|052-www-jspec-com-cn-px-spotgoods-province-mosenergybidinfouser-getmosenergybidinfouserdefault.json|056-www-jspec-com-cn-px-spotgoods-province-mosenergybidinfouser-getmosenergybidinfouserdefault.json|058-www-jspec-com-cn-px-spotgoods-province-mosenergybidinfouser-getmosenergybidinfouserdefault.json|062-www-jspec-com-cn-px-spotgoods-province-dd2jyuserclearingresult-querydd2jyrqclearing.json|065-www-jspec-com-cn-px-spotgoods-province-dayclearingresult-querytablexrdonlyjiesuan.json
2026-05-13,46,11:30,,,,,,80.4,,,,,,,,,,,,,,,,,,,,,,,,,,,,,,,,,,user_bid_96|user_default_bid_96|dayahead_user_clearing|dayahead_public_clearing,036-www-jspec-com-cn-px-spotgoods-province-mosenergybidinfouser-getmosenergybidinfouser.json|040-www-jspec-com-cn-px-spotgoods-province-mosenergybidinfouser-getmosenergybidinfouser.json|043-www-jspec-com-cn-px-spotgoods-province-mosenergybidinfouser-getmosenergybidinfouser.json|052-www-jspec-com-cn-px-spotgoods-province-mosenergybidinfouser-getmosenergybidinfouserdefault.json|056-www-jspec-com-cn-px-spotgoods-province-mosenergybidinfouser-getmosenergybidinfouserdefault.json|058-www-jspec-com-cn-px-spotgoods-province-mosenergybidinfouser-getmosenergybidinfouserdefault.json|062-www-jspec-com-cn-px-spotgoods-province-dd2jyuserclearingresult-querydd2jyrqclearing.json|065-www-jspec-com-cn-px-spotgoods-province-dayclearingresult-querytablexrdonlyjiesuan.json
2026-05-13,47,11:45,,,,,,80.4,,,,,,,,,,,,,,,,,,,,,,,,,,,,,,,,,,user_bid_96|user_default_bid_96|dayahead_user_clearing|dayahead_public_clearing,036-www-jspec-com-cn-px-spotgoods-province-mosenergybidinfouser-getmosenergybidinfouser.json|040-www-jspec-com-cn-px-spotgoods-province-mosenergybidinfouser-getmosenergybidinfouser.json|043-www-jspec-com-cn-px-spotgoods-province-mosenergybidinfouser-getmosenergybidinfouser.json|052-www-jspec-com-cn-px-spotgoods-province-mosenergybidinfouser-getmosenergybidinfouserdefault.json|056-www-jspec-com-cn-px-spotgoods-province-mosenergybidinfouser-getmosenergybidinfouserdefault.json|058-www-jspec-com-cn-px-spotgoods-province-mosenergybidinfouser-getmosenergybidinfouserdefault.json|062-www-jspec-com-cn-px-spotgoods-province-dd2jyuserclearingresult-querydd2jyrqclearing.json|065-www-jspec-com-cn-px-spotgoods-province-dayclearingresult-querytablexrdonlyjiesuan.json
2026-05-13,48,12:00,,,,,,80.4,,,,,,,,,,,,,,,,,,,,,,,,,,,,,,,,,,user_bid_96|user_default_bid_96|dayahead_user_clearing|dayahead_public_clearing,036-www-jspec-com-cn-px-spotgoods-province-mosenergybidinfouser-getmosenergybidinfouser.json|040-www-jspec-com-cn-px-spotgoods-province-mosenergybidinfouser-getmosenergybidinfouser.json|043-www-jspec-com-cn-px-spotgoods-province-mosenergybidinfouser-getmosenergybidinfouser.json|052-www-jspec-com-cn-px-spotgoods-province-mosenergybidinfouser-getmosenergybidinfouserdefault.json|056-www-jspec-com-cn-px-spotgoods-province-mosenergybidinfouser-getmosenergybidinfouserdefault.json|058-www-jspec-com-cn-px-spotgoods-province-mosenergybidinfouser-getmosenergybidinfouserdefault.json|062-www-jspec-com-cn-px-spotgoods-province-dd2jyuserclearingresult-querydd2jyrqclearing.json|065-www-jspec-com-cn-px-spotgoods-province-dayclearingresult-querytablexrdonlyjiesuan.json
2026-05-13,49,12:15,,,,,,84.8,,,,,,,,,,,,,,,,,,,,,,,,,,,,,,,,,,user_bid_96|user_default_bid_96|dayahead_user_clearing|dayahead_public_clearing,036-www-jspec-com-cn-px-spotgoods-province-mosenergybidinfouser-getmosenergybidinfouser.json|040-www-jspec-com-cn-px-spotgoods-province-mosenergybidinfouser-getmosenergybidinfouser.json|043-www-jspec-com-cn-px-spotgoods-province-mosenergybidinfouser-getmosenergybidinfouser.json|052-www-jspec-com-cn-px-spotgoods-province-mosenergybidinfouser-getmosenergybidinfouserdefault.json|056-www-jspec-com-cn-px-spotgoods-province-mosenergybidinfouser-getmosenergybidinfouserdefault.json|058-www-jspec-com-cn-px-spotgoods-province-mosenergybidinfouser-getmosenergybidinfouserdefault.json|062-www-jspec-com-cn-px-spotgoods-province-dd2jyuserclearingresult-querydd2jyrqclearing.json|065-www-jspec-com-cn-px-spotgoods-province-dayclearingresult-querytablexrdonlyjiesuan.json
2026-05-13,50,12:30,,,,,,84.8,,,,,,,,,,,,,,,,,,,,,,,,,,,,,,,,,,user_bid_96|user_default_bid_96|dayahead_user_clearing|dayahead_public_clearing,036-www-jspec-com-cn-px-spotgoods-province-mosenergybidinfouser-getmosenergybidinfouser.json|040-www-jspec-com-cn-px-spotgoods-province-mosenergybidinfouser-getmosenergybidinfouser.json|043-www-jspec-com-cn-px-spotgoods-province-mosenergybidinfouser-getmosenergybidinfouser.json|052-www-jspec-com-cn-px-spotgoods-province-mosenergybidinfouser-getmosenergybidinfouserdefault.json|056-www-jspec-com-cn-px-spotgoods-province-mosenergybidinfouser-getmosenergybidinfouserdefault.json|058-www-jspec-com-cn-px-spotgoods-province-mosenergybidinfouser-getmosenergybidinfouserdefault.json|062-www-jspec-com-cn-px-spotgoods-province-dd2jyuserclearingresult-querydd2jyrqclearing.json|065-www-jspec-com-cn-px-spotgoods-province-dayclearingresult-querytablexrdonlyjiesuan.json
2026-05-13,51,12:45,,,,,,84.8,,,,,,,,,,,,,,,,,,,,,,,,,,,,,,,,,,user_bid_96|user_default_bid_96|dayahead_user_clearing|dayahead_public_clearing,036-www-jspec-com-cn-px-spotgoods-province-mosenergybidinfouser-getmosenergybidinfouser.json|040-www-jspec-com-cn-px-spotgoods-province-mosenergybidinfouser-getmosenergybidinfouser.json|043-www-jspec-com-cn-px-spotgoods-province-mosenergybidinfouser-getmosenergybidinfouser.json|052-www-jspec-com-cn-px-spotgoods-province-mosenergybidinfouser-getmosenergybidinfouserdefault.json|056-www-jspec-com-cn-px-spotgoods-province-mosenergybidinfouser-getmosenergybidinfouserdefault.json|058-www-jspec-com-cn-px-spotgoods-province-mosenergybidinfouser-getmosenergybidinfouserdefault.json|062-www-jspec-com-cn-px-spotgoods-province-dd2jyuserclearingresult-querydd2jyrqclearing.json|065-www-jspec-com-cn-px-spotgoods-province-dayclearingresult-querytablexrdonlyjiesuan.json
2026-05-13,52,13:00,,,,,,84.8,,,,,,,,,,,,,,,,,,,,,,,,,,,,,,,,,,user_bid_96|user_default_bid_96|dayahead_user_clearing|dayahead_public_clearing,036-www-jspec-com-cn-px-spotgoods-province-mosenergybidinfouser-getmosenergybidinfouser.json|040-www-jspec-com-cn-px-spotgoods-province-mosenergybidinfouser-getmosenergybidinfouser.json|043-www-jspec-com-cn-px-spotgoods-province-mosenergybidinfouser-getmosenergybidinfouser.json|052-www-jspec-com-cn-px-spotgoods-province-mosenergybidinfouser-getmosenergybidinfouserdefault.json|056-www-jspec-com-cn-px-spotgoods-province-mosenergybidinfouser-getmosenergybidinfouserdefault.json|058-www-jspec-com-cn-px-spotgoods-province-mosenergybidinfouser-getmosenergybidinfouserdefault.json|062-www-jspec-com-cn-px-spotgoods-province-dd2jyuserclearingresult-querydd2jyrqclearing.json|065-www-jspec-com-cn-px-spotgoods-province-dayclearingresult-querytablexrdonlyjiesuan.json
2026-05-13,53,13:15,,,,,,83.7,,,,,,,,,,,,,,,,,,,,,,,,,,,,,,,,,,user_bid_96|user_default_bid_96|dayahead_user_clearing|dayahead_public_clearing,036-www-jspec-com-cn-px-spotgoods-province-mosenergybidinfouser-getmosenergybidinfouser.json|040-www-jspec-com-cn-px-spotgoods-province-mosenergybidinfouser-getmosenergybidinfouser.json|043-www-jspec-com-cn-px-spotgoods-province-mosenergybidinfouser-getmosenergybidinfouser.json|052-www-jspec-com-cn-px-spotgoods-province-mosenergybidinfouser-getmosenergybidinfouserdefault.json|056-www-jspec-com-cn-px-spotgoods-province-mosenergybidinfouser-getmosenergybidinfouserdefault.json|058-www-jspec-com-cn-px-spotgoods-province-mosenergybidinfouser-getmosenergybidinfouserdefault.json|062-www-jspec-com-cn-px-spotgoods-province-dd2jyuserclearingresult-querydd2jyrqclearing.json|065-www-jspec-com-cn-px-spotgoods-province-dayclearingresult-querytablexrdonlyjiesuan.json
2026-05-13,54,13:30,,,,,,83.7,,,,,,,,,,,,,,,,,,,,,,,,,,,,,,,,,,user_bid_96|user_default_bid_96|dayahead_user_clearing|dayahead_public_clearing,036-www-jspec-com-cn-px-spotgoods-province-mosenergybidinfouser-getmosenergybidinfouser.json|040-www-jspec-com-cn-px-spotgoods-province-mosenergybidinfouser-getmosenergybidinfouser.json|043-www-jspec-com-cn-px-spotgoods-province-mosenergybidinfouser-getmosenergybidinfouser.json|052-www-jspec-com-cn-px-spotgoods-province-mosenergybidinfouser-getmosenergybidinfouserdefault.json|056-www-jspec-com-cn-px-spotgoods-province-mosenergybidinfouser-getmosenergybidinfouserdefault.json|058-www-jspec-com-cn-px-spotgoods-province-mosenergybidinfouser-getmosenergybidinfouserdefault.json|062-www-jspec-com-cn-px-spotgoods-province-dd2jyuserclearingresult-querydd2jyrqclearing.json|065-www-jspec-com-cn-px-spotgoods-province-dayclearingresult-querytablexrdonlyjiesuan.json
2026-05-13,55,13:45,,,,,,83.7,,,,,,,,,,,,,,,,,,,,,,,,,,,,,,,,,,user_bid_96|user_default_bid_96|dayahead_user_clearing|dayahead_public_clearing,036-www-jspec-com-cn-px-spotgoods-province-mosenergybidinfouser-getmosenergybidinfouser.json|040-www-jspec-com-cn-px-spotgoods-province-mosenergybidinfouser-getmosenergybidinfouser.json|043-www-jspec-com-cn-px-spotgoods-province-mosenergybidinfouser-getmosenergybidinfouser.json|052-www-jspec-com-cn-px-spotgoods-province-mosenergybidinfouser-getmosenergybidinfouserdefault.json|056-www-jspec-com-cn-px-spotgoods-province-mosenergybidinfouser-getmosenergybidinfouserdefault.json|058-www-jspec-com-cn-px-spotgoods-province-mosenergybidinfouser-getmosenergybidinfouserdefault.json|062-www-jspec-com-cn-px-spotgoods-province-dd2jyuserclearingresult-querydd2jyrqclearing.json|065-www-jspec-com-cn-px-spotgoods-province-dayclearingresult-querytablexrdonlyjiesuan.json
2026-05-13,56,14:00,,,,,,83.7,,,,,,,,,,,,,,,,,,,,,,,,,,,,,,,,,,user_bid_96|user_default_bid_96|dayahead_user_clearing|dayahead_public_clearing,036-www-jspec-com-cn-px-spotgoods-province-mosenergybidinfouser-getmosenergybidinfouser.json|040-www-jspec-com-cn-px-spotgoods-province-mosenergybidinfouser-getmosenergybidinfouser.json|043-www-jspec-com-cn-px-spotgoods-province-mosenergybidinfouser-getmosenergybidinfouser.json|052-www-jspec-com-cn-px-spotgoods-province-mosenergybidinfouser-getmosenergybidinfouserdefault.json|056-www-jspec-com-cn-px-spotgoods-province-mosenergybidinfouser-getmosenergybidinfouserdefault.json|058-www-jspec-com-cn-px-spotgoods-province-mosenergybidinfouser-getmosenergybidinfouserdefault.json|062-www-jspec-com-cn-px-spotgoods-province-dd2jyuserclearingresult-querydd2jyrqclearing.json|065-www-jspec-com-cn-px-spotgoods-province-dayclearingresult-querytablexrdonlyjiesuan.json
2026-05-13,57,14:15,,,,,,86.3,,,,,,,,,,,,,,,,,,,,,,,,,,,,,,,,,,user_bid_96|user_default_bid_96|dayahead_user_clearing|dayahead_public_clearing,036-www-jspec-com-cn-px-spotgoods-province-mosenergybidinfouser-getmosenergybidinfouser.json|040-www-jspec-com-cn-px-spotgoods-province-mosenergybidinfouser-getmosenergybidinfouser.json|043-www-jspec-com-cn-px-spotgoods-province-mosenergybidinfouser-getmosenergybidinfouser.json|052-www-jspec-com-cn-px-spotgoods-province-mosenergybidinfouser-getmosenergybidinfouserdefault.json|056-www-jspec-com-cn-px-spotgoods-province-mosenergybidinfouser-getmosenergybidinfouserdefault.json|058-www-jspec-com-cn-px-spotgoods-province-mosenergybidinfouser-getmosenergybidinfouserdefault.json|062-www-jspec-com-cn-px-spotgoods-province-dd2jyuserclearingresult-querydd2jyrqclearing.json|065-www-jspec-com-cn-px-spotgoods-province-dayclearingresult-querytablexrdonlyjiesuan.json
2026-05-13,58,14:30,,,,,,86.3,,,,,,,,,,,,,,,,,,,,,,,,,,,,,,,,,,user_bid_96|user_default_bid_96|dayahead_user_clearing|dayahead_public_clearing,036-www-jspec-com-cn-px-spotgoods-province-mosenergybidinfouser-getmosenergybidinfouser.json|040-www-jspec-com-cn-px-spotgoods-province-mosenergybidinfouser-getmosenergybidinfouser.json|043-www-jspec-com-cn-px-spotgoods-province-mosenergybidinfouser-getmosenergybidinfouser.json|052-www-jspec-com-cn-px-spotgoods-province-mosenergybidinfouser-getmosenergybidinfouserdefault.json|056-www-jspec-com-cn-px-spotgoods-province-mosenergybidinfouser-getmosenergybidinfouserdefault.json|058-www-jspec-com-cn-px-spotgoods-province-mosenergybidinfouser-getmosenergybidinfouserdefault.json|062-www-jspec-com-cn-px-spotgoods-province-dd2jyuserclearingresult-querydd2jyrqclearing.json|065-www-jspec-com-cn-px-spotgoods-province-dayclearingresult-querytablexrdonlyjiesuan.json
2026-05-13,59,14:45,,,,,,86.3,,,,,,,,,,,,,,,,,,,,,,,,,,,,,,,,,,user_bid_96|user_default_bid_96|dayahead_user_clearing|dayahead_public_clearing,036-www-jspec-com-cn-px-spotgoods-province-mosenergybidinfouser-getmosenergybidinfouser.json|040-www-jspec-com-cn-px-spotgoods-province-mosenergybidinfouser-getmosenergybidinfouser.json|043-www-jspec-com-cn-px-spotgoods-province-mosenergybidinfouser-getmosenergybidinfouser.json|052-www-jspec-com-cn-px-spotgoods-province-mosenergybidinfouser-getmosenergybidinfouserdefault.json|056-www-jspec-com-cn-px-spotgoods-province-mosenergybidinfouser-getmosenergybidinfouserdefault.json|058-www-jspec-com-cn-px-spotgoods-province-mosenergybidinfouser-getmosenergybidinfouserdefault.json|062-www-jspec-com-cn-px-spotgoods-province-dd2jyuserclearingresult-querydd2jyrqclearing.json|065-www-jspec-com-cn-px-spotgoods-province-dayclearingresult-querytablexrdonlyjiesuan.json
2026-05-13,60,15:00,,,,,,86.3,,,,,,,,,,,,,,,,,,,,,,,,,,,,,,,,,,user_bid_96|user_default_bid_96|dayahead_user_clearing|dayahead_public_clearing,036-www-jspec-com-cn-px-spotgoods-province-mosenergybidinfouser-getmosenergybidinfouser.json|040-www-jspec-com-cn-px-spotgoods-province-mosenergybidinfouser-getmosenergybidinfouser.json|043-www-jspec-com-cn-px-spotgoods-province-mosenergybidinfouser-getmosenergybidinfouser.json|052-www-jspec-com-cn-px-spotgoods-province-mosenergybidinfouser-getmosenergybidinfouserdefault.json|056-www-jspec-com-cn-px-spotgoods-province-mosenergybidinfouser-getmosenergybidinfouserdefault.json|058-www-jspec-com-cn-px-spotgoods-province-mosenergybidinfouser-getmosenergybidinfouserdefault.json|062-www-jspec-com-cn-px-spotgoods-province-dd2jyuserclearingresult-querydd2jyrqclearing.json|065-www-jspec-com-cn-px-spotgoods-province-dayclearingresult-querytablexrdonlyjiesuan.json
2026-05-13,61,15:15,,,,,,83,,,,,,,,,,,,,,,,,,,,,,,,,,,,,,,,,,user_bid_96|user_default_bid_96|dayahead_user_clearing|dayahead_public_clearing,036-www-jspec-com-cn-px-spotgoods-province-mosenergybidinfouser-getmosenergybidinfouser.json|040-www-jspec-com-cn-px-spotgoods-province-mosenergybidinfouser-getmosenergybidinfouser.json|043-www-jspec-com-cn-px-spotgoods-province-mosenergybidinfouser-getmosenergybidinfouser.json|052-www-jspec-com-cn-px-spotgoods-province-mosenergybidinfouser-getmosenergybidinfouserdefault.json|056-www-jspec-com-cn-px-spotgoods-province-mosenergybidinfouser-getmosenergybidinfouserdefault.json|058-www-jspec-com-cn-px-spotgoods-province-mosenergybidinfouser-getmosenergybidinfouserdefault.json|062-www-jspec-com-cn-px-spotgoods-province-dd2jyuserclearingresult-querydd2jyrqclearing.json|065-www-jspec-com-cn-px-spotgoods-province-dayclearingresult-querytablexrdonlyjiesuan.json
2026-05-13,62,15:30,,,,,,83,,,,,,,,,,,,,,,,,,,,,,,,,,,,,,,,,,user_bid_96|user_default_bid_96|dayahead_user_clearing|dayahead_public_clearing,036-www-jspec-com-cn-px-spotgoods-province-mosenergybidinfouser-getmosenergybidinfouser.json|040-www-jspec-com-cn-px-spotgoods-province-mosenergybidinfouser-getmosenergybidinfouser.json|043-www-jspec-com-cn-px-spotgoods-province-mosenergybidinfouser-getmosenergybidinfouser.json|052-www-jspec-com-cn-px-spotgoods-province-mosenergybidinfouser-getmosenergybidinfouserdefault.json|056-www-jspec-com-cn-px-spotgoods-province-mosenergybidinfouser-getmosenergybidinfouserdefault.json|058-www-jspec-com-cn-px-spotgoods-province-mosenergybidinfouser-getmosenergybidinfouserdefault.json|062-www-jspec-com-cn-px-spotgoods-province-dd2jyuserclearingresult-querydd2jyrqclearing.json|065-www-jspec-com-cn-px-spotgoods-province-dayclearingresult-querytablexrdonlyjiesuan.json
2026-05-13,63,15:45,,,,,,83,,,,,,,,,,,,,,,,,,,,,,,,,,,,,,,,,,user_bid_96|user_default_bid_96|dayahead_user_clearing|dayahead_public_clearing,036-www-jspec-com-cn-px-spotgoods-province-mosenergybidinfouser-getmosenergybidinfouser.json|040-www-jspec-com-cn-px-spotgoods-province-mosenergybidinfouser-getmosenergybidinfouser.json|043-www-jspec-com-cn-px-spotgoods-province-mosenergybidinfouser-getmosenergybidinfouser.json|052-www-jspec-com-cn-px-spotgoods-province-mosenergybidinfouser-getmosenergybidinfouserdefault.json|056-www-jspec-com-cn-px-spotgoods-province-mosenergybidinfouser-getmosenergybidinfouserdefault.json|058-www-jspec-com-cn-px-spotgoods-province-mosenergybidinfouser-getmosenergybidinfouserdefault.json|062-www-jspec-com-cn-px-spotgoods-province-dd2jyuserclearingresult-querydd2jyrqclearing.json|065-www-jspec-com-cn-px-spotgoods-province-dayclearingresult-querytablexrdonlyjiesuan.json
2026-05-13,64,16:00,,,,,,83,,,,,,,,,,,,,,,,,,,,,,,,,,,,,,,,,,user_bid_96|user_default_bid_96|dayahead_user_clearing|dayahead_public_clearing,036-www-jspec-com-cn-px-spotgoods-province-mosenergybidinfouser-getmosenergybidinfouser.json|040-www-jspec-com-cn-px-spotgoods-province-mosenergybidinfouser-getmosenergybidinfouser.json|043-www-jspec-com-cn-px-spotgoods-province-mosenergybidinfouser-getmosenergybidinfouser.json|052-www-jspec-com-cn-px-spotgoods-province-mosenergybidinfouser-getmosenergybidinfouserdefault.json|056-www-jspec-com-cn-px-spotgoods-province-mosenergybidinfouser-getmosenergybidinfouserdefault.json|058-www-jspec-com-cn-px-spotgoods-province-mosenergybidinfouser-getmosenergybidinfouserdefault.json|062-www-jspec-com-cn-px-spotgoods-province-dd2jyuserclearingresult-querydd2jyrqclearing.json|065-www-jspec-com-cn-px-spotgoods-province-dayclearingresult-querytablexrdonlyjiesuan.json
2026-05-13,65,16:15,,,,,,84.7,,,,,,,,,,,,,,,,,,,,,,,,,,,,,,,,,,user_bid_96|user_default_bid_96|dayahead_user_clearing|dayahead_public_clearing,036-www-jspec-com-cn-px-spotgoods-province-mosenergybidinfouser-getmosenergybidinfouser.json|040-www-jspec-com-cn-px-spotgoods-province-mosenergybidinfouser-getmosenergybidinfouser.json|043-www-jspec-com-cn-px-spotgoods-province-mosenergybidinfouser-getmosenergybidinfouser.json|052-www-jspec-com-cn-px-spotgoods-province-mosenergybidinfouser-getmosenergybidinfouserdefault.json|056-www-jspec-com-cn-px-spotgoods-province-mosenergybidinfouser-getmosenergybidinfouserdefault.json|058-www-jspec-com-cn-px-spotgoods-province-mosenergybidinfouser-getmosenergybidinfouserdefault.json|062-www-jspec-com-cn-px-spotgoods-province-dd2jyuserclearingresult-querydd2jyrqclearing.json|065-www-jspec-com-cn-px-spotgoods-province-dayclearingresult-querytablexrdonlyjiesuan.json
2026-05-13,66,16:30,,,,,,84.7,,,,,,,,,,,,,,,,,,,,,,,,,,,,,,,,,,user_bid_96|user_default_bid_96|dayahead_user_clearing|dayahead_public_clearing,036-www-jspec-com-cn-px-spotgoods-province-mosenergybidinfouser-getmosenergybidinfouser.json|040-www-jspec-com-cn-px-spotgoods-province-mosenergybidinfouser-getmosenergybidinfouser.json|043-www-jspec-com-cn-px-spotgoods-province-mosenergybidinfouser-getmosenergybidinfouser.json|052-www-jspec-com-cn-px-spotgoods-province-mosenergybidinfouser-getmosenergybidinfouserdefault.json|056-www-jspec-com-cn-px-spotgoods-province-mosenergybidinfouser-getmosenergybidinfouserdefault.json|058-www-jspec-com-cn-px-spotgoods-province-mosenergybidinfouser-getmosenergybidinfouserdefault.json|062-www-jspec-com-cn-px-spotgoods-province-dd2jyuserclearingresult-querydd2jyrqclearing.json|065-www-jspec-com-cn-px-spotgoods-province-dayclearingresult-querytablexrdonlyjiesuan.json
2026-05-13,67,16:45,,,,,,84.7,,,,,,,,,,,,,,,,,,,,,,,,,,,,,,,,,,user_bid_96|user_default_bid_96|dayahead_user_clearing|dayahead_public_clearing,036-www-jspec-com-cn-px-spotgoods-province-mosenergybidinfouser-getmosenergybidinfouser.json|040-www-jspec-com-cn-px-spotgoods-province-mosenergybidinfouser-getmosenergybidinfouser.json|043-www-jspec-com-cn-px-spotgoods-province-mosenergybidinfouser-getmosenergybidinfouser.json|052-www-jspec-com-cn-px-spotgoods-province-mosenergybidinfouser-getmosenergybidinfouserdefault.json|056-www-jspec-com-cn-px-spotgoods-province-mosenergybidinfouser-getmosenergybidinfouserdefault.json|058-www-jspec-com-cn-px-spotgoods-province-mosenergybidinfouser-getmosenergybidinfouserdefault.json|062-www-jspec-com-cn-px-spotgoods-province-dd2jyuserclearingresult-querydd2jyrqclearing.json|065-www-jspec-com-cn-px-spotgoods-province-dayclearingresult-querytablexrdonlyjiesuan.json
2026-05-13,68,17:00,,,,,,84.7,,,,,,,,,,,,,,,,,,,,,,,,,,,,,,,,,,user_bid_96|user_default_bid_96|dayahead_user_clearing|dayahead_public_clearing,036-www-jspec-com-cn-px-spotgoods-province-mosenergybidinfouser-getmosenergybidinfouser.json|040-www-jspec-com-cn-px-spotgoods-province-mosenergybidinfouser-getmosenergybidinfouser.json|043-www-jspec-com-cn-px-spotgoods-province-mosenergybidinfouser-getmosenergybidinfouser.json|052-www-jspec-com-cn-px-spotgoods-province-mosenergybidinfouser-getmosenergybidinfouserdefault.json|056-www-jspec-com-cn-px-spotgoods-province-mosenergybidinfouser-getmosenergybidinfouserdefault.json|058-www-jspec-com-cn-px-spotgoods-province-mosenergybidinfouser-getmosenergybidinfouserdefault.json|062-www-jspec-com-cn-px-spotgoods-province-dd2jyuserclearingresult-querydd2jyrqclearing.json|065-www-jspec-com-cn-px-spotgoods-province-dayclearingresult-querytablexrdonlyjiesuan.json
2026-05-13,69,17:15,,,,,,94.5,,,,,,,,,,,,,,,,,,,,,,,,,,,,,,,,,,user_bid_96|user_default_bid_96|dayahead_user_clearing|dayahead_public_clearing,036-www-jspec-com-cn-px-spotgoods-province-mosenergybidinfouser-getmosenergybidinfouser.json|040-www-jspec-com-cn-px-spotgoods-province-mosenergybidinfouser-getmosenergybidinfouser.json|043-www-jspec-com-cn-px-spotgoods-province-mosenergybidinfouser-getmosenergybidinfouser.json|052-www-jspec-com-cn-px-spotgoods-province-mosenergybidinfouser-getmosenergybidinfouserdefault.json|056-www-jspec-com-cn-px-spotgoods-province-mosenergybidinfouser-getmosenergybidinfouserdefault.json|058-www-jspec-com-cn-px-spotgoods-province-mosenergybidinfouser-getmosenergybidinfouserdefault.json|062-www-jspec-com-cn-px-spotgoods-province-dd2jyuserclearingresult-querydd2jyrqclearing.json|065-www-jspec-com-cn-px-spotgoods-province-dayclearingresult-querytablexrdonlyjiesuan.json
2026-05-13,70,17:30,,,,,,94.5,,,,,,,,,,,,,,,,,,,,,,,,,,,,,,,,,,user_bid_96|user_default_bid_96|dayahead_user_clearing|dayahead_public_clearing,036-www-jspec-com-cn-px-spotgoods-province-mosenergybidinfouser-getmosenergybidinfouser.json|040-www-jspec-com-cn-px-spotgoods-province-mosenergybidinfouser-getmosenergybidinfouser.json|043-www-jspec-com-cn-px-spotgoods-province-mosenergybidinfouser-getmosenergybidinfouser.json|052-www-jspec-com-cn-px-spotgoods-province-mosenergybidinfouser-getmosenergybidinfouserdefault.json|056-www-jspec-com-cn-px-spotgoods-province-mosenergybidinfouser-getmosenergybidinfouserdefault.json|058-www-jspec-com-cn-px-spotgoods-province-mosenergybidinfouser-getmosenergybidinfouserdefault.json|062-www-jspec-com-cn-px-spotgoods-province-dd2jyuserclearingresult-querydd2jyrqclearing.json|065-www-jspec-com-cn-px-spotgoods-province-dayclearingresult-querytablexrdonlyjiesuan.json
2026-05-13,71,17:45,,,,,,94.5,,,,,,,,,,,,,,,,,,,,,,,,,,,,,,,,,,user_bid_96|user_default_bid_96|dayahead_user_clearing|dayahead_public_clearing,036-www-jspec-com-cn-px-spotgoods-province-mosenergybidinfouser-getmosenergybidinfouser.json|040-www-jspec-com-cn-px-spotgoods-province-mosenergybidinfouser-getmosenergybidinfouser.json|043-www-jspec-com-cn-px-spotgoods-province-mosenergybidinfouser-getmosenergybidinfouser.json|052-www-jspec-com-cn-px-spotgoods-province-mosenergybidinfouser-getmosenergybidinfouserdefault.json|056-www-jspec-com-cn-px-spotgoods-province-mosenergybidinfouser-getmosenergybidinfouserdefault.json|058-www-jspec-com-cn-px-spotgoods-province-mosenergybidinfouser-getmosenergybidinfouserdefault.json|062-www-jspec-com-cn-px-spotgoods-province-dd2jyuserclearingresult-querydd2jyrqclearing.json|065-www-jspec-com-cn-px-spotgoods-province-dayclearingresult-querytablexrdonlyjiesuan.json
2026-05-13,72,18:00,,,,,,94.5,,,,,,,,,,,,,,,,,,,,,,,,,,,,,,,,,,user_bid_96|user_default_bid_96|dayahead_user_clearing|dayahead_public_clearing,036-www-jspec-com-cn-px-spotgoods-province-mosenergybidinfouser-getmosenergybidinfouser.json|040-www-jspec-com-cn-px-spotgoods-province-mosenergybidinfouser-getmosenergybidinfouser.json|043-www-jspec-com-cn-px-spotgoods-province-mosenergybidinfouser-getmosenergybidinfouser.json|052-www-jspec-com-cn-px-spotgoods-province-mosenergybidinfouser-getmosenergybidinfouserdefault.json|056-www-jspec-com-cn-px-spotgoods-province-mosenergybidinfouser-getmosenergybidinfouserdefault.json|058-www-jspec-com-cn-px-spotgoods-province-mosenergybidinfouser-getmosenergybidinfouserdefault.json|062-www-jspec-com-cn-px-spotgoods-province-dd2jyuserclearingresult-querydd2jyrqclearing.json|065-www-jspec-com-cn-px-spotgoods-province-dayclearingresult-querytablexrdonlyjiesuan.json
2026-05-13,73,18:15,,,,,,96.2,,,,,,,,,,,,,,,,,,,,,,,,,,,,,,,,,,user_bid_96|user_default_bid_96|dayahead_user_clearing|dayahead_public_clearing,036-www-jspec-com-cn-px-spotgoods-province-mosenergybidinfouser-getmosenergybidinfouser.json|040-www-jspec-com-cn-px-spotgoods-province-mosenergybidinfouser-getmosenergybidinfouser.json|043-www-jspec-com-cn-px-spotgoods-province-mosenergybidinfouser-getmosenergybidinfouser.json|052-www-jspec-com-cn-px-spotgoods-province-mosenergybidinfouser-getmosenergybidinfouserdefault.json|056-www-jspec-com-cn-px-spotgoods-province-mosenergybidinfouser-getmosenergybidinfouserdefault.json|058-www-jspec-com-cn-px-spotgoods-province-mosenergybidinfouser-getmosenergybidinfouserdefault.json|062-www-jspec-com-cn-px-spotgoods-province-dd2jyuserclearingresult-querydd2jyrqclearing.json|065-www-jspec-com-cn-px-spotgoods-province-dayclearingresult-querytablexrdonlyjiesuan.json
2026-05-13,74,18:30,,,,,,96.2,,,,,,,,,,,,,,,,,,,,,,,,,,,,,,,,,,user_bid_96|user_default_bid_96|dayahead_user_clearing|dayahead_public_clearing,036-www-jspec-com-cn-px-spotgoods-province-mosenergybidinfouser-getmosenergybidinfouser.json|040-www-jspec-com-cn-px-spotgoods-province-mosenergybidinfouser-getmosenergybidinfouser.json|043-www-jspec-com-cn-px-spotgoods-province-mosenergybidinfouser-getmosenergybidinfouser.json|052-www-jspec-com-cn-px-spotgoods-province-mosenergybidinfouser-getmosenergybidinfouserdefault.json|056-www-jspec-com-cn-px-spotgoods-province-mosenergybidinfouser-getmosenergybidinfouserdefault.json|058-www-jspec-com-cn-px-spotgoods-province-mosenergybidinfouser-getmosenergybidinfouserdefault.json|062-www-jspec-com-cn-px-spotgoods-province-dd2jyuserclearingresult-querydd2jyrqclearing.json|065-www-jspec-com-cn-px-spotgoods-province-dayclearingresult-querytablexrdonlyjiesuan.json
2026-05-13,75,18:45,,,,,,96.2,,,,,,,,,,,,,,,,,,,,,,,,,,,,,,,,,,user_bid_96|user_default_bid_96|dayahead_user_clearing|dayahead_public_clearing,036-www-jspec-com-cn-px-spotgoods-province-mosenergybidinfouser-getmosenergybidinfouser.json|040-www-jspec-com-cn-px-spotgoods-province-mosenergybidinfouser-getmosenergybidinfouser.json|043-www-jspec-com-cn-px-spotgoods-province-mosenergybidinfouser-getmosenergybidinfouser.json|052-www-jspec-com-cn-px-spotgoods-province-mosenergybidinfouser-getmosenergybidinfouserdefault.json|056-www-jspec-com-cn-px-spotgoods-province-mosenergybidinfouser-getmosenergybidinfouserdefault.json|058-www-jspec-com-cn-px-spotgoods-province-mosenergybidinfouser-getmosenergybidinfouserdefault.json|062-www-jspec-com-cn-px-spotgoods-province-dd2jyuserclearingresult-querydd2jyrqclearing.json|065-www-jspec-com-cn-px-spotgoods-province-dayclearingresult-querytablexrdonlyjiesuan.json
2026-05-13,76,19:00,,,,,,96.2,,,,,,,,,,,,,,,,,,,,,,,,,,,,,,,,,,user_bid_96|user_default_bid_96|dayahead_user_clearing|dayahead_public_clearing,036-www-jspec-com-cn-px-spotgoods-province-mosenergybidinfouser-getmosenergybidinfouser.json|040-www-jspec-com-cn-px-spotgoods-province-mosenergybidinfouser-getmosenergybidinfouser.json|043-www-jspec-com-cn-px-spotgoods-province-mosenergybidinfouser-getmosenergybidinfouser.json|052-www-jspec-com-cn-px-spotgoods-province-mosenergybidinfouser-getmosenergybidinfouserdefault.json|056-www-jspec-com-cn-px-spotgoods-province-mosenergybidinfouser-getmosenergybidinfouserdefault.json|058-www-jspec-com-cn-px-spotgoods-province-mosenergybidinfouser-getmosenergybidinfouserdefault.json|062-www-jspec-com-cn-px-spotgoods-province-dd2jyuserclearingresult-querydd2jyrqclearing.json|065-www-jspec-com-cn-px-spotgoods-province-dayclearingresult-querytablexrdonlyjiesuan.json
2026-05-13,77,19:15,,,,,,90.2,,,,,,,,,,,,,,,,,,,,,,,,,,,,,,,,,,user_bid_96|user_default_bid_96|dayahead_user_clearing|dayahead_public_clearing,036-www-jspec-com-cn-px-spotgoods-province-mosenergybidinfouser-getmosenergybidinfouser.json|040-www-jspec-com-cn-px-spotgoods-province-mosenergybidinfouser-getmosenergybidinfouser.json|043-www-jspec-com-cn-px-spotgoods-province-mosenergybidinfouser-getmosenergybidinfouser.json|052-www-jspec-com-cn-px-spotgoods-province-mosenergybidinfouser-getmosenergybidinfouserdefault.json|056-www-jspec-com-cn-px-spotgoods-province-mosenergybidinfouser-getmosenergybidinfouserdefault.json|058-www-jspec-com-cn-px-spotgoods-province-mosenergybidinfouser-getmosenergybidinfouserdefault.json|062-www-jspec-com-cn-px-spotgoods-province-dd2jyuserclearingresult-querydd2jyrqclearing.json|065-www-jspec-com-cn-px-spotgoods-province-dayclearingresult-querytablexrdonlyjiesuan.json
2026-05-13,78,19:30,,,,,,90.2,,,,,,,,,,,,,,,,,,,,,,,,,,,,,,,,,,user_bid_96|user_default_bid_96|dayahead_user_clearing|dayahead_public_clearing,036-www-jspec-com-cn-px-spotgoods-province-mosenergybidinfouser-getmosenergybidinfouser.json|040-www-jspec-com-cn-px-spotgoods-province-mosenergybidinfouser-getmosenergybidinfouser.json|043-www-jspec-com-cn-px-spotgoods-province-mosenergybidinfouser-getmosenergybidinfouser.json|052-www-jspec-com-cn-px-spotgoods-province-mosenergybidinfouser-getmosenergybidinfouserdefault.json|056-www-jspec-com-cn-px-spotgoods-province-mosenergybidinfouser-getmosenergybidinfouserdefault.json|058-www-jspec-com-cn-px-spotgoods-province-mosenergybidinfouser-getmosenergybidinfouserdefault.json|062-www-jspec-com-cn-px-spotgoods-province-dd2jyuserclearingresult-querydd2jyrqclearing.json|065-www-jspec-com-cn-px-spotgoods-province-dayclearingresult-querytablexrdonlyjiesuan.json
2026-05-13,79,19:45,,,,,,90.2,,,,,,,,,,,,,,,,,,,,,,,,,,,,,,,,,,user_bid_96|user_default_bid_96|dayahead_user_clearing|dayahead_public_clearing,036-www-jspec-com-cn-px-spotgoods-province-mosenergybidinfouser-getmosenergybidinfouser.json|040-www-jspec-com-cn-px-spotgoods-province-mosenergybidinfouser-getmosenergybidinfouser.json|043-www-jspec-com-cn-px-spotgoods-province-mosenergybidinfouser-getmosenergybidinfouser.json|052-www-jspec-com-cn-px-spotgoods-province-mosenergybidinfouser-getmosenergybidinfouserdefault.json|056-www-jspec-com-cn-px-spotgoods-province-mosenergybidinfouser-getmosenergybidinfouserdefault.json|058-www-jspec-com-cn-px-spotgoods-province-mosenergybidinfouser-getmosenergybidinfouserdefault.json|062-www-jspec-com-cn-px-spotgoods-province-dd2jyuserclearingresult-querydd2jyrqclearing.json|065-www-jspec-com-cn-px-spotgoods-province-dayclearingresult-querytablexrdonlyjiesuan.json
2026-05-13,80,20:00,,,,,,90.2,,,,,,,,,,,,,,,,,,,,,,,,,,,,,,,,,,user_bid_96|user_default_bid_96|dayahead_user_clearing|dayahead_public_clearing,036-www-jspec-com-cn-px-spotgoods-province-mosenergybidinfouser-getmosenergybidinfouser.json|040-www-jspec-com-cn-px-spotgoods-province-mosenergybidinfouser-getmosenergybidinfouser.json|043-www-jspec-com-cn-px-spotgoods-province-mosenergybidinfouser-getmosenergybidinfouser.json|052-www-jspec-com-cn-px-spotgoods-province-mosenergybidinfouser-getmosenergybidinfouserdefault.json|056-www-jspec-com-cn-px-spotgoods-province-mosenergybidinfouser-getmosenergybidinfouserdefault.json|058-www-jspec-com-cn-px-spotgoods-province-mosenergybidinfouser-getmosenergybidinfouserdefault.json|062-www-jspec-com-cn-px-spotgoods-province-dd2jyuserclearingresult-querydd2jyrqclearing.json|065-www-jspec-com-cn-px-spotgoods-province-dayclearingresult-querytablexrdonlyjiesuan.json
2026-05-13,81,20:15,,,,,,85.4,,,,,,,,,,,,,,,,,,,,,,,,,,,,,,,,,,user_bid_96|user_default_bid_96|dayahead_user_clearing|dayahead_public_clearing,036-www-jspec-com-cn-px-spotgoods-province-mosenergybidinfouser-getmosenergybidinfouser.json|040-www-jspec-com-cn-px-spotgoods-province-mosenergybidinfouser-getmosenergybidinfouser.json|043-www-jspec-com-cn-px-spotgoods-province-mosenergybidinfouser-getmosenergybidinfouser.json|052-www-jspec-com-cn-px-spotgoods-province-mosenergybidinfouser-getmosenergybidinfouserdefault.json|056-www-jspec-com-cn-px-spotgoods-province-mosenergybidinfouser-getmosenergybidinfouserdefault.json|058-www-jspec-com-cn-px-spotgoods-province-mosenergybidinfouser-getmosenergybidinfouserdefault.json|062-www-jspec-com-cn-px-spotgoods-province-dd2jyuserclearingresult-querydd2jyrqclearing.json|065-www-jspec-com-cn-px-spotgoods-province-dayclearingresult-querytablexrdonlyjiesuan.json
2026-05-13,82,20:30,,,,,,85.4,,,,,,,,,,,,,,,,,,,,,,,,,,,,,,,,,,user_bid_96|user_default_bid_96|dayahead_user_clearing|dayahead_public_clearing,036-www-jspec-com-cn-px-spotgoods-province-mosenergybidinfouser-getmosenergybidinfouser.json|040-www-jspec-com-cn-px-spotgoods-province-mosenergybidinfouser-getmosenergybidinfouser.json|043-www-jspec-com-cn-px-spotgoods-province-mosenergybidinfouser-getmosenergybidinfouser.json|052-www-jspec-com-cn-px-spotgoods-province-mosenergybidinfouser-getmosenergybidinfouserdefault.json|056-www-jspec-com-cn-px-spotgoods-province-mosenergybidinfouser-getmosenergybidinfouserdefault.json|058-www-jspec-com-cn-px-spotgoods-province-mosenergybidinfouser-getmosenergybidinfouserdefault.json|062-www-jspec-com-cn-px-spotgoods-province-dd2jyuserclearingresult-querydd2jyrqclearing.json|065-www-jspec-com-cn-px-spotgoods-province-dayclearingresult-querytablexrdonlyjiesuan.json
2026-05-13,83,20:45,,,,,,85.4,,,,,,,,,,,,,,,,,,,,,,,,,,,,,,,,,,user_bid_96|user_default_bid_96|dayahead_user_clearing|dayahead_public_clearing,036-www-jspec-com-cn-px-spotgoods-province-mosenergybidinfouser-getmosenergybidinfouser.json|040-www-jspec-com-cn-px-spotgoods-province-mosenergybidinfouser-getmosenergybidinfouser.json|043-www-jspec-com-cn-px-spotgoods-province-mosenergybidinfouser-getmosenergybidinfouser.json|052-www-jspec-com-cn-px-spotgoods-province-mosenergybidinfouser-getmosenergybidinfouserdefault.json|056-www-jspec-com-cn-px-spotgoods-province-mosenergybidinfouser-getmosenergybidinfouserdefault.json|058-www-jspec-com-cn-px-spotgoods-province-mosenergybidinfouser-getmosenergybidinfouserdefault.json|062-www-jspec-com-cn-px-spotgoods-province-dd2jyuserclearingresult-querydd2jyrqclearing.json|065-www-jspec-com-cn-px-spotgoods-province-dayclearingresult-querytablexrdonlyjiesuan.json
2026-05-13,84,21:00,,,,,,85.4,,,,,,,,,,,,,,,,,,,,,,,,,,,,,,,,,,user_bid_96|user_default_bid_96|dayahead_user_clearing|dayahead_public_clearing,036-www-jspec-com-cn-px-spotgoods-province-mosenergybidinfouser-getmosenergybidinfouser.json|040-www-jspec-com-cn-px-spotgoods-province-mosenergybidinfouser-getmosenergybidinfouser.json|043-www-jspec-com-cn-px-spotgoods-province-mosenergybidinfouser-getmosenergybidinfouser.json|052-www-jspec-com-cn-px-spotgoods-province-mosenergybidinfouser-getmosenergybidinfouserdefault.json|056-www-jspec-com-cn-px-spotgoods-province-mosenergybidinfouser-getmosenergybidinfouserdefault.json|058-www-jspec-com-cn-px-spotgoods-province-mosenergybidinfouser-getmosenergybidinfouserdefault.json|062-www-jspec-com-cn-px-spotgoods-province-dd2jyuserclearingresult-querydd2jyrqclearing.json|065-www-jspec-com-cn-px-spotgoods-province-dayclearingresult-querytablexrdonlyjiesuan.json
2026-05-13,85,21:15,,,,,,77.5,,,,,,,,,,,,,,,,,,,,,,,,,,,,,,,,,,user_bid_96|user_default_bid_96|dayahead_user_clearing|dayahead_public_clearing,036-www-jspec-com-cn-px-spotgoods-province-mosenergybidinfouser-getmosenergybidinfouser.json|040-www-jspec-com-cn-px-spotgoods-province-mosenergybidinfouser-getmosenergybidinfouser.json|043-www-jspec-com-cn-px-spotgoods-province-mosenergybidinfouser-getmosenergybidinfouser.json|052-www-jspec-com-cn-px-spotgoods-province-mosenergybidinfouser-getmosenergybidinfouserdefault.json|056-www-jspec-com-cn-px-spotgoods-province-mosenergybidinfouser-getmosenergybidinfouserdefault.json|058-www-jspec-com-cn-px-spotgoods-province-mosenergybidinfouser-getmosenergybidinfouserdefault.json|062-www-jspec-com-cn-px-spotgoods-province-dd2jyuserclearingresult-querydd2jyrqclearing.json|065-www-jspec-com-cn-px-spotgoods-province-dayclearingresult-querytablexrdonlyjiesuan.json
2026-05-13,86,21:30,,,,,,77.5,,,,,,,,,,,,,,,,,,,,,,,,,,,,,,,,,,user_bid_96|user_default_bid_96|dayahead_user_clearing|dayahead_public_clearing,036-www-jspec-com-cn-px-spotgoods-province-mosenergybidinfouser-getmosenergybidinfouser.json|040-www-jspec-com-cn-px-spotgoods-province-mosenergybidinfouser-getmosenergybidinfouser.json|043-www-jspec-com-cn-px-spotgoods-province-mosenergybidinfouser-getmosenergybidinfouser.json|052-www-jspec-com-cn-px-spotgoods-province-mosenergybidinfouser-getmosenergybidinfouserdefault.json|056-www-jspec-com-cn-px-spotgoods-province-mosenergybidinfouser-getmosenergybidinfouserdefault.json|058-www-jspec-com-cn-px-spotgoods-province-mosenergybidinfouser-getmosenergybidinfouserdefault.json|062-www-jspec-com-cn-px-spotgoods-province-dd2jyuserclearingresult-querydd2jyrqclearing.json|065-www-jspec-com-cn-px-spotgoods-province-dayclearingresult-querytablexrdonlyjiesuan.json
2026-05-13,87,21:45,,,,,,77.5,,,,,,,,,,,,,,,,,,,,,,,,,,,,,,,,,,user_bid_96|user_default_bid_96|dayahead_user_clearing|dayahead_public_clearing,036-www-jspec-com-cn-px-spotgoods-province-mosenergybidinfouser-getmosenergybidinfouser.json|040-www-jspec-com-cn-px-spotgoods-province-mosenergybidinfouser-getmosenergybidinfouser.json|043-www-jspec-com-cn-px-spotgoods-province-mosenergybidinfouser-getmosenergybidinfouser.json|052-www-jspec-com-cn-px-spotgoods-province-mosenergybidinfouser-getmosenergybidinfouserdefault.json|056-www-jspec-com-cn-px-spotgoods-province-mosenergybidinfouser-getmosenergybidinfouserdefault.json|058-www-jspec-com-cn-px-spotgoods-province-mosenergybidinfouser-getmosenergybidinfouserdefault.json|062-www-jspec-com-cn-px-spotgoods-province-dd2jyuserclearingresult-querydd2jyrqclearing.json|065-www-jspec-com-cn-px-spotgoods-province-dayclearingresult-querytablexrdonlyjiesuan.json
2026-05-13,88,22:00,,,,,,77.5,,,,,,,,,,,,,,,,,,,,,,,,,,,,,,,,,,user_bid_96|user_default_bid_96|dayahead_user_clearing|dayahead_public_clearing,036-www-jspec-com-cn-px-spotgoods-province-mosenergybidinfouser-getmosenergybidinfouser.json|040-www-jspec-com-cn-px-spotgoods-province-mosenergybidinfouser-getmosenergybidinfouser.json|043-www-jspec-com-cn-px-spotgoods-province-mosenergybidinfouser-getmosenergybidinfouser.json|052-www-jspec-com-cn-px-spotgoods-province-mosenergybidinfouser-getmosenergybidinfouserdefault.json|056-www-jspec-com-cn-px-spotgoods-province-mosenergybidinfouser-getmosenergybidinfouserdefault.json|058-www-jspec-com-cn-px-spotgoods-province-mosenergybidinfouser-getmosenergybidinfouserdefault.json|062-www-jspec-com-cn-px-spotgoods-province-dd2jyuserclearingresult-querydd2jyrqclearing.json|065-www-jspec-com-cn-px-spotgoods-province-dayclearingresult-querytablexrdonlyjiesuan.json
2026-05-13,89,22:15,,,,,,78.2,,,,,,,,,,,,,,,,,,,,,,,,,,,,,,,,,,user_bid_96|user_default_bid_96|dayahead_user_clearing|dayahead_public_clearing,036-www-jspec-com-cn-px-spotgoods-province-mosenergybidinfouser-getmosenergybidinfouser.json|040-www-jspec-com-cn-px-spotgoods-province-mosenergybidinfouser-getmosenergybidinfouser.json|043-www-jspec-com-cn-px-spotgoods-province-mosenergybidinfouser-getmosenergybidinfouser.json|052-www-jspec-com-cn-px-spotgoods-province-mosenergybidinfouser-getmosenergybidinfouserdefault.json|056-www-jspec-com-cn-px-spotgoods-province-mosenergybidinfouser-getmosenergybidinfouserdefault.json|058-www-jspec-com-cn-px-spotgoods-province-mosenergybidinfouser-getmosenergybidinfouserdefault.json|062-www-jspec-com-cn-px-spotgoods-province-dd2jyuserclearingresult-querydd2jyrqclearing.json|065-www-jspec-com-cn-px-spotgoods-province-dayclearingresult-querytablexrdonlyjiesuan.json
2026-05-13,90,22:30,,,,,,78.2,,,,,,,,,,,,,,,,,,,,,,,,,,,,,,,,,,user_bid_96|user_default_bid_96|dayahead_user_clearing|dayahead_public_clearing,036-www-jspec-com-cn-px-spotgoods-province-mosenergybidinfouser-getmosenergybidinfouser.json|040-www-jspec-com-cn-px-spotgoods-province-mosenergybidinfouser-getmosenergybidinfouser.json|043-www-jspec-com-cn-px-spotgoods-province-mosenergybidinfouser-getmosenergybidinfouser.json|052-www-jspec-com-cn-px-spotgoods-province-mosenergybidinfouser-getmosenergybidinfouserdefault.json|056-www-jspec-com-cn-px-spotgoods-province-mosenergybidinfouser-getmosenergybidinfouserdefault.json|058-www-jspec-com-cn-px-spotgoods-province-mosenergybidinfouser-getmosenergybidinfouserdefault.json|062-www-jspec-com-cn-px-spotgoods-province-dd2jyuserclearingresult-querydd2jyrqclearing.json|065-www-jspec-com-cn-px-spotgoods-province-dayclearingresult-querytablexrdonlyjiesuan.json
2026-05-13,91,22:45,,,,,,78.2,,,,,,,,,,,,,,,,,,,,,,,,,,,,,,,,,,user_bid_96|user_default_bid_96|dayahead_user_clearing|dayahead_public_clearing,036-www-jspec-com-cn-px-spotgoods-province-mosenergybidinfouser-getmosenergybidinfouser.json|040-www-jspec-com-cn-px-spotgoods-province-mosenergybidinfouser-getmosenergybidinfouser.json|043-www-jspec-com-cn-px-spotgoods-province-mosenergybidinfouser-getmosenergybidinfouser.json|052-www-jspec-com-cn-px-spotgoods-province-mosenergybidinfouser-getmosenergybidinfouserdefault.json|056-www-jspec-com-cn-px-spotgoods-province-mosenergybidinfouser-getmosenergybidinfouserdefault.json|058-www-jspec-com-cn-px-spotgoods-province-mosenergybidinfouser-getmosenergybidinfouserdefault.json|062-www-jspec-com-cn-px-spotgoods-province-dd2jyuserclearingresult-querydd2jyrqclearing.json|065-www-jspec-com-cn-px-spotgoods-province-dayclearingresult-querytablexrdonlyjiesuan.json
2026-05-13,92,23:00,,,,,,78.2,,,,,,,,,,,,,,,,,,,,,,,,,,,,,,,,,,user_bid_96|user_default_bid_96|dayahead_user_clearing|dayahead_public_clearing,036-www-jspec-com-cn-px-spotgoods-province-mosenergybidinfouser-getmosenergybidinfouser.json|040-www-jspec-com-cn-px-spotgoods-province-mosenergybidinfouser-getmosenergybidinfouser.json|043-www-jspec-com-cn-px-spotgoods-province-mosenergybidinfouser-getmosenergybidinfouser.json|052-www-jspec-com-cn-px-spotgoods-province-mosenergybidinfouser-getmosenergybidinfouserdefault.json|056-www-jspec-com-cn-px-spotgoods-province-mosenergybidinfouser-getmosenergybidinfouserdefault.json|058-www-jspec-com-cn-px-spotgoods-province-mosenergybidinfouser-getmosenergybidinfouserdefault.json|062-www-jspec-com-cn-px-spotgoods-province-dd2jyuserclearingresult-querydd2jyrqclearing.json|065-www-jspec-com-cn-px-spotgoods-province-dayclearingresult-querytablexrdonlyjiesuan.json
2026-05-13,93,23:15,,,,,,54.7,,,,,,,,,,,,,,,,,,,,,,,,,,,,,,,,,,user_bid_96|user_default_bid_96|dayahead_user_clearing|dayahead_public_clearing,036-www-jspec-com-cn-px-spotgoods-province-mosenergybidinfouser-getmosenergybidinfouser.json|040-www-jspec-com-cn-px-spotgoods-province-mosenergybidinfouser-getmosenergybidinfouser.json|043-www-jspec-com-cn-px-spotgoods-province-mosenergybidinfouser-getmosenergybidinfouser.json|052-www-jspec-com-cn-px-spotgoods-province-mosenergybidinfouser-getmosenergybidinfouserdefault.json|056-www-jspec-com-cn-px-spotgoods-province-mosenergybidinfouser-getmosenergybidinfouserdefault.json|058-www-jspec-com-cn-px-spotgoods-province-mosenergybidinfouser-getmosenergybidinfouserdefault.json|062-www-jspec-com-cn-px-spotgoods-province-dd2jyuserclearingresult-querydd2jyrqclearing.json|065-www-jspec-com-cn-px-spotgoods-province-dayclearingresult-querytablexrdonlyjiesuan.json
2026-05-13,94,23:30,,,,,,54.7,,,,,,,,,,,,,,,,,,,,,,,,,,,,,,,,,,user_bid_96|user_default_bid_96|dayahead_user_clearing|dayahead_public_clearing,036-www-jspec-com-cn-px-spotgoods-province-mosenergybidinfouser-getmosenergybidinfouser.json|040-www-jspec-com-cn-px-spotgoods-province-mosenergybidinfouser-getmosenergybidinfouser.json|043-www-jspec-com-cn-px-spotgoods-province-mosenergybidinfouser-getmosenergybidinfouser.json|052-www-jspec-com-cn-px-spotgoods-province-mosenergybidinfouser-getmosenergybidinfouserdefault.json|056-www-jspec-com-cn-px-spotgoods-province-mosenergybidinfouser-getmosenergybidinfouserdefault.json|058-www-jspec-com-cn-px-spotgoods-province-mosenergybidinfouser-getmosenergybidinfouserdefault.json|062-www-jspec-com-cn-px-spotgoods-province-dd2jyuserclearingresult-querydd2jyrqclearing.json|065-www-jspec-com-cn-px-spotgoods-province-dayclearingresult-querytablexrdonlyjiesuan.json
2026-05-13,95,23:45,,,,,,54.7,,,,,,,,,,,,,,,,,,,,,,,,,,,,,,,,,,user_bid_96|user_default_bid_96|dayahead_user_clearing|dayahead_public_clearing,036-www-jspec-com-cn-px-spotgoods-province-mosenergybidinfouser-getmosenergybidinfouser.json|040-www-jspec-com-cn-px-spotgoods-province-mosenergybidinfouser-getmosenergybidinfouser.json|043-www-jspec-com-cn-px-spotgoods-province-mosenergybidinfouser-getmosenergybidinfouser.json|052-www-jspec-com-cn-px-spotgoods-province-mosenergybidinfouser-getmosenergybidinfouserdefault.json|056-www-jspec-com-cn-px-spotgoods-province-mosenergybidinfouser-getmosenergybidinfouserdefault.json|058-www-jspec-com-cn-px-spotgoods-province-mosenergybidinfouser-getmosenergybidinfouserdefault.json|062-www-jspec-com-cn-px-spotgoods-province-dd2jyuserclearingresult-querydd2jyrqclearing.json|065-www-jspec-com-cn-px-spotgoods-province-dayclearingresult-querytablexrdonlyjiesuan.json
2026-05-13,96,24:00,,,,,,54.7,,,,,,,,,,,,,,,,,,,,,,,,,,,,,,,,,,user_bid_96|user_default_bid_96|dayahead_user_clearing|dayahead_public_clearing,036-www-jspec-com-cn-px-spotgoods-province-mosenergybidinfouser-getmosenergybidinfouser.json|040-www-jspec-com-cn-px-spotgoods-province-mosenergybidinfouser-getmosenergybidinfouser.json|043-www-jspec-com-cn-px-spotgoods-province-mosenergybidinfouser-getmosenergybidinfouser.json|052-www-jspec-com-cn-px-spotgoods-province-mosenergybidinfouser-getmosenergybidinfouserdefault.json|056-www-jspec-com-cn-px-spotgoods-province-mosenergybidinfouser-getmosenergybidinfouserdefault.json|058-www-jspec-com-cn-px-spotgoods-province-mosenergybidinfouser-getmosenergybidinfouserdefault.json|062-www-jspec-com-cn-px-spotgoods-province-dd2jyuserclearingresult-querydd2jyrqclearing.json|065-www-jspec-com-cn-px-spotgoods-province-dayclearingresult-querytablexrdonlyjiesuan.json