"source_file","export_month","member_name","account_no","usage_date","is_total","point_index","time_point","energy_kwh","contains_credentials"
"1、交易计算表1月.xls","2026-01","苏州市轨道交通集团有限公司","3203079167484","2026-01-31","False","1","00:15","1193","False"
"1、交易计算表1月.xls","2026-01","苏州市轨道交通集团有限公司","3203079167484","2026-01-31","False","2","00:30","1194","False"
"1、交易计算表1月.xls","2026-01","苏州市轨道交通集团有限公司","3203079167484","2026-01-31","False","3","00:45","1193","False"
"1、交易计算表1月.xls","2026-01","苏州市轨道交通集团有限公司","3203079167484","2026-01-31","False","4","01:00","1194","False"
"1、交易计算表1月.xls","2026-01","苏州市轨道交通集团有限公司","3203079167484","2026-01-31","False","5","01:15","957","False"
"1、交易计算表1月.xls","2026-01","苏州市轨道交通集团有限公司","3203079167484","2026-01-31","False","6","01:30","957","False"
"1、交易计算表1月.xls","2026-01","苏州市轨道交通集团有限公司","3203079167484","2026-01-31","False","7","01:45","957","False"
"1、交易计算表1月.xls","2026-01","苏州市轨道交通集团有限公司","3203079167484","2026-01-31","False","8","02:00","957","False"
"1、交易计算表1月.xls","2026-01","苏州市轨道交通集团有限公司","3203079167484","2026-01-31","False","9","02:15","858","False"
"1、交易计算表1月.xls","2026-01","苏州市轨道交通集团有限公司","3203079167484","2026-01-31","False","10","02:30","858","False"
"1、交易计算表1月.xls","2026-01","苏州市轨道交通集团有限公司","3203079167484","2026-01-31","False","11","02:45","858","False"
"1、交易计算表1月.xls","2026-01","苏州市轨道交通集团有限公司","3203079167484","2026-01-31","False","12","03:00","858","False"
"1、交易计算表1月.xls","2026-01","苏州市轨道交通集团有限公司","3203079167484","2026-01-31","False","13","03:15","875","False"
"1、交易计算表1月.xls","2026-01","苏州市轨道交通集团有限公司","3203079167484","2026-01-31","False","14","03:30","875","False"
"1、交易计算表1月.xls","2026-01","苏州市轨道交通集团有限公司","3203079167484","2026-01-31","False","15","03:45","874","False"
"1、交易计算表1月.xls","2026-01","苏州市轨道交通集团有限公司","3203079167484","2026-01-31","False","16","04:00","875","False"
"1、交易计算表1月.xls","2026-01","苏州市轨道交通集团有限公司","3203079167484","2026-01-31","False","17","04:15","1012","False"
"1、交易计算表1月.xls","2026-01","苏州市轨道交通集团有限公司","3203079167484","2026-01-31","False","18","04:30","1012","False"
"1、交易计算表1月.xls","2026-01","苏州市轨道交通集团有限公司","3203079167484","2026-01-31","False","19","04:45","1012","False"
"1、交易计算表1月.xls","2026-01","苏州市轨道交通集团有限公司","3203079167484","2026-01-31","False","20","05:00","1012","False"
"1、交易计算表1月.xls","2026-01","苏州市轨道交通集团有限公司","3203079167484","2026-01-31","False","21","05:15","1116","False"
"1、交易计算表1月.xls","2026-01","苏州市轨道交通集团有限公司","3203079167484","2026-01-31","False","22","05:30","1117","False"
"1、交易计算表1月.xls","2026-01","苏州市轨道交通集团有限公司","3203079167484","2026-01-31","False","23","05:45","1116","False"
"1、交易计算表1月.xls","2026-01","苏州市轨道交通集团有限公司","3203079167484","2026-01-31","False","24","06:00","1117","False"
"1、交易计算表1月.xls","2026-01","苏州市轨道交通集团有限公司","3203079167484","2026-01-31","False","25","06:15","1387","False"
"1、交易计算表1月.xls","2026-01","苏州市轨道交通集团有限公司","3203079167484","2026-01-31","False","26","06:30","1386","False"
"1、交易计算表1月.xls","2026-01","苏州市轨道交通集团有限公司","3203079167484","2026-01-31","False","27","06:45","1386","False"
"1、交易计算表1月.xls","2026-01","苏州市轨道交通集团有限公司","3203079167484","2026-01-31","False","28","07:00","1386","False"
"1、交易计算表1月.xls","2026-01","苏州市轨道交通集团有限公司","3203079167484","2026-01-31","False","29","07:15","1457","False"
"1、交易计算表1月.xls","2026-01","苏州市轨道交通集团有限公司","3203079167484","2026-01-31","False","30","07:30","1458","False"
"1、交易计算表1月.xls","2026-01","苏州市轨道交通集团有限公司","3203079167484","2026-01-31","False","31","07:45","1457","False"
"1、交易计算表1月.xls","2026-01","苏州市轨道交通集团有限公司","3203079167484","2026-01-31","False","32","08:00","1459","False"
"1、交易计算表1月.xls","2026-01","苏州市轨道交通集团有限公司","3203079167484","2026-01-31","False","33","08:15","1996","False"
"1、交易计算表1月.xls","2026-01","苏州市轨道交通集团有限公司","3203079167484","2026-01-31","False","34","08:30","1997","False"
"1、交易计算表1月.xls","2026-01","苏州市轨道交通集团有限公司","3203079167484","2026-01-31","False","35","08:45","1996","False"
"1、交易计算表1月.xls","2026-01","苏州市轨道交通集团有限公司","3203079167484","2026-01-31","False","36","09:00","1997","False"
"1、交易计算表1月.xls","2026-01","苏州市轨道交通集团有限公司","3203079167484","2026-01-31","False","37","09:15","1474","False"
"1、交易计算表1月.xls","2026-01","苏州市轨道交通集团有限公司","3203079167484","2026-01-31","False","38","09:30","1475","False"
"1、交易计算表1月.xls","2026-01","苏州市轨道交通集团有限公司","3203079167484","2026-01-31","False","39","09:45","1474","False"
"1、交易计算表1月.xls","2026-01","苏州市轨道交通集团有限公司","3203079167484","2026-01-31","False","40","10:00","1474","False"
"1、交易计算表1月.xls","2026-01","苏州市轨道交通集团有限公司","3203079167484","2026-01-31","False","41","10:15","2068","False"
"1、交易计算表1月.xls","2026-01","苏州市轨道交通集团有限公司","3203079167484","2026-01-31","False","42","10:30","2068","False"
"1、交易计算表1月.xls","2026-01","苏州市轨道交通集团有限公司","3203079167484","2026-01-31","False","43","10:45","2068","False"
"1、交易计算表1月.xls","2026-01","苏州市轨道交通集团有限公司","3203079167484","2026-01-31","False","44","11:00","2069","False"
"1、交易计算表1月.xls","2026-01","苏州市轨道交通集团有限公司","3203079167484","2026-01-31","False","45","11:15","1512","False"
"1、交易计算表1月.xls","2026-01","苏州市轨道交通集团有限公司","3203079167484","2026-01-31","False","46","11:30","1513","False"
"1、交易计算表1月.xls","2026-01","苏州市轨道交通集团有限公司","3203079167484","2026-01-31","False","47","11:45","1512","False"
"1、交易计算表1月.xls","2026-01","苏州市轨道交通集团有限公司","3203079167484","2026-01-31","False","48","12:00","1513","False"
"1、交易计算表1月.xls","2026-01","苏州市轨道交通集团有限公司","3203079167484","2026-01-31","False","49","12:15","2068","False"
"1、交易计算表1月.xls","2026-01","苏州市轨道交通集团有限公司","3203079167484","2026-01-31","False","50","12:30","2069","False"
"1、交易计算表1月.xls","2026-01","苏州市轨道交通集团有限公司","3203079167484","2026-01-31","False","51","12:45","2068","False"
"1、交易计算表1月.xls","2026-01","苏州市轨道交通集团有限公司","3203079167484","2026-01-31","False","52","13:00","2068","False"
"1、交易计算表1月.xls","2026-01","苏州市轨道交通集团有限公司","3203079167484","2026-01-31","False","53","13:15","1490","False"
"1、交易计算表1月.xls","2026-01","苏州市轨道交通集团有限公司","3203079167484","2026-01-31","False","54","13:30","1491","False"
"1、交易计算表1月.xls","2026-01","苏州市轨道交通集团有限公司","3203079167484","2026-01-31","False","55","13:45","1490","False"
"1、交易计算表1月.xls","2026-01","苏州市轨道交通集团有限公司","3203079167484","2026-01-31","False","56","14:00","1492","False"
"1、交易计算表1月.xls","2026-01","苏州市轨道交通集团有限公司","3203079167484","2026-01-31","False","57","14:15","2040","False"
"1、交易计算表1月.xls","2026-01","苏州市轨道交通集团有限公司","3203079167484","2026-01-31","False","58","14:30","2041","False"
"1、交易计算表1月.xls","2026-01","苏州市轨道交通集团有限公司","3203079167484","2026-01-31","False","59","14:45","2040","False"
"1、交易计算表1月.xls","2026-01","苏州市轨道交通集团有限公司","3203079167484","2026-01-31","False","60","15:00","2041","False"
"1、交易计算表1月.xls","2026-01","苏州市轨道交通集团有限公司","3203079167484","2026-01-31","False","61","15:15","2035","False"
"1、交易计算表1月.xls","2026-01","苏州市轨道交通集团有限公司","3203079167484","2026-01-31","False","62","15:30","2036","False"
"1、交易计算表1月.xls","2026-01","苏州市轨道交通集团有限公司","3203079167484","2026-01-31","False","63","15:45","2035","False"
"1、交易计算表1月.xls","2026-01","苏州市轨道交通集团有限公司","3203079167484","2026-01-31","False","64","16:00","2035","False"
"1、交易计算表1月.xls","2026-01","苏州市轨道交通集团有限公司","3203079167484","2026-01-31","False","65","16:15","1578","False"
"1、交易计算表1月.xls","2026-01","苏州市轨道交通集团有限公司","3203079167484","2026-01-31","False","66","16:30","1579","False"
"1、交易计算表1月.xls","2026-01","苏州市轨道交通集团有限公司","3203079167484","2026-01-31","False","67","16:45","1578","False"
"1、交易计算表1月.xls","2026-01","苏州市轨道交通集团有限公司","3203079167484","2026-01-31","False","68","17:00","1580","False"
"1、交易计算表1月.xls","2026-01","苏州市轨道交通集团有限公司","3203079167484","2026-01-31","False","69","17:15","2117","False"
"1、交易计算表1月.xls","2026-01","苏州市轨道交通集团有限公司","3203079167484","2026-01-31","False","70","17:30","2118","False"
"1、交易计算表1月.xls","2026-01","苏州市轨道交通集团有限公司","3203079167484","2026-01-31","False","71","17:45","2117","False"
"1、交易计算表1月.xls","2026-01","苏州市轨道交通集团有限公司","3203079167484","2026-01-31","False","72","18:00","2118","False"
"1、交易计算表1月.xls","2026-01","苏州市轨道交通集团有限公司","3203079167484","2026-01-31","False","73","18:15","1612","False"
"1、交易计算表1月.xls","2026-01","苏州市轨道交通集团有限公司","3203079167484","2026-01-31","False","74","18:30","1612","False"
"1、交易计算表1月.xls","2026-01","苏州市轨道交通集团有限公司","3203079167484","2026-01-31","False","75","18:45","1611","False"
"1、交易计算表1月.xls","2026-01","苏州市轨道交通集团有限公司","3203079167484","2026-01-31","False","76","19:00","1612","False"
"1、交易计算表1月.xls","2026-01","苏州市轨道交通集团有限公司","3203079167484","2026-01-31","False","77","19:15","2172","False"
"1、交易计算表1月.xls","2026-01","苏州市轨道交通集团有限公司","3203079167484","2026-01-31","False","78","19:30","2173","False"
"1、交易计算表1月.xls","2026-01","苏州市轨道交通集团有限公司","3203079167484","2026-01-31","False","79","19:45","2173","False"
"1、交易计算表1月.xls","2026-01","苏州市轨道交通集团有限公司","3203079167484","2026-01-31","False","80","20:00","2173","False"
"1、交易计算表1月.xls","2026-01","苏州市轨道交通集团有限公司","3203079167484","2026-01-31","False","81","20:15","1617","False"
"1、交易计算表1月.xls","2026-01","苏州市轨道交通集团有限公司","3203079167484","2026-01-31","False","82","20:30","1617","False"
"1、交易计算表1月.xls","2026-01","苏州市轨道交通集团有限公司","3203079167484","2026-01-31","False","83","20:45","1617","False"
"1、交易计算表1月.xls","2026-01","苏州市轨道交通集团有限公司","3203079167484","2026-01-31","False","84","21:00","1618","False"
"1、交易计算表1月.xls","2026-01","苏州市轨道交通集团有限公司","3203079167484","2026-01-31","False","85","21:15","1573","False"
"1、交易计算表1月.xls","2026-01","苏州市轨道交通集团有限公司","3203079167484","2026-01-31","False","86","21:30","1573","False"
"1、交易计算表1月.xls","2026-01","苏州市轨道交通集团有限公司","3203079167484","2026-01-31","False","87","21:45","1573","False"
"1、交易计算表1月.xls","2026-01","苏州市轨道交通集团有限公司","3203079167484","2026-01-31","False","88","22:00","1573","False"
"1、交易计算表1月.xls","2026-01","苏州市轨道交通集团有限公司","3203079167484","2026-01-31","False","89","22:15","2101","False"
"1、交易计算表1月.xls","2026-01","苏州市轨道交通集团有限公司","3203079167484","2026-01-31","False","90","22:30","2102","False"
"1、交易计算表1月.xls","2026-01","苏州市轨道交通集团有限公司","3203079167484","2026-01-31","False","91","22:45","2101","False"
"1、交易计算表1月.xls","2026-01","苏州市轨道交通集团有限公司","3203079167484","2026-01-31","False","92","23:00","2101","False"
"1、交易计算表1月.xls","2026-01","苏州市轨道交通集团有限公司","3203079167484","2026-01-31","False","93","23:15","1248","False"
"1、交易计算表1月.xls","2026-01","苏州市轨道交通集团有限公司","3203079167484","2026-01-31","False","94","23:30","1249","False"
"1、交易计算表1月.xls","2026-01","苏州市轨道交通集团有限公司","3203079167484","2026-01-31","False","95","23:45","1248","False"
"1、交易计算表1月.xls","2026-01","苏州市轨道交通集团有限公司","3203079167484","2026-01-31","False","96","24:00","1251","False"
"1、交易计算表1月.xls","2026-01","苏州市轨道交通集团有限公司","3206622511667","2026-01-31","False","1","00:15","550","False"
"1、交易计算表1月.xls","2026-01","苏州市轨道交通集团有限公司","3206622511667","2026-01-31","False","2","00:30","550","False"
"1、交易计算表1月.xls","2026-01","苏州市轨道交通集团有限公司","3206622511667","2026-01-31","False","3","00:45","551","False"
"1、交易计算表1月.xls","2026-01","苏州市轨道交通集团有限公司","3206622511667","2026-01-31","False","4","01:00","550","False"
"1、交易计算表1月.xls","2026-01","苏州市轨道交通集团有限公司","3206622511667","2026-01-31","False","5","01:15","550","False"
"1、交易计算表1月.xls","2026-01","苏州市轨道交通集团有限公司","3206622511667","2026-01-31","False","6","01:30","550","False"
"1、交易计算表1月.xls","2026-01","苏州市轨道交通集团有限公司","3206622511667","2026-01-31","False","7","01:45","551","False"
"1、交易计算表1月.xls","2026-01","苏州市轨道交通集团有限公司","3206622511667","2026-01-31","False","8","02:00","550","False"
"1、交易计算表1月.xls","2026-01","苏州市轨道交通集团有限公司","3206622511667","2026-01-31","False","9","02:15","0","False"
"1、交易计算表1月.xls","2026-01","苏州市轨道交通集团有限公司","3206622511667","2026-01-31","False","10","02:30","0","False"
"1、交易计算表1月.xls","2026-01","苏州市轨道交通集团有限公司","3206622511667","2026-01-31","False","11","02:45","0","False"
"1、交易计算表1月.xls","2026-01","苏州市轨道交通集团有限公司","3206622511667","2026-01-31","False","12","03:00","0","False"
"1、交易计算表1月.xls","2026-01","苏州市轨道交通集团有限公司","3206622511667","2026-01-31","False","13","03:15","1102","False"
"1、交易计算表1月.xls","2026-01","苏州市轨道交通集团有限公司","3206622511667","2026-01-31","False","14","03:30","1100","False"
"1、交易计算表1月.xls","2026-01","苏州市轨道交通集团有限公司","3206622511667","2026-01-31","False","15","03:45","1102","False"
"1、交易计算表1月.xls","2026-01","苏州市轨道交通集团有限公司","3206622511667","2026-01-31","False","16","04:00","1100","False"
"1、交易计算表1月.xls","2026-01","苏州市轨道交通集团有限公司","3206622511667","2026-01-31","False","17","04:15","0","False"
"1、交易计算表1月.xls","2026-01","苏州市轨道交通集团有限公司","3206622511667","2026-01-31","False","18","04:30","0","False"
"1、交易计算表1月.xls","2026-01","苏州市轨道交通集团有限公司","3206622511667","2026-01-31","False","19","04:45","0","False"
"1、交易计算表1月.xls","2026-01","苏州市轨道交通集团有限公司","3206622511667","2026-01-31","False","20","05:00","0","False"
"1、交易计算表1月.xls","2026-01","苏州市轨道交通集团有限公司","3206622511667","2026-01-31","False","21","05:15","1102","False"
"1、交易计算表1月.xls","2026-01","苏州市轨道交通集团有限公司","3206622511667","2026-01-31","False","22","05:30","1100","False"
"1、交易计算表1月.xls","2026-01","苏州市轨道交通集团有限公司","3206622511667","2026-01-31","False","23","05:45","1102","False"
"1、交易计算表1月.xls","2026-01","苏州市轨道交通集团有限公司","3206622511667","2026-01-31","False","24","06:00","1100","False"
"1、交易计算表1月.xls","2026-01","苏州市轨道交通集团有限公司","3206622511667","2026-01-31","False","25","06:15","1102","False"
"1、交易计算表1月.xls","2026-01","苏州市轨道交通集团有限公司","3206622511667","2026-01-31","False","26","06:30","1100","False"
"1、交易计算表1月.xls","2026-01","苏州市轨道交通集团有限公司","3206622511667","2026-01-31","False","27","06:45","1102","False"
"1、交易计算表1月.xls","2026-01","苏州市轨道交通集团有限公司","3206622511667","2026-01-31","False","28","07:00","1100","False"
"1、交易计算表1月.xls","2026-01","苏州市轨道交通集团有限公司","3206622511667","2026-01-31","False","29","07:15","1652","False"
"1、交易计算表1月.xls","2026-01","苏州市轨道交通集团有限公司","3206622511667","2026-01-31","False","30","07:30","1651","False"
"1、交易计算表1月.xls","2026-01","苏州市轨道交通集团有限公司","3206622511667","2026-01-31","False","31","07:45","1652","False"
"1、交易计算表1月.xls","2026-01","苏州市轨道交通集团有限公司","3206622511667","2026-01-31","False","32","08:00","1651","False"
"1、交易计算表1月.xls","2026-01","苏州市轨道交通集团有限公司","3206622511667","2026-01-31","False","33","08:15","1102","False"
"1、交易计算表1月.xls","2026-01","苏州市轨道交通集团有限公司","3206622511667","2026-01-31","False","34","08:30","1100","False"
"1、交易计算表1月.xls","2026-01","苏州市轨道交通集团有限公司","3206622511667","2026-01-31","False","35","08:45","1102","False"
"1、交易计算表1月.xls","2026-01","苏州市轨道交通集团有限公司","3206622511667","2026-01-31","False","36","09:00","1100","False"
"1、交易计算表1月.xls","2026-01","苏州市轨道交通集团有限公司","3206622511667","2026-01-31","False","37","09:15","1652","False"
"1、交易计算表1月.xls","2026-01","苏州市轨道交通集团有限公司","3206622511667","2026-01-31","False","38","09:30","1651","False"
"1、交易计算表1月.xls","2026-01","苏州市轨道交通集团有限公司","3206622511667","2026-01-31","False","39","09:45","1652","False"
"1、交易计算表1月.xls","2026-01","苏州市轨道交通集团有限公司","3206622511667","2026-01-31","False","40","10:00","1651","False"
"1、交易计算表1月.xls","2026-01","苏州市轨道交通集团有限公司","3206622511667","2026-01-31","False","41","10:15","1652","False"
"1、交易计算表1月.xls","2026-01","苏州市轨道交通集团有限公司","3206622511667","2026-01-31","False","42","10:30","1651","False"
"1、交易计算表1月.xls","2026-01","苏州市轨道交通集团有限公司","3206622511667","2026-01-31","False","43","10:45","1652","False"
"1、交易计算表1月.xls","2026-01","苏州市轨道交通集团有限公司","3206622511667","2026-01-31","False","44","11:00","1651","False"
"1、交易计算表1月.xls","2026-01","苏州市轨道交通集团有限公司","3206622511667","2026-01-31","False","45","11:15","1102","False"
"1、交易计算表1月.xls","2026-01","苏州市轨道交通集团有限公司","3206622511667","2026-01-31","False","46","11:30","1100","False"
"1、交易计算表1月.xls","2026-01","苏州市轨道交通集团有限公司","3206622511667","2026-01-31","False","47","11:45","1102","False"
"1、交易计算表1月.xls","2026-01","苏州市轨道交通集团有限公司","3206622511667","2026-01-31","False","48","12:00","1100","False"
"1、交易计算表1月.xls","2026-01","苏州市轨道交通集团有限公司","3206622511667","2026-01-31","False","49","12:15","2202","False"
"1、交易计算表1月.xls","2026-01","苏州市轨道交通集团有限公司","3206622511667","2026-01-31","False","50","12:30","2202","False"
"1、交易计算表1月.xls","2026-01","苏州市轨道交通集团有限公司","3206622511667","2026-01-31","False","51","12:45","2202","False"
"1、交易计算表1月.xls","2026-01","苏州市轨道交通集团有限公司","3206622511667","2026-01-31","False","52","13:00","2202","False"
"1、交易计算表1月.xls","2026-01","苏州市轨道交通集团有限公司","3206622511667","2026-01-31","False","53","13:15","1101","False"
"1、交易计算表1月.xls","2026-01","苏州市轨道交通集团有限公司","3206622511667","2026-01-31","False","54","13:30","1101","False"
"1、交易计算表1月.xls","2026-01","苏州市轨道交通集团有限公司","3206622511667","2026-01-31","False","55","13:45","1101","False"
"1、交易计算表1月.xls","2026-01","苏州市轨道交通集团有限公司","3206622511667","2026-01-31","False","56","14:00","1101","False"
"1、交易计算表1月.xls","2026-01","苏州市轨道交通集团有限公司","3206622511667","2026-01-31","False","57","14:15","1100","False"
"1、交易计算表1月.xls","2026-01","苏州市轨道交通集团有限公司","3206622511667","2026-01-31","False","58","14:30","1102","False"
"1、交易计算表1月.xls","2026-01","苏州市轨道交通集团有限公司","3206622511667","2026-01-31","False","59","14:45","1100","False"
"1、交易计算表1月.xls","2026-01","苏州市轨道交通集团有限公司","3206622511667","2026-01-31","False","60","15:00","1102","False"
"1、交易计算表1月.xls","2026-01","苏州市轨道交通集团有限公司","3206622511667","2026-01-31","False","61","15:15","2202","False"
"1、交易计算表1月.xls","2026-01","苏州市轨道交通集团有限公司","3206622511667","2026-01-31","False","62","15:30","2202","False"
"1、交易计算表1月.xls","2026-01","苏州市轨道交通集团有限公司","3206622511667","2026-01-31","False","63","15:45","2202","False"
"1、交易计算表1月.xls","2026-01","苏州市轨道交通集团有限公司","3206622511667","2026-01-31","False","64","16:00","2202","False"
"1、交易计算表1月.xls","2026-01","苏州市轨道交通集团有限公司","3206622511667","2026-01-31","False","65","16:15","1100","False"
"1、交易计算表1月.xls","2026-01","苏州市轨道交通集团有限公司","3206622511667","2026-01-31","False","66","16:30","1102","False"
"1、交易计算表1月.xls","2026-01","苏州市轨道交通集团有限公司","3206622511667","2026-01-31","False","67","16:45","1100","False"
"1、交易计算表1月.xls","2026-01","苏州市轨道交通集团有限公司","3206622511667","2026-01-31","False","68","17:00","1102","False"
"1、交易计算表1月.xls","2026-01","苏州市轨道交通集团有限公司","3206622511667","2026-01-31","False","69","17:15","1651","False"
"1、交易计算表1月.xls","2026-01","苏州市轨道交通集团有限公司","3206622511667","2026-01-31","False","70","17:30","1652","False"
"1、交易计算表1月.xls","2026-01","苏州市轨道交通集团有限公司","3206622511667","2026-01-31","False","71","17:45","1651","False"
"1、交易计算表1月.xls","2026-01","苏州市轨道交通集团有限公司","3206622511667","2026-01-31","False","72","18:00","1652","False"
"1、交易计算表1月.xls","2026-01","苏州市轨道交通集团有限公司","3206622511667","2026-01-31","False","73","18:15","1651","False"
"1、交易计算表1月.xls","2026-01","苏州市轨道交通集团有限公司","3206622511667","2026-01-31","False","74","18:30","1652","False"
"1、交易计算表1月.xls","2026-01","苏州市轨道交通集团有限公司","3206622511667","2026-01-31","False","75","18:45","1651","False"
"1、交易计算表1月.xls","2026-01","苏州市轨道交通集团有限公司","3206622511667","2026-01-31","False","76","19:00","1652","False"
"1、交易计算表1月.xls","2026-01","苏州市轨道交通集团有限公司","3206622511667","2026-01-31","False","77","19:15","1100","False"
"1、交易计算表1月.xls","2026-01","苏州市轨道交通集团有限公司","3206622511667","2026-01-31","False","78","19:30","1102","False"
"1、交易计算表1月.xls","2026-01","苏州市轨道交通集团有限公司","3206622511667","2026-01-31","False","79","19:45","1100","False"
"1、交易计算表1月.xls","2026-01","苏州市轨道交通集团有限公司","3206622511667","2026-01-31","False","80","20:00","1102","False"
"1、交易计算表1月.xls","2026-01","苏州市轨道交通集团有限公司","3206622511667","2026-01-31","False","81","20:15","1651","False"
"1、交易计算表1月.xls","2026-01","苏州市轨道交通集团有限公司","3206622511667","2026-01-31","False","82","20:30","1652","False"
"1、交易计算表1月.xls","2026-01","苏州市轨道交通集团有限公司","3206622511667","2026-01-31","False","83","20:45","1651","False"
"1、交易计算表1月.xls","2026-01","苏州市轨道交通集团有限公司","3206622511667","2026-01-31","False","84","21:00","1652","False"
"1、交易计算表1月.xls","2026-01","苏州市轨道交通集团有限公司","3206622511667","2026-01-31","False","85","21:15","1100","False"
"1、交易计算表1月.xls","2026-01","苏州市轨道交通集团有限公司","3206622511667","2026-01-31","False","86","21:30","1102","False"
"1、交易计算表1月.xls","2026-01","苏州市轨道交通集团有限公司","3206622511667","2026-01-31","False","87","21:45","1100","False"
"1、交易计算表1月.xls","2026-01","苏州市轨道交通集团有限公司","3206622511667","2026-01-31","False","88","22:00","1102","False"
"1、交易计算表1月.xls","2026-01","苏州市轨道交通集团有限公司","3206622511667","2026-01-31","False","89","22:15","1651","False"
"1、交易计算表1月.xls","2026-01","苏州市轨道交通集团有限公司","3206622511667","2026-01-31","False","90","22:30","1652","False"
"1、交易计算表1月.xls","2026-01","苏州市轨道交通集团有限公司","3206622511667","2026-01-31","False","91","22:45","1651","False"
"1、交易计算表1月.xls","2026-01","苏州市轨道交通集团有限公司","3206622511667","2026-01-31","False","92","23:00","1652","False"
"1、交易计算表1月.xls","2026-01","苏州市轨道交通集团有限公司","3206622511667","2026-01-31","False","93","23:15","550","False"
"1、交易计算表1月.xls","2026-01","苏州市轨道交通集团有限公司","3206622511667","2026-01-31","False","94","23:30","551","False"
"1、交易计算表1月.xls","2026-01","苏州市轨道交通集团有限公司","3206622511667","2026-01-31","False","95","23:45","550","False"
"1、交易计算表1月.xls","2026-01","苏州市轨道交通集团有限公司","3206622511667","2026-01-31","False","96","24:00","551","False"
"1、交易计算表1月.xls","2026-01","苏州市轨道交通集团有限公司","3206622512416","2026-01-31","False","1","00:15","1237","False"
"1、交易计算表1月.xls","2026-01","苏州市轨道交通集团有限公司","3206622512416","2026-01-31","False","2","00:30","1239","False"
"1、交易计算表1月.xls","2026-01","苏州市轨道交通集团有限公司","3206622512416","2026-01-31","False","3","00:45","1238","False"
"1、交易计算表1月.xls","2026-01","苏州市轨道交通集团有限公司","3206622512416","2026-01-31","False","4","01:00","1239","False"
"1、交易计算表1月.xls","2026-01","苏州市轨道交通集团有限公司","3206622512416","2026-01-31","False","5","01:15","412","False"
"1、交易计算表1月.xls","2026-01","苏州市轨道交通集团有限公司","3206622512416","2026-01-31","False","6","01:30","413","False"
"1、交易计算表1月.xls","2026-01","苏州市轨道交通集团有限公司","3206622512416","2026-01-31","False","7","01:45","413","False"
"1、交易计算表1月.xls","2026-01","苏州市轨道交通集团有限公司","3206622512416","2026-01-31","False","8","02:00","413","False"
"1、交易计算表1月.xls","2026-01","苏州市轨道交通集团有限公司","3206622512416","2026-01-31","False","9","02:15","412","False"
"1、交易计算表1月.xls","2026-01","苏州市轨道交通集团有限公司","3206622512416","2026-01-31","False","10","02:30","413","False"
"1、交易计算表1月.xls","2026-01","苏州市轨道交通集团有限公司","3206622512416","2026-01-31","False","11","02:45","412","False"
"1、交易计算表1月.xls","2026-01","苏州市轨道交通集团有限公司","3206622512416","2026-01-31","False","12","03:00","414","False"
"1、交易计算表1月.xls","2026-01","苏州市轨道交通集团有限公司","3206622512416","2026-01-31","False","13","03:15","412","False"
"1、交易计算表1月.xls","2026-01","苏州市轨道交通集团有限公司","3206622512416","2026-01-31","False","14","03:30","414","False"
"1、交易计算表1月.xls","2026-01","苏州市轨道交通集团有限公司","3206622512416","2026-01-31","False","15","03:45","412","False"
"1、交易计算表1月.xls","2026-01","苏州市轨道交通集团有限公司","3206622512416","2026-01-31","False","16","04:00","414","False"
"1、交易计算表1月.xls","2026-01","苏州市轨道交通集团有限公司","3206622512416","2026-01-31","False","17","04:15","412","False"
"1、交易计算表1月.xls","2026-01","苏州市轨道交通集团有限公司","3206622512416","2026-01-31","False","18","04:30","413","False"
"1、交易计算表1月.xls","2026-01","苏州市轨道交通集团有限公司","3206622512416","2026-01-31","False","19","04:45","413","False"
"1、交易计算表1月.xls","2026-01","苏州市轨道交通集团有限公司","3206622512416","2026-01-31","False","20","05:00","413","False"
"1、交易计算表1月.xls","2026-01","苏州市轨道交通集团有限公司","3206622512416","2026-01-31","False","21","05:15","824","False"
"1、交易计算表1月.xls","2026-01","苏州市轨道交通集团有限公司","3206622512416","2026-01-31","False","22","05:30","827","False"
"1、交易计算表1月.xls","2026-01","苏州市轨道交通集团有限公司","3206622512416","2026-01-31","False","23","05:45","824","False"
"1、交易计算表1月.xls","2026-01","苏州市轨道交通集团有限公司","3206622512416","2026-01-31","False","24","06:00","827","False"
"1、交易计算表1月.xls","2026-01","苏州市轨道交通集团有限公司","3206622512416","2026-01-31","False","25","06:15","1237","False"
"1、交易计算表1月.xls","2026-01","苏州市轨道交通集团有限公司","3206622512416","2026-01-31","False","26","06:30","1239","False"
"1、交易计算表1月.xls","2026-01","苏州市轨道交通集团有限公司","3206622512416","2026-01-31","False","27","06:45","1238","False"
"1、交易计算表1月.xls","2026-01","苏州市轨道交通集团有限公司","3206622512416","2026-01-31","False","28","07:00","1238","False"
"1、交易计算表1月.xls","2026-01","苏州市轨道交通集团有限公司","3206622512416","2026-01-31","False","29","07:15","1238","False"
"1、交易计算表1月.xls","2026-01","苏州市轨道交通集团有限公司","3206622512416","2026-01-31","False","30","07:30","1239","False"
"1、交易计算表1月.xls","2026-01","苏州市轨道交通集团有限公司","3206622512416","2026-01-31","False","31","07:45","1237","False"
"1、交易计算表1月.xls","2026-01","苏州市轨道交通集团有限公司","3206622512416","2026-01-31","False","32","08:00","1240","False"
"1、交易计算表1月.xls","2026-01","苏州市轨道交通集团有限公司","3206622512416","2026-01-31","False","33","08:15","824","False"
"1、交易计算表1月.xls","2026-01","苏州市轨道交通集团有限公司","3206622512416","2026-01-31","False","34","08:30","827","False"
"1、交易计算表1月.xls","2026-01","苏州市轨道交通集团有限公司","3206622512416","2026-01-31","False","35","08:45","824","False"
"1、交易计算表1月.xls","2026-01","苏州市轨道交通集团有限公司","3206622512416","2026-01-31","False","36","09:00","827","False"
"1、交易计算表1月.xls","2026-01","苏州市轨道交通集团有限公司","3206622512416","2026-01-31","False","37","09:15","1650","False"
"1、交易计算表1月.xls","2026-01","苏州市轨道交通集团有限公司","3206622512416","2026-01-31","False","38","09:30","1652","False"
"1、交易计算表1月.xls","2026-01","苏州市轨道交通集团有限公司","3206622512416","2026-01-31","False","39","09:45","1651","False"
"1、交易计算表1月.xls","2026-01","苏州市轨道交通集团有限公司","3206622512416","2026-01-31","False","40","10:00","1651","False"
"1、交易计算表1月.xls","2026-01","苏州市轨道交通集团有限公司","3206622512416","2026-01-31","False","41","10:15","824","False"
"1、交易计算表1月.xls","2026-01","苏州市轨道交通集团有限公司","3206622512416","2026-01-31","False","42","10:30","826","False"
"1、交易计算表1月.xls","2026-01","苏州市轨道交通集团有限公司","3206622512416","2026-01-31","False","43","10:45","825","False"
"1、交易计算表1月.xls","2026-01","苏州市轨道交通集团有限公司","3206622512416","2026-01-31","False","44","11:00","827","False"
"1、交易计算表1月.xls","2026-01","苏州市轨道交通集团有限公司","3206622512416","2026-01-31","False","45","11:15","1238","False"
"1、交易计算表1月.xls","2026-01","苏州市轨道交通集团有限公司","3206622512416","2026-01-31","False","46","11:30","1239","False"
"1、交易计算表1月.xls","2026-01","苏州市轨道交通集团有限公司","3206622512416","2026-01-31","False","47","11:45","1237","False"
"1、交易计算表1月.xls","2026-01","苏州市轨道交通集团有限公司","3206622512416","2026-01-31","False","48","12:00","1239","False"
"1、交易计算表1月.xls","2026-01","苏州市轨道交通集团有限公司","3206622512416","2026-01-31","False","49","12:15","824","False"
"1、交易计算表1月.xls","2026-01","苏州市轨道交通集团有限公司","3206622512416","2026-01-31","False","50","12:30","827","False"
"1、交易计算表1月.xls","2026-01","苏州市轨道交通集团有限公司","3206622512416","2026-01-31","False","51","12:45","824","False"
"1、交易计算表1月.xls","2026-01","苏州市轨道交通集团有限公司","3206622512416","2026-01-31","False","52","13:00","828","False"
"1、交易计算表1月.xls","2026-01","苏州市轨道交通集团有限公司","3206622512416","2026-01-31","False","53","13:15","1237","False"
"1、交易计算表1月.xls","2026-01","苏州市轨道交通集团有限公司","3206622512416","2026-01-31","False","54","13:30","1238","False"
"1、交易计算表1月.xls","2026-01","苏州市轨道交通集团有限公司","3206622512416","2026-01-31","False","55","13:45","1238","False"
"1、交易计算表1月.xls","2026-01","苏州市轨道交通集团有限公司","3206622512416","2026-01-31","False","56","14:00","1239","False"
"1、交易计算表1月.xls","2026-01","苏州市轨道交通集团有限公司","3206622512416","2026-01-31","False","57","14:15","1238","False"
"1、交易计算表1月.xls","2026-01","苏州市轨道交通集团有限公司","3206622512416","2026-01-31","False","58","14:30","1239","False"
"1、交易计算表1月.xls","2026-01","苏州市轨道交通集团有限公司","3206622512416","2026-01-31","False","59","14:45","1237","False"
"1、交易计算表1月.xls","2026-01","苏州市轨道交通集团有限公司","3206622512416","2026-01-31","False","60","15:00","1239","False"
"1、交易计算表1月.xls","2026-01","苏州市轨道交通集团有限公司","3206622512416","2026-01-31","False","61","15:15","824","False"
"1、交易计算表1月.xls","2026-01","苏州市轨道交通集团有限公司","3206622512416","2026-01-31","False","62","15:30","827","False"
"1、交易计算表1月.xls","2026-01","苏州市轨道交通集团有限公司","3206622512416","2026-01-31","False","63","15:45","824","False"
"1、交易计算表1月.xls","2026-01","苏州市轨道交通集团有限公司","3206622512416","2026-01-31","False","64","16:00","828","False"
"1、交易计算表1月.xls","2026-01","苏州市轨道交通集团有限公司","3206622512416","2026-01-31","False","65","16:15","1237","False"
"1、交易计算表1月.xls","2026-01","苏州市轨道交通集团有限公司","3206622512416","2026-01-31","False","66","16:30","1238","False"
"1、交易计算表1月.xls","2026-01","苏州市轨道交通集团有限公司","3206622512416","2026-01-31","False","67","16:45","1238","False"
"1、交易计算表1月.xls","2026-01","苏州市轨道交通集团有限公司","3206622512416","2026-01-31","False","68","17:00","1239","False"
"1、交易计算表1月.xls","2026-01","苏州市轨道交通集团有限公司","3206622512416","2026-01-31","False","69","17:15","1237","False"
"1、交易计算表1月.xls","2026-01","苏州市轨道交通集团有限公司","3206622512416","2026-01-31","False","70","17:30","1239","False"
"1、交易计算表1月.xls","2026-01","苏州市轨道交通集团有限公司","3206622512416","2026-01-31","False","71","17:45","1237","False"
"1、交易计算表1月.xls","2026-01","苏州市轨道交通集团有限公司","3206622512416","2026-01-31","False","72","18:00","1240","False"
"1、交易计算表1月.xls","2026-01","苏州市轨道交通集团有限公司","3206622512416","2026-01-31","False","73","18:15","1237","False"
"1、交易计算表1月.xls","2026-01","苏州市轨道交通集团有限公司","3206622512416","2026-01-31","False","74","18:30","1239","False"
"1、交易计算表1月.xls","2026-01","苏州市轨道交通集团有限公司","3206622512416","2026-01-31","False","75","18:45","1238","False"
"1、交易计算表1月.xls","2026-01","苏州市轨道交通集团有限公司","3206622512416","2026-01-31","False","76","19:00","1239","False"
"1、交易计算表1月.xls","2026-01","苏州市轨道交通集团有限公司","3206622512416","2026-01-31","False","77","19:15","1237","False"
"1、交易计算表1月.xls","2026-01","苏州市轨道交通集团有限公司","3206622512416","2026-01-31","False","78","19:30","1239","False"
"1、交易计算表1月.xls","2026-01","苏州市轨道交通集团有限公司","3206622512416","2026-01-31","False","79","19:45","1238","False"
"1、交易计算表1月.xls","2026-01","苏州市轨道交通集团有限公司","3206622512416","2026-01-31","False","80","20:00","1238","False"
"1、交易计算表1月.xls","2026-01","苏州市轨道交通集团有限公司","3206622512416","2026-01-31","False","81","20:15","824","False"
"1、交易计算表1月.xls","2026-01","苏州市轨道交通集团有限公司","3206622512416","2026-01-31","False","82","20:30","827","False"
"1、交易计算表1月.xls","2026-01","苏州市轨道交通集团有限公司","3206622512416","2026-01-31","False","83","20:45","824","False"
"1、交易计算表1月.xls","2026-01","苏州市轨道交通集团有限公司","3206622512416","2026-01-31","False","84","21:00","828","False"
"1、交易计算表1月.xls","2026-01","苏州市轨道交通集团有限公司","3206622512416","2026-01-31","False","85","21:15","1237","False"
"1、交易计算表1月.xls","2026-01","苏州市轨道交通集团有限公司","3206622512416","2026-01-31","False","86","21:30","1238","False"
"1、交易计算表1月.xls","2026-01","苏州市轨道交通集团有限公司","3206622512416","2026-01-31","False","87","21:45","1238","False"
"1、交易计算表1月.xls","2026-01","苏州市轨道交通集团有限公司","3206622512416","2026-01-31","False","88","22:00","1239","False"
"1、交易计算表1月.xls","2026-01","苏州市轨道交通集团有限公司","3206622512416","2026-01-31","False","89","22:15","1238","False"
"1、交易计算表1月.xls","2026-01","苏州市轨道交通集团有限公司","3206622512416","2026-01-31","False","90","22:30","1239","False"
"1、交易计算表1月.xls","2026-01","苏州市轨道交通集团有限公司","3206622512416","2026-01-31","False","91","22:45","1237","False"
"1、交易计算表1月.xls","2026-01","苏州市轨道交通集团有限公司","3206622512416","2026-01-31","False","92","23:00","1239","False"
"1、交易计算表1月.xls","2026-01","苏州市轨道交通集团有限公司","3206622512416","2026-01-31","False","93","23:15","824","False"
"1、交易计算表1月.xls","2026-01","苏州市轨道交通集团有限公司","3206622512416","2026-01-31","False","94","23:30","827","False"
"1、交易计算表1月.xls","2026-01","苏州市轨道交通集团有限公司","3206622512416","2026-01-31","False","95","23:45","824","False"
"1、交易计算表1月.xls","2026-01","苏州市轨道交通集团有限公司","3206622512416","2026-01-31","False","96","24:00","828","False"
"1、交易计算表1月.xls","2026-01","苏州市轨道交通集团有限公司","3206619543230","2026-01-31","False","1","00:15","2476","False"
"1、交易计算表1月.xls","2026-01","苏州市轨道交通集团有限公司","3206619543230","2026-01-31","False","2","00:30","2476","False"
"1、交易计算表1月.xls","2026-01","苏州市轨道交通集团有限公司","3206619543230","2026-01-31","False","3","00:45","2478","False"
"1、交易计算表1月.xls","2026-01","苏州市轨道交通集团有限公司","3206619543230","2026-01-31","False","4","01:00","2476","False"
"1、交易计算表1月.xls","2026-01","苏州市轨道交通集团有限公司","3206619543230","2026-01-31","False","5","01:15","2477","False"
"1、交易计算表1月.xls","2026-01","苏州市轨道交通集团有限公司","3206619543230","2026-01-31","False","6","01:30","2477","False"
"1、交易计算表1月.xls","2026-01","苏州市轨道交通集团有限公司","3206619543230","2026-01-31","False","7","01:45","2477","False"
"1、交易计算表1月.xls","2026-01","苏州市轨道交通集团有限公司","3206619543230","2026-01-31","False","8","02:00","2475","False"
"1、交易计算表1月.xls","2026-01","苏州市轨道交通集团有限公司","3206619543230","2026-01-31","False","9","02:15","826","False"
"1、交易计算表1月.xls","2026-01","苏州市轨道交通集团有限公司","3206619543230","2026-01-31","False","10","02:30","825","False"
"1、交易计算表1月.xls","2026-01","苏州市轨道交通集团有限公司","3206619543230","2026-01-31","False","11","02:45","826","False"
"1、交易计算表1月.xls","2026-01","苏州市轨道交通集团有限公司","3206619543230","2026-01-31","False","12","03:00","825","False"
"1、交易计算表1月.xls","2026-01","苏州市轨道交通集团有限公司","3206619543230","2026-01-31","False","13","03:15","1652","False"
"1、交易计算表1月.xls","2026-01","苏州市轨道交通集团有限公司","3206619543230","2026-01-31","False","14","03:30","1651","False"
"1、交易计算表1月.xls","2026-01","苏州市轨道交通集团有限公司","3206619543230","2026-01-31","False","15","03:45","1651","False"
"1、交易计算表1月.xls","2026-01","苏州市轨道交通集团有限公司","3206619543230","2026-01-31","False","16","04:00","1651","False"
"1、交易计算表1月.xls","2026-01","苏州市轨道交通集团有限公司","3206619543230","2026-01-31","False","17","04:15","1651","False"
"1、交易计算表1月.xls","2026-01","苏州市轨道交通集团有限公司","3206619543230","2026-01-31","False","18","04:30","1652","False"
"1、交易计算表1月.xls","2026-01","苏州市轨道交通集团有限公司","3206619543230","2026-01-31","False","19","04:45","1651","False"
"1、交易计算表1月.xls","2026-01","苏州市轨道交通集团有限公司","3206619543230","2026-01-31","False","20","05:00","1650","False"
"1、交易计算表1月.xls","2026-01","苏州市轨道交通集团有限公司","3206619543230","2026-01-31","False","21","05:15","2478","False"
"1、交易计算表1月.xls","2026-01","苏州市轨道交通集团有限公司","3206619543230","2026-01-31","False","22","05:30","2476","False"
"1、交易计算表1月.xls","2026-01","苏州市轨道交通集团有限公司","3206619543230","2026-01-31","False","23","05:45","2478","False"
"1、交易计算表1月.xls","2026-01","苏州市轨道交通集团有限公司","3206619543230","2026-01-31","False","24","06:00","2476","False"
"1、交易计算表1月.xls","2026-01","苏州市轨道交通集团有限公司","3206619543230","2026-01-31","False","25","06:15","3303","False"
"1、交易计算表1月.xls","2026-01","苏州市轨道交通集团有限公司","3206619543230","2026-01-31","False","26","06:30","3302","False"
"1、交易计算表1月.xls","2026-01","苏州市轨道交通集团有限公司","3206619543230","2026-01-31","False","27","06:45","3303","False"
"1、交易计算表1月.xls","2026-01","苏州市轨道交通集团有限公司","3206619543230","2026-01-31","False","28","07:00","3301","False"
"1、交易计算表1月.xls","2026-01","苏州市轨道交通集团有限公司","3206619543230","2026-01-31","False","29","07:15","4955","False"
"1、交易计算表1月.xls","2026-01","苏州市轨道交通集团有限公司","3206619543230","2026-01-31","False","30","07:30","4953","False"
"1、交易计算表1月.xls","2026-01","苏州市轨道交通集团有限公司","3206619543230","2026-01-31","False","31","07:45","4953","False"
"1、交易计算表1月.xls","2026-01","苏州市轨道交通集团有限公司","3206619543230","2026-01-31","False","32","08:00","4953","False"
"1、交易计算表1月.xls","2026-01","苏州市轨道交通集团有限公司","3206619543230","2026-01-31","False","33","08:15","3303","False"
"1、交易计算表1月.xls","2026-01","苏州市轨道交通集团有限公司","3206619543230","2026-01-31","False","34","08:30","3302","False"
"1、交易计算表1月.xls","2026-01","苏州市轨道交通集团有限公司","3206619543230","2026-01-31","False","35","08:45","3303","False"
"1、交易计算表1月.xls","2026-01","苏州市轨道交通集团有限公司","3206619543230","2026-01-31","False","36","09:00","3302","False"
"1、交易计算表1月.xls","2026-01","苏州市轨道交通集团有限公司","3206619543230","2026-01-31","False","37","09:15","3302","False"
"1、交易计算表1月.xls","2026-01","苏州市轨道交通集团有限公司","3206619543230","2026-01-31","False","38","09:30","3302","False"
"1、交易计算表1月.xls","2026-01","苏州市轨道交通集团有限公司","3206619543230","2026-01-31","False","39","09:45","3303","False"
"1、交易计算表1月.xls","2026-01","苏州市轨道交通集团有限公司","3206619543230","2026-01-31","False","40","10:00","3302","False"
"1、交易计算表1月.xls","2026-01","苏州市轨道交通集团有限公司","3206619543230","2026-01-31","False","41","10:15","4953","False"
"1、交易计算表1月.xls","2026-01","苏州市轨道交通集团有限公司","3206619543230","2026-01-31","False","42","10:30","4954","False"
"1、交易计算表1月.xls","2026-01","苏州市轨道交通集团有限公司","3206619543230","2026-01-31","False","43","10:45","4954","False"
"1、交易计算表1月.xls","2026-01","苏州市轨道交通集团有限公司","3206619543230","2026-01-31","False","44","11:00","4953","False"
"1、交易计算表1月.xls","2026-01","苏州市轨道交通集团有限公司","3206619543230","2026-01-31","False","45","11:15","3303","False"
"1、交易计算表1月.xls","2026-01","苏州市轨道交通集团有限公司","3206619543230","2026-01-31","False","46","11:30","3302","False"
"1、交易计算表1月.xls","2026-01","苏州市轨道交通集团有限公司","3206619543230","2026-01-31","False","47","11:45","3302","False"
"1、交易计算表1月.xls","2026-01","苏州市轨道交通集团有限公司","3206619543230","2026-01-31","False","48","12:00","3302","False"
"1、交易计算表1月.xls","2026-01","苏州市轨道交通集团有限公司","3206619543230","2026-01-31","False","49","12:15","3303","False"
"1、交易计算表1月.xls","2026-01","苏州市轨道交通集团有限公司","3206619543230","2026-01-31","False","50","12:30","3302","False"
"1、交易计算表1月.xls","2026-01","苏州市轨道交通集团有限公司","3206619543230","2026-01-31","False","51","12:45","3303","False"
"1、交易计算表1月.xls","2026-01","苏州市轨道交通集团有限公司","3206619543230","2026-01-31","False","52","13:00","3302","False"
"1、交易计算表1月.xls","2026-01","苏州市轨道交通集团有限公司","3206619543230","2026-01-31","False","53","13:15","4953","False"
"1、交易计算表1月.xls","2026-01","苏州市轨道交通集团有限公司","3206619543230","2026-01-31","False","54","13:30","4954","False"
"1、交易计算表1月.xls","2026-01","苏州市轨道交通集团有限公司","3206619543230","2026-01-31","False","55","13:45","4953","False"
"1、交易计算表1月.xls","2026-01","苏州市轨道交通集团有限公司","3206619543230","2026-01-31","False","56","14:00","4953","False"
"1、交易计算表1月.xls","2026-01","苏州市轨道交通集团有限公司","3206619543230","2026-01-31","False","57","14:15","3302","False"
"1、交易计算表1月.xls","2026-01","苏州市轨道交通集团有限公司","3206619543230","2026-01-31","False","58","14:30","3303","False"
"1、交易计算表1月.xls","2026-01","苏州市轨道交通集团有限公司","3206619543230","2026-01-31","False","59","14:45","3302","False"
"1、交易计算表1月.xls","2026-01","苏州市轨道交通集团有限公司","3206619543230","2026-01-31","False","60","15:00","3303","False"
"1、交易计算表1月.xls","2026-01","苏州市轨道交通集团有限公司","3206619543230","2026-01-31","False","61","15:15","3302","False"
"1、交易计算表1月.xls","2026-01","苏州市轨道交通集团有限公司","3206619543230","2026-01-31","False","62","15:30","3302","False"
"1、交易计算表1月.xls","2026-01","苏州市轨道交通集团有限公司","3206619543230","2026-01-31","False","63","15:45","3302","False"
"1、交易计算表1月.xls","2026-01","苏州市轨道交通集团有限公司","3206619543230","2026-01-31","False","64","16:00","3303","False"
"1、交易计算表1月.xls","2026-01","苏州市轨道交通集团有限公司","3206619543230","2026-01-31","False","65","16:15","4953","False"
"1、交易计算表1月.xls","2026-01","苏州市轨道交通集团有限公司","3206619543230","2026-01-31","False","66","16:30","4954","False"
"1、交易计算表1月.xls","2026-01","苏州市轨道交通集团有限公司","3206619543230","2026-01-31","False","67","16:45","4954","False"
"1、交易计算表1月.xls","2026-01","苏州市轨道交通集团有限公司","3206619543230","2026-01-31","False","68","17:00","4953","False"
"1、交易计算表1月.xls","2026-01","苏州市轨道交通集团有限公司","3206619543230","2026-01-31","False","69","17:15","3302","False"
"1、交易计算表1月.xls","2026-01","苏州市轨道交通集团有限公司","3206619543230","2026-01-31","False","70","17:30","3303","False"
"1、交易计算表1月.xls","2026-01","苏州市轨道交通集团有限公司","3206619543230","2026-01-31","False","71","17:45","3302","False"
"1、交易计算表1月.xls","2026-01","苏州市轨道交通集团有限公司","3206619543230","2026-01-31","False","72","18:00","3302","False"
"1、交易计算表1月.xls","2026-01","苏州市轨道交通集团有限公司","3206619543230","2026-01-31","False","73","18:15","4954","False"
"1、交易计算表1月.xls","2026-01","苏州市轨道交通集团有限公司","3206619543230","2026-01-31","False","74","18:30","4953","False"
"1、交易计算表1月.xls","2026-01","苏州市轨道交通集团有限公司","3206619543230","2026-01-31","False","75","18:45","4953","False"
"1、交易计算表1月.xls","2026-01","苏州市轨道交通集团有限公司","3206619543230","2026-01-31","False","76","19:00","4954","False"
"1、交易计算表1月.xls","2026-01","苏州市轨道交通集团有限公司","3206619543230","2026-01-31","False","77","19:15","3302","False"
"1、交易计算表1月.xls","2026-01","苏州市轨道交通集团有限公司","3206619543230","2026-01-31","False","78","19:30","3303","False"
"1、交易计算表1月.xls","2026-01","苏州市轨道交通集团有限公司","3206619543230","2026-01-31","False","79","19:45","3302","False"
"1、交易计算表1月.xls","2026-01","苏州市轨道交通集团有限公司","3206619543230","2026-01-31","False","80","20:00","3303","False"
"1、交易计算表1月.xls","2026-01","苏州市轨道交通集团有限公司","3206619543230","2026-01-31","False","81","20:15","4127","False"
"1、交易计算表1月.xls","2026-01","苏州市轨道交通集团有限公司","3206619543230","2026-01-31","False","82","20:30","4128","False"
"1、交易计算表1月.xls","2026-01","苏州市轨道交通集团有限公司","3206619543230","2026-01-31","False","83","20:45","4127","False"
"1、交易计算表1月.xls","2026-01","苏州市轨道交通集团有限公司","3206619543230","2026-01-31","False","84","21:00","4129","False"
"1、交易计算表1月.xls","2026-01","苏州市轨道交通集团有限公司","3206619543230","2026-01-31","False","85","21:15","4127","False"
"1、交易计算表1月.xls","2026-01","苏州市轨道交通集团有限公司","3206619543230","2026-01-31","False","86","21:30","4128","False"
"1、交易计算表1月.xls","2026-01","苏州市轨道交通集团有限公司","3206619543230","2026-01-31","False","87","21:45","4128","False"
"1、交易计算表1月.xls","2026-01","苏州市轨道交通集团有限公司","3206619543230","2026-01-31","False","88","22:00","4129","False"
"1、交易计算表1月.xls","2026-01","苏州市轨道交通集团有限公司","3206619543230","2026-01-31","False","89","22:15","3302","False"
"1、交易计算表1月.xls","2026-01","苏州市轨道交通集团有限公司","3206619543230","2026-01-31","False","90","22:30","3303","False"
"1、交易计算表1月.xls","2026-01","苏州市轨道交通集团有限公司","3206619543230","2026-01-31","False","91","22:45","3301","False"
"1、交易计算表1月.xls","2026-01","苏州市轨道交通集团有限公司","3206619543230","2026-01-31","False","92","23:00","3303","False"
"1、交易计算表1月.xls","2026-01","苏州市轨道交通集团有限公司","3206619543230","2026-01-31","False","93","23:15","3302","False"
"1、交易计算表1月.xls","2026-01","苏州市轨道交通集团有限公司","3206619543230","2026-01-31","False","94","23:30","3303","False"
"1、交易计算表1月.xls","2026-01","苏州市轨道交通集团有限公司","3206619543230","2026-01-31","False","95","23:45","3302","False"
"1、交易计算表1月.xls","2026-01","苏州市轨道交通集团有限公司","3206619543230","2026-01-31","False","96","24:00","3303","False"
"1、交易计算表1月.xls","2026-01","苏州市轨道交通集团有限公司","3206618005424","2026-01-31","False","1","00:15","550","False"
"1、交易计算表1月.xls","2026-01","苏州市轨道交通集团有限公司","3206618005424","2026-01-31","False","2","00:30","550","False"
"1、交易计算表1月.xls","2026-01","苏州市轨道交通集团有限公司","3206618005424","2026-01-31","False","3","00:45","551","False"
"1、交易计算表1月.xls","2026-01","苏州市轨道交通集团有限公司","3206618005424","2026-01-31","False","4","01:00","550","False"
"1、交易计算表1月.xls","2026-01","苏州市轨道交通集团有限公司","3206618005424","2026-01-31","False","5","01:15","550","False"
"1、交易计算表1月.xls","2026-01","苏州市轨道交通集团有限公司","3206618005424","2026-01-31","False","6","01:30","550","False"
"1、交易计算表1月.xls","2026-01","苏州市轨道交通集团有限公司","3206618005424","2026-01-31","False","7","01:45","550","False"
"1、交易计算表1月.xls","2026-01","苏州市轨道交通集团有限公司","3206618005424","2026-01-31","False","8","02:00","550","False"
"1、交易计算表1月.xls","2026-01","苏州市轨道交通集团有限公司","3206618005424","2026-01-31","False","9","02:15","550","False"
"1、交易计算表1月.xls","2026-01","苏州市轨道交通集团有限公司","3206618005424","2026-01-31","False","10","02:30","551","False"
"1、交易计算表1月.xls","2026-01","苏州市轨道交通集团有限公司","3206618005424","2026-01-31","False","11","02:45","550","False"
"1、交易计算表1月.xls","2026-01","苏州市轨道交通集团有限公司","3206618005424","2026-01-31","False","12","03:00","550","False"
"1、交易计算表1月.xls","2026-01","苏州市轨道交通集团有限公司","3206618005424","2026-01-31","False","13","03:15","0","False"
"1、交易计算表1月.xls","2026-01","苏州市轨道交通集团有限公司","3206618005424","2026-01-31","False","14","03:30","0","False"
"1、交易计算表1月.xls","2026-01","苏州市轨道交通集团有限公司","3206618005424","2026-01-31","False","15","03:45","0","False"
"1、交易计算表1月.xls","2026-01","苏州市轨道交通集团有限公司","3206618005424","2026-01-31","False","16","04:00","0","False"
"1、交易计算表1月.xls","2026-01","苏州市轨道交通集团有限公司","3206618005424","2026-01-31","False","17","04:15","1100","False"
"1、交易计算表1月.xls","2026-01","苏州市轨道交通集团有限公司","3206618005424","2026-01-31","False","18","04:30","1101","False"
"1、交易计算表1月.xls","2026-01","苏州市轨道交通集团有限公司","3206618005424","2026-01-31","False","19","04:45","1100","False"
"1、交易计算表1月.xls","2026-01","苏州市轨道交通集团有限公司","3206618005424","2026-01-31","False","20","05:00","1102","False"
"1、交易计算表1月.xls","2026-01","苏州市轨道交通集团有限公司","3206618005424","2026-01-31","False","21","05:15","550","False"
"1、交易计算表1月.xls","2026-01","苏州市轨道交通集团有限公司","3206618005424","2026-01-31","False","22","05:30","550","False"
"1、交易计算表1月.xls","2026-01","苏州市轨道交通集团有限公司","3206618005424","2026-01-31","False","23","05:45","550","False"
"1、交易计算表1月.xls","2026-01","苏州市轨道交通集团有限公司","3206618005424","2026-01-31","False","24","06:00","550","False"
"1、交易计算表1月.xls","2026-01","苏州市轨道交通集团有限公司","3206618005424","2026-01-31","False","25","06:15","1651","False"
"1、交易计算表1月.xls","2026-01","苏州市轨道交通集团有限公司","3206618005424","2026-01-31","False","26","06:30","1650","False"
"1、交易计算表1月.xls","2026-01","苏州市轨道交通集团有限公司","3206618005424","2026-01-31","False","27","06:45","1651","False"
"1、交易计算表1月.xls","2026-01","苏州市轨道交通集团有限公司","3206618005424","2026-01-31","False","28","07:00","1651","False"
"1、交易计算表1月.xls","2026-01","苏州市轨道交通集团有限公司","3206618005424","2026-01-31","False","29","07:15","1651","False"
"1、交易计算表1月.xls","2026-01","苏州市轨道交通集团有限公司","3206618005424","2026-01-31","False","30","07:30","1650","False"
"1、交易计算表1月.xls","2026-01","苏州市轨道交通集团有限公司","3206618005424","2026-01-31","False","31","07:45","1651","False"
"1、交易计算表1月.xls","2026-01","苏州市轨道交通集团有限公司","3206618005424","2026-01-31","False","32","08:00","1651","False"
"1、交易计算表1月.xls","2026-01","苏州市轨道交通集团有限公司","3206618005424","2026-01-31","False","33","08:15","1650","False"
"1、交易计算表1月.xls","2026-01","苏州市轨道交通集团有限公司","3206618005424","2026-01-31","False","34","08:30","1651","False"
"1、交易计算表1月.xls","2026-01","苏州市轨道交通集团有限公司","3206618005424","2026-01-31","False","35","08:45","1651","False"
"1、交易计算表1月.xls","2026-01","苏州市轨道交通集团有限公司","3206618005424","2026-01-31","False","36","09:00","1650","False"
"1、交易计算表1月.xls","2026-01","苏州市轨道交通集团有限公司","3206618005424","2026-01-31","False","37","09:15","2202","False"
"1、交易计算表1月.xls","2026-01","苏州市轨道交通集团有限公司","3206618005424","2026-01-31","False","38","09:30","2201","False"
"1、交易计算表1月.xls","2026-01","苏州市轨道交通集团有限公司","3206618005424","2026-01-31","False","39","09:45","2201","False"
"1、交易计算表1月.xls","2026-01","苏州市轨道交通集团有限公司","3206618005424","2026-01-31","False","40","10:00","2201","False"
"1、交易计算表1月.xls","2026-01","苏州市轨道交通集团有限公司","3206618005424","2026-01-31","False","41","10:15","1651","False"
"1、交易计算表1月.xls","2026-01","苏州市轨道交通集团有限公司","3206618005424","2026-01-31","False","42","10:30","1650","False"
"1、交易计算表1月.xls","2026-01","苏州市轨道交通集团有限公司","3206618005424","2026-01-31","False","43","10:45","1651","False"
"1、交易计算表1月.xls","2026-01","苏州市轨道交通集团有限公司","3206618005424","2026-01-31","False","44","11:00","1651","False"
"1、交易计算表1月.xls","2026-01","苏州市轨道交通集团有限公司","3206618005424","2026-01-31","False","45","11:15","1651","False"
"1、交易计算表1月.xls","2026-01","苏州市轨道交通集团有限公司","3206618005424","2026-01-31","False","46","11:30","1650","False"
"1、交易计算表1月.xls","2026-01","苏州市轨道交通集团有限公司","3206618005424","2026-01-31","False","47","11:45","1651","False"
"1、交易计算表1月.xls","2026-01","苏州市轨道交通集团有限公司","3206618005424","2026-01-31","False","48","12:00","1652","False"
"1、交易计算表1月.xls","2026-01","苏州市轨道交通集团有限公司","3206618005424","2026-01-31","False","49","12:15","1650","False"
"1、交易计算表1月.xls","2026-01","苏州市轨道交通集团有限公司","3206618005424","2026-01-31","False","50","12:30","1651","False"
"1、交易计算表1月.xls","2026-01","苏州市轨道交通集团有限公司","3206618005424","2026-01-31","False","51","12:45","1650","False"
"1、交易计算表1月.xls","2026-01","苏州市轨道交通集团有限公司","3206618005424","2026-01-31","False","52","13:00","1652","False"
"1、交易计算表1月.xls","2026-01","苏州市轨道交通集团有限公司","3206618005424","2026-01-31","False","53","13:15","2200","False"
"1、交易计算表1月.xls","2026-01","苏州市轨道交通集团有限公司","3206618005424","2026-01-31","False","54","13:30","2201","False"
"1、交易计算表1月.xls","2026-01","苏州市轨道交通集团有限公司","3206618005424","2026-01-31","False","55","13:45","2202","False"
"1、交易计算表1月.xls","2026-01","苏州市轨道交通集团有限公司","3206618005424","2026-01-31","False","56","14:00","2201","False"
"1、交易计算表1月.xls","2026-01","苏州市轨道交通集团有限公司","3206618005424","2026-01-31","False","57","14:15","2200","False"
"1、交易计算表1月.xls","2026-01","苏州市轨道交通集团有限公司","3206618005424","2026-01-31","False","58","14:30","2202","False"
"1、交易计算表1月.xls","2026-01","苏州市轨道交通集团有限公司","3206618005424","2026-01-31","False","59","14:45","2201","False"
"1、交易计算表1月.xls","2026-01","苏州市轨道交通集团有限公司","3206618005424","2026-01-31","False","60","15:00","2201","False"
"1、交易计算表1月.xls","2026-01","苏州市轨道交通集团有限公司","3206618005424","2026-01-31","False","61","15:15","1651","False"
"1、交易计算表1月.xls","2026-01","苏州市轨道交通集团有限公司","3206618005424","2026-01-31","False","62","15:30","1651","False"
"1、交易计算表1月.xls","2026-01","苏州市轨道交通集团有限公司","3206618005424","2026-01-31","False","63","15:45","1650","False"
"1、交易计算表1月.xls","2026-01","苏州市轨道交通集团有限公司","3206618005424","2026-01-31","False","64","16:00","1651","False"
"1、交易计算表1月.xls","2026-01","苏州市轨道交通集团有限公司","3206618005424","2026-01-31","False","65","16:15","2201","False"
"1、交易计算表1月.xls","2026-01","苏州市轨道交通集团有限公司","3206618005424","2026-01-31","False","66","16:30","2201","False"
"1、交易计算表1月.xls","2026-01","苏州市轨道交通集团有限公司","3206618005424","2026-01-31","False","67","16:45","2202","False"
"1、交易计算表1月.xls","2026-01","苏州市轨道交通集团有限公司","3206618005424","2026-01-31","False","68","17:00","2200","False"
"1、交易计算表1月.xls","2026-01","苏州市轨道交通集团有限公司","3206618005424","2026-01-31","False","69","17:15","2201","False"
"1、交易计算表1月.xls","2026-01","苏州市轨道交通集团有限公司","3206618005424","2026-01-31","False","70","17:30","2202","False"
"1、交易计算表1月.xls","2026-01","苏州市轨道交通集团有限公司","3206618005424","2026-01-31","False","71","17:45","2201","False"
"1、交易计算表1月.xls","2026-01","苏州市轨道交通集团有限公司","3206618005424","2026-01-31","False","72","18:00","2201","False"
"1、交易计算表1月.xls","2026-01","苏州市轨道交通集团有限公司","3206618005424","2026-01-31","False","73","18:15","1651","False"
"1、交易计算表1月.xls","2026-01","苏州市轨道交通集团有限公司","3206618005424","2026-01-31","False","74","18:30","1650","False"
"1、交易计算表1月.xls","2026-01","苏州市轨道交通集团有限公司","3206618005424","2026-01-31","False","75","18:45","1651","False"
"1、交易计算表1月.xls","2026-01","苏州市轨道交通集团有限公司","3206618005424","2026-01-31","False","76","19:00","1651","False"
"1、交易计算表1月.xls","2026-01","苏州市轨道交通集团有限公司","3206618005424","2026-01-31","False","77","19:15","1651","False"
"1、交易计算表1月.xls","2026-01","苏州市轨道交通集团有限公司","3206618005424","2026-01-31","False","78","19:30","1651","False"
"1、交易计算表1月.xls","2026-01","苏州市轨道交通集团有限公司","3206618005424","2026-01-31","False","79","19:45","1650","False"
"1、交易计算表1月.xls","2026-01","苏州市轨道交通集团有限公司","3206618005424","2026-01-31","False","80","20:00","1651","False"
"1、交易计算表1月.xls","2026-01","苏州市轨道交通集团有限公司","3206618005424","2026-01-31","False","81","20:15","2202","False"
"1、交易计算表1月.xls","2026-01","苏州市轨道交通集团有限公司","3206618005424","2026-01-31","False","82","20:30","2201","False"
"1、交易计算表1月.xls","2026-01","苏州市轨道交通集团有限公司","3206618005424","2026-01-31","False","83","20:45","2201","False"
"1、交易计算表1月.xls","2026-01","苏州市轨道交通集团有限公司","3206618005424","2026-01-31","False","84","21:00","2201","False"
"1、交易计算表1月.xls","2026-01","苏州市轨道交通集团有限公司","3206618005424","2026-01-31","False","85","21:15","1651","False"
"1、交易计算表1月.xls","2026-01","苏州市轨道交通集团有限公司","3206618005424","2026-01-31","False","86","21:30","1650","False"
"1、交易计算表1月.xls","2026-01","苏州市轨道交通集团有限公司","3206618005424","2026-01-31","False","87","21:45","1651","False"
"1、交易计算表1月.xls","2026-01","苏州市轨道交通集团有限公司","3206618005424","2026-01-31","False","88","22:00","1651","False"
"1、交易计算表1月.xls","2026-01","苏州市轨道交通集团有限公司","3206618005424","2026-01-31","False","89","22:15","1651","False"
"1、交易计算表1月.xls","2026-01","苏州市轨道交通集团有限公司","3206618005424","2026-01-31","False","90","22:30","1650","False"
"1、交易计算表1月.xls","2026-01","苏州市轨道交通集团有限公司","3206618005424","2026-01-31","False","91","22:45","1652","False"
"1、交易计算表1月.xls","2026-01","苏州市轨道交通集团有限公司","3206618005424","2026-01-31","False","92","23:00","1651","False"
"1、交易计算表1月.xls","2026-01","苏州市轨道交通集团有限公司","3206618005424","2026-01-31","False","93","23:15","1100","False"
"1、交易计算表1月.xls","2026-01","苏州市轨道交通集团有限公司","3206618005424","2026-01-31","False","94","23:30","1101","False"
"1、交易计算表1月.xls","2026-01","苏州市轨道交通集团有限公司","3206618005424","2026-01-31","False","95","23:45","1100","False"
"1、交易计算表1月.xls","2026-01","苏州市轨道交通集团有限公司","3206618005424","2026-01-31","False","96","24:00","1102","False"
"1、交易计算表1月.xls","2026-01","苏州市轨道交通集团有限公司","3206622203288","2026-01-31","False","1","00:15","1100","False"
"1、交易计算表1月.xls","2026-01","苏州市轨道交通集团有限公司","3206622203288","2026-01-31","False","2","00:30","1100","False"
"1、交易计算表1月.xls","2026-01","苏州市轨道交通集团有限公司","3206622203288","2026-01-31","False","3","00:45","1100","False"
"1、交易计算表1月.xls","2026-01","苏州市轨道交通集团有限公司","3206622203288","2026-01-31","False","4","01:00","1100","False"
"1、交易计算表1月.xls","2026-01","苏州市轨道交通集团有限公司","3206622203288","2026-01-31","False","5","01:15","0","False"
"1、交易计算表1月.xls","2026-01","苏州市轨道交通集团有限公司","3206622203288","2026-01-31","False","6","01:30","0","False"
"1、交易计算表1月.xls","2026-01","苏州市轨道交通集团有限公司","3206622203288","2026-01-31","False","7","01:45","0","False"
"1、交易计算表1月.xls","2026-01","苏州市轨道交通集团有限公司","3206622203288","2026-01-31","False","8","02:00","0","False"
"1、交易计算表1月.xls","2026-01","苏州市轨道交通集团有限公司","3206622203288","2026-01-31","False","9","02:15","2200","False"
"1、交易计算表1月.xls","2026-01","苏州市轨道交通集团有限公司","3206622203288","2026-01-31","False","10","02:30","2200","False"
"1、交易计算表1月.xls","2026-01","苏州市轨道交通集团有限公司","3206622203288","2026-01-31","False","11","02:45","2201","False"
"1、交易计算表1月.xls","2026-01","苏州市轨道交通集团有限公司","3206622203288","2026-01-31","False","12","03:00","2200","False"
"1、交易计算表1月.xls","2026-01","苏州市轨道交通集团有限公司","3206622203288","2026-01-31","False","13","03:15","0","False"
"1、交易计算表1月.xls","2026-01","苏州市轨道交通集团有限公司","3206622203288","2026-01-31","False","14","03:30","0","False"
"1、交易计算表1月.xls","2026-01","苏州市轨道交通集团有限公司","3206622203288","2026-01-31","False","15","03:45","0","False"
"1、交易计算表1月.xls","2026-01","苏州市轨道交通集团有限公司","3206622203288","2026-01-31","False","16","04:00","0","False"
"1、交易计算表1月.xls","2026-01","苏州市轨道交通集团有限公司","3206622203288","2026-01-31","False","17","04:15","1100","False"
"1、交易计算表1月.xls","2026-01","苏州市轨道交通集团有限公司","3206622203288","2026-01-31","False","18","04:30","1100","False"
"1、交易计算表1月.xls","2026-01","苏州市轨道交通集团有限公司","3206622203288","2026-01-31","False","19","04:45","1100","False"
"1、交易计算表1月.xls","2026-01","苏州市轨道交通集团有限公司","3206622203288","2026-01-31","False","20","05:00","1100","False"
"1、交易计算表1月.xls","2026-01","苏州市轨道交通集团有限公司","3206622203288","2026-01-31","False","21","05:15","2201","False"
"1、交易计算表1月.xls","2026-01","苏州市轨道交通集团有限公司","3206622203288","2026-01-31","False","22","05:30","2200","False"
"1、交易计算表1月.xls","2026-01","苏州市轨道交通集团有限公司","3206622203288","2026-01-31","False","23","05:45","2201","False"
"1、交易计算表1月.xls","2026-01","苏州市轨道交通集团有限公司","3206622203288","2026-01-31","False","24","06:00","2200","False"
"1、交易计算表1月.xls","2026-01","苏州市轨道交通集团有限公司","3206622203288","2026-01-31","False","25","06:15","1100","False"
"1、交易计算表1月.xls","2026-01","苏州市轨道交通集团有限公司","3206622203288","2026-01-31","False","26","06:30","1101","False"
"1、交易计算表1月.xls","2026-01","苏州市轨道交通集团有限公司","3206622203288","2026-01-31","False","27","06:45","1100","False"
"1、交易计算表1月.xls","2026-01","苏州市轨道交通集团有限公司","3206622203288","2026-01-31","False","28","07:00","1101","False"
"1、交易计算表1月.xls","2026-01","苏州市轨道交通集团有限公司","3206622203288","2026-01-31","False","29","07:15","4401","False"
"1、交易计算表1月.xls","2026-01","苏州市轨道交通集团有限公司","3206622203288","2026-01-31","False","30","07:30","4401","False"
"1、交易计算表1月.xls","2026-01","苏州市轨道交通集团有限公司","3206622203288","2026-01-31","False","31","07:45","4400","False"
"1、交易计算表1月.xls","2026-01","苏州市轨道交通集团有限公司","3206622203288","2026-01-31","False","32","08:00","4401","False"
"1、交易计算表1月.xls","2026-01","苏州市轨道交通集团有限公司","3206622203288","2026-01-31","False","33","08:15","2201","False"
"1、交易计算表1月.xls","2026-01","苏州市轨道交通集团有限公司","3206622203288","2026-01-31","False","34","08:30","2200","False"
"1、交易计算表1月.xls","2026-01","苏州市轨道交通集团有限公司","3206622203288","2026-01-31","False","35","08:45","2201","False"
"1、交易计算表1月.xls","2026-01","苏州市轨道交通集团有限公司","3206622203288","2026-01-31","False","36","09:00","2200","False"
"1、交易计算表1月.xls","2026-01","苏州市轨道交通集团有限公司","3206622203288","2026-01-31","False","37","09:15","3301","False"
"1、交易计算表1月.xls","2026-01","苏州市轨道交通集团有限公司","3206622203288","2026-01-31","False","38","09:30","3301","False"
"1、交易计算表1月.xls","2026-01","苏州市轨道交通集团有限公司","3206622203288","2026-01-31","False","39","09:45","3301","False"
"1、交易计算表1月.xls","2026-01","苏州市轨道交通集团有限公司","3206622203288","2026-01-31","False","40","10:00","3302","False"
"1、交易计算表1月.xls","2026-01","苏州市轨道交通集团有限公司","3206622203288","2026-01-31","False","41","10:15","2200","False"
"1、交易计算表1月.xls","2026-01","苏州市轨道交通集团有限公司","3206622203288","2026-01-31","False","42","10:30","2201","False"
"1、交易计算表1月.xls","2026-01","苏州市轨道交通集团有限公司","3206622203288","2026-01-31","False","43","10:45","2200","False"
"1、交易计算表1月.xls","2026-01","苏州市轨道交通集团有限公司","3206622203288","2026-01-31","False","44","11:00","2200","False"
"1、交易计算表1月.xls","2026-01","苏州市轨道交通集团有限公司","3206622203288","2026-01-31","False","45","11:15","3301","False"
"1、交易计算表1月.xls","2026-01","苏州市轨道交通集团有限公司","3206622203288","2026-01-31","False","46","11:30","3301","False"
"1、交易计算表1月.xls","2026-01","苏州市轨道交通集团有限公司","3206622203288","2026-01-31","False","47","11:45","3301","False"
"1、交易计算表1月.xls","2026-01","苏州市轨道交通集团有限公司","3206622203288","2026-01-31","False","48","12:00","3301","False"
"1、交易计算表1月.xls","2026-01","苏州市轨道交通集团有限公司","3206622203288","2026-01-31","False","49","12:15","3301","False"
"1、交易计算表1月.xls","2026-01","苏州市轨道交通集团有限公司","3206622203288","2026-01-31","False","50","12:30","3301","False"
"1、交易计算表1月.xls","2026-01","苏州市轨道交通集团有限公司","3206622203288","2026-01-31","False","51","12:45","3301","False"
"1、交易计算表1月.xls","2026-01","苏州市轨道交通集团有限公司","3206622203288","2026-01-31","False","52","13:00","3301","False"
"1、交易计算表1月.xls","2026-01","苏州市轨道交通集团有限公司","3206622203288","2026-01-31","False","53","13:15","3300","False"
"1、交易计算表1月.xls","2026-01","苏州市轨道交通集团有限公司","3206622203288","2026-01-31","False","54","13:30","3301","False"
"1、交易计算表1月.xls","2026-01","苏州市轨道交通集团有限公司","3206622203288","2026-01-31","False","55","13:45","3301","False"
"1、交易计算表1月.xls","2026-01","苏州市轨道交通集团有限公司","3206622203288","2026-01-31","False","56","14:00","3301","False"
"1、交易计算表1月.xls","2026-01","苏州市轨道交通集团有限公司","3206622203288","2026-01-31","False","57","14:15","3301","False"
"1、交易计算表1月.xls","2026-01","苏州市轨道交通集团有限公司","3206622203288","2026-01-31","False","58","14:30","3300","False"
"1、交易计算表1月.xls","2026-01","苏州市轨道交通集团有限公司","3206622203288","2026-01-31","False","59","14:45","3300","False"
"1、交易计算表1月.xls","2026-01","苏州市轨道交通集团有限公司","3206622203288","2026-01-31","False","60","15:00","3301","False"
"1、交易计算表1月.xls","2026-01","苏州市轨道交通集团有限公司","3206622203288","2026-01-31","False","61","15:15","3301","False"
"1、交易计算表1月.xls","2026-01","苏州市轨道交通集团有限公司","3206622203288","2026-01-31","False","62","15:30","3301","False"
"1、交易计算表1月.xls","2026-01","苏州市轨道交通集团有限公司","3206622203288","2026-01-31","False","63","15:45","3301","False"
"1、交易计算表1月.xls","2026-01","苏州市轨道交通集团有限公司","3206622203288","2026-01-31","False","64","16:00","3300","False"
"1、交易计算表1月.xls","2026-01","苏州市轨道交通集团有限公司","3206622203288","2026-01-31","False","65","16:15","3301","False"
"1、交易计算表1月.xls","2026-01","苏州市轨道交通集团有限公司","3206622203288","2026-01-31","False","66","16:30","3301","False"
"1、交易计算表1月.xls","2026-01","苏州市轨道交通集团有限公司","3206622203288","2026-01-31","False","67","16:45","3301","False"
"1、交易计算表1月.xls","2026-01","苏州市轨道交通集团有限公司","3206622203288","2026-01-31","False","68","17:00","3302","False"
"1、交易计算表1月.xls","2026-01","苏州市轨道交通集团有限公司","3206622203288","2026-01-31","False","69","17:15","3301","False"
"1、交易计算表1月.xls","2026-01","苏州市轨道交通集团有限公司","3206622203288","2026-01-31","False","70","17:30","3301","False"
"1、交易计算表1月.xls","2026-01","苏州市轨道交通集团有限公司","3206622203288","2026-01-31","False","71","17:45","3301","False"
"1、交易计算表1月.xls","2026-01","苏州市轨道交通集团有限公司","3206622203288","2026-01-31","False","72","18:00","3301","False"
"1、交易计算表1月.xls","2026-01","苏州市轨道交通集团有限公司","3206622203288","2026-01-31","False","73","18:15","2200","False"
"1、交易计算表1月.xls","2026-01","苏州市轨道交通集团有限公司","3206622203288","2026-01-31","False","74","18:30","2200","False"
"1、交易计算表1月.xls","2026-01","苏州市轨道交通集团有限公司","3206622203288","2026-01-31","False","75","18:45","2201","False"
"1、交易计算表1月.xls","2026-01","苏州市轨道交通集团有限公司","3206622203288","2026-01-31","False","76","19:00","2200","False"
"1、交易计算表1月.xls","2026-01","苏州市轨道交通集团有限公司","3206622203288","2026-01-31","False","77","19:15","4401","False"
"1、交易计算表1月.xls","2026-01","苏州市轨道交通集团有限公司","3206622203288","2026-01-31","False","78","19:30","4401","False"
"1、交易计算表1月.xls","2026-01","苏州市轨道交通集团有限公司","3206622203288","2026-01-31","False","79","19:45","4401","False"
"1、交易计算表1月.xls","2026-01","苏州市轨道交通集团有限公司","3206622203288","2026-01-31","False","80","20:00","4401","False"
"1、交易计算表1月.xls","2026-01","苏州市轨道交通集团有限公司","3206622203288","2026-01-31","False","81","20:15","3301","False"
"1、交易计算表1月.xls","2026-01","苏州市轨道交通集团有限公司","3206622203288","2026-01-31","False","82","20:30","3301","False"
"1、交易计算表1月.xls","2026-01","苏州市轨道交通集团有限公司","3206622203288","2026-01-31","False","83","20:45","3301","False"
"1、交易计算表1月.xls","2026-01","苏州市轨道交通集团有限公司","3206622203288","2026-01-31","False","84","21:00","3300","False"
"1、交易计算表1月.xls","2026-01","苏州市轨道交通集团有限公司","3206622203288","2026-01-31","False","85","21:15","2201","False"
"1、交易计算表1月.xls","2026-01","苏州市轨道交通集团有限公司","3206622203288","2026-01-31","False","86","21:30","2200","False"
"1、交易计算表1月.xls","2026-01","苏州市轨道交通集团有限公司","3206622203288","2026-01-31","False","87","21:45","2201","False"
"1、交易计算表1月.xls","2026-01","苏州市轨道交通集团有限公司","3206622203288","2026-01-31","False","88","22:00","2200","False"
"1、交易计算表1月.xls","2026-01","苏州市轨道交通集团有限公司","3206622203288","2026-01-31","False","89","22:15","3301","False"
"1、交易计算表1月.xls","2026-01","苏州市轨道交通集团有限公司","3206622203288","2026-01-31","False","90","22:30","3301","False"
"1、交易计算表1月.xls","2026-01","苏州市轨道交通集团有限公司","3206622203288","2026-01-31","False","91","22:45","3301","False"
"1、交易计算表1月.xls","2026-01","苏州市轨道交通集团有限公司","3206622203288","2026-01-31","False","92","23:00","3301","False"
"1、交易计算表1月.xls","2026-01","苏州市轨道交通集团有限公司","3206622203288","2026-01-31","False","93","23:15","2200","False"
"1、交易计算表1月.xls","2026-01","苏州市轨道交通集团有限公司","3206622203288","2026-01-31","False","94","23:30","2201","False"
"1、交易计算表1月.xls","2026-01","苏州市轨道交通集团有限公司","3206622203288","2026-01-31","False","95","23:45","2200","False"
"1、交易计算表1月.xls","2026-01","苏州市轨道交通集团有限公司","3206622203288","2026-01-31","False","96","24:00","2202","False"
"1、交易计算表1月.xls","2026-01","苏州市轨道交通集团有限公司","3203079734109","2026-01-31","False","1","00:15","442","False"
"1、交易计算表1月.xls","2026-01","苏州市轨道交通集团有限公司","3203079734109","2026-01-31","False","2","00:30","443","False"
"1、交易计算表1月.xls","2026-01","苏州市轨道交通集团有限公司","3203079734109","2026-01-31","False","3","00:45","442","False"
"1、交易计算表1月.xls","2026-01","苏州市轨道交通集团有限公司","3203079734109","2026-01-31","False","4","01:00","445","False"
"1、交易计算表1月.xls","2026-01","苏州市轨道交通集团有限公司","3203079734109","2026-01-31","False","5","01:15","437","False"
"1、交易计算表1月.xls","2026-01","苏州市轨道交通集团有限公司","3203079734109","2026-01-31","False","6","01:30","437","False"
"1、交易计算表1月.xls","2026-01","苏州市轨道交通集团有限公司","3203079734109","2026-01-31","False","7","01:45","439","False"
"1、交易计算表1月.xls","2026-01","苏州市轨道交通集团有限公司","3203079734109","2026-01-31","False","8","02:00","438","False"
"1、交易计算表1月.xls","2026-01","苏州市轨道交通集团有限公司","3203079734109","2026-01-31","False","9","02:15","439","False"
"1、交易计算表1月.xls","2026-01","苏州市轨道交通集团有限公司","3203079734109","2026-01-31","False","10","02:30","441","False"
"1、交易计算表1月.xls","2026-01","苏州市轨道交通集团有限公司","3203079734109","2026-01-31","False","11","02:45","440","False"
"1、交易计算表1月.xls","2026-01","苏州市轨道交通集团有限公司","3203079734109","2026-01-31","False","12","03:00","441","False"
"1、交易计算表1月.xls","2026-01","苏州市轨道交通集团有限公司","3203079734109","2026-01-31","False","13","03:15","449","False"
"1、交易计算表1月.xls","2026-01","苏州市轨道交通集团有限公司","3203079734109","2026-01-31","False","14","03:30","449","False"
"1、交易计算表1月.xls","2026-01","苏州市轨道交通集团有限公司","3203079734109","2026-01-31","False","15","03:45","448","False"
"1、交易计算表1月.xls","2026-01","苏州市轨道交通集团有限公司","3203079734109","2026-01-31","False","16","04:00","449","False"
"1、交易计算表1月.xls","2026-01","苏州市轨道交通集团有限公司","3203079734109","2026-01-31","False","17","04:15","561","False"
"1、交易计算表1月.xls","2026-01","苏州市轨道交通集团有限公司","3203079734109","2026-01-31","False","18","04:30","562","False"
"1、交易计算表1月.xls","2026-01","苏州市轨道交通集团有限公司","3203079734109","2026-01-31","False","19","04:45","562","False"
"1、交易计算表1月.xls","2026-01","苏州市轨道交通集团有限公司","3203079734109","2026-01-31","False","20","05:00","562","False"
"1、交易计算表1月.xls","2026-01","苏州市轨道交通集团有限公司","3203079734109","2026-01-31","False","21","05:15","725","False"
"1、交易计算表1月.xls","2026-01","苏州市轨道交通集团有限公司","3203079734109","2026-01-31","False","22","05:30","728","False"
"1、交易计算表1月.xls","2026-01","苏州市轨道交通集团有限公司","3203079734109","2026-01-31","False","23","05:45","726","False"
"1、交易计算表1月.xls","2026-01","苏州市轨道交通集团有限公司","3203079734109","2026-01-31","False","24","06:00","728","False"
"1、交易计算表1月.xls","2026-01","苏州市轨道交通集团有限公司","3203079734109","2026-01-31","False","25","06:15","1127","False"
"1、交易计算表1月.xls","2026-01","苏州市轨道交通集团有限公司","3203079734109","2026-01-31","False","26","06:30","1130","False"
"1、交易计算表1月.xls","2026-01","苏州市轨道交通集团有限公司","3203079734109","2026-01-31","False","27","06:45","1127","False"
"1、交易计算表1月.xls","2026-01","苏州市轨道交通集团有限公司","3203079734109","2026-01-31","False","28","07:00","1130","False"
"1、交易计算表1月.xls","2026-01","苏州市轨道交通集团有限公司","3203079734109","2026-01-31","False","29","07:15","1205","False"
"1、交易计算表1月.xls","2026-01","苏州市轨道交通集团有限公司","3203079734109","2026-01-31","False","30","07:30","1206","False"
"1、交易计算表1月.xls","2026-01","苏州市轨道交通集团有限公司","3203079734109","2026-01-31","False","31","07:45","1205","False"
"1、交易计算表1月.xls","2026-01","苏州市轨道交通集团有限公司","3203079734109","2026-01-31","False","32","08:00","1207","False"
"1、交易计算表1月.xls","2026-01","苏州市轨道交通集团有限公司","3203079734109","2026-01-31","False","33","08:15","1226","False"
"1、交易计算表1月.xls","2026-01","苏州市轨道交通集团有限公司","3203079734109","2026-01-31","False","34","08:30","1229","False"
"1、交易计算表1月.xls","2026-01","苏州市轨道交通集团有限公司","3203079734109","2026-01-31","False","35","08:45","1227","False"
"1、交易计算表1月.xls","2026-01","苏州市轨道交通集团有限公司","3203079734109","2026-01-31","False","36","09:00","1228","False"
"1、交易计算表1月.xls","2026-01","苏州市轨道交通集团有限公司","3203079734109","2026-01-31","False","37","09:15","1199","False"
"1、交易计算表1月.xls","2026-01","苏州市轨道交通集团有限公司","3203079734109","2026-01-31","False","38","09:30","1202","False"
"1、交易计算表1月.xls","2026-01","苏州市轨道交通集团有限公司","3203079734109","2026-01-31","False","39","09:45","1198","False"
"1、交易计算表1月.xls","2026-01","苏州市轨道交通集团有限公司","3203079734109","2026-01-31","False","40","10:00","1202","False"
"1、交易计算表1月.xls","2026-01","苏州市轨道交通集团有限公司","3203079734109","2026-01-31","False","41","10:15","1196","False"
"1、交易计算表1月.xls","2026-01","苏州市轨道交通集团有限公司","3203079734109","2026-01-31","False","42","10:30","1198","False"
"1、交易计算表1月.xls","2026-01","苏州市轨道交通集团有限公司","3203079734109","2026-01-31","False","43","10:45","1197","False"
"1、交易计算表1月.xls","2026-01","苏州市轨道交通集团有限公司","3203079734109","2026-01-31","False","44","11:00","1199","False"
"1、交易计算表1月.xls","2026-01","苏州市轨道交通集团有限公司","3203079734109","2026-01-31","False","45","11:15","1192","False"
"1、交易计算表1月.xls","2026-01","苏州市轨道交通集团有限公司","3203079734109","2026-01-31","False","46","11:30","1196","False"
"1、交易计算表1月.xls","2026-01","苏州市轨道交通集团有限公司","3203079734109","2026-01-31","False","47","11:45","1194","False"
"1、交易计算表1月.xls","2026-01","苏州市轨道交通集团有限公司","3203079734109","2026-01-31","False","48","12:00","1196","False"
"1、交易计算表1月.xls","2026-01","苏州市轨道交通集团有限公司","3203079734109","2026-01-31","False","49","12:15","1186","False"
"1、交易计算表1月.xls","2026-01","苏州市轨道交通集团有限公司","3203079734109","2026-01-31","False","50","12:30","1186","False"
"1、交易计算表1月.xls","2026-01","苏州市轨道交通集团有限公司","3203079734109","2026-01-31","False","51","12:45","1186","False"
"1、交易计算表1月.xls","2026-01","苏州市轨道交通集团有限公司","3203079734109","2026-01-31","False","52","13:00","1188","False"
"1、交易计算表1月.xls","2026-01","苏州市轨道交通集团有限公司","3203079734109","2026-01-31","False","53","13:15","1193","False"
"1、交易计算表1月.xls","2026-01","苏州市轨道交通集团有限公司","3203079734109","2026-01-31","False","54","13:30","1196","False"
"1、交易计算表1月.xls","2026-01","苏州市轨道交通集团有限公司","3203079734109","2026-01-31","False","55","13:45","1194","False"
"1、交易计算表1月.xls","2026-01","苏州市轨道交通集团有限公司","3203079734109","2026-01-31","False","56","14:00","1195","False"
"1、交易计算表1月.xls","2026-01","苏州市轨道交通集团有限公司","3203079734109","2026-01-31","False","57","14:15","1188","False"
"1、交易计算表1月.xls","2026-01","苏州市轨道交通集团有限公司","3203079734109","2026-01-31","False","58","14:30","1190","False"
"1、交易计算表1月.xls","2026-01","苏州市轨道交通集团有限公司","3203079734109","2026-01-31","False","59","14:45","1188","False"
"1、交易计算表1月.xls","2026-01","苏州市轨道交通集团有限公司","3203079734109","2026-01-31","False","60","15:00","1191","False"
"1、交易计算表1月.xls","2026-01","苏州市轨道交通集团有限公司","3203079734109","2026-01-31","False","61","15:15","1202","False"
"1、交易计算表1月.xls","2026-01","苏州市轨道交通集团有限公司","3203079734109","2026-01-31","False","62","15:30","1203","False"
"1、交易计算表1月.xls","2026-01","苏州市轨道交通集团有限公司","3203079734109","2026-01-31","False","63","15:45","1203","False"
"1、交易计算表1月.xls","2026-01","苏州市轨道交通集团有限公司","3203079734109","2026-01-31","False","64","16:00","1203","False"
"1、交易计算表1月.xls","2026-01","苏州市轨道交通集团有限公司","3203079734109","2026-01-31","False","65","16:15","1194","False"
"1、交易计算表1月.xls","2026-01","苏州市轨道交通集团有限公司","3203079734109","2026-01-31","False","66","16:30","1195","False"
"1、交易计算表1月.xls","2026-01","苏州市轨道交通集团有限公司","3203079734109","2026-01-31","False","67","16:45","1193","False"
"1、交易计算表1月.xls","2026-01","苏州市轨道交通集团有限公司","3203079734109","2026-01-31","False","68","17:00","1197","False"
"1、交易计算表1月.xls","2026-01","苏州市轨道交通集团有限公司","3203079734109","2026-01-31","False","69","17:15","1213","False"
"1、交易计算表1月.xls","2026-01","苏州市轨道交通集团有限公司","3203079734109","2026-01-31","False","70","17:30","1214","False"
"1、交易计算表1月.xls","2026-01","苏州市轨道交通集团有限公司","3203079734109","2026-01-31","False","71","17:45","1213","False"
"1、交易计算表1月.xls","2026-01","苏州市轨道交通集团有限公司","3203079734109","2026-01-31","False","72","18:00","1216","False"
"1、交易计算表1月.xls","2026-01","苏州市轨道交通集团有限公司","3203079734109","2026-01-31","False","73","18:15","1223","False"
"1、交易计算表1月.xls","2026-01","苏州市轨道交通集团有限公司","3203079734109","2026-01-31","False","74","18:30","1226","False"
"1、交易计算表1月.xls","2026-01","苏州市轨道交通集团有限公司","3203079734109","2026-01-31","False","75","18:45","1225","False"
"1、交易计算表1月.xls","2026-01","苏州市轨道交通集团有限公司","3203079734109","2026-01-31","False","76","19:00","1225","False"
"1、交易计算表1月.xls","2026-01","苏州市轨道交通集团有限公司","3203079734109","2026-01-31","False","77","19:15","1293","False"
"1、交易计算表1月.xls","2026-01","苏州市轨道交通集团有限公司","3203079734109","2026-01-31","False","78","19:30","1294","False"
"1、交易计算表1月.xls","2026-01","苏州市轨道交通集团有限公司","3203079734109","2026-01-31","False","79","19:45","1293","False"
"1、交易计算表1月.xls","2026-01","苏州市轨道交通集团有限公司","3203079734109","2026-01-31","False","80","20:00","1295","False"
"1、交易计算表1月.xls","2026-01","苏州市轨道交通集团有限公司","3203079734109","2026-01-31","False","81","20:15","1304","False"
"1、交易计算表1月.xls","2026-01","苏州市轨道交通集团有限公司","3203079734109","2026-01-31","False","82","20:30","1304","False"
"1、交易计算表1月.xls","2026-01","苏州市轨道交通集团有限公司","3203079734109","2026-01-31","False","83","20:45","1306","False"
"1、交易计算表1月.xls","2026-01","苏州市轨道交通集团有限公司","3203079734109","2026-01-31","False","84","21:00","1305","False"
"1、交易计算表1月.xls","2026-01","苏州市轨道交通集团有限公司","3203079734109","2026-01-31","False","85","21:15","1295","False"
"1、交易计算表1月.xls","2026-01","苏州市轨道交通集团有限公司","3203079734109","2026-01-31","False","86","21:30","1297","False"
"1、交易计算表1月.xls","2026-01","苏州市轨道交通集团有限公司","3203079734109","2026-01-31","False","87","21:45","1297","False"
"1、交易计算表1月.xls","2026-01","苏州市轨道交通集团有限公司","3203079734109","2026-01-31","False","88","22:00","1297","False"
"1、交易计算表1月.xls","2026-01","苏州市轨道交通集团有限公司","3203079734109","2026-01-31","False","89","22:15","1207","False"
"1、交易计算表1月.xls","2026-01","苏州市轨道交通集团有限公司","3203079734109","2026-01-31","False","90","22:30","1210","False"
"1、交易计算表1月.xls","2026-01","苏州市轨道交通集团有限公司","3203079734109","2026-01-31","False","91","22:45","1207","False"
"1、交易计算表1月.xls","2026-01","苏州市轨道交通集团有限公司","3203079734109","2026-01-31","False","92","23:00","1210","False"
"1、交易计算表1月.xls","2026-01","苏州市轨道交通集团有限公司","3203079734109","2026-01-31","False","93","23:15","604","False"
"1、交易计算表1月.xls","2026-01","苏州市轨道交通集团有限公司","3203079734109","2026-01-31","False","94","23:30","606","False"
"1、交易计算表1月.xls","2026-01","苏州市轨道交通集团有限公司","3203079734109","2026-01-31","False","95","23:45","605","False"
"1、交易计算表1月.xls","2026-01","苏州市轨道交通集团有限公司","3203079734109","2026-01-31","False","96","24:00","608","False"
"1、交易计算表1月.xls","2026-01","苏州市轨道交通集团有限公司","3203079324608","2026-01-31","False","1","00:15","143","False"
"1、交易计算表1月.xls","2026-01","苏州市轨道交通集团有限公司","3203079324608","2026-01-31","False","2","00:30","143","False"
"1、交易计算表1月.xls","2026-01","苏州市轨道交通集团有限公司","3203079324608","2026-01-31","False","3","00:45","143","False"
"1、交易计算表1月.xls","2026-01","苏州市轨道交通集团有限公司","3203079324608","2026-01-31","False","4","01:00","143","False"
"1、交易计算表1月.xls","2026-01","苏州市轨道交通集团有限公司","3203079324608","2026-01-31","False","5","01:15","143","False"
"1、交易计算表1月.xls","2026-01","苏州市轨道交通集团有限公司","3203079324608","2026-01-31","False","6","01:30","143","False"
"1、交易计算表1月.xls","2026-01","苏州市轨道交通集团有限公司","3203079324608","2026-01-31","False","7","01:45","143","False"
"1、交易计算表1月.xls","2026-01","苏州市轨道交通集团有限公司","3203079324608","2026-01-31","False","8","02:00","143","False"
"1、交易计算表1月.xls","2026-01","苏州市轨道交通集团有限公司","3203079324608","2026-01-31","False","9","02:15","143","False"
"1、交易计算表1月.xls","2026-01","苏州市轨道交通集团有限公司","3203079324608","2026-01-31","False","10","02:30","143","False"
"1、交易计算表1月.xls","2026-01","苏州市轨道交通集团有限公司","3203079324608","2026-01-31","False","11","02:45","143","False"
"1、交易计算表1月.xls","2026-01","苏州市轨道交通集团有限公司","3203079324608","2026-01-31","False","12","03:00","143","False"
"1、交易计算表1月.xls","2026-01","苏州市轨道交通集团有限公司","3203079324608","2026-01-31","False","13","03:15","143","False"
"1、交易计算表1月.xls","2026-01","苏州市轨道交通集团有限公司","3203079324608","2026-01-31","False","14","03:30","143","False"
"1、交易计算表1月.xls","2026-01","苏州市轨道交通集团有限公司","3203079324608","2026-01-31","False","15","03:45","143","False"
"1、交易计算表1月.xls","2026-01","苏州市轨道交通集团有限公司","3203079324608","2026-01-31","False","16","04:00","143","False"
"1、交易计算表1月.xls","2026-01","苏州市轨道交通集团有限公司","3203079324608","2026-01-31","False","17","04:15","142","False"
"1、交易计算表1月.xls","2026-01","苏州市轨道交通集团有限公司","3203079324608","2026-01-31","False","18","04:30","144","False"
"1、交易计算表1月.xls","2026-01","苏州市轨道交通集团有限公司","3203079324608","2026-01-31","False","19","04:45","143","False"
"1、交易计算表1月.xls","2026-01","苏州市轨道交通集团有限公司","3203079324608","2026-01-31","False","20","05:00","144","False"
"1、交易计算表1月.xls","2026-01","苏州市轨道交通集团有限公司","3203079324608","2026-01-31","False","21","05:15","132","False"
"1、交易计算表1月.xls","2026-01","苏州市轨道交通集团有限公司","3203079324608","2026-01-31","False","22","05:30","132","False"
"1、交易计算表1月.xls","2026-01","苏州市轨道交通集团有限公司","3203079324608","2026-01-31","False","23","05:45","132","False"
"1、交易计算表1月.xls","2026-01","苏州市轨道交通集团有限公司","3203079324608","2026-01-31","False","24","06:00","132","False"
"1、交易计算表1月.xls","2026-01","苏州市轨道交通集团有限公司","3203079324608","2026-01-31","False","25","06:15","126","False"
"1、交易计算表1月.xls","2026-01","苏州市轨道交通集团有限公司","3203079324608","2026-01-31","False","26","06:30","127","False"
"1、交易计算表1月.xls","2026-01","苏州市轨道交通集团有限公司","3203079324608","2026-01-31","False","27","06:45","126","False"
"1、交易计算表1月.xls","2026-01","苏州市轨道交通集团有限公司","3203079324608","2026-01-31","False","28","07:00","127","False"
"1、交易计算表1月.xls","2026-01","苏州市轨道交通集团有限公司","3203079324608","2026-01-31","False","29","07:15","126","False"
"1、交易计算表1月.xls","2026-01","苏州市轨道交通集团有限公司","3203079324608","2026-01-31","False","30","07:30","127","False"
"1、交易计算表1月.xls","2026-01","苏州市轨道交通集团有限公司","3203079324608","2026-01-31","False","31","07:45","126","False"
"1、交易计算表1月.xls","2026-01","苏州市轨道交通集团有限公司","3203079324608","2026-01-31","False","32","08:00","127","False"
"1、交易计算表1月.xls","2026-01","苏州市轨道交通集团有限公司","3203079324608","2026-01-31","False","33","08:15","126","False"
"1、交易计算表1月.xls","2026-01","苏州市轨道交通集团有限公司","3203079324608","2026-01-31","False","34","08:30","127","False"
"1、交易计算表1月.xls","2026-01","苏州市轨道交通集团有限公司","3203079324608","2026-01-31","False","35","08:45","126","False"
"1、交易计算表1月.xls","2026-01","苏州市轨道交通集团有限公司","3203079324608","2026-01-31","False","36","09:00","127","False"
"1、交易计算表1月.xls","2026-01","苏州市轨道交通集团有限公司","3203079324608","2026-01-31","False","37","09:15","132","False"
"1、交易计算表1月.xls","2026-01","苏州市轨道交通集团有限公司","3203079324608","2026-01-31","False","38","09:30","132","False"
"1、交易计算表1月.xls","2026-01","苏州市轨道交通集团有限公司","3203079324608","2026-01-31","False","39","09:45","133","False"
"1、交易计算表1月.xls","2026-01","苏州市轨道交通集团有限公司","3203079324608","2026-01-31","False","40","10:00","132","False"
"1、交易计算表1月.xls","2026-01","苏州市轨道交通集团有限公司","3203079324608","2026-01-31","False","41","10:15","131","False"
"1、交易计算表1月.xls","2026-01","苏州市轨道交通集团有限公司","3203079324608","2026-01-31","False","42","10:30","133","False"
"1、交易计算表1月.xls","2026-01","苏州市轨道交通集团有限公司","3203079324608","2026-01-31","False","43","10:45","131","False"
"1、交易计算表1月.xls","2026-01","苏州市轨道交通集团有限公司","3203079324608","2026-01-31","False","44","11:00","133","False"
"1、交易计算表1月.xls","2026-01","苏州市轨道交通集团有限公司","3203079324608","2026-01-31","False","45","11:15","121","False"
"1、交易计算表1月.xls","2026-01","苏州市轨道交通集团有限公司","3203079324608","2026-01-31","False","46","11:30","122","False"
"1、交易计算表1月.xls","2026-01","苏州市轨道交通集团有限公司","3203079324608","2026-01-31","False","47","11:45","121","False"
"1、交易计算表1月.xls","2026-01","苏州市轨道交通集团有限公司","3203079324608","2026-01-31","False","48","12:00","121","False"
"1、交易计算表1月.xls","2026-01","苏州市轨道交通集团有限公司","3203079324608","2026-01-31","False","49","12:15","126","False"
"1、交易计算表1月.xls","2026-01","苏州市轨道交通集团有限公司","3203079324608","2026-01-31","False","50","12:30","127","False"
"1、交易计算表1月.xls","2026-01","苏州市轨道交通集团有限公司","3203079324608","2026-01-31","False","51","12:45","126","False"
"1、交易计算表1月.xls","2026-01","苏州市轨道交通集团有限公司","3203079324608","2026-01-31","False","52","13:00","127","False"
"1、交易计算表1月.xls","2026-01","苏州市轨道交通集团有限公司","3203079324608","2026-01-31","False","53","13:15","126","False"
"1、交易计算表1月.xls","2026-01","苏州市轨道交通集团有限公司","3203079324608","2026-01-31","False","54","13:30","127","False"
"1、交易计算表1月.xls","2026-01","苏州市轨道交通集团有限公司","3203079324608","2026-01-31","False","55","13:45","126","False"
"1、交易计算表1月.xls","2026-01","苏州市轨道交通集团有限公司","3203079324608","2026-01-31","False","56","14:00","127","False"
"1、交易计算表1月.xls","2026-01","苏州市轨道交通集团有限公司","3203079324608","2026-01-31","False","57","14:15","126","False"
"1、交易计算表1月.xls","2026-01","苏州市轨道交通集团有限公司","3203079324608","2026-01-31","False","58","14:30","127","False"
"1、交易计算表1月.xls","2026-01","苏州市轨道交通集团有限公司","3203079324608","2026-01-31","False","59","14:45","127","False"
"1、交易计算表1月.xls","2026-01","苏州市轨道交通集团有限公司","3203079324608","2026-01-31","False","60","15:00","127","False"
"1、交易计算表1月.xls","2026-01","苏州市轨道交通集团有限公司","3203079324608","2026-01-31","False","61","15:15","126","False"
"1、交易计算表1月.xls","2026-01","苏州市轨道交通集团有限公司","3203079324608","2026-01-31","False","62","15:30","127","False"
"1、交易计算表1月.xls","2026-01","苏州市轨道交通集团有限公司","3203079324608","2026-01-31","False","63","15:45","126","False"
"1、交易计算表1月.xls","2026-01","苏州市轨道交通集团有限公司","3203079324608","2026-01-31","False","64","16:00","127","False"
"1、交易计算表1月.xls","2026-01","苏州市轨道交通集团有限公司","3203079324608","2026-01-31","False","65","16:15","121","False"
"1、交易计算表1月.xls","2026-01","苏州市轨道交通集团有限公司","3203079324608","2026-01-31","False","66","16:30","121","False"
"1、交易计算表1月.xls","2026-01","苏州市轨道交通集团有限公司","3203079324608","2026-01-31","False","67","16:45","121","False"
"1、交易计算表1月.xls","2026-01","苏州市轨道交通集团有限公司","3203079324608","2026-01-31","False","68","17:00","121","False"
"1、交易计算表1月.xls","2026-01","苏州市轨道交通集团有限公司","3203079324608","2026-01-31","False","69","17:15","132","False"
"1、交易计算表1月.xls","2026-01","苏州市轨道交通集团有限公司","3203079324608","2026-01-31","False","70","17:30","132","False"
"1、交易计算表1月.xls","2026-01","苏州市轨道交通集团有限公司","3203079324608","2026-01-31","False","71","17:45","132","False"
"1、交易计算表1月.xls","2026-01","苏州市轨道交通集团有限公司","3203079324608","2026-01-31","False","72","18:00","132","False"
"1、交易计算表1月.xls","2026-01","苏州市轨道交通集团有限公司","3203079324608","2026-01-31","False","73","18:15","121","False"
"1、交易计算表1月.xls","2026-01","苏州市轨道交通集团有限公司","3203079324608","2026-01-31","False","74","18:30","121","False"
"1、交易计算表1月.xls","2026-01","苏州市轨道交通集团有限公司","3203079324608","2026-01-31","False","75","18:45","121","False"
"1、交易计算表1月.xls","2026-01","苏州市轨道交通集团有限公司","3203079324608","2026-01-31","False","76","19:00","121","False"
"1、交易计算表1月.xls","2026-01","苏州市轨道交通集团有限公司","3203079324608","2026-01-31","False","77","19:15","137","False"
"1、交易计算表1月.xls","2026-01","苏州市轨道交通集团有限公司","3203079324608","2026-01-31","False","78","19:30","138","False"
"1、交易计算表1月.xls","2026-01","苏州市轨道交通集团有限公司","3203079324608","2026-01-31","False","79","19:45","138","False"
"1、交易计算表1月.xls","2026-01","苏州市轨道交通集团有限公司","3203079324608","2026-01-31","False","80","20:00","138","False"
"1、交易计算表1月.xls","2026-01","苏州市轨道交通集团有限公司","3203079324608","2026-01-31","False","81","20:15","132","False"
"1、交易计算表1月.xls","2026-01","苏州市轨道交通集团有限公司","3203079324608","2026-01-31","False","82","20:30","132","False"
"1、交易计算表1月.xls","2026-01","苏州市轨道交通集团有限公司","3203079324608","2026-01-31","False","83","20:45","132","False"
"1、交易计算表1月.xls","2026-01","苏州市轨道交通集团有限公司","3203079324608","2026-01-31","False","84","21:00","132","False"
"1、交易计算表1月.xls","2026-01","苏州市轨道交通集团有限公司","3203079324608","2026-01-31","False","85","21:15","137","False"
"1、交易计算表1月.xls","2026-01","苏州市轨道交通集团有限公司","3203079324608","2026-01-31","False","86","21:30","138","False"
"1、交易计算表1月.xls","2026-01","苏州市轨道交通集团有限公司","3203079324608","2026-01-31","False","87","21:45","137","False"
"1、交易计算表1月.xls","2026-01","苏州市轨道交通集团有限公司","3203079324608","2026-01-31","False","88","22:00","138","False"
"1、交易计算表1月.xls","2026-01","苏州市轨道交通集团有限公司","3203079324608","2026-01-31","False","89","22:15","137","False"
"1、交易计算表1月.xls","2026-01","苏州市轨道交通集团有限公司","3203079324608","2026-01-31","False","90","22:30","138","False"
"1、交易计算表1月.xls","2026-01","苏州市轨道交通集团有限公司","3203079324608","2026-01-31","False","91","22:45","137","False"
"1、交易计算表1月.xls","2026-01","苏州市轨道交通集团有限公司","3203079324608","2026-01-31","False","92","23:00","138","False"
"1、交易计算表1月.xls","2026-01","苏州市轨道交通集团有限公司","3203079324608","2026-01-31","False","93","23:15","137","False"
"1、交易计算表1月.xls","2026-01","苏州市轨道交通集团有限公司","3203079324608","2026-01-31","False","94","23:30","138","False"
"1、交易计算表1月.xls","2026-01","苏州市轨道交通集团有限公司","3203079324608","2026-01-31","False","95","23:45","137","False"
"1、交易计算表1月.xls","2026-01","苏州市轨道交通集团有限公司","3203079324608","2026-01-31","False","96","24:00","140","False"
"1、交易计算表1月.xls","2026-01","苏州市轨道交通集团有限公司","3206624778403","2026-01-31","False","1","00:15","2201","False"
"1、交易计算表1月.xls","2026-01","苏州市轨道交通集团有限公司","3206624778403","2026-01-31","False","2","00:30","2202","False"
"1、交易计算表1月.xls","2026-01","苏州市轨道交通集团有限公司","3206624778403","2026-01-31","False","3","00:45","2201","False"
"1、交易计算表1月.xls","2026-01","苏州市轨道交通集团有限公司","3206624778403","2026-01-31","False","4","01:00","2202","False"
"1、交易计算表1月.xls","2026-01","苏州市轨道交通集团有限公司","3206624778403","2026-01-31","False","5","01:15","2202","False"
"1、交易计算表1月.xls","2026-01","苏州市轨道交通集团有限公司","3206624778403","2026-01-31","False","6","01:30","2202","False"
"1、交易计算表1月.xls","2026-01","苏州市轨道交通集团有限公司","3206624778403","2026-01-31","False","7","01:45","2201","False"
"1、交易计算表1月.xls","2026-01","苏州市轨道交通集团有限公司","3206624778403","2026-01-31","False","8","02:00","2202","False"
"1、交易计算表1月.xls","2026-01","苏州市轨道交通集团有限公司","3206624778403","2026-01-31","False","9","02:15","0","False"
"1、交易计算表1月.xls","2026-01","苏州市轨道交通集团有限公司","3206624778403","2026-01-31","False","10","02:30","0","False"
"1、交易计算表1月.xls","2026-01","苏州市轨道交通集团有限公司","3206624778403","2026-01-31","False","11","02:45","0","False"
"1、交易计算表1月.xls","2026-01","苏州市轨道交通集团有限公司","3206624778403","2026-01-31","False","12","03:00","0","False"
"1、交易计算表1月.xls","2026-01","苏州市轨道交通集团有限公司","3206624778403","2026-01-31","False","13","03:15","2202","False"
"1、交易计算表1月.xls","2026-01","苏州市轨道交通集团有限公司","3206624778403","2026-01-31","False","14","03:30","2202","False"
"1、交易计算表1月.xls","2026-01","苏州市轨道交通集团有限公司","3206624778403","2026-01-31","False","15","03:45","2201","False"
"1、交易计算表1月.xls","2026-01","苏州市轨道交通集团有限公司","3206624778403","2026-01-31","False","16","04:00","2202","False"
"1、交易计算表1月.xls","2026-01","苏州市轨道交通集团有限公司","3206624778403","2026-01-31","False","17","04:15","1100","False"
"1、交易计算表1月.xls","2026-01","苏州市轨道交通集团有限公司","3206624778403","2026-01-31","False","18","04:30","1101","False"
"1、交易计算表1月.xls","2026-01","苏州市轨道交通集团有限公司","3206624778403","2026-01-31","False","19","04:45","1100","False"
"1、交易计算表1月.xls","2026-01","苏州市轨道交通集团有限公司","3206624778403","2026-01-31","False","20","05:00","1101","False"
"1、交易计算表1月.xls","2026-01","苏州市轨道交通集团有限公司","3206624778403","2026-01-31","False","21","05:15","2202","False"
"1、交易计算表1月.xls","2026-01","苏州市轨道交通集团有限公司","3206624778403","2026-01-31","False","22","05:30","2202","False"
"1、交易计算表1月.xls","2026-01","苏州市轨道交通集团有限公司","3206624778403","2026-01-31","False","23","05:45","2201","False"
"1、交易计算表1月.xls","2026-01","苏州市轨道交通集团有限公司","3206624778403","2026-01-31","False","24","06:00","2202","False"
"1、交易计算表1月.xls","2026-01","苏州市轨道交通集团有限公司","3206624778403","2026-01-31","False","25","06:15","2202","False"
"1、交易计算表1月.xls","2026-01","苏州市轨道交通集团有限公司","3206624778403","2026-01-31","False","26","06:30","2202","False"
"1、交易计算表1月.xls","2026-01","苏州市轨道交通集团有限公司","3206624778403","2026-01-31","False","27","06:45","2201","False"
"1、交易计算表1月.xls","2026-01","苏州市轨道交通集团有限公司","3206624778403","2026-01-31","False","28","07:00","2202","False"
"1、交易计算表1月.xls","2026-01","苏州市轨道交通集团有限公司","3206624778403","2026-01-31","False","29","07:15","4404","False"
"1、交易计算表1月.xls","2026-01","苏州市轨道交通集团有限公司","3206624778403","2026-01-31","False","30","07:30","4403","False"
"1、交易计算表1月.xls","2026-01","苏州市轨道交通集团有限公司","3206624778403","2026-01-31","False","31","07:45","4404","False"
"1、交易计算表1月.xls","2026-01","苏州市轨道交通集团有限公司","3206624778403","2026-01-31","False","32","08:00","4403","False"
"1、交易计算表1月.xls","2026-01","苏州市轨道交通集团有限公司","3206624778403","2026-01-31","False","33","08:15","2202","False"
"1、交易计算表1月.xls","2026-01","苏州市轨道交通集团有限公司","3206624778403","2026-01-31","False","34","08:30","2202","False"
"1、交易计算表1月.xls","2026-01","苏州市轨道交通集团有限公司","3206624778403","2026-01-31","False","35","08:45","2202","False"
"1、交易计算表1月.xls","2026-01","苏州市轨道交通集团有限公司","3206624778403","2026-01-31","False","36","09:00","2201","False"
"1、交易计算表1月.xls","2026-01","苏州市轨道交通集团有限公司","3206624778403","2026-01-31","False","37","09:15","4404","False"
"1、交易计算表1月.xls","2026-01","苏州市轨道交通集团有限公司","3206624778403","2026-01-31","False","38","09:30","4403","False"
"1、交易计算表1月.xls","2026-01","苏州市轨道交通集团有限公司","3206624778403","2026-01-31","False","39","09:45","4404","False"
"1、交易计算表1月.xls","2026-01","苏州市轨道交通集团有限公司","3206624778403","2026-01-31","False","40","10:00","4403","False"
"1、交易计算表1月.xls","2026-01","苏州市轨道交通集团有限公司","3206624778403","2026-01-31","False","41","10:15","3302","False"
"1、交易计算表1月.xls","2026-01","苏州市轨道交通集团有限公司","3206624778403","2026-01-31","False","42","10:30","3303","False"
"1、交易计算表1月.xls","2026-01","苏州市轨道交通集团有限公司","3206624778403","2026-01-31","False","43","10:45","3302","False"
"1、交易计算表1月.xls","2026-01","苏州市轨道交通集团有限公司","3206624778403","2026-01-31","False","44","11:00","3302","False"
"1、交易计算表1月.xls","2026-01","苏州市轨道交通集团有限公司","3206624778403","2026-01-31","False","45","11:15","3304","False"
"1、交易计算表1月.xls","2026-01","苏州市轨道交通集团有限公司","3206624778403","2026-01-31","False","46","11:30","3302","False"
"1、交易计算表1月.xls","2026-01","苏州市轨道交通集团有限公司","3206624778403","2026-01-31","False","47","11:45","3304","False"
"1、交易计算表1月.xls","2026-01","苏州市轨道交通集团有限公司","3206624778403","2026-01-31","False","48","12:00","3302","False"
"1、交易计算表1月.xls","2026-01","苏州市轨道交通集团有限公司","3206624778403","2026-01-31","False","49","12:15","3302","False"
"1、交易计算表1月.xls","2026-01","苏州市轨道交通集团有限公司","3206624778403","2026-01-31","False","50","12:30","3303","False"
"1、交易计算表1月.xls","2026-01","苏州市轨道交通集团有限公司","3206624778403","2026-01-31","False","51","12:45","3302","False"
"1、交易计算表1月.xls","2026-01","苏州市轨道交通集团有限公司","3206624778403","2026-01-31","False","52","13:00","3302","False"
"1、交易计算表1月.xls","2026-01","苏州市轨道交通集团有限公司","3206624778403","2026-01-31","False","53","13:15","4404","False"
"1、交易计算表1月.xls","2026-01","苏州市轨道交通集团有限公司","3206624778403","2026-01-31","False","54","13:30","4404","False"
"1、交易计算表1月.xls","2026-01","苏州市轨道交通集团有限公司","3206624778403","2026-01-31","False","55","13:45","4403","False"
"1、交易计算表1月.xls","2026-01","苏州市轨道交通集团有限公司","3206624778403","2026-01-31","False","56","14:00","4404","False"
"1、交易计算表1月.xls","2026-01","苏州市轨道交通集团有限公司","3206624778403","2026-01-31","False","57","14:15","2201","False"
"1、交易计算表1月.xls","2026-01","苏州市轨道交通集团有限公司","3206624778403","2026-01-31","False","58","14:30","2202","False"
"1、交易计算表1月.xls","2026-01","苏州市轨道交通集团有限公司","3206624778403","2026-01-31","False","59","14:45","2202","False"
"1、交易计算表1月.xls","2026-01","苏州市轨道交通集团有限公司","3206624778403","2026-01-31","False","60","15:00","2202","False"
"1、交易计算表1月.xls","2026-01","苏州市轨道交通集团有限公司","3206624778403","2026-01-31","False","61","15:15","4403","False"
"1、交易计算表1月.xls","2026-01","苏州市轨道交通集团有限公司","3206624778403","2026-01-31","False","62","15:30","4404","False"
"1、交易计算表1月.xls","2026-01","苏州市轨道交通集团有限公司","3206624778403","2026-01-31","False","63","15:45","4403","False"
"1、交易计算表1月.xls","2026-01","苏州市轨道交通集团有限公司","3206624778403","2026-01-31","False","64","16:00","4404","False"
"1、交易计算表1月.xls","2026-01","苏州市轨道交通集团有限公司","3206624778403","2026-01-31","False","65","16:15","3302","False"
"1、交易计算表1月.xls","2026-01","苏州市轨道交通集团有限公司","3206624778403","2026-01-31","False","66","16:30","3304","False"
"1、交易计算表1月.xls","2026-01","苏州市轨道交通集团有限公司","3206624778403","2026-01-31","False","67","16:45","3302","False"
"1、交易计算表1月.xls","2026-01","苏州市轨道交通集团有限公司","3206624778403","2026-01-31","False","68","17:00","3304","False"
"1、交易计算表1月.xls","2026-01","苏州市轨道交通集团有限公司","3206624778403","2026-01-31","False","69","17:15","3302","False"
"1、交易计算表1月.xls","2026-01","苏州市轨道交通集团有限公司","3206624778403","2026-01-31","False","70","17:30","3302","False"
"1、交易计算表1月.xls","2026-01","苏州市轨道交通集团有限公司","3206624778403","2026-01-31","False","71","17:45","3303","False"
"1、交易计算表1月.xls","2026-01","苏州市轨道交通集团有限公司","3206624778403","2026-01-31","False","72","18:00","3302","False"
"1、交易计算表1月.xls","2026-01","苏州市轨道交通集团有限公司","3206624778403","2026-01-31","False","73","18:15","4403","False"
"1、交易计算表1月.xls","2026-01","苏州市轨道交通集团有限公司","3206624778403","2026-01-31","False","74","18:30","4404","False"
"1、交易计算表1月.xls","2026-01","苏州市轨道交通集团有限公司","3206624778403","2026-01-31","False","75","18:45","4403","False"
"1、交易计算表1月.xls","2026-01","苏州市轨道交通集团有限公司","3206624778403","2026-01-31","False","76","19:00","4404","False"
"1、交易计算表1月.xls","2026-01","苏州市轨道交通集团有限公司","3206624778403","2026-01-31","False","77","19:15","2202","False"
"1、交易计算表1月.xls","2026-01","苏州市轨道交通集团有限公司","3206624778403","2026-01-31","False","78","19:30","2201","False"
"1、交易计算表1月.xls","2026-01","苏州市轨道交通集团有限公司","3206624778403","2026-01-31","False","79","19:45","2202","False"
"1、交易计算表1月.xls","2026-01","苏州市轨道交通集团有限公司","3206624778403","2026-01-31","False","80","20:00","2202","False"
"1、交易计算表1月.xls","2026-01","苏州市轨道交通集团有限公司","3206624778403","2026-01-31","False","81","20:15","4403","False"
"1、交易计算表1月.xls","2026-01","苏州市轨道交通集团有限公司","3206624778403","2026-01-31","False","82","20:30","4404","False"
"1、交易计算表1月.xls","2026-01","苏州市轨道交通集团有限公司","3206624778403","2026-01-31","False","83","20:45","4403","False"
"1、交易计算表1月.xls","2026-01","苏州市轨道交通集团有限公司","3206624778403","2026-01-31","False","84","21:00","4404","False"
"1、交易计算表1月.xls","2026-01","苏州市轨道交通集团有限公司","3206624778403","2026-01-31","False","85","21:15","3302","False"
"1、交易计算表1月.xls","2026-01","苏州市轨道交通集团有限公司","3206624778403","2026-01-31","False","86","21:30","3302","False"
"1、交易计算表1月.xls","2026-01","苏州市轨道交通集团有限公司","3206624778403","2026-01-31","False","87","21:45","3302","False"
"1、交易计算表1月.xls","2026-01","苏州市轨道交通集团有限公司","3206624778403","2026-01-31","False","88","22:00","3303","False"
"1、交易计算表1月.xls","2026-01","苏州市轨道交通集团有限公司","3206624778403","2026-01-31","False","89","22:15","3303","False"
"1、交易计算表1月.xls","2026-01","苏州市轨道交通集团有限公司","3206624778403","2026-01-31","False","90","22:30","3303","False"
"1、交易计算表1月.xls","2026-01","苏州市轨道交通集团有限公司","3206624778403","2026-01-31","False","91","22:45","3303","False"
"1、交易计算表1月.xls","2026-01","苏州市轨道交通集团有限公司","3206624778403","2026-01-31","False","92","23:00","3303","False"
"1、交易计算表1月.xls","2026-01","苏州市轨道交通集团有限公司","3206624778403","2026-01-31","False","93","23:15","3302","False"
"1、交易计算表1月.xls","2026-01","苏州市轨道交通集团有限公司","3206624778403","2026-01-31","False","94","23:30","3302","False"
"1、交易计算表1月.xls","2026-01","苏州市轨道交通集团有限公司","3206624778403","2026-01-31","False","95","23:45","3302","False"
"1、交易计算表1月.xls","2026-01","苏州市轨道交通集团有限公司","3206624778403","2026-01-31","False","96","24:00","3304","False"
"1、交易计算表1月.xls","2026-01","苏州市轨道交通集团有限公司","3206624942389","2026-01-31","False","1","00:15","4","False"
"1、交易计算表1月.xls","2026-01","苏州市轨道交通集团有限公司","3206624942389","2026-01-31","False","2","00:30","5","False"
"1、交易计算表1月.xls","2026-01","苏州市轨道交通集团有限公司","3206624942389","2026-01-31","False","3","00:45","4","False"
"1、交易计算表1月.xls","2026-01","苏州市轨道交通集团有限公司","3206624942389","2026-01-31","False","4","01:00","5","False"
"1、交易计算表1月.xls","2026-01","苏州市轨道交通集团有限公司","3206624942389","2026-01-31","False","5","01:15","4","False"
"1、交易计算表1月.xls","2026-01","苏州市轨道交通集团有限公司","3206624942389","2026-01-31","False","6","01:30","4","False"
"1、交易计算表1月.xls","2026-01","苏州市轨道交通集团有限公司","3206624942389","2026-01-31","False","7","01:45","4","False"
"1、交易计算表1月.xls","2026-01","苏州市轨道交通集团有限公司","3206624942389","2026-01-31","False","8","02:00","4","False"
"1、交易计算表1月.xls","2026-01","苏州市轨道交通集团有限公司","3206624942389","2026-01-31","False","9","02:15","4","False"
"1、交易计算表1月.xls","2026-01","苏州市轨道交通集团有限公司","3206624942389","2026-01-31","False","10","02:30","4","False"
"1、交易计算表1月.xls","2026-01","苏州市轨道交通集团有限公司","3206624942389","2026-01-31","False","11","02:45","5","False"
"1、交易计算表1月.xls","2026-01","苏州市轨道交通集团有限公司","3206624942389","2026-01-31","False","12","03:00","5","False"
"1、交易计算表1月.xls","2026-01","苏州市轨道交通集团有限公司","3206624942389","2026-01-31","False","13","03:15","6","False"
"1、交易计算表1月.xls","2026-01","苏州市轨道交通集团有限公司","3206624942389","2026-01-31","False","14","03:30","7","False"
"1、交易计算表1月.xls","2026-01","苏州市轨道交通集团有限公司","3206624942389","2026-01-31","False","15","03:45","7","False"
"1、交易计算表1月.xls","2026-01","苏州市轨道交通集团有限公司","3206624942389","2026-01-31","False","16","04:00","7","False"
"1、交易计算表1月.xls","2026-01","苏州市轨道交通集团有限公司","3206624942389","2026-01-31","False","17","04:15","6","False"
"1、交易计算表1月.xls","2026-01","苏州市轨道交通集团有限公司","3206624942389","2026-01-31","False","18","04:30","7","False"
"1、交易计算表1月.xls","2026-01","苏州市轨道交通集团有限公司","3206624942389","2026-01-31","False","19","04:45","6","False"
"1、交易计算表1月.xls","2026-01","苏州市轨道交通集团有限公司","3206624942389","2026-01-31","False","20","05:00","8","False"
"1、交易计算表1月.xls","2026-01","苏州市轨道交通集团有限公司","3206624942389","2026-01-31","False","21","05:15","4","False"
"1、交易计算表1月.xls","2026-01","苏州市轨道交通集团有限公司","3206624942389","2026-01-31","False","22","05:30","6","False"
"1、交易计算表1月.xls","2026-01","苏州市轨道交通集团有限公司","3206624942389","2026-01-31","False","23","05:45","5","False"
"1、交易计算表1月.xls","2026-01","苏州市轨道交通集团有限公司","3206624942389","2026-01-31","False","24","06:00","5","False"
"1、交易计算表1月.xls","2026-01","苏州市轨道交通集团有限公司","3206624942389","2026-01-31","False","25","06:15","4","False"
"1、交易计算表1月.xls","2026-01","苏州市轨道交通集团有限公司","3206624942389","2026-01-31","False","26","06:30","5","False"
"1、交易计算表1月.xls","2026-01","苏州市轨道交通集团有限公司","3206624942389","2026-01-31","False","27","06:45","4","False"
"1、交易计算表1月.xls","2026-01","苏州市轨道交通集团有限公司","3206624942389","2026-01-31","False","28","07:00","5","False"
"1、交易计算表1月.xls","2026-01","苏州市轨道交通集团有限公司","3206624942389","2026-01-31","False","29","07:15","3","False"
"1、交易计算表1月.xls","2026-01","苏州市轨道交通集团有限公司","3206624942389","2026-01-31","False","30","07:30","3","False"
"1、交易计算表1月.xls","2026-01","苏州市轨道交通集团有限公司","3206624942389","2026-01-31","False","31","07:45","3","False"
"1、交易计算表1月.xls","2026-01","苏州市轨道交通集团有限公司","3206624942389","2026-01-31","False","32","08:00","5","False"
"1、交易计算表1月.xls","2026-01","苏州市轨道交通集团有限公司","3206624942389","2026-01-31","False","33","08:15","5","False"
"1、交易计算表1月.xls","2026-01","苏州市轨道交通集团有限公司","3206624942389","2026-01-31","False","34","08:30","5","False"
"1、交易计算表1月.xls","2026-01","苏州市轨道交通集团有限公司","3206624942389","2026-01-31","False","35","08:45","5","False"
"1、交易计算表1月.xls","2026-01","苏州市轨道交通集团有限公司","3206624942389","2026-01-31","False","36","09:00","5","False"
"1、交易计算表1月.xls","2026-01","苏州市轨道交通集团有限公司","3206624942389","2026-01-31","False","37","09:15","6","False"
"1、交易计算表1月.xls","2026-01","苏州市轨道交通集团有限公司","3206624942389","2026-01-31","False","38","09:30","7","False"
"1、交易计算表1月.xls","2026-01","苏州市轨道交通集团有限公司","3206624942389","2026-01-31","False","39","09:45","7","False"
"1、交易计算表1月.xls","2026-01","苏州市轨道交通集团有限公司","3206624942389","2026-01-31","False","40","10:00","8","False"
"1、交易计算表1月.xls","2026-01","苏州市轨道交通集团有限公司","3206624942389","2026-01-31","False","41","10:15","4","False"
"1、交易计算表1月.xls","2026-01","苏州市轨道交通集团有限公司","3206624942389","2026-01-31","False","42","10:30","5","False"
"1、交易计算表1月.xls","2026-01","苏州市轨道交通集团有限公司","3206624942389","2026-01-31","False","43","10:45","6","False"
"1、交易计算表1月.xls","2026-01","苏州市轨道交通集团有限公司","3206624942389","2026-01-31","False","44","11:00","5","False"
"1、交易计算表1月.xls","2026-01","苏州市轨道交通集团有限公司","3206624942389","2026-01-31","False","45","11:15","3","False"
"1、交易计算表1月.xls","2026-01","苏州市轨道交通集团有限公司","3206624942389","2026-01-31","False","46","11:30","4","False"
"1、交易计算表1月.xls","2026-01","苏州市轨道交通集团有限公司","3206624942389","2026-01-31","False","47","11:45","4","False"
"1、交易计算表1月.xls","2026-01","苏州市轨道交通集团有限公司","3206624942389","2026-01-31","False","48","12:00","4","False"
"1、交易计算表1月.xls","2026-01","苏州市轨道交通集团有限公司","3206624942389","2026-01-31","False","49","12:15","5","False"
"1、交易计算表1月.xls","2026-01","苏州市轨道交通集团有限公司","3206624942389","2026-01-31","False","50","12:30","5","False"
"1、交易计算表1月.xls","2026-01","苏州市轨道交通集团有限公司","3206624942389","2026-01-31","False","51","12:45","5","False"
"1、交易计算表1月.xls","2026-01","苏州市轨道交通集团有限公司","3206624942389","2026-01-31","False","52","13:00","5","False"
"1、交易计算表1月.xls","2026-01","苏州市轨道交通集团有限公司","3206624942389","2026-01-31","False","53","13:15","4","False"
"1、交易计算表1月.xls","2026-01","苏州市轨道交通集团有限公司","3206624942389","2026-01-31","False","54","13:30","6","False"
"1、交易计算表1月.xls","2026-01","苏州市轨道交通集团有限公司","3206624942389","2026-01-31","False","55","13:45","4","False"
"1、交易计算表1月.xls","2026-01","苏州市轨道交通集团有限公司","3206624942389","2026-01-31","False","56","14:00","5","False"
"1、交易计算表1月.xls","2026-01","苏州市轨道交通集团有限公司","3206624942389","2026-01-31","False","57","14:15","4","False"
"1、交易计算表1月.xls","2026-01","苏州市轨道交通集团有限公司","3206624942389","2026-01-31","False","58","14:30","4","False"
"1、交易计算表1月.xls","2026-01","苏州市轨道交通集团有限公司","3206624942389","2026-01-31","False","59","14:45","4","False"
"1、交易计算表1月.xls","2026-01","苏州市轨道交通集团有限公司","3206624942389","2026-01-31","False","60","15:00","4","False"
"1、交易计算表1月.xls","2026-01","苏州市轨道交通集团有限公司","3206624942389","2026-01-31","False","61","15:15","5","False"
"1、交易计算表1月.xls","2026-01","苏州市轨道交通集团有限公司","3206624942389","2026-01-31","False","62","15:30","7","False"
"1、交易计算表1月.xls","2026-01","苏州市轨道交通集团有限公司","3206624942389","2026-01-31","False","63","15:45","6","False"
"1、交易计算表1月.xls","2026-01","苏州市轨道交通集团有限公司","3206624942389","2026-01-31","False","64","16:00","7","False"
"1、交易计算表1月.xls","2026-01","苏州市轨道交通集团有限公司","3206624942389","2026-01-31","False","65","16:15","7","False"
"1、交易计算表1月.xls","2026-01","苏州市轨道交通集团有限公司","3206624942389","2026-01-31","False","66","16:30","8","False"
"1、交易计算表1月.xls","2026-01","苏州市轨道交通集团有限公司","3206624942389","2026-01-31","False","67","16:45","7","False"
"1、交易计算表1月.xls","2026-01","苏州市轨道交通集团有限公司","3206624942389","2026-01-31","False","68","17:00","8","False"
"1、交易计算表1月.xls","2026-01","苏州市轨道交通集团有限公司","3206624942389","2026-01-31","False","69","17:15","3","False"
"1、交易计算表1月.xls","2026-01","苏州市轨道交通集团有限公司","3206624942389","2026-01-31","False","70","17:30","4","False"
"1、交易计算表1月.xls","2026-01","苏州市轨道交通集团有限公司","3206624942389","2026-01-31","False","71","17:45","3","False"
"1、交易计算表1月.xls","2026-01","苏州市轨道交通集团有限公司","3206624942389","2026-01-31","False","72","18:00","4","False"
"1、交易计算表1月.xls","2026-01","苏州市轨道交通集团有限公司","3206624942389","2026-01-31","False","73","18:15","4","False"
"1、交易计算表1月.xls","2026-01","苏州市轨道交通集团有限公司","3206624942389","2026-01-31","False","74","18:30","5","False"
"1、交易计算表1月.xls","2026-01","苏州市轨道交通集团有限公司","3206624942389","2026-01-31","False","75","18:45","5","False"
"1、交易计算表1月.xls","2026-01","苏州市轨道交通集团有限公司","3206624942389","2026-01-31","False","76","19:00","5","False"
"1、交易计算表1月.xls","2026-01","苏州市轨道交通集团有限公司","3206624942389","2026-01-31","False","77","19:15","4","False"
"1、交易计算表1月.xls","2026-01","苏州市轨道交通集团有限公司","3206624942389","2026-01-31","False","78","19:30","4","False"
"1、交易计算表1月.xls","2026-01","苏州市轨道交通集团有限公司","3206624942389","2026-01-31","False","79","19:45","4","False"
"1、交易计算表1月.xls","2026-01","苏州市轨道交通集团有限公司","3206624942389","2026-01-31","False","80","20:00","4","False"
"1、交易计算表1月.xls","2026-01","苏州市轨道交通集团有限公司","3206624942389","2026-01-31","False","81","20:15","4","False"
"1、交易计算表1月.xls","2026-01","苏州市轨道交通集团有限公司","3206624942389","2026-01-31","False","82","20:30","5","False"
"1、交易计算表1月.xls","2026-01","苏州市轨道交通集团有限公司","3206624942389","2026-01-31","False","83","20:45","6","False"
"1、交易计算表1月.xls","2026-01","苏州市轨道交通集团有限公司","3206624942389","2026-01-31","False","84","21:00","5","False"
"1、交易计算表1月.xls","2026-01","苏州市轨道交通集团有限公司","3206624942389","2026-01-31","False","85","21:15","9","False"
"1、交易计算表1月.xls","2026-01","苏州市轨道交通集团有限公司","3206624942389","2026-01-31","False","86","21:30","10","False"
"1、交易计算表1月.xls","2026-01","苏州市轨道交通集团有限公司","3206624942389","2026-01-31","False","87","21:45","9","False"
"1、交易计算表1月.xls","2026-01","苏州市轨道交通集团有限公司","3206624942389","2026-01-31","False","88","22:00","10","False"
"1、交易计算表1月.xls","2026-01","苏州市轨道交通集团有限公司","3206624942389","2026-01-31","False","89","22:15","8","False"
"1、交易计算表1月.xls","2026-01","苏州市轨道交通集团有限公司","3206624942389","2026-01-31","False","90","22:30","8","False"
"1、交易计算表1月.xls","2026-01","苏州市轨道交通集团有限公司","3206624942389","2026-01-31","False","91","22:45","8","False"
"1、交易计算表1月.xls","2026-01","苏州市轨道交通集团有限公司","3206624942389","2026-01-31","False","92","23:00","8","False"
"1、交易计算表1月.xls","2026-01","苏州市轨道交通集团有限公司","3206624942389","2026-01-31","False","93","23:15","7","False"
"1、交易计算表1月.xls","2026-01","苏州市轨道交通集团有限公司","3206624942389","2026-01-31","False","94","23:30","7","False"
"1、交易计算表1月.xls","2026-01","苏州市轨道交通集团有限公司","3206624942389","2026-01-31","False","95","23:45","7","False"
"1、交易计算表1月.xls","2026-01","苏州市轨道交通集团有限公司","3206624942389","2026-01-31","False","96","24:00","9","False"
"1、交易计算表1月.xls","2026-01","苏州市轨道交通集团有限公司","3203080388854","2026-01-31","False","1","00:15","206","False"
"1、交易计算表1月.xls","2026-01","苏州市轨道交通集团有限公司","3203080388854","2026-01-31","False","2","00:30","206","False"
"1、交易计算表1月.xls","2026-01","苏州市轨道交通集团有限公司","3203080388854","2026-01-31","False","3","00:45","206","False"
"1、交易计算表1月.xls","2026-01","苏州市轨道交通集团有限公司","3203080388854","2026-01-31","False","4","01:00","206","False"
"1、交易计算表1月.xls","2026-01","苏州市轨道交通集团有限公司","3203080388854","2026-01-31","False","5","01:15","199","False"
"1、交易计算表1月.xls","2026-01","苏州市轨道交通集团有限公司","3203080388854","2026-01-31","False","6","01:30","199","False"
"1、交易计算表1月.xls","2026-01","苏州市轨道交通集团有限公司","3203080388854","2026-01-31","False","7","01:45","199","False"
"1、交易计算表1月.xls","2026-01","苏州市轨道交通集团有限公司","3203080388854","2026-01-31","False","8","02:00","201","False"
"1、交易计算表1月.xls","2026-01","苏州市轨道交通集团有限公司","3203080388854","2026-01-31","False","9","02:15","199","False"
"1、交易计算表1月.xls","2026-01","苏州市轨道交通集团有限公司","3203080388854","2026-01-31","False","10","02:30","199","False"
"1、交易计算表1月.xls","2026-01","苏州市轨道交通集团有限公司","3203080388854","2026-01-31","False","11","02:45","199","False"
"1、交易计算表1月.xls","2026-01","苏州市轨道交通集团有限公司","3203080388854","2026-01-31","False","12","03:00","200","False"
"1、交易计算表1月.xls","2026-01","苏州市轨道交通集团有限公司","3203080388854","2026-01-31","False","13","03:15","199","False"
"1、交易计算表1月.xls","2026-01","苏州市轨道交通集团有限公司","3203080388854","2026-01-31","False","14","03:30","200","False"
"1、交易计算表1月.xls","2026-01","苏州市轨道交通集团有限公司","3203080388854","2026-01-31","False","15","03:45","199","False"
"1、交易计算表1月.xls","2026-01","苏州市轨道交通集团有限公司","3203080388854","2026-01-31","False","16","04:00","201","False"
"1、交易计算表1月.xls","2026-01","苏州市轨道交通集团有限公司","3203080388854","2026-01-31","False","17","04:15","213","False"
"1、交易计算表1月.xls","2026-01","苏州市轨道交通集团有限公司","3203080388854","2026-01-31","False","18","04:30","213","False"
"1、交易计算表1月.xls","2026-01","苏州市轨道交通集团有限公司","3203080388854","2026-01-31","False","19","04:45","213","False"
"1、交易计算表1月.xls","2026-01","苏州市轨道交通集团有限公司","3203080388854","2026-01-31","False","20","05:00","214","False"
"1、交易计算表1月.xls","2026-01","苏州市轨道交通集团有限公司","3203080388854","2026-01-31","False","21","05:15","282","False"
"1、交易计算表1月.xls","2026-01","苏州市轨道交通集团有限公司","3203080388854","2026-01-31","False","22","05:30","282","False"
"1、交易计算表1月.xls","2026-01","苏州市轨道交通集团有限公司","3203080388854","2026-01-31","False","23","05:45","282","False"
"1、交易计算表1月.xls","2026-01","苏州市轨道交通集团有限公司","3203080388854","2026-01-31","False","24","06:00","282","False"
"1、交易计算表1月.xls","2026-01","苏州市轨道交通集团有限公司","3203080388854","2026-01-31","False","25","06:15","489","False"
"1、交易计算表1月.xls","2026-01","苏州市轨道交通集团有限公司","3203080388854","2026-01-31","False","26","06:30","488","False"
"1、交易计算表1月.xls","2026-01","苏州市轨道交通集团有限公司","3203080388854","2026-01-31","False","27","06:45","488","False"
"1、交易计算表1月.xls","2026-01","苏州市轨道交通集团有限公司","3203080388854","2026-01-31","False","28","07:00","489","False"
"1、交易计算表1月.xls","2026-01","苏州市轨道交通集团有限公司","3203080388854","2026-01-31","False","29","07:15","584","False"
"1、交易计算表1月.xls","2026-01","苏州市轨道交通集团有限公司","3203080388854","2026-01-31","False","30","07:30","585","False"
"1、交易计算表1月.xls","2026-01","苏州市轨道交通集团有限公司","3203080388854","2026-01-31","False","31","07:45","585","False"
"1、交易计算表1月.xls","2026-01","苏州市轨道交通集团有限公司","3203080388854","2026-01-31","False","32","08:00","585","False"
"1、交易计算表1月.xls","2026-01","苏州市轨道交通集团有限公司","3203080388854","2026-01-31","False","33","08:15","591","False"
"1、交易计算表1月.xls","2026-01","苏州市轨道交通集团有限公司","3203080388854","2026-01-31","False","34","08:30","591","False"
"1、交易计算表1月.xls","2026-01","苏州市轨道交通集团有限公司","3203080388854","2026-01-31","False","35","08:45","592","False"
"1、交易计算表1月.xls","2026-01","苏州市轨道交通集团有限公司","3203080388854","2026-01-31","False","36","09:00","592","False"
"1、交易计算表1月.xls","2026-01","苏州市轨道交通集团有限公司","3203080388854","2026-01-31","False","37","09:15","625","False"
"1、交易计算表1月.xls","2026-01","苏州市轨道交通集团有限公司","3203080388854","2026-01-31","False","38","09:30","626","False"
"1、交易计算表1月.xls","2026-01","苏州市轨道交通集团有限公司","3203080388854","2026-01-31","False","39","09:45","626","False"
"1、交易计算表1月.xls","2026-01","苏州市轨道交通集团有限公司","3203080388854","2026-01-31","False","40","10:00","627","False"
"1、交易计算表1月.xls","2026-01","苏州市轨道交通集团有限公司","3203080388854","2026-01-31","False","41","10:15","659","False"
"1、交易计算表1月.xls","2026-01","苏州市轨道交通集团有限公司","3203080388854","2026-01-31","False","42","10:30","660","False"
"1、交易计算表1月.xls","2026-01","苏州市轨道交通集团有限公司","3203080388854","2026-01-31","False","43","10:45","661","False"
"1、交易计算表1月.xls","2026-01","苏州市轨道交通集团有限公司","3203080388854","2026-01-31","False","44","11:00","661","False"
"1、交易计算表1月.xls","2026-01","苏州市轨道交通集团有限公司","3203080388854","2026-01-31","False","45","11:15","661","False"
"1、交易计算表1月.xls","2026-01","苏州市轨道交通集团有限公司","3203080388854","2026-01-31","False","46","11:30","660","False"
"1、交易计算表1月.xls","2026-01","苏州市轨道交通集团有限公司","3203080388854","2026-01-31","False","47","11:45","660","False"
"1、交易计算表1月.xls","2026-01","苏州市轨道交通集团有限公司","3203080388854","2026-01-31","False","48","12:00","662","False"
"1、交易计算表1月.xls","2026-01","苏州市轨道交通集团有限公司","3203080388854","2026-01-31","False","49","12:15","652","False"
"1、交易计算表1月.xls","2026-01","苏州市轨道交通集团有限公司","3203080388854","2026-01-31","False","50","12:30","654","False"
"1、交易计算表1月.xls","2026-01","苏州市轨道交通集团有限公司","3203080388854","2026-01-31","False","51","12:45","653","False"
"1、交易计算表1月.xls","2026-01","苏州市轨道交通集团有限公司","3203080388854","2026-01-31","False","52","13:00","654","False"
"1、交易计算表1月.xls","2026-01","苏州市轨道交通集团有限公司","3203080388854","2026-01-31","False","53","13:15","659","False"
"1、交易计算表1月.xls","2026-01","苏州市轨道交通集团有限公司","3203080388854","2026-01-31","False","54","13:30","661","False"
"1、交易计算表1月.xls","2026-01","苏州市轨道交通集团有限公司","3203080388854","2026-01-31","False","55","13:45","661","False"
"1、交易计算表1月.xls","2026-01","苏州市轨道交通集团有限公司","3203080388854","2026-01-31","False","56","14:00","661","False"
"1、交易计算表1月.xls","2026-01","苏州市轨道交通集团有限公司","3203080388854","2026-01-31","False","57","14:15","645","False"
"1、交易计算表1月.xls","2026-01","苏州市轨道交通集团有限公司","3203080388854","2026-01-31","False","58","14:30","647","False"
"1、交易计算表1月.xls","2026-01","苏州市轨道交通集团有限公司","3203080388854","2026-01-31","False","59","14:45","647","False"
"1、交易计算表1月.xls","2026-01","苏州市轨道交通集团有限公司","3203080388854","2026-01-31","False","60","15:00","648","False"
"1、交易计算表1月.xls","2026-01","苏州市轨道交通集团有限公司","3203080388854","2026-01-31","False","61","15:15","652","False"
"1、交易计算表1月.xls","2026-01","苏州市轨道交通集团有限公司","3203080388854","2026-01-31","False","62","15:30","653","False"
"1、交易计算表1月.xls","2026-01","苏州市轨道交通集团有限公司","3203080388854","2026-01-31","False","63","15:45","653","False"
"1、交易计算表1月.xls","2026-01","苏州市轨道交通集团有限公司","3203080388854","2026-01-31","False","64","16:00","654","False"
"1、交易计算表1月.xls","2026-01","苏州市轨道交通集团有限公司","3203080388854","2026-01-31","False","65","16:15","655","False"
"1、交易计算表1月.xls","2026-01","苏州市轨道交通集团有限公司","3203080388854","2026-01-31","False","66","16:30","653","False"
"1、交易计算表1月.xls","2026-01","苏州市轨道交通集团有限公司","3203080388854","2026-01-31","False","67","16:45","653","False"
"1、交易计算表1月.xls","2026-01","苏州市轨道交通集团有限公司","3203080388854","2026-01-31","False","68","17:00","654","False"
"1、交易计算表1月.xls","2026-01","苏州市轨道交通集团有限公司","3203080388854","2026-01-31","False","69","17:15","666","False"
"1、交易计算表1月.xls","2026-01","苏州市轨道交通集团有限公司","3203080388854","2026-01-31","False","70","17:30","669","False"
"1、交易计算表1月.xls","2026-01","苏州市轨道交通集团有限公司","3203080388854","2026-01-31","False","71","17:45","666","False"
"1、交易计算表1月.xls","2026-01","苏州市轨道交通集团有限公司","3203080388854","2026-01-31","False","72","18:00","668","False"
"1、交易计算表1月.xls","2026-01","苏州市轨道交通集团有限公司","3203080388854","2026-01-31","False","73","18:15","659","False"
"1、交易计算表1月.xls","2026-01","苏州市轨道交通集团有限公司","3203080388854","2026-01-31","False","74","18:30","661","False"
"1、交易计算表1月.xls","2026-01","苏州市轨道交通集团有限公司","3203080388854","2026-01-31","False","75","18:45","660","False"
"1、交易计算表1月.xls","2026-01","苏州市轨道交通集团有限公司","3203080388854","2026-01-31","False","76","19:00","662","False"
"1、交易计算表1月.xls","2026-01","苏州市轨道交通集团有限公司","3203080388854","2026-01-31","False","77","19:15","625","False"
"1、交易计算表1月.xls","2026-01","苏州市轨道交通集团有限公司","3203080388854","2026-01-31","False","78","19:30","626","False"
"1、交易计算表1月.xls","2026-01","苏州市轨道交通集团有限公司","3203080388854","2026-01-31","False","79","19:45","626","False"
"1、交易计算表1月.xls","2026-01","苏州市轨道交通集团有限公司","3203080388854","2026-01-31","False","80","20:00","627","False"
"1、交易计算表1月.xls","2026-01","苏州市轨道交通集团有限公司","3203080388854","2026-01-31","False","81","20:15","631","False"
"1、交易计算表1月.xls","2026-01","苏州市轨道交通集团有限公司","3203080388854","2026-01-31","False","82","20:30","634","False"
"1、交易计算表1月.xls","2026-01","苏州市轨道交通集团有限公司","3203080388854","2026-01-31","False","83","20:45","633","False"
"1、交易计算表1月.xls","2026-01","苏州市轨道交通集团有限公司","3203080388854","2026-01-31","False","84","21:00","633","False"
"1、交易计算表1月.xls","2026-01","苏州市轨道交通集团有限公司","3203080388854","2026-01-31","False","85","21:15","612","False"
"1、交易计算表1月.xls","2026-01","苏州市轨道交通集团有限公司","3203080388854","2026-01-31","False","86","21:30","612","False"
"1、交易计算表1月.xls","2026-01","苏州市轨道交通集团有限公司","3203080388854","2026-01-31","False","87","21:45","612","False"
"1、交易计算表1月.xls","2026-01","苏州市轨道交通集团有限公司","3203080388854","2026-01-31","False","88","22:00","614","False"
"1、交易计算表1月.xls","2026-01","苏州市轨道交通集团有限公司","3203080388854","2026-01-31","False","89","22:15","569","False"
"1、交易计算表1月.xls","2026-01","苏州市轨道交通集团有限公司","3203080388854","2026-01-31","False","90","22:30","572","False"
"1、交易计算表1月.xls","2026-01","苏州市轨道交通集团有限公司","3203080388854","2026-01-31","False","91","22:45","571","False"
"1、交易计算表1月.xls","2026-01","苏州市轨道交通集团有限公司","3203080388854","2026-01-31","False","92","23:00","571","False"
"1、交易计算表1月.xls","2026-01","苏州市轨道交通集团有限公司","3203080388854","2026-01-31","False","93","23:15","295","False"
"1、交易计算表1月.xls","2026-01","苏州市轨道交通集团有限公司","3203080388854","2026-01-31","False","94","23:30","295","False"
"1、交易计算表1月.xls","2026-01","苏州市轨道交通集团有限公司","3203080388854","2026-01-31","False","95","23:45","295","False"
"1、交易计算表1月.xls","2026-01","苏州市轨道交通集团有限公司","3203080388854","2026-01-31","False","96","24:00","301","False"
"1、交易计算表1月.xls","2026-01","苏州市轨道交通集团有限公司","3206622203295","2026-01-31","False","1","00:15","1652","False"
"1、交易计算表1月.xls","2026-01","苏州市轨道交通集团有限公司","3206622203295","2026-01-31","False","2","00:30","1652","False"
"1、交易计算表1月.xls","2026-01","苏州市轨道交通集团有限公司","3206622203295","2026-01-31","False","3","00:45","1653","False"
"1、交易计算表1月.xls","2026-01","苏州市轨道交通集团有限公司","3206622203295","2026-01-31","False","4","01:00","1652","False"
"1、交易计算表1月.xls","2026-01","苏州市轨道交通集团有限公司","3206622203295","2026-01-31","False","5","01:15","683","False"
"1、交易计算表1月.xls","2026-01","苏州市轨道交通集团有限公司","3206622203295","2026-01-31","False","6","01:30","682","False"
"1、交易计算表1月.xls","2026-01","苏州市轨道交通集团有限公司","3206622203295","2026-01-31","False","7","01:45","683","False"
"1、交易计算表1月.xls","2026-01","苏州市轨道交通集团有限公司","3206622203295","2026-01-31","False","8","02:00","683","False"
"1、交易计算表1月.xls","2026-01","苏州市轨道交通集团有限公司","3206622203295","2026-01-31","False","9","02:15","1597","False"
"1、交易计算表1月.xls","2026-01","苏州市轨道交通集团有限公司","3206622203295","2026-01-31","False","10","02:30","1598","False"
"1、交易计算表1月.xls","2026-01","苏州市轨道交通集团有限公司","3206622203295","2026-01-31","False","11","02:45","1598","False"
"1、交易计算表1月.xls","2026-01","苏州市轨道交通集团有限公司","3206622203295","2026-01-31","False","12","03:00","1597","False"
"1、交易计算表1月.xls","2026-01","苏州市轨道交通集团有限公司","3206622203295","2026-01-31","False","13","03:15","451","False"
"1、交易计算表1月.xls","2026-01","苏州市轨道交通集团有限公司","3206622203295","2026-01-31","False","14","03:30","451","False"
"1、交易计算表1月.xls","2026-01","苏州市轨道交通集团有限公司","3206622203295","2026-01-31","False","15","03:45","451","False"
"1、交易计算表1月.xls","2026-01","苏州市轨道交通集团有限公司","3206622203295","2026-01-31","False","16","04:00","451","False"
"1、交易计算表1月.xls","2026-01","苏州市轨道交通集团有限公司","3206622203295","2026-01-31","False","17","04:15","1741","False"
"1、交易计算表1月.xls","2026-01","苏州市轨道交通集团有限公司","3206622203295","2026-01-31","False","18","04:30","1741","False"
"1、交易计算表1月.xls","2026-01","苏州市轨道交通集团有限公司","3206622203295","2026-01-31","False","19","04:45","1741","False"
"1、交易计算表1月.xls","2026-01","苏州市轨道交通集团有限公司","3206622203295","2026-01-31","False","20","05:00","1741","False"
"1、交易计算表1月.xls","2026-01","苏州市轨道交通集团有限公司","3206622203295","2026-01-31","False","21","05:15","1851","False"
"1、交易计算表1月.xls","2026-01","苏州市轨道交通集团有限公司","3206622203295","2026-01-31","False","22","05:30","1850","False"
"1、交易计算表1月.xls","2026-01","苏州市轨道交通集团有限公司","3206622203295","2026-01-31","False","23","05:45","1851","False"
"1、交易计算表1月.xls","2026-01","苏州市轨道交通集团有限公司","3206622203295","2026-01-31","False","24","06:00","1852","False"
"1、交易计算表1月.xls","2026-01","苏州市轨道交通集团有限公司","3206622203295","2026-01-31","False","25","06:15","2061","False"
"1、交易计算表1月.xls","2026-01","苏州市轨道交通集团有限公司","3206622203295","2026-01-31","False","26","06:30","2060","False"
"1、交易计算表1月.xls","2026-01","苏州市轨道交通集团有限公司","3206622203295","2026-01-31","False","27","06:45","2060","False"
"1、交易计算表1月.xls","2026-01","苏州市轨道交通集团有限公司","3206622203295","2026-01-31","False","28","07:00","2061","False"
"1、交易计算表1月.xls","2026-01","苏州市轨道交通集团有限公司","3206622203295","2026-01-31","False","29","07:15","2148","False"
"1、交易计算表1月.xls","2026-01","苏州市轨道交通集团有限公司","3206622203295","2026-01-31","False","30","07:30","2150","False"
"1、交易计算表1月.xls","2026-01","苏州市轨道交通集团有限公司","3206622203295","2026-01-31","False","31","07:45","2149","False"
"1、交易计算表1月.xls","2026-01","苏州市轨道交通集团有限公司","3206622203295","2026-01-31","False","32","08:00","2148","False"
"1、交易计算表1月.xls","2026-01","苏州市轨道交通集团有限公司","3206622203295","2026-01-31","False","33","08:15","2248","False"
"1、交易计算表1月.xls","2026-01","苏州市轨道交通集团有限公司","3206622203295","2026-01-31","False","34","08:30","2248","False"
"1、交易计算表1月.xls","2026-01","苏州市轨道交通集团有限公司","3206622203295","2026-01-31","False","35","08:45","2249","False"
"1、交易计算表1月.xls","2026-01","苏州市轨道交通集团有限公司","3206622203295","2026-01-31","False","36","09:00","2248","False"
"1、交易计算表1月.xls","2026-01","苏州市轨道交通集团有限公司","3206622203295","2026-01-31","False","37","09:15","2292","False"
"1、交易计算表1月.xls","2026-01","苏州市轨道交通集团有限公司","3206622203295","2026-01-31","False","38","09:30","2292","False"
"1、交易计算表1月.xls","2026-01","苏州市轨道交通集团有限公司","3206622203295","2026-01-31","False","39","09:45","2292","False"
"1、交易计算表1月.xls","2026-01","苏州市轨道交通集团有限公司","3206622203295","2026-01-31","False","40","10:00","2293","False"
"1、交易计算表1月.xls","2026-01","苏州市轨道交通集团有限公司","3206622203295","2026-01-31","False","41","10:15","2347","False"
"1、交易计算表1月.xls","2026-01","苏州市轨道交通集团有限公司","3206622203295","2026-01-31","False","42","10:30","2347","False"
"1、交易计算表1月.xls","2026-01","苏州市轨道交通集团有限公司","3206622203295","2026-01-31","False","43","10:45","2347","False"
"1、交易计算表1月.xls","2026-01","苏州市轨道交通集团有限公司","3206622203295","2026-01-31","False","44","11:00","2347","False"
"1、交易计算表1月.xls","2026-01","苏州市轨道交通集团有限公司","3206622203295","2026-01-31","False","45","11:15","3427","False"
"1、交易计算表1月.xls","2026-01","苏州市轨道交通集团有限公司","3206622203295","2026-01-31","False","46","11:30","3426","False"
"1、交易计算表1月.xls","2026-01","苏州市轨道交通集团有限公司","3206622203295","2026-01-31","False","47","11:45","3426","False"
"1、交易计算表1月.xls","2026-01","苏州市轨道交通集团有限公司","3206622203295","2026-01-31","False","48","12:00","3427","False"
"1、交易计算表1月.xls","2026-01","苏州市轨道交通集团有限公司","3206622203295","2026-01-31","False","49","12:15","2336","False"
"1、交易计算表1月.xls","2026-01","苏州市轨道交通集团有限公司","3206622203295","2026-01-31","False","50","12:30","2336","False"
"1、交易计算表1月.xls","2026-01","苏州市轨道交通集团有限公司","3206622203295","2026-01-31","False","51","12:45","2337","False"
"1、交易计算表1月.xls","2026-01","苏州市轨道交通集团有限公司","3206622203295","2026-01-31","False","52","13:00","2337","False"
"1、交易计算表1月.xls","2026-01","苏州市轨道交通集团有限公司","3206622203295","2026-01-31","False","53","13:15","2325","False"
"1、交易计算表1月.xls","2026-01","苏州市轨道交通集团有限公司","3206622203295","2026-01-31","False","54","13:30","2325","False"
"1、交易计算表1月.xls","2026-01","苏州市轨道交通集团有限公司","3206622203295","2026-01-31","False","55","13:45","2325","False"
"1、交易计算表1月.xls","2026-01","苏州市轨道交通集团有限公司","3206622203295","2026-01-31","False","56","14:00","2325","False"
"1、交易计算表1月.xls","2026-01","苏州市轨道交通集团有限公司","3206622203295","2026-01-31","False","57","14:15","2347","False"
"1、交易计算表1月.xls","2026-01","苏州市轨道交通集团有限公司","3206622203295","2026-01-31","False","58","14:30","2348","False"
"1、交易计算表1月.xls","2026-01","苏州市轨道交通集团有限公司","3206622203295","2026-01-31","False","59","14:45","2347","False"
"1、交易计算表1月.xls","2026-01","苏州市轨道交通集团有限公司","3206622203295","2026-01-31","False","60","15:00","2347","False"
"1、交易计算表1月.xls","2026-01","苏州市轨道交通集团有限公司","3206622203295","2026-01-31","False","61","15:15","2336","False"
"1、交易计算表1月.xls","2026-01","苏州市轨道交通集团有限公司","3206622203295","2026-01-31","False","62","15:30","2337","False"
"1、交易计算表1月.xls","2026-01","苏州市轨道交通集团有限公司","3206622203295","2026-01-31","False","63","15:45","2337","False"
"1、交易计算表1月.xls","2026-01","苏州市轨道交通集团有限公司","3206622203295","2026-01-31","False","64","16:00","2336","False"
"1、交易计算表1月.xls","2026-01","苏州市轨道交通集团有限公司","3206622203295","2026-01-31","False","65","16:15","2358","False"
"1、交易计算表1月.xls","2026-01","苏州市轨道交通集团有限公司","3206622203295","2026-01-31","False","66","16:30","2358","False"
"1、交易计算表1月.xls","2026-01","苏州市轨道交通集团有限公司","3206622203295","2026-01-31","False","67","16:45","2358","False"
"1、交易计算表1月.xls","2026-01","苏州市轨道交通集团有限公司","3206622203295","2026-01-31","False","68","17:00","2359","False"
"1、交易计算表1月.xls","2026-01","苏州市轨道交通集团有限公司","3206622203295","2026-01-31","False","69","17:15","3448","False"
"1、交易计算表1月.xls","2026-01","苏州市轨道交通集团有限公司","3206622203295","2026-01-31","False","70","17:30","3448","False"
"1、交易计算表1月.xls","2026-01","苏州市轨道交通集团有限公司","3206622203295","2026-01-31","False","71","17:45","3450","False"
"1、交易计算表1月.xls","2026-01","苏州市轨道交通集团有限公司","3206622203295","2026-01-31","False","72","18:00","3448","False"
"1、交易计算表1月.xls","2026-01","苏州市轨道交通集团有限公司","3206622203295","2026-01-31","False","73","18:15","2368","False"
"1、交易计算表1月.xls","2026-01","苏州市轨道交通集团有限公司","3206622203295","2026-01-31","False","74","18:30","2368","False"
"1、交易计算表1月.xls","2026-01","苏州市轨道交通集团有限公司","3206622203295","2026-01-31","False","75","18:45","2369","False"
"1、交易计算表1月.xls","2026-01","苏州市轨道交通集团有限公司","3206622203295","2026-01-31","False","76","19:00","2368","False"
"1、交易计算表1月.xls","2026-01","苏州市轨道交通集团有限公司","3206622203295","2026-01-31","False","77","19:15","2248","False"
"1、交易计算表1月.xls","2026-01","苏州市轨道交通集团有限公司","3206622203295","2026-01-31","False","78","19:30","2248","False"
"1、交易计算表1月.xls","2026-01","苏州市轨道交通集团有限公司","3206622203295","2026-01-31","False","79","19:45","2248","False"
"1、交易计算表1月.xls","2026-01","苏州市轨道交通集团有限公司","3206622203295","2026-01-31","False","80","20:00","2249","False"
"1、交易计算表1月.xls","2026-01","苏州市轨道交通集团有限公司","3206622203295","2026-01-31","False","81","20:15","2237","False"
"1、交易计算表1月.xls","2026-01","苏州市轨道交通集团有限公司","3206622203295","2026-01-31","False","82","20:30","2237","False"
"1、交易计算表1月.xls","2026-01","苏州市轨道交通集团有限公司","3206622203295","2026-01-31","False","83","20:45","2236","False"
"1、交易计算表1月.xls","2026-01","苏州市轨道交通集团有限公司","3206622203295","2026-01-31","False","84","21:00","2237","False"
"1、交易计算表1月.xls","2026-01","苏州市轨道交通集团有限公司","3206622203295","2026-01-31","False","85","21:15","2149","False"
"1、交易计算表1月.xls","2026-01","苏州市轨道交通集团有限公司","3206622203295","2026-01-31","False","86","21:30","2149","False"
"1、交易计算表1月.xls","2026-01","苏州市轨道交通集团有限公司","3206622203295","2026-01-31","False","87","21:45","2149","False"
"1、交易计算表1月.xls","2026-01","苏州市轨道交通集团有限公司","3206622203295","2026-01-31","False","88","22:00","2149","False"
"1、交易计算表1月.xls","2026-01","苏州市轨道交通集团有限公司","3206622203295","2026-01-31","False","89","22:15","2049","False"
"1、交易计算表1月.xls","2026-01","苏州市轨道交通集团有限公司","3206622203295","2026-01-31","False","90","22:30","2049","False"
"1、交易计算表1月.xls","2026-01","苏州市轨道交通集团有限公司","3206622203295","2026-01-31","False","91","22:45","2051","False"
"1、交易计算表1月.xls","2026-01","苏州市轨道交通集团有限公司","3206622203295","2026-01-31","False","92","23:00","2049","False"
"1、交易计算表1月.xls","2026-01","苏州市轨道交通集团有限公司","3206622203295","2026-01-31","False","93","23:15","1939","False"
"1、交易计算表1月.xls","2026-01","苏州市轨道交通集团有限公司","3206622203295","2026-01-31","False","94","23:30","1939","False"
"1、交易计算表1月.xls","2026-01","苏州市轨道交通集团有限公司","3206622203295","2026-01-31","False","95","23:45","1939","False"
"1、交易计算表1月.xls","2026-01","苏州市轨道交通集团有限公司","3206622203295","2026-01-31","False","96","24:00","1905","False"
"1、交易计算表1月.xls","2026-01","总","","2026-01-31","True","1","00:15","11754","False"
"1、交易计算表1月.xls","2026-01","总","","2026-01-31","True","2","00:30","11760","False"
"1、交易计算表1月.xls","2026-01","总","","2026-01-31","True","3","00:45","11760","False"
"1、交易计算表1月.xls","2026-01","总","","2026-01-31","True","4","01:00","11762","False"
"1、交易计算表1月.xls","2026-01","总","","2026-01-31","True","5","01:15","8614","False"
"1、交易计算表1月.xls","2026-01","总","","2026-01-31","True","6","01:30","8614","False"
"1、交易计算表1月.xls","2026-01","总","","2026-01-31","True","7","01:45","8617","False"
"1、交易计算表1月.xls","2026-01","总","","2026-01-31","True","8","02:00","8616","False"
"1、交易计算表1月.xls","2026-01","总","","2026-01-31","True","9","02:15","7228","False"
"1、交易计算表1月.xls","2026-01","总","","2026-01-31","True","10","02:30","7232","False"
"1、交易计算表1月.xls","2026-01","总","","2026-01-31","True","11","02:45","7232","False"
"1、交易计算表1月.xls","2026-01","总","","2026-01-31","True","12","03:00","7233","False"
"1、交易计算表1月.xls","2026-01","总","","2026-01-31","True","13","03:15","7491","False"
"1、交易计算表1月.xls","2026-01","总","","2026-01-31","True","14","03:30","7492","False"
"1、交易计算表1月.xls","2026-01","总","","2026-01-31","True","15","03:45","7488","False"
"1、交易计算表1月.xls","2026-01","总","","2026-01-31","True","16","04:00","7493","False"
"1、交易计算表1月.xls","2026-01","总","","2026-01-31","True","17","04:15","9038","False"
"1、交易计算表1月.xls","2026-01","总","","2026-01-31","True","18","04:30","9046","False"
"1、交易计算表1月.xls","2026-01","总","","2026-01-31","True","19","04:45","9041","False"
"1、交易计算表1月.xls","2026-01","总","","2026-01-31","True","20","05:00","9047","False"
"1、交易计算表1月.xls","2026-01","总","","2026-01-31","True","21","05:15","13467","False"
"1、交易计算表1月.xls","2026-01","总","","2026-01-31","True","22","05:30","13470","False"
"1、交易计算表1月.xls","2026-01","总","","2026-01-31","True","23","05:45","13468","False"
"1、交易计算表1月.xls","2026-01","总","","2026-01-31","True","24","06:00","13471","False"
"1、交易计算表1月.xls","2026-01","总","","2026-01-31","True","25","06:15","15789","False"
"1、交易计算表1月.xls","2026-01","总","","2026-01-31","True","26","06:30","15790","False"
"1、交易计算表1月.xls","2026-01","总","","2026-01-31","True","27","06:45","15786","False"
"1、交易计算表1月.xls","2026-01","总","","2026-01-31","True","28","07:00","15791","False"
"1、交易计算表1月.xls","2026-01","总","","2026-01-31","True","29","07:15","23824","False"
"1、交易计算表1月.xls","2026-01","总","","2026-01-31","True","30","07:30","23826","False"
"1、交易计算表1月.xls","2026-01","总","","2026-01-31","True","31","07:45","23822","False"
"1、交易计算表1月.xls","2026-01","总","","2026-01-31","True","32","08:00","23830","False"
"1、交易计算表1月.xls","2026-01","总","","2026-01-31","True","33","08:15","17474","False"
"1、交易计算表1月.xls","2026-01","总","","2026-01-31","True","34","08:30","17479","False"
"1、交易计算表1月.xls","2026-01","总","","2026-01-31","True","35","08:45","17478","False"
"1、交易计算表1月.xls","2026-01","总","","2026-01-31","True","36","09:00","17477","False"
"1、交易计算表1月.xls","2026-01","总","","2026-01-31","True","37","09:15","22239","False"
"1、交易计算表1月.xls","2026-01","总","","2026-01-31","True","38","09:30","22244","False"
"1、交易计算表1月.xls","2026-01","总","","2026-01-31","True","39","09:45","22242","False"
"1、交易计算表1月.xls","2026-01","总","","2026-01-31","True","40","10:00","22246","False"
"1、交易计算表1月.xls","2026-01","总","","2026-01-31","True","41","10:15","20987","False"
"1、交易计算表1月.xls","2026-01","总","","2026-01-31","True","42","10:30","20996","False"
"1、交易计算表1月.xls","2026-01","总","","2026-01-31","True","43","10:45","20994","False"
"1、交易计算表1月.xls","2026-01","总","","2026-01-31","True","44","11:00","20998","False"
"1、交易计算表1月.xls","2026-01","总","","2026-01-31","True","45","11:15","20815","False"
"1、交易计算表1月.xls","2026-01","总","","2026-01-31","True","46","11:30","20815","False"
"1、交易计算表1月.xls","2026-01","总","","2026-01-31","True","47","11:45","20814","False"
"1、交易计算表1月.xls","2026-01","总","","2026-01-31","True","48","12:00","20819","False"
"1、交易计算表1月.xls","2026-01","总","","2026-01-31","True","49","12:15","20955","False"
"1、交易计算表1月.xls","2026-01","总","","2026-01-31","True","50","12:30","20963","False"
"1、交易计算表1月.xls","2026-01","总","","2026-01-31","True","51","12:45","20957","False"
"1、交易计算表1月.xls","2026-01","总","","2026-01-31","True","52","13:00","20966","False"
"1、交易计算表1月.xls","2026-01","总","","2026-01-31","True","53","13:15","22992","False"
"1、交易计算表1月.xls","2026-01","总","","2026-01-31","True","54","13:30","23005","False"
"1、交易计算表1月.xls","2026-01","总","","2026-01-31","True","55","13:45","22998","False"
"1、交易计算表1月.xls","2026-01","总","","2026-01-31","True","56","14:00","23004","False"
"1、交易计算表1月.xls","2026-01","总","","2026-01-31","True","57","14:15","19692","False"
"1、交易计算表1月.xls","2026-01","总","","2026-01-31","True","58","14:30","19705","False"
"1、交易计算表1月.xls","2026-01","总","","2026-01-31","True","59","14:45","19695","False"
"1、交易计算表1月.xls","2026-01","总","","2026-01-31","True","60","15:00","19706","False"
"1、交易计算表1月.xls","2026-01","总","","2026-01-31","True","61","15:15","22039","False"
"1、交易计算表1月.xls","2026-01","总","","2026-01-31","True","62","15:30","22050","False"
"1、交易计算表1月.xls","2026-01","总","","2026-01-31","True","63","15:45","22042","False"
"1、交易计算表1月.xls","2026-01","总","","2026-01-31","True","64","16:00","22050","False"
"1、交易计算表1月.xls","2026-01","总","","2026-01-31","True","65","16:15","22007","False"
"1、交易计算表1月.xls","2026-01","总","","2026-01-31","True","66","16:30","22014","False"
"1、交易计算表1月.xls","2026-01","总","","2026-01-31","True","67","16:45","22007","False"
"1、交易计算表1月.xls","2026-01","总","","2026-01-31","True","68","17:00","22019","False"
"1、交易计算表1月.xls","2026-01","总","","2026-01-31","True","69","17:15","22573","False"
"1、交易计算表1月.xls","2026-01","总","","2026-01-31","True","70","17:30","22584","False"
"1、交易计算表1月.xls","2026-01","总","","2026-01-31","True","71","17:45","22576","False"
"1、交易计算表1月.xls","2026-01","总","","2026-01-31","True","72","18:00","22584","False"
"1、交易计算表1月.xls","2026-01","总","","2026-01-31","True","73","18:15","22083","False"
"1、交易计算表1月.xls","2026-01","总","","2026-01-31","True","74","18:30","22091","False"
"1、交易计算表1月.xls","2026-01","总","","2026-01-31","True","75","18:45","22088","False"
"1、交易计算表1月.xls","2026-01","总","","2026-01-31","True","76","19:00","22093","False"
"1、交易计算表1月.xls","2026-01","总","","2026-01-31","True","77","19:15","20372","False"
"1、交易计算表1月.xls","2026-01","总","","2026-01-31","True","78","19:30","20380","False"
"1、交易计算表1月.xls","2026-01","总","","2026-01-31","True","79","19:45","20375","False"
"1、交易计算表1月.xls","2026-01","总","","2026-01-31","True","80","20:00","20383","False"
"1、交易计算表1月.xls","2026-01","总","","2026-01-31","True","81","20:15","22433","False"
"1、交易计算表1月.xls","2026-01","总","","2026-01-31","True","82","20:30","22442","False"
"1、交易计算表1月.xls","2026-01","总","","2026-01-31","True","83","20:45","22437","False"
"1、交易计算表1月.xls","2026-01","总","","2026-01-31","True","84","21:00","22444","False"
"1、交易计算表1月.xls","2026-01","总","","2026-01-31","True","85","21:15","19393","False"
"1、交易计算表1月.xls","2026-01","总","","2026-01-31","True","86","21:30","19399","False"
"1、交易计算表1月.xls","2026-01","总","","2026-01-31","True","87","21:45","19397","False"
"1、交易计算表1月.xls","2026-01","总","","2026-01-31","True","88","22:00","19405","False"
"1、交易计算表1月.xls","2026-01","总","","2026-01-31","True","89","22:15","20517","False"
"1、交易计算表1月.xls","2026-01","总","","2026-01-31","True","90","22:30","20527","False"
"1、交易计算表1月.xls","2026-01","总","","2026-01-31","True","91","22:45","20520","False"
"1、交易计算表1月.xls","2026-01","总","","2026-01-31","True","92","23:00","20526","False"
"1、交易计算表1月.xls","2026-01","总","","2026-01-31","True","93","23:15","15508","False"
"1、交易计算表1月.xls","2026-01","总","","2026-01-31","True","94","23:30","15519","False"
"1、交易计算表1月.xls","2026-01","总","","2026-01-31","True","95","23:45","15509","False"
"1、交易计算表1月.xls","2026-01","总","","2026-01-31","True","96","24:00","15504","False"
"1、交易计算表2月.xls","2026-02","苏州市轨道交通集团有限公司","3203079167484","2026-02-28","False","1","00:15","1067","False"
"1、交易计算表2月.xls","2026-02","苏州市轨道交通集团有限公司","3203079167484","2026-02-28","False","2","00:30","1067","False"
"1、交易计算表2月.xls","2026-02","苏州市轨道交通集团有限公司","3203079167484","2026-02-28","False","3","00:45","1067","False"
"1、交易计算表2月.xls","2026-02","苏州市轨道交通集团有限公司","3203079167484","2026-02-28","False","4","01:00","1067","False"
"1、交易计算表2月.xls","2026-02","苏州市轨道交通集团有限公司","3203079167484","2026-02-28","False","5","01:15","979","False"
"1、交易计算表2月.xls","2026-02","苏州市轨道交通集团有限公司","3203079167484","2026-02-28","False","6","01:30","979","False"
"1、交易计算表2月.xls","2026-02","苏州市轨道交通集团有限公司","3203079167484","2026-02-28","False","7","01:45","979","False"
"1、交易计算表2月.xls","2026-02","苏州市轨道交通集团有限公司","3203079167484","2026-02-28","False","8","02:00","979","False"
"1、交易计算表2月.xls","2026-02","苏州市轨道交通集团有限公司","3203079167484","2026-02-28","False","9","02:15","841","False"
"1、交易计算表2月.xls","2026-02","苏州市轨道交通集团有限公司","3203079167484","2026-02-28","False","10","02:30","842","False"
"1、交易计算表2月.xls","2026-02","苏州市轨道交通集团有限公司","3203079167484","2026-02-28","False","11","02:45","841","False"
"1、交易计算表2月.xls","2026-02","苏州市轨道交通集团有限公司","3203079167484","2026-02-28","False","12","03:00","842","False"
"1、交易计算表2月.xls","2026-02","苏州市轨道交通集团有限公司","3203079167484","2026-02-28","False","13","03:15","863","False"
"1、交易计算表2月.xls","2026-02","苏州市轨道交通集团有限公司","3203079167484","2026-02-28","False","14","03:30","864","False"
"1、交易计算表2月.xls","2026-02","苏州市轨道交通集团有限公司","3203079167484","2026-02-28","False","15","03:45","864","False"
"1、交易计算表2月.xls","2026-02","苏州市轨道交通集团有限公司","3203079167484","2026-02-28","False","16","04:00","864","False"
"1、交易计算表2月.xls","2026-02","苏州市轨道交通集团有限公司","3203079167484","2026-02-28","False","17","04:15","968","False"
"1、交易计算表2月.xls","2026-02","苏州市轨道交通集团有限公司","3203079167484","2026-02-28","False","18","04:30","968","False"
"1、交易计算表2月.xls","2026-02","苏州市轨道交通集团有限公司","3203079167484","2026-02-28","False","19","04:45","968","False"
"1、交易计算表2月.xls","2026-02","苏州市轨道交通集团有限公司","3203079167484","2026-02-28","False","20","05:00","968","False"
"1、交易计算表2月.xls","2026-02","苏州市轨道交通集团有限公司","3203079167484","2026-02-28","False","21","05:15","1144","False"
"1、交易计算表2月.xls","2026-02","苏州市轨道交通集团有限公司","3203079167484","2026-02-28","False","22","05:30","1144","False"
"1、交易计算表2月.xls","2026-02","苏州市轨道交通集团有限公司","3203079167484","2026-02-28","False","23","05:45","1144","False"
"1、交易计算表2月.xls","2026-02","苏州市轨道交通集团有限公司","3203079167484","2026-02-28","False","24","06:00","1144","False"
"1、交易计算表2月.xls","2026-02","苏州市轨道交通集团有限公司","3203079167484","2026-02-28","False","25","06:15","1397","False"
"1、交易计算表2月.xls","2026-02","苏州市轨道交通集团有限公司","3203079167484","2026-02-28","False","26","06:30","1398","False"
"1、交易计算表2月.xls","2026-02","苏州市轨道交通集团有限公司","3203079167484","2026-02-28","False","27","06:45","1397","False"
"1、交易计算表2月.xls","2026-02","苏州市轨道交通集团有限公司","3203079167484","2026-02-28","False","28","07:00","1397","False"
"1、交易计算表2月.xls","2026-02","苏州市轨道交通集团有限公司","3203079167484","2026-02-28","False","29","07:15","2029","False"
"1、交易计算表2月.xls","2026-02","苏州市轨道交通集团有限公司","3203079167484","2026-02-28","False","30","07:30","2030","False"
"1、交易计算表2月.xls","2026-02","苏州市轨道交通集团有限公司","3203079167484","2026-02-28","False","31","07:45","2029","False"
"1、交易计算表2月.xls","2026-02","苏州市轨道交通集团有限公司","3203079167484","2026-02-28","False","32","08:00","2031","False"
"1、交易计算表2月.xls","2026-02","苏州市轨道交通集团有限公司","3203079167484","2026-02-28","False","33","08:15","2046","False"
"1、交易计算表2月.xls","2026-02","苏州市轨道交通集团有限公司","3203079167484","2026-02-28","False","34","08:30","2046","False"
"1、交易计算表2月.xls","2026-02","苏州市轨道交通集团有限公司","3203079167484","2026-02-28","False","35","08:45","2046","False"
"1、交易计算表2月.xls","2026-02","苏州市轨道交通集团有限公司","3203079167484","2026-02-28","False","36","09:00","2046","False"
"1、交易计算表2月.xls","2026-02","苏州市轨道交通集团有限公司","3203079167484","2026-02-28","False","37","09:15","1617","False"
"1、交易计算表2月.xls","2026-02","苏州市轨道交通集团有限公司","3203079167484","2026-02-28","False","38","09:30","1618","False"
"1、交易计算表2月.xls","2026-02","苏州市轨道交通集团有限公司","3203079167484","2026-02-28","False","39","09:45","1617","False"
"1、交易计算表2月.xls","2026-02","苏州市轨道交通集团有限公司","3203079167484","2026-02-28","False","40","10:00","1617","False"
"1、交易计算表2月.xls","2026-02","苏州市轨道交通集团有限公司","3203079167484","2026-02-28","False","41","10:15","2211","False"
"1、交易计算表2月.xls","2026-02","苏州市轨道交通集团有限公司","3203079167484","2026-02-28","False","42","10:30","2211","False"
"1、交易计算表2月.xls","2026-02","苏州市轨道交通集团有限公司","3203079167484","2026-02-28","False","43","10:45","2212","False"
"1、交易计算表2月.xls","2026-02","苏州市轨道交通集团有限公司","3203079167484","2026-02-28","False","44","11:00","2211","False"
"1、交易计算表2月.xls","2026-02","苏州市轨道交通集团有限公司","3203079167484","2026-02-28","False","45","11:15","1595","False"
"1、交易计算表2月.xls","2026-02","苏州市轨道交通集团有限公司","3203079167484","2026-02-28","False","46","11:30","1595","False"
"1、交易计算表2月.xls","2026-02","苏州市轨道交通集团有限公司","3203079167484","2026-02-28","False","47","11:45","1595","False"
"1、交易计算表2月.xls","2026-02","苏州市轨道交通集团有限公司","3203079167484","2026-02-28","False","48","12:00","1596","False"
"1、交易计算表2月.xls","2026-02","苏州市轨道交通集团有限公司","3203079167484","2026-02-28","False","49","12:15","2178","False"
"1、交易计算表2月.xls","2026-02","苏州市轨道交通集团有限公司","3203079167484","2026-02-28","False","50","12:30","2178","False"
"1、交易计算表2月.xls","2026-02","苏州市轨道交通集团有限公司","3203079167484","2026-02-28","False","51","12:45","2178","False"
"1、交易计算表2月.xls","2026-02","苏州市轨道交通集团有限公司","3203079167484","2026-02-28","False","52","13:00","2178","False"
"1、交易计算表2月.xls","2026-02","苏州市轨道交通集团有限公司","3203079167484","2026-02-28","False","53","13:15","1567","False"
"1、交易计算表2月.xls","2026-02","苏州市轨道交通集团有限公司","3203079167484","2026-02-28","False","54","13:30","1569","False"
"1、交易计算表2月.xls","2026-02","苏州市轨道交通集团有限公司","3203079167484","2026-02-28","False","55","13:45","1567","False"
"1、交易计算表2月.xls","2026-02","苏州市轨道交通集团有限公司","3203079167484","2026-02-28","False","56","14:00","1568","False"
"1、交易计算表2月.xls","2026-02","苏州市轨道交通集团有限公司","3203079167484","2026-02-28","False","57","14:15","1606","False"
"1、交易计算表2月.xls","2026-02","苏州市轨道交通集团有限公司","3203079167484","2026-02-28","False","58","14:30","1606","False"
"1、交易计算表2月.xls","2026-02","苏州市轨道交通集团有限公司","3203079167484","2026-02-28","False","59","14:45","1607","False"
"1、交易计算表2月.xls","2026-02","苏州市轨道交通集团有限公司","3203079167484","2026-02-28","False","60","15:00","1606","False"
"1、交易计算表2月.xls","2026-02","苏州市轨道交通集团有限公司","3203079167484","2026-02-28","False","61","15:15","2200","False"
"1、交易计算表2月.xls","2026-02","苏州市轨道交通集团有限公司","3203079167484","2026-02-28","False","62","15:30","2200","False"
"1、交易计算表2月.xls","2026-02","苏州市轨道交通集团有限公司","3203079167484","2026-02-28","False","63","15:45","2200","False"
"1、交易计算表2月.xls","2026-02","苏州市轨道交通集团有限公司","3203079167484","2026-02-28","False","64","16:00","2201","False"
"1、交易计算表2月.xls","2026-02","苏州市轨道交通集团有限公司","3203079167484","2026-02-28","False","65","16:15","1644","False"
"1、交易计算表2月.xls","2026-02","苏州市轨道交通集团有限公司","3203079167484","2026-02-28","False","66","16:30","1645","False"
"1、交易计算表2月.xls","2026-02","苏州市轨道交通集团有限公司","3203079167484","2026-02-28","False","67","16:45","1644","False"
"1、交易计算表2月.xls","2026-02","苏州市轨道交通集团有限公司","3203079167484","2026-02-28","False","68","17:00","1645","False"
"1、交易计算表2月.xls","2026-02","苏州市轨道交通集团有限公司","3203079167484","2026-02-28","False","69","17:15","2200","False"
"1、交易计算表2月.xls","2026-02","苏州市轨道交通集团有限公司","3203079167484","2026-02-28","False","70","17:30","2201","False"
"1、交易计算表2月.xls","2026-02","苏州市轨道交通集团有限公司","3203079167484","2026-02-28","False","71","17:45","2200","False"
"1、交易计算表2月.xls","2026-02","苏州市轨道交通集团有限公司","3203079167484","2026-02-28","False","72","18:00","2200","False"
"1、交易计算表2月.xls","2026-02","苏州市轨道交通集团有限公司","3203079167484","2026-02-28","False","73","18:15","1694","False"
"1、交易计算表2月.xls","2026-02","苏州市轨道交通集团有限公司","3203079167484","2026-02-28","False","74","18:30","1694","False"
"1、交易计算表2月.xls","2026-02","苏州市轨道交通集团有限公司","3203079167484","2026-02-28","False","75","18:45","1695","False"
"1、交易计算表2月.xls","2026-02","苏州市轨道交通集团有限公司","3203079167484","2026-02-28","False","76","19:00","1694","False"
"1、交易计算表2月.xls","2026-02","苏州市轨道交通集团有限公司","3203079167484","2026-02-28","False","77","19:15","2216","False"
"1、交易计算表2月.xls","2026-02","苏州市轨道交通集团有限公司","3203079167484","2026-02-28","False","78","19:30","2217","False"
"1、交易计算表2月.xls","2026-02","苏州市轨道交通集团有限公司","3203079167484","2026-02-28","False","79","19:45","2216","False"
"1、交易计算表2月.xls","2026-02","苏州市轨道交通集团有限公司","3203079167484","2026-02-28","False","80","20:00","2218","False"
"1、交易计算表2月.xls","2026-02","苏州市轨道交通集团有限公司","3203079167484","2026-02-28","False","81","20:15","1677","False"
"1、交易计算表2月.xls","2026-02","苏州市轨道交通集团有限公司","3203079167484","2026-02-28","False","82","20:30","1678","False"
"1、交易计算表2月.xls","2026-02","苏州市轨道交通集团有限公司","3203079167484","2026-02-28","False","83","20:45","1677","False"
"1、交易计算表2月.xls","2026-02","苏州市轨道交通集团有限公司","3203079167484","2026-02-28","False","84","21:00","1678","False"
"1、交易计算表2月.xls","2026-02","苏州市轨道交通集团有限公司","3203079167484","2026-02-28","False","85","21:15","1640","False"
"1、交易计算表2月.xls","2026-02","苏州市轨道交通集团有限公司","3203079167484","2026-02-28","False","86","21:30","1639","False"
"1、交易计算表2月.xls","2026-02","苏州市轨道交通集团有限公司","3203079167484","2026-02-28","False","87","21:45","1639","False"
"1、交易计算表2月.xls","2026-02","苏州市轨道交通集团有限公司","3203079167484","2026-02-28","False","88","22:00","1639","False"
"1、交易计算表2月.xls","2026-02","苏州市轨道交通集团有限公司","3203079167484","2026-02-28","False","89","22:15","2161","False"
"1、交易计算表2月.xls","2026-02","苏州市轨道交通集团有限公司","3203079167484","2026-02-28","False","90","22:30","2163","False"
"1、交易计算表2月.xls","2026-02","苏州市轨道交通集团有限公司","3203079167484","2026-02-28","False","91","22:45","2161","False"
"1、交易计算表2月.xls","2026-02","苏州市轨道交通集团有限公司","3203079167484","2026-02-28","False","92","23:00","2162","False"
"1、交易计算表2月.xls","2026-02","苏州市轨道交通集团有限公司","3203079167484","2026-02-28","False","93","23:15","1303","False"
"1、交易计算表2月.xls","2026-02","苏州市轨道交通集团有限公司","3203079167484","2026-02-28","False","94","23:30","1304","False"
"1、交易计算表2月.xls","2026-02","苏州市轨道交通集团有限公司","3203079167484","2026-02-28","False","95","23:45","1303","False"
"1、交易计算表2月.xls","2026-02","苏州市轨道交通集团有限公司","3203079167484","2026-02-28","False","96","24:00","1306","False"
"1、交易计算表2月.xls","2026-02","苏州市轨道交通集团有限公司","3206622511667","2026-02-28","False","1","00:15","550","False"
"1、交易计算表2月.xls","2026-02","苏州市轨道交通集团有限公司","3206622511667","2026-02-28","False","2","00:30","550","False"
"1、交易计算表2月.xls","2026-02","苏州市轨道交通集团有限公司","3206622511667","2026-02-28","False","3","00:45","551","False"
"1、交易计算表2月.xls","2026-02","苏州市轨道交通集团有限公司","3206622511667","2026-02-28","False","4","01:00","550","False"
"1、交易计算表2月.xls","2026-02","苏州市轨道交通集团有限公司","3206622511667","2026-02-28","False","5","01:15","550","False"
"1、交易计算表2月.xls","2026-02","苏州市轨道交通集团有限公司","3206622511667","2026-02-28","False","6","01:30","551","False"
"1、交易计算表2月.xls","2026-02","苏州市轨道交通集团有限公司","3206622511667","2026-02-28","False","7","01:45","550","False"
"1、交易计算表2月.xls","2026-02","苏州市轨道交通集团有限公司","3206622511667","2026-02-28","False","8","02:00","551","False"
"1、交易计算表2月.xls","2026-02","苏州市轨道交通集团有限公司","3206622511667","2026-02-28","False","9","02:15","551","False"
"1、交易计算表2月.xls","2026-02","苏州市轨道交通集团有限公司","3206622511667","2026-02-28","False","10","02:30","550","False"
"1、交易计算表2月.xls","2026-02","苏州市轨道交通集团有限公司","3206622511667","2026-02-28","False","11","02:45","551","False"
"1、交易计算表2月.xls","2026-02","苏州市轨道交通集团有限公司","3206622511667","2026-02-28","False","12","03:00","550","False"
"1、交易计算表2月.xls","2026-02","苏州市轨道交通集团有限公司","3206622511667","2026-02-28","False","13","03:15","0","False"
"1、交易计算表2月.xls","2026-02","苏州市轨道交通集团有限公司","3206622511667","2026-02-28","False","14","03:30","0","False"
"1、交易计算表2月.xls","2026-02","苏州市轨道交通集团有限公司","3206622511667","2026-02-28","False","15","03:45","0","False"
"1、交易计算表2月.xls","2026-02","苏州市轨道交通集团有限公司","3206622511667","2026-02-28","False","16","04:00","0","False"
"1、交易计算表2月.xls","2026-02","苏州市轨道交通集团有限公司","3206622511667","2026-02-28","False","17","04:15","1101","False"
"1、交易计算表2月.xls","2026-02","苏州市轨道交通集团有限公司","3206622511667","2026-02-28","False","18","04:30","1101","False"
"1、交易计算表2月.xls","2026-02","苏州市轨道交通集团有限公司","3206622511667","2026-02-28","False","19","04:45","1101","False"
"1、交易计算表2月.xls","2026-02","苏州市轨道交通集团有限公司","3206622511667","2026-02-28","False","20","05:00","1101","False"
"1、交易计算表2月.xls","2026-02","苏州市轨道交通集团有限公司","3206622511667","2026-02-28","False","21","05:15","0","False"
"1、交易计算表2月.xls","2026-02","苏州市轨道交通集团有限公司","3206622511667","2026-02-28","False","22","05:30","0","False"
"1、交易计算表2月.xls","2026-02","苏州市轨道交通集团有限公司","3206622511667","2026-02-28","False","23","05:45","0","False"
"1、交易计算表2月.xls","2026-02","苏州市轨道交通集团有限公司","3206622511667","2026-02-28","False","24","06:00","0","False"
"1、交易计算表2月.xls","2026-02","苏州市轨道交通集团有限公司","3206622511667","2026-02-28","False","25","06:15","1651","False"
"1、交易计算表2月.xls","2026-02","苏州市轨道交通集团有限公司","3206622511667","2026-02-28","False","26","06:30","1652","False"
"1、交易计算表2月.xls","2026-02","苏州市轨道交通集团有限公司","3206622511667","2026-02-28","False","27","06:45","1651","False"
"1、交易计算表2月.xls","2026-02","苏州市轨道交通集团有限公司","3206622511667","2026-02-28","False","28","07:00","1652","False"
"1、交易计算表2月.xls","2026-02","苏州市轨道交通集团有限公司","3206622511667","2026-02-28","False","29","07:15","1101","False"
"1、交易计算表2月.xls","2026-02","苏州市轨道交通集团有限公司","3206622511667","2026-02-28","False","30","07:30","1101","False"
"1、交易计算表2月.xls","2026-02","苏州市轨道交通集团有限公司","3206622511667","2026-02-28","False","31","07:45","1101","False"
"1、交易计算表2月.xls","2026-02","苏州市轨道交通集团有限公司","3206622511667","2026-02-28","False","32","08:00","1101","False"
"1、交易计算表2月.xls","2026-02","苏州市轨道交通集团有限公司","3206622511667","2026-02-28","False","33","08:15","2202","False"
"1、交易计算表2月.xls","2026-02","苏州市轨道交通集团有限公司","3206622511667","2026-02-28","False","34","08:30","2202","False"
"1、交易计算表2月.xls","2026-02","苏州市轨道交通集团有限公司","3206622511667","2026-02-28","False","35","08:45","2202","False"
"1、交易计算表2月.xls","2026-02","苏州市轨道交通集团有限公司","3206622511667","2026-02-28","False","36","09:00","2202","False"
"1、交易计算表2月.xls","2026-02","苏州市轨道交通集团有限公司","3206622511667","2026-02-28","False","37","09:15","1101","False"
"1、交易计算表2月.xls","2026-02","苏州市轨道交通集团有限公司","3206622511667","2026-02-28","False","38","09:30","1101","False"
"1、交易计算表2月.xls","2026-02","苏州市轨道交通集团有限公司","3206622511667","2026-02-28","False","39","09:45","1101","False"
"1、交易计算表2月.xls","2026-02","苏州市轨道交通集团有限公司","3206622511667","2026-02-28","False","40","10:00","1101","False"
"1、交易计算表2月.xls","2026-02","苏州市轨道交通集团有限公司","3206622511667","2026-02-28","False","41","10:15","1651","False"
"1、交易计算表2月.xls","2026-02","苏州市轨道交通集团有限公司","3206622511667","2026-02-28","False","42","10:30","1652","False"
"1、交易计算表2月.xls","2026-02","苏州市轨道交通集团有限公司","3206622511667","2026-02-28","False","43","10:45","1651","False"
"1、交易计算表2月.xls","2026-02","苏州市轨道交通集团有限公司","3206622511667","2026-02-28","False","44","11:00","1652","False"
"1、交易计算表2月.xls","2026-02","苏州市轨道交通集团有限公司","3206622511667","2026-02-28","False","45","11:15","1652","False"
"1、交易计算表2月.xls","2026-02","苏州市轨道交通集团有限公司","3206622511667","2026-02-28","False","46","11:30","1651","False"
"1、交易计算表2月.xls","2026-02","苏州市轨道交通集团有限公司","3206622511667","2026-02-28","False","47","11:45","1652","False"
"1、交易计算表2月.xls","2026-02","苏州市轨道交通集团有限公司","3206622511667","2026-02-28","False","48","12:00","1651","False"
"1、交易计算表2月.xls","2026-02","苏州市轨道交通集团有限公司","3206622511667","2026-02-28","False","49","12:15","1101","False"
"1、交易计算表2月.xls","2026-02","苏州市轨道交通集团有限公司","3206622511667","2026-02-28","False","50","12:30","1101","False"
"1、交易计算表2月.xls","2026-02","苏州市轨道交通集团有限公司","3206622511667","2026-02-28","False","51","12:45","1101","False"
"1、交易计算表2月.xls","2026-02","苏州市轨道交通集团有限公司","3206622511667","2026-02-28","False","52","13:00","1101","False"
"1、交易计算表2月.xls","2026-02","苏州市轨道交通集团有限公司","3206622511667","2026-02-28","False","53","13:15","1651","False"
"1、交易计算表2月.xls","2026-02","苏州市轨道交通集团有限公司","3206622511667","2026-02-28","False","54","13:30","1652","False"
"1、交易计算表2月.xls","2026-02","苏州市轨道交通集团有限公司","3206622511667","2026-02-28","False","55","13:45","1651","False"
"1、交易计算表2月.xls","2026-02","苏州市轨道交通集团有限公司","3206622511667","2026-02-28","False","56","14:00","1652","False"
"1、交易计算表2月.xls","2026-02","苏州市轨道交通集团有限公司","3206622511667","2026-02-28","False","57","14:15","1651","False"
"1、交易计算表2月.xls","2026-02","苏州市轨道交通集团有限公司","3206622511667","2026-02-28","False","58","14:30","1652","False"
"1、交易计算表2月.xls","2026-02","苏州市轨道交通集团有限公司","3206622511667","2026-02-28","False","59","14:45","1651","False"
"1、交易计算表2月.xls","2026-02","苏州市轨道交通集团有限公司","3206622511667","2026-02-28","False","60","15:00","1652","False"
"1、交易计算表2月.xls","2026-02","苏州市轨道交通集团有限公司","3206622511667","2026-02-28","False","61","15:15","1100","False"
"1、交易计算表2月.xls","2026-02","苏州市轨道交通集团有限公司","3206622511667","2026-02-28","False","62","15:30","1102","False"
"1、交易计算表2月.xls","2026-02","苏州市轨道交通集团有限公司","3206622511667","2026-02-28","False","63","15:45","1100","False"
"1、交易计算表2月.xls","2026-02","苏州市轨道交通集团有限公司","3206622511667","2026-02-28","False","64","16:00","1102","False"
"1、交易计算表2月.xls","2026-02","苏州市轨道交通集团有限公司","3206622511667","2026-02-28","False","65","16:15","1651","False"
"1、交易计算表2月.xls","2026-02","苏州市轨道交通集团有限公司","3206622511667","2026-02-28","False","66","16:30","1652","False"
"1、交易计算表2月.xls","2026-02","苏州市轨道交通集团有限公司","3206622511667","2026-02-28","False","67","16:45","1651","False"
"1、交易计算表2月.xls","2026-02","苏州市轨道交通集团有限公司","3206622511667","2026-02-28","False","68","17:00","1652","False"
"1、交易计算表2月.xls","2026-02","苏州市轨道交通集团有限公司","3206622511667","2026-02-28","False","69","17:15","1651","False"
"1、交易计算表2月.xls","2026-02","苏州市轨道交通集团有限公司","3206622511667","2026-02-28","False","70","17:30","1652","False"
"1、交易计算表2月.xls","2026-02","苏州市轨道交通集团有限公司","3206622511667","2026-02-28","False","71","17:45","1651","False"
"1、交易计算表2月.xls","2026-02","苏州市轨道交通集团有限公司","3206622511667","2026-02-28","False","72","18:00","1652","False"
"1、交易计算表2月.xls","2026-02","苏州市轨道交通集团有限公司","3206622511667","2026-02-28","False","73","18:15","1651","False"
"1、交易计算表2月.xls","2026-02","苏州市轨道交通集团有限公司","3206622511667","2026-02-28","False","74","18:30","1652","False"
"1、交易计算表2月.xls","2026-02","苏州市轨道交通集团有限公司","3206622511667","2026-02-28","False","75","18:45","1651","False"
"1、交易计算表2月.xls","2026-02","苏州市轨道交通集团有限公司","3206622511667","2026-02-28","False","76","19:00","1652","False"
"1、交易计算表2月.xls","2026-02","苏州市轨道交通集团有限公司","3206622511667","2026-02-28","False","77","19:15","1100","False"
"1、交易计算表2月.xls","2026-02","苏州市轨道交通集团有限公司","3206622511667","2026-02-28","False","78","19:30","1102","False"
"1、交易计算表2月.xls","2026-02","苏州市轨道交通集团有限公司","3206622511667","2026-02-28","False","79","19:45","1100","False"
"1、交易计算表2月.xls","2026-02","苏州市轨道交通集团有限公司","3206622511667","2026-02-28","False","80","20:00","1102","False"
"1、交易计算表2月.xls","2026-02","苏州市轨道交通集团有限公司","3206622511667","2026-02-28","False","81","20:15","1100","False"
"1、交易计算表2月.xls","2026-02","苏州市轨道交通集团有限公司","3206622511667","2026-02-28","False","82","20:30","1102","False"
"1、交易计算表2月.xls","2026-02","苏州市轨道交通集团有限公司","3206622511667","2026-02-28","False","83","20:45","1100","False"
"1、交易计算表2月.xls","2026-02","苏州市轨道交通集团有限公司","3206622511667","2026-02-28","False","84","21:00","1102","False"
"1、交易计算表2月.xls","2026-02","苏州市轨道交通集团有限公司","3206622511667","2026-02-28","False","85","21:15","2202","False"
"1、交易计算表2月.xls","2026-02","苏州市轨道交通集团有限公司","3206622511667","2026-02-28","False","86","21:30","2202","False"
"1、交易计算表2月.xls","2026-02","苏州市轨道交通集团有限公司","3206622511667","2026-02-28","False","87","21:45","2202","False"
"1、交易计算表2月.xls","2026-02","苏州市轨道交通集团有限公司","3206622511667","2026-02-28","False","88","22:00","2202","False"
"1、交易计算表2月.xls","2026-02","苏州市轨道交通集团有限公司","3206622511667","2026-02-28","False","89","22:15","1100","False"
"1、交易计算表2月.xls","2026-02","苏州市轨道交通集团有限公司","3206622511667","2026-02-28","False","90","22:30","1102","False"
"1、交易计算表2月.xls","2026-02","苏州市轨道交通集团有限公司","3206622511667","2026-02-28","False","91","22:45","1100","False"
"1、交易计算表2月.xls","2026-02","苏州市轨道交通集团有限公司","3206622511667","2026-02-28","False","92","23:00","1102","False"
"1、交易计算表2月.xls","2026-02","苏州市轨道交通集团有限公司","3206622511667","2026-02-28","False","93","23:15","550","False"
"1、交易计算表2月.xls","2026-02","苏州市轨道交通集团有限公司","3206622511667","2026-02-28","False","94","23:30","551","False"
"1、交易计算表2月.xls","2026-02","苏州市轨道交通集团有限公司","3206622511667","2026-02-28","False","95","23:45","550","False"
"1、交易计算表2月.xls","2026-02","苏州市轨道交通集团有限公司","3206622511667","2026-02-28","False","96","24:00","551","False"
"1、交易计算表2月.xls","2026-02","苏州市轨道交通集团有限公司","3206622512416","2026-02-28","False","1","00:15","824","False"
"1、交易计算表2月.xls","2026-02","苏州市轨道交通集团有限公司","3206622512416","2026-02-28","False","2","00:30","826","False"
"1、交易计算表2月.xls","2026-02","苏州市轨道交通集团有限公司","3206622512416","2026-02-28","False","3","00:45","825","False"
"1、交易计算表2月.xls","2026-02","苏州市轨道交通集团有限公司","3206622512416","2026-02-28","False","4","01:00","826","False"
"1、交易计算表2月.xls","2026-02","苏州市轨道交通集团有限公司","3206622512416","2026-02-28","False","5","01:15","412","False"
"1、交易计算表2月.xls","2026-02","苏州市轨道交通集团有限公司","3206622512416","2026-02-28","False","6","01:30","414","False"
"1、交易计算表2月.xls","2026-02","苏州市轨道交通集团有限公司","3206622512416","2026-02-28","False","7","01:45","412","False"
"1、交易计算表2月.xls","2026-02","苏州市轨道交通集团有限公司","3206622512416","2026-02-28","False","8","02:00","414","False"
"1、交易计算表2月.xls","2026-02","苏州市轨道交通集团有限公司","3206622512416","2026-02-28","False","9","02:15","412","False"
"1、交易计算表2月.xls","2026-02","苏州市轨道交通集团有限公司","3206622512416","2026-02-28","False","10","02:30","413","False"
"1、交易计算表2月.xls","2026-02","苏州市轨道交通集团有限公司","3206622512416","2026-02-28","False","11","02:45","413","False"
"1、交易计算表2月.xls","2026-02","苏州市轨道交通集团有限公司","3206622512416","2026-02-28","False","12","03:00","413","False"
"1、交易计算表2月.xls","2026-02","苏州市轨道交通集团有限公司","3206622512416","2026-02-28","False","13","03:15","824","False"
"1、交易计算表2月.xls","2026-02","苏州市轨道交通集团有限公司","3206622512416","2026-02-28","False","14","03:30","827","False"
"1、交易计算表2月.xls","2026-02","苏州市轨道交通集团有限公司","3206622512416","2026-02-28","False","15","03:45","824","False"
"1、交易计算表2月.xls","2026-02","苏州市轨道交通集团有限公司","3206622512416","2026-02-28","False","16","04:00","828","False"
"1、交易计算表2月.xls","2026-02","苏州市轨道交通集团有限公司","3206622512416","2026-02-28","False","17","04:15","0","False"
"1、交易计算表2月.xls","2026-02","苏州市轨道交通集团有限公司","3206622512416","2026-02-28","False","18","04:30","0","False"
"1、交易计算表2月.xls","2026-02","苏州市轨道交通集团有限公司","3206622512416","2026-02-28","False","19","04:45","0","False"
"1、交易计算表2月.xls","2026-02","苏州市轨道交通集团有限公司","3206622512416","2026-02-28","False","20","05:00","0","False"
"1、交易计算表2月.xls","2026-02","苏州市轨道交通集团有限公司","3206622512416","2026-02-28","False","21","05:15","824","False"
"1、交易计算表2月.xls","2026-02","苏州市轨道交通集团有限公司","3206622512416","2026-02-28","False","22","05:30","826","False"
"1、交易计算表2月.xls","2026-02","苏州市轨道交通集团有限公司","3206622512416","2026-02-28","False","23","05:45","825","False"
"1、交易计算表2月.xls","2026-02","苏州市轨道交通集团有限公司","3206622512416","2026-02-28","False","24","06:00","826","False"
"1、交易计算表2月.xls","2026-02","苏州市轨道交通集团有限公司","3206622512416","2026-02-28","False","25","06:15","1651","False"
"1、交易计算表2月.xls","2026-02","苏州市轨道交通集团有限公司","3206622512416","2026-02-28","False","26","06:30","1652","False"
"1、交易计算表2月.xls","2026-02","苏州市轨道交通集团有限公司","3206622512416","2026-02-28","False","27","06:45","1650","False"
"1、交易计算表2月.xls","2026-02","苏州市轨道交通集团有限公司","3206622512416","2026-02-28","False","28","07:00","1651","False"
"1、交易计算表2月.xls","2026-02","苏州市轨道交通集团有限公司","3206622512416","2026-02-28","False","29","07:15","824","False"
"1、交易计算表2月.xls","2026-02","苏州市轨道交通集团有限公司","3206622512416","2026-02-28","False","30","07:30","827","False"
"1、交易计算表2月.xls","2026-02","苏州市轨道交通集团有限公司","3206622512416","2026-02-28","False","31","07:45","824","False"
"1、交易计算表2月.xls","2026-02","苏州市轨道交通集团有限公司","3206622512416","2026-02-28","False","32","08:00","828","False"
"1、交易计算表2月.xls","2026-02","苏州市轨道交通集团有限公司","3206622512416","2026-02-28","False","33","08:15","1237","False"
"1、交易计算表2月.xls","2026-02","苏州市轨道交通集团有限公司","3206622512416","2026-02-28","False","34","08:30","1238","False"
"1、交易计算表2月.xls","2026-02","苏州市轨道交通集团有限公司","3206622512416","2026-02-28","False","35","08:45","1238","False"
"1、交易计算表2月.xls","2026-02","苏州市轨道交通集团有限公司","3206622512416","2026-02-28","False","36","09:00","1239","False"
"1、交易计算表2月.xls","2026-02","苏州市轨道交通集团有限公司","3206622512416","2026-02-28","False","37","09:15","1238","False"
"1、交易计算表2月.xls","2026-02","苏州市轨道交通集团有限公司","3206622512416","2026-02-28","False","38","09:30","1239","False"
"1、交易计算表2月.xls","2026-02","苏州市轨道交通集团有限公司","3206622512416","2026-02-28","False","39","09:45","1237","False"
"1、交易计算表2月.xls","2026-02","苏州市轨道交通集团有限公司","3206622512416","2026-02-28","False","40","10:00","1239","False"
"1、交易计算表2月.xls","2026-02","苏州市轨道交通集团有限公司","3206622512416","2026-02-28","False","41","10:15","824","False"
"1、交易计算表2月.xls","2026-02","苏州市轨道交通集团有限公司","3206622512416","2026-02-28","False","42","10:30","827","False"
"1、交易计算表2月.xls","2026-02","苏州市轨道交通集团有限公司","3206622512416","2026-02-28","False","43","10:45","824","False"
"1、交易计算表2月.xls","2026-02","苏州市轨道交通集团有限公司","3206622512416","2026-02-28","False","44","11:00","828","False"
"1、交易计算表2月.xls","2026-02","苏州市轨道交通集团有限公司","3206622512416","2026-02-28","False","45","11:15","824","False"
"1、交易计算表2月.xls","2026-02","苏州市轨道交通集团有限公司","3206622512416","2026-02-28","False","46","11:30","826","False"
"1、交易计算表2月.xls","2026-02","苏州市轨道交通集团有限公司","3206622512416","2026-02-28","False","47","11:45","825","False"
"1、交易计算表2月.xls","2026-02","苏州市轨道交通集团有限公司","3206622512416","2026-02-28","False","48","12:00","826","False"
"1、交易计算表2月.xls","2026-02","苏州市轨道交通集团有限公司","3206622512416","2026-02-28","False","49","12:15","824","False"
"1、交易计算表2月.xls","2026-02","苏州市轨道交通集团有限公司","3206622512416","2026-02-28","False","50","12:30","827","False"
"1、交易计算表2月.xls","2026-02","苏州市轨道交通集团有限公司","3206622512416","2026-02-28","False","51","12:45","824","False"
"1、交易计算表2月.xls","2026-02","苏州市轨道交通集团有限公司","3206622512416","2026-02-28","False","52","13:00","828","False"
"1、交易计算表2月.xls","2026-02","苏州市轨道交通集团有限公司","3206622512416","2026-02-28","False","53","13:15","824","False"
"1、交易计算表2月.xls","2026-02","苏州市轨道交通集团有限公司","3206622512416","2026-02-28","False","54","13:30","826","False"
"1、交易计算表2月.xls","2026-02","苏州市轨道交通集团有限公司","3206622512416","2026-02-28","False","55","13:45","825","False"
"1、交易计算表2月.xls","2026-02","苏州市轨道交通集团有限公司","3206622512416","2026-02-28","False","56","14:00","826","False"
"1、交易计算表2月.xls","2026-02","苏州市轨道交通集团有限公司","3206622512416","2026-02-28","False","57","14:15","826","False"
"1、交易计算表2月.xls","2026-02","苏州市轨道交通集团有限公司","3206622512416","2026-02-28","False","58","14:30","826","False"
"1、交易计算表2月.xls","2026-02","苏州市轨道交通集团有限公司","3206622512416","2026-02-28","False","59","14:45","825","False"
"1、交易计算表2月.xls","2026-02","苏州市轨道交通集团有限公司","3206622512416","2026-02-28","False","60","15:00","826","False"
"1、交易计算表2月.xls","2026-02","苏州市轨道交通集团有限公司","3206622512416","2026-02-28","False","61","15:15","1237","False"
"1、交易计算表2月.xls","2026-02","苏州市轨道交通集团有限公司","3206622512416","2026-02-28","False","62","15:30","1240","False"
"1、交易计算表2月.xls","2026-02","苏州市轨道交通集团有限公司","3206622512416","2026-02-28","False","63","15:45","1237","False"
"1、交易计算表2月.xls","2026-02","苏州市轨道交通集团有限公司","3206622512416","2026-02-28","False","64","16:00","1239","False"
"1、交易计算表2月.xls","2026-02","苏州市轨道交通集团有限公司","3206622512416","2026-02-28","False","65","16:15","824","False"
"1、交易计算表2月.xls","2026-02","苏州市轨道交通集团有限公司","3206622512416","2026-02-28","False","66","16:30","826","False"
"1、交易计算表2月.xls","2026-02","苏州市轨道交通集团有限公司","3206622512416","2026-02-28","False","67","16:45","825","False"
"1、交易计算表2月.xls","2026-02","苏州市轨道交通集团有限公司","3206622512416","2026-02-28","False","68","17:00","827","False"
"1、交易计算表2月.xls","2026-02","苏州市轨道交通集团有限公司","3206622512416","2026-02-28","False","69","17:15","1237","False"
"1、交易计算表2月.xls","2026-02","苏州市轨道交通集团有限公司","3206622512416","2026-02-28","False","70","17:30","1239","False"
"1、交易计算表2月.xls","2026-02","苏州市轨道交通集团有限公司","3206622512416","2026-02-28","False","71","17:45","1237","False"
"1、交易计算表2月.xls","2026-02","苏州市轨道交通集团有限公司","3206622512416","2026-02-28","False","72","18:00","1240","False"
"1、交易计算表2月.xls","2026-02","苏州市轨道交通集团有限公司","3206622512416","2026-02-28","False","73","18:15","1237","False"
"1、交易计算表2月.xls","2026-02","苏州市轨道交通集团有限公司","3206622512416","2026-02-28","False","74","18:30","1239","False"
"1、交易计算表2月.xls","2026-02","苏州市轨道交通集团有限公司","3206622512416","2026-02-28","False","75","18:45","1238","False"
"1、交易计算表2月.xls","2026-02","苏州市轨道交通集团有限公司","3206622512416","2026-02-28","False","76","19:00","1239","False"
"1、交易计算表2月.xls","2026-02","苏州市轨道交通集团有限公司","3206622512416","2026-02-28","False","77","19:15","1237","False"
"1、交易计算表2月.xls","2026-02","苏州市轨道交通集团有限公司","3206622512416","2026-02-28","False","78","19:30","1239","False"
"1、交易计算表2月.xls","2026-02","苏州市轨道交通集团有限公司","3206622512416","2026-02-28","False","79","19:45","1238","False"
"1、交易计算表2月.xls","2026-02","苏州市轨道交通集团有限公司","3206622512416","2026-02-28","False","80","20:00","1238","False"
"1、交易计算表2月.xls","2026-02","苏州市轨道交通集团有限公司","3206622512416","2026-02-28","False","81","20:15","1237","False"
"1、交易计算表2月.xls","2026-02","苏州市轨道交通集团有限公司","3206622512416","2026-02-28","False","82","20:30","1240","False"
"1、交易计算表2月.xls","2026-02","苏州市轨道交通集团有限公司","3206622512416","2026-02-28","False","83","20:45","1237","False"
"1、交易计算表2月.xls","2026-02","苏州市轨道交通集团有限公司","3206622512416","2026-02-28","False","84","21:00","1239","False"
"1、交易计算表2月.xls","2026-02","苏州市轨道交通集团有限公司","3206622512416","2026-02-28","False","85","21:15","1237","False"
"1、交易计算表2月.xls","2026-02","苏州市轨道交通集团有限公司","3206622512416","2026-02-28","False","86","21:30","1239","False"
"1、交易计算表2月.xls","2026-02","苏州市轨道交通集团有限公司","3206622512416","2026-02-28","False","87","21:45","1238","False"
"1、交易计算表2月.xls","2026-02","苏州市轨道交通集团有限公司","3206622512416","2026-02-28","False","88","22:00","1240","False"
"1、交易计算表2月.xls","2026-02","苏州市轨道交通集团有限公司","3206622512416","2026-02-28","False","89","22:15","824","False"
"1、交易计算表2月.xls","2026-02","苏州市轨道交通集团有限公司","3206622512416","2026-02-28","False","90","22:30","826","False"
"1、交易计算表2月.xls","2026-02","苏州市轨道交通集团有限公司","3206622512416","2026-02-28","False","91","22:45","825","False"
"1、交易计算表2月.xls","2026-02","苏州市轨道交通集团有限公司","3206622512416","2026-02-28","False","92","23:00","826","False"
"1、交易计算表2月.xls","2026-02","苏州市轨道交通集团有限公司","3206622512416","2026-02-28","False","93","23:15","824","False"
"1、交易计算表2月.xls","2026-02","苏州市轨道交通集团有限公司","3206622512416","2026-02-28","False","94","23:30","827","False"
"1、交易计算表2月.xls","2026-02","苏州市轨道交通集团有限公司","3206622512416","2026-02-28","False","95","23:45","824","False"
"1、交易计算表2月.xls","2026-02","苏州市轨道交通集团有限公司","3206622512416","2026-02-28","False","96","24:00","828","False"
"1、交易计算表2月.xls","2026-02","苏州市轨道交通集团有限公司","3206619543230","2026-02-28","False","1","00:15","1650","False"
"1、交易计算表2月.xls","2026-02","苏州市轨道交通集团有限公司","3206619543230","2026-02-28","False","2","00:30","1651","False"
"1、交易计算表2月.xls","2026-02","苏州市轨道交通集团有限公司","3206619543230","2026-02-28","False","3","00:45","1652","False"
"1、交易计算表2月.xls","2026-02","苏州市轨道交通集团有限公司","3206619543230","2026-02-28","False","4","01:00","1650","False"
"1、交易计算表2月.xls","2026-02","苏州市轨道交通集团有限公司","3206619543230","2026-02-28","False","5","01:15","2477","False"
"1、交易计算表2月.xls","2026-02","苏州市轨道交通集团有限公司","3206619543230","2026-02-28","False","6","01:30","2477","False"
"1、交易计算表2月.xls","2026-02","苏州市轨道交通集团有限公司","3206619543230","2026-02-28","False","7","01:45","2477","False"
"1、交易计算表2月.xls","2026-02","苏州市轨道交通集团有限公司","3206619543230","2026-02-28","False","8","02:00","2475","False"
"1、交易计算表2月.xls","2026-02","苏州市轨道交通集团有限公司","3206619543230","2026-02-28","False","9","02:15","1652","False"
"1、交易计算表2月.xls","2026-02","苏州市轨道交通集团有限公司","3206619543230","2026-02-28","False","10","02:30","1651","False"
"1、交易计算表2月.xls","2026-02","苏州市轨道交通集团有限公司","3206619543230","2026-02-28","False","11","02:45","1652","False"
"1、交易计算表2月.xls","2026-02","苏州市轨道交通集团有限公司","3206619543230","2026-02-28","False","12","03:00","1650","False"
"1、交易计算表2月.xls","2026-02","苏州市轨道交通集团有限公司","3206619543230","2026-02-28","False","13","03:15","1652","False"
"1、交易计算表2月.xls","2026-02","苏州市轨道交通集团有限公司","3206619543230","2026-02-28","False","14","03:30","1651","False"
"1、交易计算表2月.xls","2026-02","苏州市轨道交通集团有限公司","3206619543230","2026-02-28","False","15","03:45","1651","False"
"1、交易计算表2月.xls","2026-02","苏州市轨道交通集团有限公司","3206619543230","2026-02-28","False","16","04:00","1651","False"
"1、交易计算表2月.xls","2026-02","苏州市轨道交通集团有限公司","3206619543230","2026-02-28","False","17","04:15","1651","False"
"1、交易计算表2月.xls","2026-02","苏州市轨道交通集团有限公司","3206619543230","2026-02-28","False","18","04:30","1652","False"
"1、交易计算表2月.xls","2026-02","苏州市轨道交通集团有限公司","3206619543230","2026-02-28","False","19","04:45","1651","False"
"1、交易计算表2月.xls","2026-02","苏州市轨道交通集团有限公司","3206619543230","2026-02-28","False","20","05:00","1650","False"
"1、交易计算表2月.xls","2026-02","苏州市轨道交通集团有限公司","3206619543230","2026-02-28","False","21","05:15","2478","False"
"1、交易计算表2月.xls","2026-02","苏州市轨道交通集团有限公司","3206619543230","2026-02-28","False","22","05:30","2476","False"
"1、交易计算表2月.xls","2026-02","苏州市轨道交通集团有限公司","3206619543230","2026-02-28","False","23","05:45","2478","False"
"1、交易计算表2月.xls","2026-02","苏州市轨道交通集团有限公司","3206619543230","2026-02-28","False","24","06:00","2476","False"
"1、交易计算表2月.xls","2026-02","苏州市轨道交通集团有限公司","3206619543230","2026-02-28","False","25","06:15","3303","False"
"1、交易计算表2月.xls","2026-02","苏州市轨道交通集团有限公司","3206619543230","2026-02-28","False","26","06:30","3302","False"
"1、交易计算表2月.xls","2026-02","苏州市轨道交通集团有限公司","3206619543230","2026-02-28","False","27","06:45","3303","False"
"1、交易计算表2月.xls","2026-02","苏州市轨道交通集团有限公司","3206619543230","2026-02-28","False","28","07:00","3301","False"
"1、交易计算表2月.xls","2026-02","苏州市轨道交通集团有限公司","3206619543230","2026-02-28","False","29","07:15","4954","False"
"1、交易计算表2月.xls","2026-02","苏州市轨道交通集团有限公司","3206619543230","2026-02-28","False","30","07:30","4954","False"
"1、交易计算表2月.xls","2026-02","苏州市轨道交通集团有限公司","3206619543230","2026-02-28","False","31","07:45","4953","False"
"1、交易计算表2月.xls","2026-02","苏州市轨道交通集团有限公司","3206619543230","2026-02-28","False","32","08:00","4953","False"
"1、交易计算表2月.xls","2026-02","苏州市轨道交通集团有限公司","3206619543230","2026-02-28","False","33","08:15","4128","False"
"1、交易计算表2月.xls","2026-02","苏州市轨道交通集团有限公司","3206619543230","2026-02-28","False","34","08:30","4128","False"
"1、交易计算表2月.xls","2026-02","苏州市轨道交通集团有限公司","3206619543230","2026-02-28","False","35","08:45","4129","False"
"1、交易计算表2月.xls","2026-02","苏州市轨道交通集团有限公司","3206619543230","2026-02-28","False","36","09:00","4128","False"
"1、交易计算表2月.xls","2026-02","苏州市轨道交通集团有限公司","3206619543230","2026-02-28","False","37","09:15","4127","False"
"1、交易计算表2月.xls","2026-02","苏州市轨道交通集团有限公司","3206619543230","2026-02-28","False","38","09:30","4128","False"
"1、交易计算表2月.xls","2026-02","苏州市轨道交通集团有限公司","3206619543230","2026-02-28","False","39","09:45","4129","False"
"1、交易计算表2月.xls","2026-02","苏州市轨道交通集团有限公司","3206619543230","2026-02-28","False","40","10:00","4128","False"
"1、交易计算表2月.xls","2026-02","苏州市轨道交通集团有限公司","3206619543230","2026-02-28","False","41","10:15","3302","False"
"1、交易计算表2月.xls","2026-02","苏州市轨道交通集团有限公司","3206619543230","2026-02-28","False","42","10:30","3303","False"
"1、交易计算表2月.xls","2026-02","苏州市轨道交通集团有限公司","3206619543230","2026-02-28","False","43","10:45","3301","False"
"1、交易计算表2月.xls","2026-02","苏州市轨道交通集团有限公司","3206619543230","2026-02-28","False","44","11:00","3303","False"
"1、交易计算表2月.xls","2026-02","苏州市轨道交通集团有限公司","3206619543230","2026-02-28","False","45","11:15","4953","False"
"1、交易计算表2月.xls","2026-02","苏州市轨道交通集团有限公司","3206619543230","2026-02-28","False","46","11:30","4954","False"
"1、交易计算表2月.xls","2026-02","苏州市轨道交通集团有限公司","3206619543230","2026-02-28","False","47","11:45","4953","False"
"1、交易计算表2月.xls","2026-02","苏州市轨道交通集团有限公司","3206619543230","2026-02-28","False","48","12:00","4954","False"
"1、交易计算表2月.xls","2026-02","苏州市轨道交通集团有限公司","3206619543230","2026-02-28","False","49","12:15","3302","False"
"1、交易计算表2月.xls","2026-02","苏州市轨道交通集团有限公司","3206619543230","2026-02-28","False","50","12:30","3303","False"
"1、交易计算表2月.xls","2026-02","苏州市轨道交通集团有限公司","3206619543230","2026-02-28","False","51","12:45","3302","False"
"1、交易计算表2月.xls","2026-02","苏州市轨道交通集团有限公司","3206619543230","2026-02-28","False","52","13:00","3302","False"
"1、交易计算表2月.xls","2026-02","苏州市轨道交通集团有限公司","3206619543230","2026-02-28","False","53","13:15","2477","False"
"1、交易计算表2月.xls","2026-02","苏州市轨道交通集团有限公司","3206619543230","2026-02-28","False","54","13:30","2476","False"
"1、交易计算表2月.xls","2026-02","苏州市轨道交通集团有限公司","3206619543230","2026-02-28","False","55","13:45","2478","False"
"1、交易计算表2月.xls","2026-02","苏州市轨道交通集团有限公司","3206619543230","2026-02-28","False","56","14:00","2476","False"
"1、交易计算表2月.xls","2026-02","苏州市轨道交通集团有限公司","3206619543230","2026-02-28","False","57","14:15","4954","False"
"1、交易计算表2月.xls","2026-02","苏州市轨道交通集团有限公司","3206619543230","2026-02-28","False","58","14:30","4954","False"
"1、交易计算表2月.xls","2026-02","苏州市轨道交通集团有限公司","3206619543230","2026-02-28","False","59","14:45","4953","False"
"1、交易计算表2月.xls","2026-02","苏州市轨道交通集团有限公司","3206619543230","2026-02-28","False","60","15:00","4953","False"
"1、交易计算表2月.xls","2026-02","苏州市轨道交通集团有限公司","3206619543230","2026-02-28","False","61","15:15","2478","False"
"1、交易计算表2月.xls","2026-02","苏州市轨道交通集团有限公司","3206619543230","2026-02-28","False","62","15:30","2476","False"
"1、交易计算表2月.xls","2026-02","苏州市轨道交通集团有限公司","3206619543230","2026-02-28","False","63","15:45","2477","False"
"1、交易计算表2月.xls","2026-02","苏州市轨道交通集团有限公司","3206619543230","2026-02-28","False","64","16:00","2477","False"
"1、交易计算表2月.xls","2026-02","苏州市轨道交通集团有限公司","3206619543230","2026-02-28","False","65","16:15","4953","False"
"1、交易计算表2月.xls","2026-02","苏州市轨道交通集团有限公司","3206619543230","2026-02-28","False","66","16:30","4954","False"
"1、交易计算表2月.xls","2026-02","苏州市轨道交通集团有限公司","3206619543230","2026-02-28","False","67","16:45","4953","False"
"1、交易计算表2月.xls","2026-02","苏州市轨道交通集团有限公司","3206619543230","2026-02-28","False","68","17:00","4954","False"
"1、交易计算表2月.xls","2026-02","苏州市轨道交通集团有限公司","3206619543230","2026-02-28","False","69","17:15","3303","False"
"1、交易计算表2月.xls","2026-02","苏州市轨道交通集团有限公司","3206619543230","2026-02-28","False","70","17:30","3301","False"
"1、交易计算表2月.xls","2026-02","苏州市轨道交通集团有限公司","3206619543230","2026-02-28","False","71","17:45","3303","False"
"1、交易计算表2月.xls","2026-02","苏州市轨道交通集团有限公司","3206619543230","2026-02-28","False","72","18:00","3302","False"
"1、交易计算表2月.xls","2026-02","苏州市轨道交通集团有限公司","3206619543230","2026-02-28","False","73","18:15","4128","False"
"1、交易计算表2月.xls","2026-02","苏州市轨道交通集团有限公司","3206619543230","2026-02-28","False","74","18:30","4128","False"
"1、交易计算表2月.xls","2026-02","苏州市轨道交通集团有限公司","3206619543230","2026-02-28","False","75","18:45","4128","False"
"1、交易计算表2月.xls","2026-02","苏州市轨道交通集团有限公司","3206619543230","2026-02-28","False","76","19:00","4128","False"
"1、交易计算表2月.xls","2026-02","苏州市轨道交通集团有限公司","3206619543230","2026-02-28","False","77","19:15","4128","False"
"1、交易计算表2月.xls","2026-02","苏州市轨道交通集团有限公司","3206619543230","2026-02-28","False","78","19:30","4128","False"
"1、交易计算表2月.xls","2026-02","苏州市轨道交通集团有限公司","3206619543230","2026-02-28","False","79","19:45","4127","False"
"1、交易计算表2月.xls","2026-02","苏州市轨道交通集团有限公司","3206619543230","2026-02-28","False","80","20:00","4128","False"
"1、交易计算表2月.xls","2026-02","苏州市轨道交通集团有限公司","3206619543230","2026-02-28","False","81","20:15","4128","False"
"1、交易计算表2月.xls","2026-02","苏州市轨道交通集团有限公司","3206619543230","2026-02-28","False","82","20:30","4128","False"
"1、交易计算表2月.xls","2026-02","苏州市轨道交通集团有限公司","3206619543230","2026-02-28","False","83","20:45","4129","False"
"1、交易计算表2月.xls","2026-02","苏州市轨道交通集团有限公司","3206619543230","2026-02-28","False","84","21:00","4128","False"
"1、交易计算表2月.xls","2026-02","苏州市轨道交通集团有限公司","3206619543230","2026-02-28","False","85","21:15","3301","False"
"1、交易计算表2月.xls","2026-02","苏州市轨道交通集团有限公司","3206619543230","2026-02-28","False","86","21:30","3303","False"
"1、交易计算表2月.xls","2026-02","苏州市轨道交通集团有限公司","3206619543230","2026-02-28","False","87","21:45","3302","False"
"1、交易计算表2月.xls","2026-02","苏州市轨道交通集团有限公司","3206619543230","2026-02-28","False","88","22:00","3303","False"
"1、交易计算表2月.xls","2026-02","苏州市轨道交通集团有限公司","3206619543230","2026-02-28","False","89","22:15","3302","False"
"1、交易计算表2月.xls","2026-02","苏州市轨道交通集团有限公司","3206619543230","2026-02-28","False","90","22:30","3303","False"
"1、交易计算表2月.xls","2026-02","苏州市轨道交通集团有限公司","3206619543230","2026-02-28","False","91","22:45","3301","False"
"1、交易计算表2月.xls","2026-02","苏州市轨道交通集团有限公司","3206619543230","2026-02-28","False","92","23:00","3303","False"
"1、交易计算表2月.xls","2026-02","苏州市轨道交通集团有限公司","3206619543230","2026-02-28","False","93","23:15","3302","False"
"1、交易计算表2月.xls","2026-02","苏州市轨道交通集团有限公司","3206619543230","2026-02-28","False","94","23:30","3303","False"
"1、交易计算表2月.xls","2026-02","苏州市轨道交通集团有限公司","3206619543230","2026-02-28","False","95","23:45","3302","False"
"1、交易计算表2月.xls","2026-02","苏州市轨道交通集团有限公司","3206619543230","2026-02-28","False","96","24:00","3303","False"
"1、交易计算表2月.xls","2026-02","苏州市轨道交通集团有限公司","3206618005424","2026-02-28","False","1","00:15","1100","False"
"1、交易计算表2月.xls","2026-02","苏州市轨道交通集团有限公司","3206618005424","2026-02-28","False","2","00:30","1100","False"
"1、交易计算表2月.xls","2026-02","苏州市轨道交通集团有限公司","3206618005424","2026-02-28","False","3","00:45","1101","False"
"1、交易计算表2月.xls","2026-02","苏州市轨道交通集团有限公司","3206618005424","2026-02-28","False","4","01:00","1100","False"
"1、交易计算表2月.xls","2026-02","苏州市轨道交通集团有限公司","3206618005424","2026-02-28","False","5","01:15","550","False"
"1、交易计算表2月.xls","2026-02","苏州市轨道交通集团有限公司","3206618005424","2026-02-28","False","6","01:30","550","False"
"1、交易计算表2月.xls","2026-02","苏州市轨道交通集团有限公司","3206618005424","2026-02-28","False","7","01:45","551","False"
"1、交易计算表2月.xls","2026-02","苏州市轨道交通集团有限公司","3206618005424","2026-02-28","False","8","02:00","550","False"
"1、交易计算表2月.xls","2026-02","苏州市轨道交通集团有限公司","3206618005424","2026-02-28","False","9","02:15","0","False"
"1、交易计算表2月.xls","2026-02","苏州市轨道交通集团有限公司","3206618005424","2026-02-28","False","10","02:30","0","False"
"1、交易计算表2月.xls","2026-02","苏州市轨道交通集团有限公司","3206618005424","2026-02-28","False","11","02:45","0","False"
"1、交易计算表2月.xls","2026-02","苏州市轨道交通集团有限公司","3206618005424","2026-02-28","False","12","03:00","0","False"
"1、交易计算表2月.xls","2026-02","苏州市轨道交通集团有限公司","3206618005424","2026-02-28","False","13","03:15","1100","False"
"1、交易计算表2月.xls","2026-02","苏州市轨道交通集团有限公司","3206618005424","2026-02-28","False","14","03:30","1101","False"
"1、交易计算表2月.xls","2026-02","苏州市轨道交通集团有限公司","3206618005424","2026-02-28","False","15","03:45","1100","False"
"1、交易计算表2月.xls","2026-02","苏州市轨道交通集团有限公司","3206618005424","2026-02-28","False","16","04:00","1101","False"
"1、交易计算表2月.xls","2026-02","苏州市轨道交通集团有限公司","3206618005424","2026-02-28","False","17","04:15","551","False"
"1、交易计算表2月.xls","2026-02","苏州市轨道交通集团有限公司","3206618005424","2026-02-28","False","18","04:30","550","False"
"1、交易计算表2月.xls","2026-02","苏州市轨道交通集团有限公司","3206618005424","2026-02-28","False","19","04:45","550","False"
"1、交易计算表2月.xls","2026-02","苏州市轨道交通集团有限公司","3206618005424","2026-02-28","False","20","05:00","550","False"
"1、交易计算表2月.xls","2026-02","苏州市轨道交通集团有限公司","3206618005424","2026-02-28","False","21","05:15","550","False"
"1、交易计算表2月.xls","2026-02","苏州市轨道交通集团有限公司","3206618005424","2026-02-28","False","22","05:30","550","False"
"1、交易计算表2月.xls","2026-02","苏州市轨道交通集团有限公司","3206618005424","2026-02-28","False","23","05:45","551","False"
"1、交易计算表2月.xls","2026-02","苏州市轨道交通集团有限公司","3206618005424","2026-02-28","False","24","06:00","550","False"
"1、交易计算表2月.xls","2026-02","苏州市轨道交通集团有限公司","3206618005424","2026-02-28","False","25","06:15","2200","False"
"1、交易计算表2月.xls","2026-02","苏州市轨道交通集团有限公司","3206618005424","2026-02-28","False","26","06:30","2201","False"
"1、交易计算表2月.xls","2026-02","苏州市轨道交通集团有限公司","3206618005424","2026-02-28","False","27","06:45","2202","False"
"1、交易计算表2月.xls","2026-02","苏州市轨道交通集团有限公司","3206618005424","2026-02-28","False","28","07:00","2201","False"
"1、交易计算表2月.xls","2026-02","苏州市轨道交通集团有限公司","3206618005424","2026-02-28","False","29","07:15","1650","False"
"1、交易计算表2月.xls","2026-02","苏州市轨道交通集团有限公司","3206618005424","2026-02-28","False","30","07:30","1652","False"
"1、交易计算表2月.xls","2026-02","苏州市轨道交通集团有限公司","3206618005424","2026-02-28","False","31","07:45","1650","False"
"1、交易计算表2月.xls","2026-02","苏州市轨道交通集团有限公司","3206618005424","2026-02-28","False","32","08:00","1650","False"
"1、交易计算表2月.xls","2026-02","苏州市轨道交通集团有限公司","3206618005424","2026-02-28","False","33","08:15","1652","False"
"1、交易计算表2月.xls","2026-02","苏州市轨道交通集团有限公司","3206618005424","2026-02-28","False","34","08:30","1650","False"
"1、交易计算表2月.xls","2026-02","苏州市轨道交通集团有限公司","3206618005424","2026-02-28","False","35","08:45","1650","False"
"1、交易计算表2月.xls","2026-02","苏州市轨道交通集团有限公司","3206618005424","2026-02-28","False","36","09:00","1652","False"
"1、交易计算表2月.xls","2026-02","苏州市轨道交通集团有限公司","3206618005424","2026-02-28","False","37","09:15","2201","False"
"1、交易计算表2月.xls","2026-02","苏州市轨道交通集团有限公司","3206618005424","2026-02-28","False","38","09:30","2200","False"
"1、交易计算表2月.xls","2026-02","苏州市轨道交通集团有限公司","3206618005424","2026-02-28","False","39","09:45","2202","False"
"1、交易计算表2月.xls","2026-02","苏州市轨道交通集团有限公司","3206618005424","2026-02-28","False","40","10:00","2201","False"
"1、交易计算表2月.xls","2026-02","苏州市轨道交通集团有限公司","3206618005424","2026-02-28","False","41","10:15","1650","False"
"1、交易计算表2月.xls","2026-02","苏州市轨道交通集团有限公司","3206618005424","2026-02-28","False","42","10:30","1652","False"
"1、交易计算表2月.xls","2026-02","苏州市轨道交通集团有限公司","3206618005424","2026-02-28","False","43","10:45","1650","False"
"1、交易计算表2月.xls","2026-02","苏州市轨道交通集团有限公司","3206618005424","2026-02-28","False","44","11:00","1651","False"
"1、交易计算表2月.xls","2026-02","苏州市轨道交通集团有限公司","3206618005424","2026-02-28","False","45","11:15","1651","False"
"1、交易计算表2月.xls","2026-02","苏州市轨道交通集团有限公司","3206618005424","2026-02-28","False","46","11:30","1651","False"
"1、交易计算表2月.xls","2026-02","苏州市轨道交通集团有限公司","3206618005424","2026-02-28","False","47","11:45","1651","False"
"1、交易计算表2月.xls","2026-02","苏州市轨道交通集团有限公司","3206618005424","2026-02-28","False","48","12:00","1651","False"
"1、交易计算表2月.xls","2026-02","苏州市轨道交通集团有限公司","3206618005424","2026-02-28","False","49","12:15","1650","False"
"1、交易计算表2月.xls","2026-02","苏州市轨道交通集团有限公司","3206618005424","2026-02-28","False","50","12:30","1651","False"
"1、交易计算表2月.xls","2026-02","苏州市轨道交通集团有限公司","3206618005424","2026-02-28","False","51","12:45","1651","False"
"1、交易计算表2月.xls","2026-02","苏州市轨道交通集团有限公司","3206618005424","2026-02-28","False","52","13:00","1650","False"
"1、交易计算表2月.xls","2026-02","苏州市轨道交通集团有限公司","3206618005424","2026-02-28","False","53","13:15","1652","False"
"1、交易计算表2月.xls","2026-02","苏州市轨道交通集团有限公司","3206618005424","2026-02-28","False","54","13:30","1650","False"
"1、交易计算表2月.xls","2026-02","苏州市轨道交通集团有限公司","3206618005424","2026-02-28","False","55","13:45","1650","False"
"1、交易计算表2月.xls","2026-02","苏州市轨道交通集团有限公司","3206618005424","2026-02-28","False","56","14:00","1652","False"
"1、交易计算表2月.xls","2026-02","苏州市轨道交通集团有限公司","3206618005424","2026-02-28","False","57","14:15","2201","False"
"1、交易计算表2月.xls","2026-02","苏州市轨道交通集团有限公司","3206618005424","2026-02-28","False","58","14:30","2200","False"
"1、交易计算表2月.xls","2026-02","苏州市轨道交通集团有限公司","3206618005424","2026-02-28","False","59","14:45","2202","False"
"1、交易计算表2月.xls","2026-02","苏州市轨道交通集团有限公司","3206618005424","2026-02-28","False","60","15:00","2201","False"
"1、交易计算表2月.xls","2026-02","苏州市轨道交通集团有限公司","3206618005424","2026-02-28","False","61","15:15","1100","False"
"1、交易计算表2月.xls","2026-02","苏州市轨道交通集团有限公司","3206618005424","2026-02-28","False","62","15:30","1101","False"
"1、交易计算表2月.xls","2026-02","苏州市轨道交通集团有限公司","3206618005424","2026-02-28","False","63","15:45","1100","False"
"1、交易计算表2月.xls","2026-02","苏州市轨道交通集团有限公司","3206618005424","2026-02-28","False","64","16:00","1101","False"
"1、交易计算表2月.xls","2026-02","苏州市轨道交通集团有限公司","3206618005424","2026-02-28","False","65","16:15","1651","False"
"1、交易计算表2月.xls","2026-02","苏州市轨道交通集团有限公司","3206618005424","2026-02-28","False","66","16:30","1650","False"
"1、交易计算表2月.xls","2026-02","苏州市轨道交通集团有限公司","3206618005424","2026-02-28","False","67","16:45","1652","False"
"1、交易计算表2月.xls","2026-02","苏州市轨道交通集团有限公司","3206618005424","2026-02-28","False","68","17:00","1650","False"
"1、交易计算表2月.xls","2026-02","苏州市轨道交通集团有限公司","3206618005424","2026-02-28","False","69","17:15","2201","False"
"1、交易计算表2月.xls","2026-02","苏州市轨道交通集团有限公司","3206618005424","2026-02-28","False","70","17:30","2202","False"
"1、交易计算表2月.xls","2026-02","苏州市轨道交通集团有限公司","3206618005424","2026-02-28","False","71","17:45","2200","False"
"1、交易计算表2月.xls","2026-02","苏州市轨道交通集团有限公司","3206618005424","2026-02-28","False","72","18:00","2201","False"
"1、交易计算表2月.xls","2026-02","苏州市轨道交通集团有限公司","3206618005424","2026-02-28","False","73","18:15","2202","False"
"1、交易计算表2月.xls","2026-02","苏州市轨道交通集团有限公司","3206618005424","2026-02-28","False","74","18:30","2201","False"
"1、交易计算表2月.xls","2026-02","苏州市轨道交通集团有限公司","3206618005424","2026-02-28","False","75","18:45","2200","False"
"1、交易计算表2月.xls","2026-02","苏州市轨道交通集团有限公司","3206618005424","2026-02-28","False","76","19:00","2202","False"
"1、交易计算表2月.xls","2026-02","苏州市轨道交通集团有限公司","3206618005424","2026-02-28","False","77","19:15","2201","False"
"1、交易计算表2月.xls","2026-02","苏州市轨道交通集团有限公司","3206618005424","2026-02-28","False","78","19:30","2201","False"
"1、交易计算表2月.xls","2026-02","苏州市轨道交通集团有限公司","3206618005424","2026-02-28","False","79","19:45","2202","False"
"1、交易计算表2月.xls","2026-02","苏州市轨道交通集团有限公司","3206618005424","2026-02-28","False","80","20:00","2200","False"
"1、交易计算表2月.xls","2026-02","苏州市轨道交通集团有限公司","3206618005424","2026-02-28","False","81","20:15","1651","False"
"1、交易计算表2月.xls","2026-02","苏州市轨道交通集团有限公司","3206618005424","2026-02-28","False","82","20:30","1651","False"
"1、交易计算表2月.xls","2026-02","苏州市轨道交通集团有限公司","3206618005424","2026-02-28","False","83","20:45","1650","False"
"1、交易计算表2月.xls","2026-02","苏州市轨道交通集团有限公司","3206618005424","2026-02-28","False","84","21:00","1651","False"
"1、交易计算表2月.xls","2026-02","苏州市轨道交通集团有限公司","3206618005424","2026-02-28","False","85","21:15","1651","False"
"1、交易计算表2月.xls","2026-02","苏州市轨道交通集团有限公司","3206618005424","2026-02-28","False","86","21:30","1651","False"
"1、交易计算表2月.xls","2026-02","苏州市轨道交通集团有限公司","3206618005424","2026-02-28","False","87","21:45","1650","False"
"1、交易计算表2月.xls","2026-02","苏州市轨道交通集团有限公司","3206618005424","2026-02-28","False","88","22:00","1651","False"
"1、交易计算表2月.xls","2026-02","苏州市轨道交通集团有限公司","3206618005424","2026-02-28","False","89","22:15","1651","False"
"1、交易计算表2月.xls","2026-02","苏州市轨道交通集团有限公司","3206618005424","2026-02-28","False","90","22:30","1651","False"
"1、交易计算表2月.xls","2026-02","苏州市轨道交通集团有限公司","3206618005424","2026-02-28","False","91","22:45","1651","False"
"1、交易计算表2月.xls","2026-02","苏州市轨道交通集团有限公司","3206618005424","2026-02-28","False","92","23:00","1651","False"
"1、交易计算表2月.xls","2026-02","苏州市轨道交通集团有限公司","3206618005424","2026-02-28","False","93","23:15","1101","False"
"1、交易计算表2月.xls","2026-02","苏州市轨道交通集团有限公司","3206618005424","2026-02-28","False","94","23:30","1100","False"
"1、交易计算表2月.xls","2026-02","苏州市轨道交通集团有限公司","3206618005424","2026-02-28","False","95","23:45","1100","False"
"1、交易计算表2月.xls","2026-02","苏州市轨道交通集团有限公司","3206618005424","2026-02-28","False","96","24:00","1101","False"
"1、交易计算表2月.xls","2026-02","苏州市轨道交通集团有限公司","3206622203288","2026-02-28","False","1","00:15","0","False"
"1、交易计算表2月.xls","2026-02","苏州市轨道交通集团有限公司","3206622203288","2026-02-28","False","2","00:30","0","False"
"1、交易计算表2月.xls","2026-02","苏州市轨道交通集团有限公司","3206622203288","2026-02-28","False","3","00:45","0","False"
"1、交易计算表2月.xls","2026-02","苏州市轨道交通集团有限公司","3206622203288","2026-02-28","False","4","01:00","0","False"
"1、交易计算表2月.xls","2026-02","苏州市轨道交通集团有限公司","3206622203288","2026-02-28","False","5","01:15","1100","False"
"1、交易计算表2月.xls","2026-02","苏州市轨道交通集团有限公司","3206622203288","2026-02-28","False","6","01:30","1100","False"
"1、交易计算表2月.xls","2026-02","苏州市轨道交通集团有限公司","3206622203288","2026-02-28","False","7","01:45","1100","False"
"1、交易计算表2月.xls","2026-02","苏州市轨道交通集团有限公司","3206622203288","2026-02-28","False","8","02:00","1100","False"
"1、交易计算表2月.xls","2026-02","苏州市轨道交通集团有限公司","3206622203288","2026-02-28","False","9","02:15","1100","False"
"1、交易计算表2月.xls","2026-02","苏州市轨道交通集团有限公司","3206622203288","2026-02-28","False","10","02:30","1100","False"
"1、交易计算表2月.xls","2026-02","苏州市轨道交通集团有限公司","3206622203288","2026-02-28","False","11","02:45","1101","False"
"1、交易计算表2月.xls","2026-02","苏州市轨道交通集团有限公司","3206622203288","2026-02-28","False","12","03:00","1100","False"
"1、交易计算表2月.xls","2026-02","苏州市轨道交通集团有限公司","3206622203288","2026-02-28","False","13","03:15","1100","False"
"1、交易计算表2月.xls","2026-02","苏州市轨道交通集团有限公司","3206622203288","2026-02-28","False","14","03:30","1100","False"
"1、交易计算表2月.xls","2026-02","苏州市轨道交通集团有限公司","3206622203288","2026-02-28","False","15","03:45","1100","False"
"1、交易计算表2月.xls","2026-02","苏州市轨道交通集团有限公司","3206622203288","2026-02-28","False","16","04:00","1100","False"
"1、交易计算表2月.xls","2026-02","苏州市轨道交通集团有限公司","3206622203288","2026-02-28","False","17","04:15","1101","False"
"1、交易计算表2月.xls","2026-02","苏州市轨道交通集团有限公司","3206622203288","2026-02-28","False","18","04:30","1100","False"
"1、交易计算表2月.xls","2026-02","苏州市轨道交通集团有限公司","3206622203288","2026-02-28","False","19","04:45","1101","False"
"1、交易计算表2月.xls","2026-02","苏州市轨道交通集团有限公司","3206622203288","2026-02-28","False","20","05:00","1100","False"
"1、交易计算表2月.xls","2026-02","苏州市轨道交通集团有限公司","3206622203288","2026-02-28","False","21","05:15","1100","False"
"1、交易计算表2月.xls","2026-02","苏州市轨道交通集团有限公司","3206622203288","2026-02-28","False","22","05:30","1100","False"
"1、交易计算表2月.xls","2026-02","苏州市轨道交通集团有限公司","3206622203288","2026-02-28","False","23","05:45","1100","False"
"1、交易计算表2月.xls","2026-02","苏州市轨道交通集团有限公司","3206622203288","2026-02-28","False","24","06:00","1100","False"
"1、交易计算表2月.xls","2026-02","苏州市轨道交通集团有限公司","3206622203288","2026-02-28","False","25","06:15","2200","False"
"1、交易计算表2月.xls","2026-02","苏州市轨道交通集团有限公司","3206622203288","2026-02-28","False","26","06:30","2201","False"
"1、交易计算表2月.xls","2026-02","苏州市轨道交通集团有限公司","3206622203288","2026-02-28","False","27","06:45","2200","False"
"1、交易计算表2月.xls","2026-02","苏州市轨道交通集团有限公司","3206622203288","2026-02-28","False","28","07:00","2201","False"
"1、交易计算表2月.xls","2026-02","苏州市轨道交通集团有限公司","3206622203288","2026-02-28","False","29","07:15","3301","False"
"1、交易计算表2月.xls","2026-02","苏州市轨道交通集团有限公司","3206622203288","2026-02-28","False","30","07:30","3301","False"
"1、交易计算表2月.xls","2026-02","苏州市轨道交通集团有限公司","3206622203288","2026-02-28","False","31","07:45","3300","False"
"1、交易计算表2月.xls","2026-02","苏州市轨道交通集团有限公司","3206622203288","2026-02-28","False","32","08:00","3301","False"
"1、交易计算表2月.xls","2026-02","苏州市轨道交通集团有限公司","3206622203288","2026-02-28","False","33","08:15","3301","False"
"1、交易计算表2月.xls","2026-02","苏州市轨道交通集团有限公司","3206622203288","2026-02-28","False","34","08:30","3300","False"
"1、交易计算表2月.xls","2026-02","苏州市轨道交通集团有限公司","3206622203288","2026-02-28","False","35","08:45","3301","False"
"1、交易计算表2月.xls","2026-02","苏州市轨道交通集团有限公司","3206622203288","2026-02-28","False","36","09:00","3300","False"
"1、交易计算表2月.xls","2026-02","苏州市轨道交通集团有限公司","3206622203288","2026-02-28","False","37","09:15","3301","False"
"1、交易计算表2月.xls","2026-02","苏州市轨道交通集团有限公司","3206622203288","2026-02-28","False","38","09:30","3301","False"
"1、交易计算表2月.xls","2026-02","苏州市轨道交通集团有限公司","3206622203288","2026-02-28","False","39","09:45","3301","False"
"1、交易计算表2月.xls","2026-02","苏州市轨道交通集团有限公司","3206622203288","2026-02-28","False","40","10:00","3301","False"
"1、交易计算表2月.xls","2026-02","苏州市轨道交通集团有限公司","3206622203288","2026-02-28","False","41","10:15","2200","False"
"1、交易计算表2月.xls","2026-02","苏州市轨道交通集团有限公司","3206622203288","2026-02-28","False","42","10:30","2201","False"
"1、交易计算表2月.xls","2026-02","苏州市轨道交通集团有限公司","3206622203288","2026-02-28","False","43","10:45","2201","False"
"1、交易计算表2月.xls","2026-02","苏州市轨道交通集团有限公司","3206622203288","2026-02-28","False","44","11:00","2200","False"
"1、交易计算表2月.xls","2026-02","苏州市轨道交通集团有限公司","3206622203288","2026-02-28","False","45","11:15","4401","False"
"1、交易计算表2月.xls","2026-02","苏州市轨道交通集团有限公司","3206622203288","2026-02-28","False","46","11:30","4401","False"
"1、交易计算表2月.xls","2026-02","苏州市轨道交通集团有限公司","3206622203288","2026-02-28","False","47","11:45","4401","False"
"1、交易计算表2月.xls","2026-02","苏州市轨道交通集团有限公司","3206622203288","2026-02-28","False","48","12:00","4401","False"
"1、交易计算表2月.xls","2026-02","苏州市轨道交通集团有限公司","3206622203288","2026-02-28","False","49","12:15","2200","False"
"1、交易计算表2月.xls","2026-02","苏州市轨道交通集团有限公司","3206622203288","2026-02-28","False","50","12:30","2201","False"
"1、交易计算表2月.xls","2026-02","苏州市轨道交通集团有限公司","3206622203288","2026-02-28","False","51","12:45","2200","False"
"1、交易计算表2月.xls","2026-02","苏州市轨道交通集团有限公司","3206622203288","2026-02-28","False","52","13:00","2201","False"
"1、交易计算表2月.xls","2026-02","苏州市轨道交通集团有限公司","3206622203288","2026-02-28","False","53","13:15","3300","False"
"1、交易计算表2月.xls","2026-02","苏州市轨道交通集团有限公司","3206622203288","2026-02-28","False","54","13:30","3301","False"
"1、交易计算表2月.xls","2026-02","苏州市轨道交通集团有限公司","3206622203288","2026-02-28","False","55","13:45","3301","False"
"1、交易计算表2月.xls","2026-02","苏州市轨道交通集团有限公司","3206622203288","2026-02-28","False","56","14:00","3301","False"
"1、交易计算表2月.xls","2026-02","苏州市轨道交通集团有限公司","3206622203288","2026-02-28","False","57","14:15","2200","False"
"1、交易计算表2月.xls","2026-02","苏州市轨道交通集团有限公司","3206622203288","2026-02-28","False","58","14:30","2201","False"
"1、交易计算表2月.xls","2026-02","苏州市轨道交通集团有限公司","3206622203288","2026-02-28","False","59","14:45","2200","False"
"1、交易计算表2月.xls","2026-02","苏州市轨道交通集团有限公司","3206622203288","2026-02-28","False","60","15:00","2201","False"
"1、交易计算表2月.xls","2026-02","苏州市轨道交通集团有限公司","3206622203288","2026-02-28","False","61","15:15","2200","False"
"1、交易计算表2月.xls","2026-02","苏州市轨道交通集团有限公司","3206622203288","2026-02-28","False","62","15:30","2201","False"
"1、交易计算表2月.xls","2026-02","苏州市轨道交通集团有限公司","3206622203288","2026-02-28","False","63","15:45","2200","False"
"1、交易计算表2月.xls","2026-02","苏州市轨道交通集团有限公司","3206622203288","2026-02-28","False","64","16:00","2201","False"
"1、交易计算表2月.xls","2026-02","苏州市轨道交通集团有限公司","3206622203288","2026-02-28","False","65","16:15","4400","False"
"1、交易计算表2月.xls","2026-02","苏州市轨道交通集团有限公司","3206622203288","2026-02-28","False","66","16:30","4401","False"
"1、交易计算表2月.xls","2026-02","苏州市轨道交通集团有限公司","3206622203288","2026-02-28","False","67","16:45","4401","False"
"1、交易计算表2月.xls","2026-02","苏州市轨道交通集团有限公司","3206622203288","2026-02-28","False","68","17:00","4402","False"
"1、交易计算表2月.xls","2026-02","苏州市轨道交通集团有限公司","3206622203288","2026-02-28","False","69","17:15","3301","False"
"1、交易计算表2月.xls","2026-02","苏州市轨道交通集团有限公司","3206622203288","2026-02-28","False","70","17:30","3301","False"
"1、交易计算表2月.xls","2026-02","苏州市轨道交通集团有限公司","3206622203288","2026-02-28","False","71","17:45","3301","False"
"1、交易计算表2月.xls","2026-02","苏州市轨道交通集团有限公司","3206622203288","2026-02-28","False","72","18:00","3301","False"
"1、交易计算表2月.xls","2026-02","苏州市轨道交通集团有限公司","3206622203288","2026-02-28","False","73","18:15","2200","False"
"1、交易计算表2月.xls","2026-02","苏州市轨道交通集团有限公司","3206622203288","2026-02-28","False","74","18:30","2200","False"
"1、交易计算表2月.xls","2026-02","苏州市轨道交通集团有限公司","3206622203288","2026-02-28","False","75","18:45","2201","False"
"1、交易计算表2月.xls","2026-02","苏州市轨道交通集团有限公司","3206622203288","2026-02-28","False","76","19:00","2200","False"
"1、交易计算表2月.xls","2026-02","苏州市轨道交通集团有限公司","3206622203288","2026-02-28","False","77","19:15","4401","False"
"1、交易计算表2月.xls","2026-02","苏州市轨道交通集团有限公司","3206622203288","2026-02-28","False","78","19:30","4401","False"
"1、交易计算表2月.xls","2026-02","苏州市轨道交通集团有限公司","3206622203288","2026-02-28","False","79","19:45","4401","False"
"1、交易计算表2月.xls","2026-02","苏州市轨道交通集团有限公司","3206622203288","2026-02-28","False","80","20:00","4401","False"
"1、交易计算表2月.xls","2026-02","苏州市轨道交通集团有限公司","3206622203288","2026-02-28","False","81","20:15","2200","False"
"1、交易计算表2月.xls","2026-02","苏州市轨道交通集团有限公司","3206622203288","2026-02-28","False","82","20:30","2201","False"
"1、交易计算表2月.xls","2026-02","苏州市轨道交通集团有限公司","3206622203288","2026-02-28","False","83","20:45","2200","False"
"1、交易计算表2月.xls","2026-02","苏州市轨道交通集团有限公司","3206622203288","2026-02-28","False","84","21:00","2201","False"
"1、交易计算表2月.xls","2026-02","苏州市轨道交通集团有限公司","3206622203288","2026-02-28","False","85","21:15","3300","False"
"1、交易计算表2月.xls","2026-02","苏州市轨道交通集团有限公司","3206622203288","2026-02-28","False","86","21:30","3301","False"
"1、交易计算表2月.xls","2026-02","苏州市轨道交通集团有限公司","3206622203288","2026-02-28","False","87","21:45","3301","False"
"1、交易计算表2月.xls","2026-02","苏州市轨道交通集团有限公司","3206622203288","2026-02-28","False","88","22:00","3301","False"
"1、交易计算表2月.xls","2026-02","苏州市轨道交通集团有限公司","3206622203288","2026-02-28","False","89","22:15","2200","False"
"1、交易计算表2月.xls","2026-02","苏州市轨道交通集团有限公司","3206622203288","2026-02-28","False","90","22:30","2201","False"
"1、交易计算表2月.xls","2026-02","苏州市轨道交通集团有限公司","3206622203288","2026-02-28","False","91","22:45","2200","False"
"1、交易计算表2月.xls","2026-02","苏州市轨道交通集团有限公司","3206622203288","2026-02-28","False","92","23:00","2201","False"
"1、交易计算表2月.xls","2026-02","苏州市轨道交通集团有限公司","3206622203288","2026-02-28","False","93","23:15","2200","False"
"1、交易计算表2月.xls","2026-02","苏州市轨道交通集团有限公司","3206622203288","2026-02-28","False","94","23:30","2201","False"
"1、交易计算表2月.xls","2026-02","苏州市轨道交通集团有限公司","3206622203288","2026-02-28","False","95","23:45","2200","False"
"1、交易计算表2月.xls","2026-02","苏州市轨道交通集团有限公司","3206622203288","2026-02-28","False","96","24:00","2202","False"
"1、交易计算表2月.xls","2026-02","苏州市轨道交通集团有限公司","3203079734109","2026-02-28","False","1","00:15","461","False"
"1、交易计算表2月.xls","2026-02","苏州市轨道交通集团有限公司","3203079734109","2026-02-28","False","2","00:30","462","False"
"1、交易计算表2月.xls","2026-02","苏州市轨道交通集团有限公司","3203079734109","2026-02-28","False","3","00:45","462","False"
"1、交易计算表2月.xls","2026-02","苏州市轨道交通集团有限公司","3203079734109","2026-02-28","False","4","01:00","464","False"
"1、交易计算表2月.xls","2026-02","苏州市轨道交通集团有限公司","3203079734109","2026-02-28","False","5","01:15","434","False"
"1、交易计算表2月.xls","2026-02","苏州市轨道交通集团有限公司","3203079734109","2026-02-28","False","6","01:30","435","False"
"1、交易计算表2月.xls","2026-02","苏州市轨道交通集团有限公司","3203079734109","2026-02-28","False","7","01:45","436","False"
"1、交易计算表2月.xls","2026-02","苏州市轨道交通集团有限公司","3203079734109","2026-02-28","False","8","02:00","435","False"
"1、交易计算表2月.xls","2026-02","苏州市轨道交通集团有限公司","3203079734109","2026-02-28","False","9","02:15","433","False"
"1、交易计算表2月.xls","2026-02","苏州市轨道交通集团有限公司","3203079734109","2026-02-28","False","10","02:30","436","False"
"1、交易计算表2月.xls","2026-02","苏州市轨道交通集团有限公司","3203079734109","2026-02-28","False","11","02:45","435","False"
"1、交易计算表2月.xls","2026-02","苏州市轨道交通集团有限公司","3203079734109","2026-02-28","False","12","03:00","435","False"
"1、交易计算表2月.xls","2026-02","苏州市轨道交通集团有限公司","3203079734109","2026-02-28","False","13","03:15","433","False"
"1、交易计算表2月.xls","2026-02","苏州市轨道交通集团有限公司","3203079734109","2026-02-28","False","14","03:30","432","False"
"1、交易计算表2月.xls","2026-02","苏州市轨道交通集团有限公司","3203079734109","2026-02-28","False","15","03:45","432","False"
"1、交易计算表2月.xls","2026-02","苏州市轨道交通集团有限公司","3203079734109","2026-02-28","False","16","04:00","433","False"
"1、交易计算表2月.xls","2026-02","苏州市轨道交通集团有限公司","3203079734109","2026-02-28","False","17","04:15","522","False"
"1、交易计算表2月.xls","2026-02","苏州市轨道交通集团有限公司","3203079734109","2026-02-28","False","18","04:30","522","False"
"1、交易计算表2月.xls","2026-02","苏州市轨道交通集团有限公司","3203079734109","2026-02-28","False","19","04:45","523","False"
"1、交易计算表2月.xls","2026-02","苏州市轨道交通集团有限公司","3203079734109","2026-02-28","False","20","05:00","525","False"
"1、交易计算表2月.xls","2026-02","苏州市轨道交通集团有限公司","3203079734109","2026-02-28","False","21","05:15","720","False"
"1、交易计算表2月.xls","2026-02","苏州市轨道交通集团有限公司","3203079734109","2026-02-28","False","22","05:30","721","False"
"1、交易计算表2月.xls","2026-02","苏州市轨道交通集团有限公司","3203079734109","2026-02-28","False","23","05:45","721","False"
"1、交易计算表2月.xls","2026-02","苏州市轨道交通集团有限公司","3203079734109","2026-02-28","False","24","06:00","723","False"
"1、交易计算表2月.xls","2026-02","苏州市轨道交通集团有限公司","3203079734109","2026-02-28","False","25","06:15","1152","False"
"1、交易计算表2月.xls","2026-02","苏州市轨道交通集团有限公司","3203079734109","2026-02-28","False","26","06:30","1154","False"
"1、交易计算表2月.xls","2026-02","苏州市轨道交通集团有限公司","3203079734109","2026-02-28","False","27","06:45","1153","False"
"1、交易计算表2月.xls","2026-02","苏州市轨道交通集团有限公司","3203079734109","2026-02-28","False","28","07:00","1154","False"
"1、交易计算表2月.xls","2026-02","苏州市轨道交通集团有限公司","3203079734109","2026-02-28","False","29","07:15","1301","False"
"1、交易计算表2月.xls","2026-02","苏州市轨道交通集团有限公司","3203079734109","2026-02-28","False","30","07:30","1303","False"
"1、交易计算表2月.xls","2026-02","苏州市轨道交通集团有限公司","3203079734109","2026-02-28","False","31","07:45","1301","False"
"1、交易计算表2月.xls","2026-02","苏州市轨道交通集团有限公司","3203079734109","2026-02-28","False","32","08:00","1303","False"
"1、交易计算表2月.xls","2026-02","苏州市轨道交通集团有限公司","3203079734109","2026-02-28","False","33","08:15","1324","False"
"1、交易计算表2月.xls","2026-02","苏州市轨道交通集团有限公司","3203079734109","2026-02-28","False","34","08:30","1323","False"
"1、交易计算表2月.xls","2026-02","苏州市轨道交通集团有限公司","3203079734109","2026-02-28","False","35","08:45","1324","False"
"1、交易计算表2月.xls","2026-02","苏州市轨道交通集团有限公司","3203079734109","2026-02-28","False","36","09:00","1325","False"
"1、交易计算表2月.xls","2026-02","苏州市轨道交通集团有限公司","3203079734109","2026-02-28","False","37","09:15","1274","False"
"1、交易计算表2月.xls","2026-02","苏州市轨道交通集团有限公司","3203079734109","2026-02-28","False","38","09:30","1274","False"
"1、交易计算表2月.xls","2026-02","苏州市轨道交通集团有限公司","3203079734109","2026-02-28","False","39","09:45","1275","False"
"1、交易计算表2月.xls","2026-02","苏州市轨道交通集团有限公司","3203079734109","2026-02-28","False","40","10:00","1275","False"
"1、交易计算表2月.xls","2026-02","苏州市轨道交通集团有限公司","3203079734109","2026-02-28","False","41","10:15","1203","False"
"1、交易计算表2月.xls","2026-02","苏州市轨道交通集团有限公司","3203079734109","2026-02-28","False","42","10:30","1202","False"
"1、交易计算表2月.xls","2026-02","苏州市轨道交通集团有限公司","3203079734109","2026-02-28","False","43","10:45","1203","False"
"1、交易计算表2月.xls","2026-02","苏州市轨道交通集团有限公司","3203079734109","2026-02-28","False","44","11:00","1204","False"
"1、交易计算表2月.xls","2026-02","苏州市轨道交通集团有限公司","3203079734109","2026-02-28","False","45","11:15","1172","False"
"1、交易计算表2月.xls","2026-02","苏州市轨道交通集团有限公司","3203079734109","2026-02-28","False","46","11:30","1173","False"
"1、交易计算表2月.xls","2026-02","苏州市轨道交通集团有限公司","3203079734109","2026-02-28","False","47","11:45","1173","False"
"1、交易计算表2月.xls","2026-02","苏州市轨道交通集团有限公司","3203079734109","2026-02-28","False","48","12:00","1172","False"
"1、交易计算表2月.xls","2026-02","苏州市轨道交通集团有限公司","3203079734109","2026-02-28","False","49","12:15","1192","False"
"1、交易计算表2月.xls","2026-02","苏州市轨道交通集团有限公司","3203079734109","2026-02-28","False","50","12:30","1192","False"
"1、交易计算表2月.xls","2026-02","苏州市轨道交通集团有限公司","3203079734109","2026-02-28","False","51","12:45","1192","False"
"1、交易计算表2月.xls","2026-02","苏州市轨道交通集团有限公司","3203079734109","2026-02-28","False","52","13:00","1192","False"
"1、交易计算表2月.xls","2026-02","苏州市轨道交通集团有限公司","3203079734109","2026-02-28","False","53","13:15","1198","False"
"1、交易计算表2月.xls","2026-02","苏州市轨道交通集团有限公司","3203079734109","2026-02-28","False","54","13:30","1196","False"
"1、交易计算表2月.xls","2026-02","苏州市轨道交通集团有限公司","3203079734109","2026-02-28","False","55","13:45","1198","False"
"1、交易计算表2月.xls","2026-02","苏州市轨道交通集团有限公司","3203079734109","2026-02-28","False","56","14:00","1198","False"
"1、交易计算表2月.xls","2026-02","苏州市轨道交通集团有限公司","3203079734109","2026-02-28","False","57","14:15","1168","False"
"1、交易计算表2月.xls","2026-02","苏州市轨道交通集团有限公司","3203079734109","2026-02-28","False","58","14:30","1171","False"
"1、交易计算表2月.xls","2026-02","苏州市轨道交通集团有限公司","3203079734109","2026-02-28","False","59","14:45","1169","False"
"1、交易计算表2月.xls","2026-02","苏州市轨道交通集团有限公司","3203079734109","2026-02-28","False","60","15:00","1171","False"
"1、交易计算表2月.xls","2026-02","苏州市轨道交通集团有限公司","3203079734109","2026-02-28","False","61","15:15","1169","False"
"1、交易计算表2月.xls","2026-02","苏州市轨道交通集团有限公司","3203079734109","2026-02-28","False","62","15:30","1171","False"
"1、交易计算表2月.xls","2026-02","苏州市轨道交通集团有限公司","3203079734109","2026-02-28","False","63","15:45","1169","False"
"1、交易计算表2月.xls","2026-02","苏州市轨道交通集团有限公司","3203079734109","2026-02-28","False","64","16:00","1171","False"
"1、交易计算表2月.xls","2026-02","苏州市轨道交通集团有限公司","3203079734109","2026-02-28","False","65","16:15","1222","False"
"1、交易计算表2月.xls","2026-02","苏州市轨道交通集团有限公司","3203079734109","2026-02-28","False","66","16:30","1222","False"
"1、交易计算表2月.xls","2026-02","苏州市轨道交通集团有限公司","3203079734109","2026-02-28","False","67","16:45","1222","False"
"1、交易计算表2月.xls","2026-02","苏州市轨道交通集团有限公司","3203079734109","2026-02-28","False","68","17:00","1223","False"
"1、交易计算表2月.xls","2026-02","苏州市轨道交通集团有限公司","3203079734109","2026-02-28","False","69","17:15","1267","False"
"1、交易计算表2月.xls","2026-02","苏州市轨道交通集团有限公司","3203079734109","2026-02-28","False","70","17:30","1270","False"
"1、交易计算表2月.xls","2026-02","苏州市轨道交通集团有限公司","3203079734109","2026-02-28","False","71","17:45","1268","False"
"1、交易计算表2月.xls","2026-02","苏州市轨道交通集团有限公司","3203079734109","2026-02-28","False","72","18:00","1271","False"
"1、交易计算表2月.xls","2026-02","苏州市轨道交通集团有限公司","3203079734109","2026-02-28","False","73","18:15","1275","False"
"1、交易计算表2月.xls","2026-02","苏州市轨道交通集团有限公司","3203079734109","2026-02-28","False","74","18:30","1279","False"
"1、交易计算表2月.xls","2026-02","苏州市轨道交通集团有限公司","3203079734109","2026-02-28","False","75","18:45","1276","False"
"1、交易计算表2月.xls","2026-02","苏州市轨道交通集团有限公司","3203079734109","2026-02-28","False","76","19:00","1279","False"
"1、交易计算表2月.xls","2026-02","苏州市轨道交通集团有限公司","3203079734109","2026-02-28","False","77","19:15","1243","False"
"1、交易计算表2月.xls","2026-02","苏州市轨道交通集团有限公司","3203079734109","2026-02-28","False","78","19:30","1245","False"
"1、交易计算表2月.xls","2026-02","苏州市轨道交通集团有限公司","3203079734109","2026-02-28","False","79","19:45","1244","False"
"1、交易计算表2月.xls","2026-02","苏州市轨道交通集团有限公司","3203079734109","2026-02-28","False","80","20:00","1244","False"
"1、交易计算表2月.xls","2026-02","苏州市轨道交通集团有限公司","3203079734109","2026-02-28","False","81","20:15","1183","False"
"1、交易计算表2月.xls","2026-02","苏州市轨道交通集团有限公司","3203079734109","2026-02-28","False","82","20:30","1184","False"
"1、交易计算表2月.xls","2026-02","苏州市轨道交通集团有限公司","3203079734109","2026-02-28","False","83","20:45","1182","False"
"1、交易计算表2月.xls","2026-02","苏州市轨道交通集团有限公司","3203079734109","2026-02-28","False","84","21:00","1186","False"
"1、交易计算表2月.xls","2026-02","苏州市轨道交通集团有限公司","3203079734109","2026-02-28","False","85","21:15","1149","False"
"1、交易计算表2月.xls","2026-02","苏州市轨道交通集团有限公司","3203079734109","2026-02-28","False","86","21:30","1151","False"
"1、交易计算表2月.xls","2026-02","苏州市轨道交通集团有限公司","3203079734109","2026-02-28","False","87","21:45","1151","False"
"1、交易计算表2月.xls","2026-02","苏州市轨道交通集团有限公司","3203079734109","2026-02-28","False","88","22:00","1152","False"
"1、交易计算表2月.xls","2026-02","苏州市轨道交通集团有限公司","3203079734109","2026-02-28","False","89","22:15","1088","False"
"1、交易计算表2月.xls","2026-02","苏州市轨道交通集团有限公司","3203079734109","2026-02-28","False","90","22:30","1091","False"
"1、交易计算表2月.xls","2026-02","苏州市轨道交通集团有限公司","3203079734109","2026-02-28","False","91","22:45","1089","False"
"1、交易计算表2月.xls","2026-02","苏州市轨道交通集团有限公司","3203079734109","2026-02-28","False","92","23:00","1092","False"
"1、交易计算表2月.xls","2026-02","苏州市轨道交通集团有限公司","3203079734109","2026-02-28","False","93","23:15","577","False"
"1、交易计算表2月.xls","2026-02","苏州市轨道交通集团有限公司","3203079734109","2026-02-28","False","94","23:30","579","False"
"1、交易计算表2月.xls","2026-02","苏州市轨道交通集团有限公司","3203079734109","2026-02-28","False","95","23:45","577","False"
"1、交易计算表2月.xls","2026-02","苏州市轨道交通集团有限公司","3203079734109","2026-02-28","False","96","24:00","580","False"
"1、交易计算表2月.xls","2026-02","苏州市轨道交通集团有限公司","3203079324608","2026-02-28","False","1","00:15","137","False"
"1、交易计算表2月.xls","2026-02","苏州市轨道交通集团有限公司","3203079324608","2026-02-28","False","2","00:30","138","False"
"1、交易计算表2月.xls","2026-02","苏州市轨道交通集团有限公司","3203079324608","2026-02-28","False","3","00:45","137","False"
"1、交易计算表2月.xls","2026-02","苏州市轨道交通集团有限公司","3203079324608","2026-02-28","False","4","01:00","138","False"
"1、交易计算表2月.xls","2026-02","苏州市轨道交通集团有限公司","3203079324608","2026-02-28","False","5","01:15","137","False"
"1、交易计算表2月.xls","2026-02","苏州市轨道交通集团有限公司","3203079324608","2026-02-28","False","6","01:30","138","False"
"1、交易计算表2月.xls","2026-02","苏州市轨道交通集团有限公司","3203079324608","2026-02-28","False","7","01:45","137","False"
"1、交易计算表2月.xls","2026-02","苏州市轨道交通集团有限公司","3203079324608","2026-02-28","False","8","02:00","138","False"
"1、交易计算表2月.xls","2026-02","苏州市轨道交通集团有限公司","3203079324608","2026-02-28","False","9","02:15","137","False"
"1、交易计算表2月.xls","2026-02","苏州市轨道交通集团有限公司","3203079324608","2026-02-28","False","10","02:30","138","False"
"1、交易计算表2月.xls","2026-02","苏州市轨道交通集团有限公司","3203079324608","2026-02-28","False","11","02:45","137","False"
"1、交易计算表2月.xls","2026-02","苏州市轨道交通集团有限公司","3203079324608","2026-02-28","False","12","03:00","138","False"
"1、交易计算表2月.xls","2026-02","苏州市轨道交通集团有限公司","3203079324608","2026-02-28","False","13","03:15","132","False"
"1、交易计算表2月.xls","2026-02","苏州市轨道交通集团有限公司","3203079324608","2026-02-28","False","14","03:30","132","False"
"1、交易计算表2月.xls","2026-02","苏州市轨道交通集团有限公司","3203079324608","2026-02-28","False","15","03:45","132","False"
"1、交易计算表2月.xls","2026-02","苏州市轨道交通集团有限公司","3203079324608","2026-02-28","False","16","04:00","132","False"
"1、交易计算表2月.xls","2026-02","苏州市轨道交通集团有限公司","3203079324608","2026-02-28","False","17","04:15","142","False"
"1、交易计算表2月.xls","2026-02","苏州市轨道交通集团有限公司","3203079324608","2026-02-28","False","18","04:30","144","False"
"1、交易计算表2月.xls","2026-02","苏州市轨道交通集团有限公司","3203079324608","2026-02-28","False","19","04:45","143","False"
"1、交易计算表2月.xls","2026-02","苏州市轨道交通集团有限公司","3203079324608","2026-02-28","False","20","05:00","144","False"
"1、交易计算表2月.xls","2026-02","苏州市轨道交通集团有限公司","3203079324608","2026-02-28","False","21","05:15","132","False"
"1、交易计算表2月.xls","2026-02","苏州市轨道交通集团有限公司","3203079324608","2026-02-28","False","22","05:30","132","False"
"1、交易计算表2月.xls","2026-02","苏州市轨道交通集团有限公司","3203079324608","2026-02-28","False","23","05:45","132","False"
"1、交易计算表2月.xls","2026-02","苏州市轨道交通集团有限公司","3203079324608","2026-02-28","False","24","06:00","132","False"
"1、交易计算表2月.xls","2026-02","苏州市轨道交通集团有限公司","3203079324608","2026-02-28","False","25","06:15","132","False"
"1、交易计算表2月.xls","2026-02","苏州市轨道交通集团有限公司","3203079324608","2026-02-28","False","26","06:30","132","False"
"1、交易计算表2月.xls","2026-02","苏州市轨道交通集团有限公司","3203079324608","2026-02-28","False","27","06:45","132","False"
"1、交易计算表2月.xls","2026-02","苏州市轨道交通集团有限公司","3203079324608","2026-02-28","False","28","07:00","132","False"
"1、交易计算表2月.xls","2026-02","苏州市轨道交通集团有限公司","3203079324608","2026-02-28","False","29","07:15","115","False"
"1、交易计算表2月.xls","2026-02","苏州市轨道交通集团有限公司","3203079324608","2026-02-28","False","30","07:30","116","False"
"1、交易计算表2月.xls","2026-02","苏州市轨道交通集团有限公司","3203079324608","2026-02-28","False","31","07:45","115","False"
"1、交易计算表2月.xls","2026-02","苏州市轨道交通集团有限公司","3203079324608","2026-02-28","False","32","08:00","116","False"
"1、交易计算表2月.xls","2026-02","苏州市轨道交通集团有限公司","3203079324608","2026-02-28","False","33","08:15","120","False"
"1、交易计算表2月.xls","2026-02","苏州市轨道交通集团有限公司","3203079324608","2026-02-28","False","34","08:30","122","False"
"1、交易计算表2月.xls","2026-02","苏州市轨道交通集团有限公司","3203079324608","2026-02-28","False","35","08:45","120","False"
"1、交易计算表2月.xls","2026-02","苏州市轨道交通集团有限公司","3203079324608","2026-02-28","False","36","09:00","122","False"
"1、交易计算表2月.xls","2026-02","苏州市轨道交通集团有限公司","3203079324608","2026-02-28","False","37","09:15","120","False"
"1、交易计算表2月.xls","2026-02","苏州市轨道交通集团有限公司","3203079324608","2026-02-28","False","38","09:30","122","False"
"1、交易计算表2月.xls","2026-02","苏州市轨道交通集团有限公司","3203079324608","2026-02-28","False","39","09:45","121","False"
"1、交易计算表2月.xls","2026-02","苏州市轨道交通集团有限公司","3203079324608","2026-02-28","False","40","10:00","122","False"
"1、交易计算表2月.xls","2026-02","苏州市轨道交通集团有限公司","3203079324608","2026-02-28","False","41","10:15","132","False"
"1、交易计算表2月.xls","2026-02","苏州市轨道交通集团有限公司","3203079324608","2026-02-28","False","42","10:30","132","False"
"1、交易计算表2月.xls","2026-02","苏州市轨道交通集团有限公司","3203079324608","2026-02-28","False","43","10:45","132","False"
"1、交易计算表2月.xls","2026-02","苏州市轨道交通集团有限公司","3203079324608","2026-02-28","False","44","11:00","132","False"
"1、交易计算表2月.xls","2026-02","苏州市轨道交通集团有限公司","3203079324608","2026-02-28","False","45","11:15","126","False"
"1、交易计算表2月.xls","2026-02","苏州市轨道交通集团有限公司","3203079324608","2026-02-28","False","46","11:30","127","False"
"1、交易计算表2月.xls","2026-02","苏州市轨道交通集团有限公司","3203079324608","2026-02-28","False","47","11:45","126","False"
"1、交易计算表2月.xls","2026-02","苏州市轨道交通集团有限公司","3203079324608","2026-02-28","False","48","12:00","128","False"
"1、交易计算表2月.xls","2026-02","苏州市轨道交通集团有限公司","3203079324608","2026-02-28","False","49","12:15","126","False"
"1、交易计算表2月.xls","2026-02","苏州市轨道交通集团有限公司","3203079324608","2026-02-28","False","50","12:30","127","False"
"1、交易计算表2月.xls","2026-02","苏州市轨道交通集团有限公司","3203079324608","2026-02-28","False","51","12:45","126","False"
"1、交易计算表2月.xls","2026-02","苏州市轨道交通集团有限公司","3203079324608","2026-02-28","False","52","13:00","127","False"
"1、交易计算表2月.xls","2026-02","苏州市轨道交通集团有限公司","3203079324608","2026-02-28","False","53","13:15","120","False"
"1、交易计算表2月.xls","2026-02","苏州市轨道交通集团有限公司","3203079324608","2026-02-28","False","54","13:30","122","False"
"1、交易计算表2月.xls","2026-02","苏州市轨道交通集团有限公司","3203079324608","2026-02-28","False","55","13:45","120","False"
"1、交易计算表2月.xls","2026-02","苏州市轨道交通集团有限公司","3203079324608","2026-02-28","False","56","14:00","122","False"
"1、交易计算表2月.xls","2026-02","苏州市轨道交通集团有限公司","3203079324608","2026-02-28","False","57","14:15","120","False"
"1、交易计算表2月.xls","2026-02","苏州市轨道交通集团有限公司","3203079324608","2026-02-28","False","58","14:30","122","False"
"1、交易计算表2月.xls","2026-02","苏州市轨道交通集团有限公司","3203079324608","2026-02-28","False","59","14:45","121","False"
"1、交易计算表2月.xls","2026-02","苏州市轨道交通集团有限公司","3203079324608","2026-02-28","False","60","15:00","122","False"
"1、交易计算表2月.xls","2026-02","苏州市轨道交通集团有限公司","3203079324608","2026-02-28","False","61","15:15","120","False"
"1、交易计算表2月.xls","2026-02","苏州市轨道交通集团有限公司","3203079324608","2026-02-28","False","62","15:30","122","False"
"1、交易计算表2月.xls","2026-02","苏州市轨道交通集团有限公司","3203079324608","2026-02-28","False","63","15:45","120","False"
"1、交易计算表2月.xls","2026-02","苏州市轨道交通集团有限公司","3203079324608","2026-02-28","False","64","16:00","122","False"
"1、交易计算表2月.xls","2026-02","苏州市轨道交通集团有限公司","3203079324608","2026-02-28","False","65","16:15","120","False"
"1、交易计算表2月.xls","2026-02","苏州市轨道交通集团有限公司","3203079324608","2026-02-28","False","66","16:30","122","False"
"1、交易计算表2月.xls","2026-02","苏州市轨道交通集团有限公司","3203079324608","2026-02-28","False","67","16:45","120","False"
"1、交易计算表2月.xls","2026-02","苏州市轨道交通集团有限公司","3203079324608","2026-02-28","False","68","17:00","122","False"
"1、交易计算表2月.xls","2026-02","苏州市轨道交通集团有限公司","3203079324608","2026-02-28","False","69","17:15","126","False"
"1、交易计算表2月.xls","2026-02","苏州市轨道交通集团有限公司","3203079324608","2026-02-28","False","70","17:30","127","False"
"1、交易计算表2月.xls","2026-02","苏州市轨道交通集团有限公司","3203079324608","2026-02-28","False","71","17:45","126","False"
"1、交易计算表2月.xls","2026-02","苏州市轨道交通集团有限公司","3203079324608","2026-02-28","False","72","18:00","127","False"
"1、交易计算表2月.xls","2026-02","苏州市轨道交通集团有限公司","3203079324608","2026-02-28","False","73","18:15","126","False"
"1、交易计算表2月.xls","2026-02","苏州市轨道交通集团有限公司","3203079324608","2026-02-28","False","74","18:30","127","False"
"1、交易计算表2月.xls","2026-02","苏州市轨道交通集团有限公司","3203079324608","2026-02-28","False","75","18:45","126","False"
"1、交易计算表2月.xls","2026-02","苏州市轨道交通集团有限公司","3203079324608","2026-02-28","False","76","19:00","127","False"
"1、交易计算表2月.xls","2026-02","苏州市轨道交通集团有限公司","3203079324608","2026-02-28","False","77","19:15","131","False"
"1、交易计算表2月.xls","2026-02","苏州市轨道交通集团有限公司","3203079324608","2026-02-28","False","78","19:30","133","False"
"1、交易计算表2月.xls","2026-02","苏州市轨道交通集团有限公司","3203079324608","2026-02-28","False","79","19:45","132","False"
"1、交易计算表2月.xls","2026-02","苏州市轨道交通集团有限公司","3203079324608","2026-02-28","False","80","20:00","133","False"
"1、交易计算表2月.xls","2026-02","苏州市轨道交通集团有限公司","3203079324608","2026-02-28","False","81","20:15","137","False"
"1、交易计算表2月.xls","2026-02","苏州市轨道交通集团有限公司","3203079324608","2026-02-28","False","82","20:30","138","False"
"1、交易计算表2月.xls","2026-02","苏州市轨道交通集团有限公司","3203079324608","2026-02-28","False","83","20:45","137","False"
"1、交易计算表2月.xls","2026-02","苏州市轨道交通集团有限公司","3203079324608","2026-02-28","False","84","21:00","138","False"
"1、交易计算表2月.xls","2026-02","苏州市轨道交通集团有限公司","3203079324608","2026-02-28","False","85","21:15","142","False"
"1、交易计算表2月.xls","2026-02","苏州市轨道交通集团有限公司","3203079324608","2026-02-28","False","86","21:30","144","False"
"1、交易计算表2月.xls","2026-02","苏州市轨道交通集团有限公司","3203079324608","2026-02-28","False","87","21:45","142","False"
"1、交易计算表2月.xls","2026-02","苏州市轨道交通集团有限公司","3203079324608","2026-02-28","False","88","22:00","144","False"
"1、交易计算表2月.xls","2026-02","苏州市轨道交通集团有限公司","3203079324608","2026-02-28","False","89","22:15","137","False"
"1、交易计算表2月.xls","2026-02","苏州市轨道交通集团有限公司","3203079324608","2026-02-28","False","90","22:30","138","False"
"1、交易计算表2月.xls","2026-02","苏州市轨道交通集团有限公司","3203079324608","2026-02-28","False","91","22:45","137","False"
"1、交易计算表2月.xls","2026-02","苏州市轨道交通集团有限公司","3203079324608","2026-02-28","False","92","23:00","138","False"
"1、交易计算表2月.xls","2026-02","苏州市轨道交通集团有限公司","3203079324608","2026-02-28","False","93","23:15","132","False"
"1、交易计算表2月.xls","2026-02","苏州市轨道交通集团有限公司","3203079324608","2026-02-28","False","94","23:30","132","False"
"1、交易计算表2月.xls","2026-02","苏州市轨道交通集团有限公司","3203079324608","2026-02-28","False","95","23:45","132","False"
"1、交易计算表2月.xls","2026-02","苏州市轨道交通集团有限公司","3203079324608","2026-02-28","False","96","24:00","134","False"
"1、交易计算表2月.xls","2026-02","苏州市轨道交通集团有限公司","3206624778403","2026-02-28","False","1","00:15","2201","False"
"1、交易计算表2月.xls","2026-02","苏州市轨道交通集团有限公司","3206624778403","2026-02-28","False","2","00:30","2202","False"
"1、交易计算表2月.xls","2026-02","苏州市轨道交通集团有限公司","3206624778403","2026-02-28","False","3","00:45","2201","False"
"1、交易计算表2月.xls","2026-02","苏州市轨道交通集团有限公司","3206624778403","2026-02-28","False","4","01:00","2202","False"
"1、交易计算表2月.xls","2026-02","苏州市轨道交通集团有限公司","3206624778403","2026-02-28","False","5","01:15","1102","False"
"1、交易计算表2月.xls","2026-02","苏州市轨道交通集团有限公司","3206624778403","2026-02-28","False","6","01:30","1101","False"
"1、交易计算表2月.xls","2026-02","苏州市轨道交通集团有限公司","3206624778403","2026-02-28","False","7","01:45","1101","False"
"1、交易计算表2月.xls","2026-02","苏州市轨道交通集团有限公司","3206624778403","2026-02-28","False","8","02:00","1101","False"
"1、交易计算表2月.xls","2026-02","苏州市轨道交通集团有限公司","3206624778403","2026-02-28","False","9","02:15","1100","False"
"1、交易计算表2月.xls","2026-02","苏州市轨道交通集团有限公司","3206624778403","2026-02-28","False","10","02:30","1101","False"
"1、交易计算表2月.xls","2026-02","苏州市轨道交通集团有限公司","3206624778403","2026-02-28","False","11","02:45","1100","False"
"1、交易计算表2月.xls","2026-02","苏州市轨道交通集团有限公司","3206624778403","2026-02-28","False","12","03:00","1101","False"
"1、交易计算表2月.xls","2026-02","苏州市轨道交通集团有限公司","3206624778403","2026-02-28","False","13","03:15","2202","False"
"1、交易计算表2月.xls","2026-02","苏州市轨道交通集团有限公司","3206624778403","2026-02-28","False","14","03:30","2202","False"
"1、交易计算表2月.xls","2026-02","苏州市轨道交通集团有限公司","3206624778403","2026-02-28","False","15","03:45","2201","False"
"1、交易计算表2月.xls","2026-02","苏州市轨道交通集团有限公司","3206624778403","2026-02-28","False","16","04:00","2202","False"
"1、交易计算表2月.xls","2026-02","苏州市轨道交通集团有限公司","3206624778403","2026-02-28","False","17","04:15","0","False"
"1、交易计算表2月.xls","2026-02","苏州市轨道交通集团有限公司","3206624778403","2026-02-28","False","18","04:30","0","False"
"1、交易计算表2月.xls","2026-02","苏州市轨道交通集团有限公司","3206624778403","2026-02-28","False","19","04:45","0","False"
"1、交易计算表2月.xls","2026-02","苏州市轨道交通集团有限公司","3206624778403","2026-02-28","False","20","05:00","0","False"
"1、交易计算表2月.xls","2026-02","苏州市轨道交通集团有限公司","3206624778403","2026-02-28","False","21","05:15","2202","False"
"1、交易计算表2月.xls","2026-02","苏州市轨道交通集团有限公司","3206624778403","2026-02-28","False","22","05:30","2202","False"
"1、交易计算表2月.xls","2026-02","苏州市轨道交通集团有限公司","3206624778403","2026-02-28","False","23","05:45","2201","False"
"1、交易计算表2月.xls","2026-02","苏州市轨道交通集团有限公司","3206624778403","2026-02-28","False","24","06:00","2202","False"
"1、交易计算表2月.xls","2026-02","苏州市轨道交通集团有限公司","3206624778403","2026-02-28","False","25","06:15","3303","False"
"1、交易计算表2月.xls","2026-02","苏州市轨道交通集团有限公司","3206624778403","2026-02-28","False","26","06:30","3302","False"
"1、交易计算表2月.xls","2026-02","苏州市轨道交通集团有限公司","3206624778403","2026-02-28","False","27","06:45","3302","False"
"1、交易计算表2月.xls","2026-02","苏州市轨道交通集团有限公司","3206624778403","2026-02-28","False","28","07:00","3302","False"
"1、交易计算表2月.xls","2026-02","苏州市轨道交通集团有限公司","3206624778403","2026-02-28","False","29","07:15","3303","False"
"1、交易计算表2月.xls","2026-02","苏州市轨道交通集团有限公司","3206624778403","2026-02-28","False","30","07:30","3303","False"
"1、交易计算表2月.xls","2026-02","苏州市轨道交通集团有限公司","3206624778403","2026-02-28","False","31","07:45","3303","False"
"1、交易计算表2月.xls","2026-02","苏州市轨道交通集团有限公司","3206624778403","2026-02-28","False","32","08:00","3303","False"
"1、交易计算表2月.xls","2026-02","苏州市轨道交通集团有限公司","3206624778403","2026-02-28","False","33","08:15","4404","False"
"1、交易计算表2月.xls","2026-02","苏州市轨道交通集团有限公司","3206624778403","2026-02-28","False","34","08:30","4403","False"
"1、交易计算表2月.xls","2026-02","苏州市轨道交通集团有限公司","3206624778403","2026-02-28","False","35","08:45","4404","False"
"1、交易计算表2月.xls","2026-02","苏州市轨道交通集团有限公司","3206624778403","2026-02-28","False","36","09:00","4403","False"
"1、交易计算表2月.xls","2026-02","苏州市轨道交通集团有限公司","3206624778403","2026-02-28","False","37","09:15","3302","False"
"1、交易计算表2月.xls","2026-02","苏州市轨道交通集团有限公司","3206624778403","2026-02-28","False","38","09:30","3303","False"
"1、交易计算表2月.xls","2026-02","苏州市轨道交通集团有限公司","3206624778403","2026-02-28","False","39","09:45","3302","False"
"1、交易计算表2月.xls","2026-02","苏州市轨道交通集团有限公司","3206624778403","2026-02-28","False","40","10:00","3302","False"
"1、交易计算表2月.xls","2026-02","苏州市轨道交通集团有限公司","3206624778403","2026-02-28","False","41","10:15","3304","False"
"1、交易计算表2月.xls","2026-02","苏州市轨道交通集团有限公司","3206624778403","2026-02-28","False","42","10:30","3302","False"
"1、交易计算表2月.xls","2026-02","苏州市轨道交通集团有限公司","3206624778403","2026-02-28","False","43","10:45","3304","False"
"1、交易计算表2月.xls","2026-02","苏州市轨道交通集团有限公司","3206624778403","2026-02-28","False","44","11:00","3302","False"
"1、交易计算表2月.xls","2026-02","苏州市轨道交通集团有限公司","3206624778403","2026-02-28","False","45","11:15","3302","False"
"1、交易计算表2月.xls","2026-02","苏州市轨道交通集团有限公司","3206624778403","2026-02-28","False","46","11:30","3303","False"
"1、交易计算表2月.xls","2026-02","苏州市轨道交通集团有限公司","3206624778403","2026-02-28","False","47","11:45","3302","False"
"1、交易计算表2月.xls","2026-02","苏州市轨道交通集团有限公司","3206624778403","2026-02-28","False","48","12:00","3302","False"
"1、交易计算表2月.xls","2026-02","苏州市轨道交通集团有限公司","3206624778403","2026-02-28","False","49","12:15","4404","False"
"1、交易计算表2月.xls","2026-02","苏州市轨道交通集团有限公司","3206624778403","2026-02-28","False","50","12:30","4403","False"
"1、交易计算表2月.xls","2026-02","苏州市轨道交通集团有限公司","3206624778403","2026-02-28","False","51","12:45","4404","False"
"1、交易计算表2月.xls","2026-02","苏州市轨道交通集团有限公司","3206624778403","2026-02-28","False","52","13:00","4403","False"
"1、交易计算表2月.xls","2026-02","苏州市轨道交通集团有限公司","3206624778403","2026-02-28","False","53","13:15","2202","False"
"1、交易计算表2月.xls","2026-02","苏州市轨道交通集团有限公司","3206624778403","2026-02-28","False","54","13:30","2202","False"
"1、交易计算表2月.xls","2026-02","苏州市轨道交通集团有限公司","3206624778403","2026-02-28","False","55","13:45","2202","False"
"1、交易计算表2月.xls","2026-02","苏州市轨道交通集团有限公司","3206624778403","2026-02-28","False","56","14:00","2202","False"
"1、交易计算表2月.xls","2026-02","苏州市轨道交通集团有限公司","3206624778403","2026-02-28","False","57","14:15","4403","False"
"1、交易计算表2月.xls","2026-02","苏州市轨道交通集团有限公司","3206624778403","2026-02-28","False","58","14:30","4404","False"
"1、交易计算表2月.xls","2026-02","苏州市轨道交通集团有限公司","3206624778403","2026-02-28","False","59","14:45","4403","False"
"1、交易计算表2月.xls","2026-02","苏州市轨道交通集团有限公司","3206624778403","2026-02-28","False","60","15:00","4404","False"
"1、交易计算表2月.xls","2026-02","苏州市轨道交通集团有限公司","3206624778403","2026-02-28","False","61","15:15","2201","False"
"1、交易计算表2月.xls","2026-02","苏州市轨道交通集团有限公司","3206624778403","2026-02-28","False","62","15:30","2202","False"
"1、交易计算表2月.xls","2026-02","苏州市轨道交通集团有限公司","3206624778403","2026-02-28","False","63","15:45","2202","False"
"1、交易计算表2月.xls","2026-02","苏州市轨道交通集团有限公司","3206624778403","2026-02-28","False","64","16:00","2202","False"
"1、交易计算表2月.xls","2026-02","苏州市轨道交通集团有限公司","3206624778403","2026-02-28","False","65","16:15","4403","False"
"1、交易计算表2月.xls","2026-02","苏州市轨道交通集团有限公司","3206624778403","2026-02-28","False","66","16:30","4404","False"
"1、交易计算表2月.xls","2026-02","苏州市轨道交通集团有限公司","3206624778403","2026-02-28","False","67","16:45","4403","False"
"1、交易计算表2月.xls","2026-02","苏州市轨道交通集团有限公司","3206624778403","2026-02-28","False","68","17:00","4404","False"
"1、交易计算表2月.xls","2026-02","苏州市轨道交通集团有限公司","3206624778403","2026-02-28","False","69","17:15","3302","False"
"1、交易计算表2月.xls","2026-02","苏州市轨道交通集团有限公司","3206624778403","2026-02-28","False","70","17:30","3302","False"
"1、交易计算表2月.xls","2026-02","苏州市轨道交通集团有限公司","3206624778403","2026-02-28","False","71","17:45","3303","False"
"1、交易计算表2月.xls","2026-02","苏州市轨道交通集团有限公司","3206624778403","2026-02-28","False","72","18:00","3302","False"
"1、交易计算表2月.xls","2026-02","苏州市轨道交通集团有限公司","3206624778403","2026-02-28","False","73","18:15","3302","False"
"1、交易计算表2月.xls","2026-02","苏州市轨道交通集团有限公司","3206624778403","2026-02-28","False","74","18:30","3304","False"
"1、交易计算表2月.xls","2026-02","苏州市轨道交通集团有限公司","3206624778403","2026-02-28","False","75","18:45","3303","False"
"1、交易计算表2月.xls","2026-02","苏州市轨道交通集团有限公司","3206624778403","2026-02-28","False","76","19:00","3303","False"
"1、交易计算表2月.xls","2026-02","苏州市轨道交通集团有限公司","3206624778403","2026-02-28","False","77","19:15","4403","False"
"1、交易计算表2月.xls","2026-02","苏州市轨道交通集团有限公司","3206624778403","2026-02-28","False","78","19:30","4404","False"
"1、交易计算表2月.xls","2026-02","苏州市轨道交通集团有限公司","3206624778403","2026-02-28","False","79","19:45","4403","False"
"1、交易计算表2月.xls","2026-02","苏州市轨道交通集团有限公司","3206624778403","2026-02-28","False","80","20:00","4404","False"
"1、交易计算表2月.xls","2026-02","苏州市轨道交通集团有限公司","3206624778403","2026-02-28","False","81","20:15","3302","False"
"1、交易计算表2月.xls","2026-02","苏州市轨道交通集团有限公司","3206624778403","2026-02-28","False","82","20:30","3302","False"
"1、交易计算表2月.xls","2026-02","苏州市轨道交通集团有限公司","3206624778403","2026-02-28","False","83","20:45","3302","False"
"1、交易计算表2月.xls","2026-02","苏州市轨道交通集团有限公司","3206624778403","2026-02-28","False","84","21:00","3303","False"
"1、交易计算表2月.xls","2026-02","苏州市轨道交通集团有限公司","3206624778403","2026-02-28","False","85","21:15","3303","False"
"1、交易计算表2月.xls","2026-02","苏州市轨道交通集团有限公司","3206624778403","2026-02-28","False","86","21:30","3303","False"
"1、交易计算表2月.xls","2026-02","苏州市轨道交通集团有限公司","3206624778403","2026-02-28","False","87","21:45","3303","False"
"1、交易计算表2月.xls","2026-02","苏州市轨道交通集团有限公司","3206624778403","2026-02-28","False","88","22:00","3303","False"
"1、交易计算表2月.xls","2026-02","苏州市轨道交通集团有限公司","3206624778403","2026-02-28","False","89","22:15","3302","False"
"1、交易计算表2月.xls","2026-02","苏州市轨道交通集团有限公司","3206624778403","2026-02-28","False","90","22:30","3302","False"
"1、交易计算表2月.xls","2026-02","苏州市轨道交通集团有限公司","3206624778403","2026-02-28","False","91","22:45","3302","False"
"1、交易计算表2月.xls","2026-02","苏州市轨道交通集团有限公司","3206624778403","2026-02-28","False","92","23:00","3303","False"
"1、交易计算表2月.xls","2026-02","苏州市轨道交通集团有限公司","3206624778403","2026-02-28","False","93","23:15","2202","False"
"1、交易计算表2月.xls","2026-02","苏州市轨道交通集团有限公司","3206624778403","2026-02-28","False","94","23:30","2201","False"
"1、交易计算表2月.xls","2026-02","苏州市轨道交通集团有限公司","3206624778403","2026-02-28","False","95","23:45","2202","False"
"1、交易计算表2月.xls","2026-02","苏州市轨道交通集团有限公司","3206624778403","2026-02-28","False","96","24:00","2203","False"
"1、交易计算表2月.xls","2026-02","苏州市轨道交通集团有限公司","3206624942389","2026-02-28","False","1","00:15","4","False"
"1、交易计算表2月.xls","2026-02","苏州市轨道交通集团有限公司","3206624942389","2026-02-28","False","2","00:30","5","False"
"1、交易计算表2月.xls","2026-02","苏州市轨道交通集团有限公司","3206624942389","2026-02-28","False","3","00:45","4","False"
"1、交易计算表2月.xls","2026-02","苏州市轨道交通集团有限公司","3206624942389","2026-02-28","False","4","01:00","5","False"
"1、交易计算表2月.xls","2026-02","苏州市轨道交通集团有限公司","3206624942389","2026-02-28","False","5","01:15","4","False"
"1、交易计算表2月.xls","2026-02","苏州市轨道交通集团有限公司","3206624942389","2026-02-28","False","6","01:30","4","False"
"1、交易计算表2月.xls","2026-02","苏州市轨道交通集团有限公司","3206624942389","2026-02-28","False","7","01:45","4","False"
"1、交易计算表2月.xls","2026-02","苏州市轨道交通集团有限公司","3206624942389","2026-02-28","False","8","02:00","4","False"
"1、交易计算表2月.xls","2026-02","苏州市轨道交通集团有限公司","3206624942389","2026-02-28","False","9","02:15","4","False"
"1、交易计算表2月.xls","2026-02","苏州市轨道交通集团有限公司","3206624942389","2026-02-28","False","10","02:30","5","False"
"1、交易计算表2月.xls","2026-02","苏州市轨道交通集团有限公司","3206624942389","2026-02-28","False","11","02:45","4","False"
"1、交易计算表2月.xls","2026-02","苏州市轨道交通集团有限公司","3206624942389","2026-02-28","False","12","03:00","4","False"
"1、交易计算表2月.xls","2026-02","苏州市轨道交通集团有限公司","3206624942389","2026-02-28","False","13","03:15","4","False"
"1、交易计算表2月.xls","2026-02","苏州市轨道交通集团有限公司","3206624942389","2026-02-28","False","14","03:30","4","False"
"1、交易计算表2月.xls","2026-02","苏州市轨道交通集团有限公司","3206624942389","2026-02-28","False","15","03:45","4","False"
"1、交易计算表2月.xls","2026-02","苏州市轨道交通集团有限公司","3206624942389","2026-02-28","False","16","04:00","4","False"
"1、交易计算表2月.xls","2026-02","苏州市轨道交通集团有限公司","3206624942389","2026-02-28","False","17","04:15","6","False"
"1、交易计算表2月.xls","2026-02","苏州市轨道交通集团有限公司","3206624942389","2026-02-28","False","18","04:30","6","False"
"1、交易计算表2月.xls","2026-02","苏州市轨道交通集团有限公司","3206624942389","2026-02-28","False","19","04:45","6","False"
"1、交易计算表2月.xls","2026-02","苏州市轨道交通集团有限公司","3206624942389","2026-02-28","False","20","05:00","7","False"
"1、交易计算表2月.xls","2026-02","苏州市轨道交通集团有限公司","3206624942389","2026-02-28","False","21","05:15","6","False"
"1、交易计算表2月.xls","2026-02","苏州市轨道交通集团有限公司","3206624942389","2026-02-28","False","22","05:30","7","False"
"1、交易计算表2月.xls","2026-02","苏州市轨道交通集团有限公司","3206624942389","2026-02-28","False","23","05:45","6","False"
"1、交易计算表2月.xls","2026-02","苏州市轨道交通集团有限公司","3206624942389","2026-02-28","False","24","06:00","7","False"
"1、交易计算表2月.xls","2026-02","苏州市轨道交通集团有限公司","3206624942389","2026-02-28","False","25","06:15","3","False"
"1、交易计算表2月.xls","2026-02","苏州市轨道交通集团有限公司","3206624942389","2026-02-28","False","26","06:30","4","False"
"1、交易计算表2月.xls","2026-02","苏州市轨道交通集团有限公司","3206624942389","2026-02-28","False","27","06:45","4","False"
"1、交易计算表2月.xls","2026-02","苏州市轨道交通集团有限公司","3206624942389","2026-02-28","False","28","07:00","4","False"
"1、交易计算表2月.xls","2026-02","苏州市轨道交通集团有限公司","3206624942389","2026-02-28","False","29","07:15","3","False"
"1、交易计算表2月.xls","2026-02","苏州市轨道交通集团有限公司","3206624942389","2026-02-28","False","30","07:30","2","False"
"1、交易计算表2月.xls","2026-02","苏州市轨道交通集团有限公司","3206624942389","2026-02-28","False","31","07:45","2","False"
"1、交易计算表2月.xls","2026-02","苏州市轨道交通集团有限公司","3206624942389","2026-02-28","False","32","08:00","2","False"
"1、交易计算表2月.xls","2026-02","苏州市轨道交通集团有限公司","3206624942389","2026-02-28","False","33","08:15","1","False"
"1、交易计算表2月.xls","2026-02","苏州市轨道交通集团有限公司","3206624942389","2026-02-28","False","34","08:30","2","False"
"1、交易计算表2月.xls","2026-02","苏州市轨道交通集团有限公司","3206624942389","2026-02-28","False","35","08:45","1","False"
"1、交易计算表2月.xls","2026-02","苏州市轨道交通集团有限公司","3206624942389","2026-02-28","False","36","09:00","2","False"
"1、交易计算表2月.xls","2026-02","苏州市轨道交通集团有限公司","3206624942389","2026-02-28","False","37","09:15","5","False"
"1、交易计算表2月.xls","2026-02","苏州市轨道交通集团有限公司","3206624942389","2026-02-28","False","38","09:30","5","False"
"1、交易计算表2月.xls","2026-02","苏州市轨道交通集团有限公司","3206624942389","2026-02-28","False","39","09:45","6","False"
"1、交易计算表2月.xls","2026-02","苏州市轨道交通集团有限公司","3206624942389","2026-02-28","False","40","10:00","5","False"
"1、交易计算表2月.xls","2026-02","苏州市轨道交通集团有限公司","3206624942389","2026-02-28","False","41","10:15","5","False"
"1、交易计算表2月.xls","2026-02","苏州市轨道交通集团有限公司","3206624942389","2026-02-28","False","42","10:30","6","False"
"1、交易计算表2月.xls","2026-02","苏州市轨道交通集团有限公司","3206624942389","2026-02-28","False","43","10:45","5","False"
"1、交易计算表2月.xls","2026-02","苏州市轨道交通集团有限公司","3206624942389","2026-02-28","False","44","11:00","6","False"
"1、交易计算表2月.xls","2026-02","苏州市轨道交通集团有限公司","3206624942389","2026-02-28","False","45","11:15","2","False"
"1、交易计算表2月.xls","2026-02","苏州市轨道交通集团有限公司","3206624942389","2026-02-28","False","46","11:30","2","False"
"1、交易计算表2月.xls","2026-02","苏州市轨道交通集团有限公司","3206624942389","2026-02-28","False","47","11:45","2","False"
"1、交易计算表2月.xls","2026-02","苏州市轨道交通集团有限公司","3206624942389","2026-02-28","False","48","12:00","3","False"
"1、交易计算表2月.xls","2026-02","苏州市轨道交通集团有限公司","3206624942389","2026-02-28","False","49","12:15","2","False"
"1、交易计算表2月.xls","2026-02","苏州市轨道交通集团有限公司","3206624942389","2026-02-28","False","50","12:30","3","False"
"1、交易计算表2月.xls","2026-02","苏州市轨道交通集团有限公司","3206624942389","2026-02-28","False","51","12:45","3","False"
"1、交易计算表2月.xls","2026-02","苏州市轨道交通集团有限公司","3206624942389","2026-02-28","False","52","13:00","3","False"
"1、交易计算表2月.xls","2026-02","苏州市轨道交通集团有限公司","3206624942389","2026-02-28","False","53","13:15","2","False"
"1、交易计算表2月.xls","2026-02","苏州市轨道交通集团有限公司","3206624942389","2026-02-28","False","54","13:30","2","False"
"1、交易计算表2月.xls","2026-02","苏州市轨道交通集团有限公司","3206624942389","2026-02-28","False","55","13:45","2","False"
"1、交易计算表2月.xls","2026-02","苏州市轨道交通集团有限公司","3206624942389","2026-02-28","False","56","14:00","2","False"
"1、交易计算表2月.xls","2026-02","苏州市轨道交通集团有限公司","3206624942389","2026-02-28","False","57","14:15","1","False"
"1、交易计算表2月.xls","2026-02","苏州市轨道交通集团有限公司","3206624942389","2026-02-28","False","58","14:30","3","False"
"1、交易计算表2月.xls","2026-02","苏州市轨道交通集团有限公司","3206624942389","2026-02-28","False","59","14:45","1","False"
"1、交易计算表2月.xls","2026-02","苏州市轨道交通集团有限公司","3206624942389","2026-02-28","False","60","15:00","2","False"
"1、交易计算表2月.xls","2026-02","苏州市轨道交通集团有限公司","3206624942389","2026-02-28","False","61","15:15","1","False"
"1、交易计算表2月.xls","2026-02","苏州市轨道交通集团有限公司","3206624942389","2026-02-28","False","62","15:30","2","False"
"1、交易计算表2月.xls","2026-02","苏州市轨道交通集团有限公司","3206624942389","2026-02-28","False","63","15:45","1","False"
"1、交易计算表2月.xls","2026-02","苏州市轨道交通集团有限公司","3206624942389","2026-02-28","False","64","16:00","2","False"
"1、交易计算表2月.xls","2026-02","苏州市轨道交通集团有限公司","3206624942389","2026-02-28","False","65","16:15","2","False"
"1、交易计算表2月.xls","2026-02","苏州市轨道交通集团有限公司","3206624942389","2026-02-28","False","66","16:30","2","False"
"1、交易计算表2月.xls","2026-02","苏州市轨道交通集团有限公司","3206624942389","2026-02-28","False","67","16:45","2","False"
"1、交易计算表2月.xls","2026-02","苏州市轨道交通集团有限公司","3206624942389","2026-02-28","False","68","17:00","3","False"
"1、交易计算表2月.xls","2026-02","苏州市轨道交通集团有限公司","3206624942389","2026-02-28","False","69","17:15","2","False"
"1、交易计算表2月.xls","2026-02","苏州市轨道交通集团有限公司","3206624942389","2026-02-28","False","70","17:30","2","False"
"1、交易计算表2月.xls","2026-02","苏州市轨道交通集团有限公司","3206624942389","2026-02-28","False","71","17:45","2","False"
"1、交易计算表2月.xls","2026-02","苏州市轨道交通集团有限公司","3206624942389","2026-02-28","False","72","18:00","3","False"
"1、交易计算表2月.xls","2026-02","苏州市轨道交通集团有限公司","3206624942389","2026-02-28","False","73","18:15","4","False"
"1、交易计算表2月.xls","2026-02","苏州市轨道交通集团有限公司","3206624942389","2026-02-28","False","74","18:30","4","False"
"1、交易计算表2月.xls","2026-02","苏州市轨道交通集团有限公司","3206624942389","2026-02-28","False","75","18:45","4","False"
"1、交易计算表2月.xls","2026-02","苏州市轨道交通集团有限公司","3206624942389","2026-02-28","False","76","19:00","5","False"
"1、交易计算表2月.xls","2026-02","苏州市轨道交通集团有限公司","3206624942389","2026-02-28","False","77","19:15","6","False"
"1、交易计算表2月.xls","2026-02","苏州市轨道交通集团有限公司","3206624942389","2026-02-28","False","78","19:30","6","False"
"1、交易计算表2月.xls","2026-02","苏州市轨道交通集团有限公司","3206624942389","2026-02-28","False","79","19:45","5","False"
"1、交易计算表2月.xls","2026-02","苏州市轨道交通集团有限公司","3206624942389","2026-02-28","False","80","20:00","6","False"
"1、交易计算表2月.xls","2026-02","苏州市轨道交通集团有限公司","3206624942389","2026-02-28","False","81","20:15","6","False"
"1、交易计算表2月.xls","2026-02","苏州市轨道交通集团有限公司","3206624942389","2026-02-28","False","82","20:30","7","False"
"1、交易计算表2月.xls","2026-02","苏州市轨道交通集团有限公司","3206624942389","2026-02-28","False","83","20:45","6","False"
"1、交易计算表2月.xls","2026-02","苏州市轨道交通集团有限公司","3206624942389","2026-02-28","False","84","21:00","8","False"
"1、交易计算表2月.xls","2026-02","苏州市轨道交通集团有限公司","3206624942389","2026-02-28","False","85","21:15","4","False"
"1、交易计算表2月.xls","2026-02","苏州市轨道交通集团有限公司","3206624942389","2026-02-28","False","86","21:30","5","False"
"1、交易计算表2月.xls","2026-02","苏州市轨道交通集团有限公司","3206624942389","2026-02-28","False","87","21:45","5","False"
"1、交易计算表2月.xls","2026-02","苏州市轨道交通集团有限公司","3206624942389","2026-02-28","False","88","22:00","5","False"
"1、交易计算表2月.xls","2026-02","苏州市轨道交通集团有限公司","3206624942389","2026-02-28","False","89","22:15","3","False"
"1、交易计算表2月.xls","2026-02","苏州市轨道交通集团有限公司","3206624942389","2026-02-28","False","90","22:30","4","False"
"1、交易计算表2月.xls","2026-02","苏州市轨道交通集团有限公司","3206624942389","2026-02-28","False","91","22:45","3","False"
"1、交易计算表2月.xls","2026-02","苏州市轨道交通集团有限公司","3206624942389","2026-02-28","False","92","23:00","4","False"
"1、交易计算表2月.xls","2026-02","苏州市轨道交通集团有限公司","3206624942389","2026-02-28","False","93","23:15","6","False"
"1、交易计算表2月.xls","2026-02","苏州市轨道交通集团有限公司","3206624942389","2026-02-28","False","94","23:30","6","False"
"1、交易计算表2月.xls","2026-02","苏州市轨道交通集团有限公司","3206624942389","2026-02-28","False","95","23:45","6","False"
"1、交易计算表2月.xls","2026-02","苏州市轨道交通集团有限公司","3206624942389","2026-02-28","False","96","24:00","8","False"
"1、交易计算表2月.xls","2026-02","苏州市轨道交通集团有限公司","3203080388854","2026-02-28","False","1","00:15","213","False"
"1、交易计算表2月.xls","2026-02","苏州市轨道交通集团有限公司","3203080388854","2026-02-28","False","2","00:30","213","False"
"1、交易计算表2月.xls","2026-02","苏州市轨道交通集团有限公司","3203080388854","2026-02-28","False","3","00:45","213","False"
"1、交易计算表2月.xls","2026-02","苏州市轨道交通集团有限公司","3203080388854","2026-02-28","False","4","01:00","213","False"
"1、交易计算表2月.xls","2026-02","苏州市轨道交通集团有限公司","3203080388854","2026-02-28","False","5","01:15","199","False"
"1、交易计算表2月.xls","2026-02","苏州市轨道交通集团有限公司","3203080388854","2026-02-28","False","6","01:30","199","False"
"1、交易计算表2月.xls","2026-02","苏州市轨道交通集团有限公司","3203080388854","2026-02-28","False","7","01:45","199","False"
"1、交易计算表2月.xls","2026-02","苏州市轨道交通集团有限公司","3203080388854","2026-02-28","False","8","02:00","200","False"
"1、交易计算表2月.xls","2026-02","苏州市轨道交通集团有限公司","3203080388854","2026-02-28","False","9","02:15","206","False"
"1、交易计算表2月.xls","2026-02","苏州市轨道交通集团有限公司","3203080388854","2026-02-28","False","10","02:30","206","False"
"1、交易计算表2月.xls","2026-02","苏州市轨道交通集团有限公司","3203080388854","2026-02-28","False","11","02:45","206","False"
"1、交易计算表2月.xls","2026-02","苏州市轨道交通集团有限公司","3203080388854","2026-02-28","False","12","03:00","208","False"
"1、交易计算表2月.xls","2026-02","苏州市轨道交通集团有限公司","3203080388854","2026-02-28","False","13","03:15","199","False"
"1、交易计算表2月.xls","2026-02","苏州市轨道交通集团有限公司","3203080388854","2026-02-28","False","14","03:30","199","False"
"1、交易计算表2月.xls","2026-02","苏州市轨道交通集团有限公司","3203080388854","2026-02-28","False","15","03:45","200","False"
"1、交易计算表2月.xls","2026-02","苏州市轨道交通集团有限公司","3203080388854","2026-02-28","False","16","04:00","200","False"
"1、交易计算表2月.xls","2026-02","苏州市轨道交通集团有限公司","3203080388854","2026-02-28","False","17","04:15","227","False"
"1、交易计算表2月.xls","2026-02","苏州市轨道交通集团有限公司","3203080388854","2026-02-28","False","18","04:30","227","False"
"1、交易计算表2月.xls","2026-02","苏州市轨道交通集团有限公司","3203080388854","2026-02-28","False","19","04:45","227","False"
"1、交易计算表2月.xls","2026-02","苏州市轨道交通集团有限公司","3203080388854","2026-02-28","False","20","05:00","227","False"
"1、交易计算表2月.xls","2026-02","苏州市轨道交通集团有限公司","3203080388854","2026-02-28","False","21","05:15","358","False"
"1、交易计算表2月.xls","2026-02","苏州市轨道交通集团有限公司","3203080388854","2026-02-28","False","22","05:30","358","False"
"1、交易计算表2月.xls","2026-02","苏州市轨道交通集团有限公司","3203080388854","2026-02-28","False","23","05:45","357","False"
"1、交易计算表2月.xls","2026-02","苏州市轨道交通集团有限公司","3203080388854","2026-02-28","False","24","06:00","358","False"
"1、交易计算表2月.xls","2026-02","苏州市轨道交通集团有限公司","3203080388854","2026-02-28","False","25","06:15","564","False"
"1、交易计算表2月.xls","2026-02","苏州市轨道交通集团有限公司","3203080388854","2026-02-28","False","26","06:30","563","False"
"1、交易计算表2月.xls","2026-02","苏州市轨道交通集团有限公司","3203080388854","2026-02-28","False","27","06:45","563","False"
"1、交易计算表2月.xls","2026-02","苏州市轨道交通集团有限公司","3203080388854","2026-02-28","False","28","07:00","565","False"
"1、交易计算表2月.xls","2026-02","苏州市轨道交通集团有限公司","3203080388854","2026-02-28","False","29","07:15","674","False"
"1、交易计算表2月.xls","2026-02","苏州市轨道交通集团有限公司","3203080388854","2026-02-28","False","30","07:30","675","False"
"1、交易计算表2月.xls","2026-02","苏州市轨道交通集团有限公司","3203080388854","2026-02-28","False","31","07:45","673","False"
"1、交易计算表2月.xls","2026-02","苏州市轨道交通集团有限公司","3203080388854","2026-02-28","False","32","08:00","675","False"
"1、交易计算表2月.xls","2026-02","苏州市轨道交通集团有限公司","3203080388854","2026-02-28","False","33","08:15","708","False"
"1、交易计算表2月.xls","2026-02","苏州市轨道交通集团有限公司","3203080388854","2026-02-28","False","34","08:30","708","False"
"1、交易计算表2月.xls","2026-02","苏州市轨道交通集团有限公司","3203080388854","2026-02-28","False","35","08:45","710","False"
"1、交易计算表2月.xls","2026-02","苏州市轨道交通集团有限公司","3203080388854","2026-02-28","False","36","09:00","709","False"
"1、交易计算表2月.xls","2026-02","苏州市轨道交通集团有限公司","3203080388854","2026-02-28","False","37","09:15","694","False"
"1、交易计算表2月.xls","2026-02","苏州市轨道交通集团有限公司","3203080388854","2026-02-28","False","38","09:30","694","False"
"1、交易计算表2月.xls","2026-02","苏州市轨道交通集团有限公司","3203080388854","2026-02-28","False","39","09:45","695","False"
"1、交易计算表2月.xls","2026-02","苏州市轨道交通集团有限公司","3203080388854","2026-02-28","False","40","10:00","696","False"
"1、交易计算表2月.xls","2026-02","苏州市轨道交通集团有限公司","3203080388854","2026-02-28","False","41","10:15","694","False"
"1、交易计算表2月.xls","2026-02","苏州市轨道交通集团有限公司","3203080388854","2026-02-28","False","42","10:30","695","False"
"1、交易计算表2月.xls","2026-02","苏州市轨道交通集团有限公司","3203080388854","2026-02-28","False","43","10:45","695","False"
"1、交易计算表2月.xls","2026-02","苏州市轨道交通集团有限公司","3203080388854","2026-02-28","False","44","11:00","695","False"
"1、交易计算表2月.xls","2026-02","苏州市轨道交通集团有限公司","3203080388854","2026-02-28","False","45","11:15","673","False"
"1、交易计算表2月.xls","2026-02","苏州市轨道交通集团有限公司","3203080388854","2026-02-28","False","46","11:30","674","False"
"1、交易计算表2月.xls","2026-02","苏州市轨道交通集团有限公司","3203080388854","2026-02-28","False","47","11:45","674","False"
"1、交易计算表2月.xls","2026-02","苏州市轨道交通集团有限公司","3203080388854","2026-02-28","False","48","12:00","675","False"
"1、交易计算表2月.xls","2026-02","苏州市轨道交通集团有限公司","3203080388854","2026-02-28","False","49","12:15","674","False"
"1、交易计算表2月.xls","2026-02","苏州市轨道交通集团有限公司","3203080388854","2026-02-28","False","50","12:30","674","False"
"1、交易计算表2月.xls","2026-02","苏州市轨道交通集团有限公司","3203080388854","2026-02-28","False","51","12:45","674","False"
"1、交易计算表2月.xls","2026-02","苏州市轨道交通集团有限公司","3203080388854","2026-02-28","False","52","13:00","675","False"
"1、交易计算表2月.xls","2026-02","苏州市轨道交通集团有限公司","3203080388854","2026-02-28","False","53","13:15","680","False"
"1、交易计算表2月.xls","2026-02","苏州市轨道交通集团有限公司","3203080388854","2026-02-28","False","54","13:30","681","False"
"1、交易计算表2月.xls","2026-02","苏州市轨道交通集团有限公司","3203080388854","2026-02-28","False","55","13:45","682","False"
"1、交易计算表2月.xls","2026-02","苏州市轨道交通集团有限公司","3203080388854","2026-02-28","False","56","14:00","682","False"
"1、交易计算表2月.xls","2026-02","苏州市轨道交通集团有限公司","3203080388854","2026-02-28","False","57","14:15","687","False"
"1、交易计算表2月.xls","2026-02","苏州市轨道交通集团有限公司","3203080388854","2026-02-28","False","58","14:30","687","False"
"1、交易计算表2月.xls","2026-02","苏州市轨道交通集团有限公司","3203080388854","2026-02-28","False","59","14:45","688","False"
"1、交易计算表2月.xls","2026-02","苏州市轨道交通集团有限公司","3203080388854","2026-02-28","False","60","15:00","688","False"
"1、交易计算表2月.xls","2026-02","苏州市轨道交通集团有限公司","3203080388854","2026-02-28","False","61","15:15","701","False"
"1、交易计算表2月.xls","2026-02","苏州市轨道交通集团有限公司","3203080388854","2026-02-28","False","62","15:30","702","False"
"1、交易计算表2月.xls","2026-02","苏州市轨道交通集团有限公司","3203080388854","2026-02-28","False","63","15:45","702","False"
"1、交易计算表2月.xls","2026-02","苏州市轨道交通集团有限公司","3203080388854","2026-02-28","False","64","16:00","703","False"
"1、交易计算表2月.xls","2026-02","苏州市轨道交通集团有限公司","3203080388854","2026-02-28","False","65","16:15","728","False"
"1、交易计算表2月.xls","2026-02","苏州市轨道交通集团有限公司","3203080388854","2026-02-28","False","66","16:30","729","False"
"1、交易计算表2月.xls","2026-02","苏州市轨道交通集团有限公司","3203080388854","2026-02-28","False","67","16:45","730","False"
"1、交易计算表2月.xls","2026-02","苏州市轨道交通集团有限公司","3203080388854","2026-02-28","False","68","17:00","730","False"
"1、交易计算表2月.xls","2026-02","苏州市轨道交通集团有限公司","3203080388854","2026-02-28","False","69","17:15","769","False"
"1、交易计算表2月.xls","2026-02","苏州市轨道交通集团有限公司","3203080388854","2026-02-28","False","70","17:30","770","False"
"1、交易计算表2月.xls","2026-02","苏州市轨道交通集团有限公司","3203080388854","2026-02-28","False","71","17:45","770","False"
"1、交易计算表2月.xls","2026-02","苏州市轨道交通集团有限公司","3203080388854","2026-02-28","False","72","18:00","771","False"
"1、交易计算表2月.xls","2026-02","苏州市轨道交通集团有限公司","3203080388854","2026-02-28","False","73","18:15","735","False"
"1、交易计算表2月.xls","2026-02","苏州市轨道交通集团有限公司","3203080388854","2026-02-28","False","74","18:30","738","False"
"1、交易计算表2月.xls","2026-02","苏州市轨道交通集团有限公司","3203080388854","2026-02-28","False","75","18:45","736","False"
"1、交易计算表2月.xls","2026-02","苏州市轨道交通集团有限公司","3203080388854","2026-02-28","False","76","19:00","736","False"
"1、交易计算表2月.xls","2026-02","苏州市轨道交通集团有限公司","3203080388854","2026-02-28","False","77","19:15","694","False"
"1、交易计算表2月.xls","2026-02","苏州市轨道交通集团有限公司","3203080388854","2026-02-28","False","78","19:30","695","False"
"1、交易计算表2月.xls","2026-02","苏州市轨道交通集团有限公司","3203080388854","2026-02-28","False","79","19:45","694","False"
"1、交易计算表2月.xls","2026-02","苏州市轨道交通集团有限公司","3203080388854","2026-02-28","False","80","20:00","696","False"
"1、交易计算表2月.xls","2026-02","苏州市轨道交通集团有限公司","3203080388854","2026-02-28","False","81","20:15","694","False"
"1、交易计算表2月.xls","2026-02","苏州市轨道交通集团有限公司","3203080388854","2026-02-28","False","82","20:30","695","False"
"1、交易计算表2月.xls","2026-02","苏州市轨道交通集团有限公司","3203080388854","2026-02-28","False","83","20:45","694","False"
"1、交易计算表2月.xls","2026-02","苏州市轨道交通集团有限公司","3203080388854","2026-02-28","False","84","21:00","696","False"
"1、交易计算表2月.xls","2026-02","苏州市轨道交通集团有限公司","3203080388854","2026-02-28","False","85","21:15","680","False"
"1、交易计算表2月.xls","2026-02","苏州市轨道交通集团有限公司","3203080388854","2026-02-28","False","86","21:30","682","False"
"1、交易计算表2月.xls","2026-02","苏州市轨道交通集团有限公司","3203080388854","2026-02-28","False","87","21:45","681","False"
"1、交易计算表2月.xls","2026-02","苏州市轨道交通集团有限公司","3203080388854","2026-02-28","False","88","22:00","681","False"
"1、交易计算表2月.xls","2026-02","苏州市轨道交通集团有限公司","3203080388854","2026-02-28","False","89","22:15","612","False"
"1、交易计算表2月.xls","2026-02","苏州市轨道交通集团有限公司","3203080388854","2026-02-28","False","90","22:30","613","False"
"1、交易计算表2月.xls","2026-02","苏州市轨道交通集团有限公司","3203080388854","2026-02-28","False","91","22:45","612","False"
"1、交易计算表2月.xls","2026-02","苏州市轨道交通集团有限公司","3203080388854","2026-02-28","False","92","23:00","612","False"
"1、交易计算表2月.xls","2026-02","苏州市轨道交通集团有限公司","3203080388854","2026-02-28","False","93","23:15","343","False"
"1、交易计算表2月.xls","2026-02","苏州市轨道交通集团有限公司","3203080388854","2026-02-28","False","94","23:30","344","False"
"1、交易计算表2月.xls","2026-02","苏州市轨道交通集团有限公司","3203080388854","2026-02-28","False","95","23:45","344","False"
"1、交易计算表2月.xls","2026-02","苏州市轨道交通集团有限公司","3203080388854","2026-02-28","False","96","24:00","347","False"
"1、交易计算表2月.xls","2026-02","苏州市轨道交通集团有限公司","3206622203295","2026-02-28","False","1","00:15","1630","False"
"1、交易计算表2月.xls","2026-02","苏州市轨道交通集团有限公司","3206622203295","2026-02-28","False","2","00:30","1630","False"
"1、交易计算表2月.xls","2026-02","苏州市轨道交通集团有限公司","3206622203295","2026-02-28","False","3","00:45","1630","False"
"1、交易计算表2月.xls","2026-02","苏州市轨道交通集团有限公司","3206622203295","2026-02-28","False","4","01:00","1631","False"
"1、交易计算表2月.xls","2026-02","苏州市轨道交通集团有限公司","3206622203295","2026-02-28","False","5","01:15","462","False"
"1、交易计算表2月.xls","2026-02","苏州市轨道交通集团有限公司","3206622203295","2026-02-28","False","6","01:30","462","False"
"1、交易计算表2月.xls","2026-02","苏州市轨道交通集团有限公司","3206622203295","2026-02-28","False","7","01:45","462","False"
"1、交易计算表2月.xls","2026-02","苏州市轨道交通集团有限公司","3206622203295","2026-02-28","False","8","02:00","462","False"
"1、交易计算表2月.xls","2026-02","苏州市轨道交通集团有限公司","3206622203295","2026-02-28","False","9","02:15","1532","False"
"1、交易计算表2月.xls","2026-02","苏州市轨道交通集团有限公司","3206622203295","2026-02-28","False","10","02:30","1534","False"
"1、交易计算表2月.xls","2026-02","苏州市轨道交通集团有限公司","3206622203295","2026-02-28","False","11","02:45","1532","False"
"1、交易计算表2月.xls","2026-02","苏州市轨道交通集团有限公司","3206622203295","2026-02-28","False","12","03:00","1532","False"
"1、交易计算表2月.xls","2026-02","苏州市轨道交通集团有限公司","3206622203295","2026-02-28","False","13","03:15","430","False"
"1、交易计算表2月.xls","2026-02","苏州市轨道交通集团有限公司","3206622203295","2026-02-28","False","14","03:30","430","False"
"1、交易计算表2月.xls","2026-02","苏州市轨道交通集团有限公司","3206622203295","2026-02-28","False","15","03:45","430","False"
"1、交易计算表2月.xls","2026-02","苏州市轨道交通集团有限公司","3206622203295","2026-02-28","False","16","04:00","430","False"
"1、交易计算表2月.xls","2026-02","苏州市轨道交通集团有限公司","3206622203295","2026-02-28","False","17","04:15","1630","False"
"1、交易计算表2月.xls","2026-02","苏州市轨道交通集团有限公司","3206622203295","2026-02-28","False","18","04:30","1631","False"
"1、交易计算表2月.xls","2026-02","苏州市轨道交通集团有限公司","3206622203295","2026-02-28","False","19","04:45","1631","False"
"1、交易计算表2月.xls","2026-02","苏州市轨道交通集团有限公司","3206622203295","2026-02-28","False","20","05:00","1630","False"
"1、交易计算表2月.xls","2026-02","苏州市轨道交通集团有限公司","3206622203295","2026-02-28","False","21","05:15","672","False"
"1、交易计算表2月.xls","2026-02","苏州市轨道交通集团有限公司","3206622203295","2026-02-28","False","22","05:30","672","False"
"1、交易计算表2月.xls","2026-02","苏州市轨道交通集团有限公司","3206622203295","2026-02-28","False","23","05:45","671","False"
"1、交易计算表2月.xls","2026-02","苏州市轨道交通集团有限公司","3206622203295","2026-02-28","False","24","06:00","672","False"
"1、交易计算表2月.xls","2026-02","苏州市轨道交通集团有限公司","3206622203295","2026-02-28","False","25","06:15","3162","False"
"1、交易计算表2月.xls","2026-02","苏州市轨道交通集团有限公司","3206622203295","2026-02-28","False","26","06:30","3164","False"
"1、交易计算表2月.xls","2026-02","苏州市轨道交通集团有限公司","3206622203295","2026-02-28","False","27","06:45","3162","False"
"1、交易计算表2月.xls","2026-02","苏州市轨道交通集团有限公司","3206622203295","2026-02-28","False","28","07:00","3163","False"
"1、交易计算表2月.xls","2026-02","苏州市轨道交通集团有限公司","3206622203295","2026-02-28","False","29","07:15","2214","False"
"1、交易计算表2月.xls","2026-02","苏州市轨道交通集团有限公司","3206622203295","2026-02-28","False","30","07:30","2216","False"
"1、交易计算表2月.xls","2026-02","苏州市轨道交通集团有限公司","3206622203295","2026-02-28","False","31","07:45","2215","False"
"1、交易计算表2月.xls","2026-02","苏州市轨道交通集团有限公司","3206622203295","2026-02-28","False","32","08:00","2215","False"
"1、交易计算表2月.xls","2026-02","苏州市轨道交通集团有限公司","3206622203295","2026-02-28","False","33","08:15","2270","False"
"1、交易计算表2月.xls","2026-02","苏州市轨道交通集团有限公司","3206622203295","2026-02-28","False","34","08:30","2270","False"
"1、交易计算表2月.xls","2026-02","苏州市轨道交通集团有限公司","3206622203295","2026-02-28","False","35","08:45","2270","False"
"1、交易计算表2月.xls","2026-02","苏州市轨道交通集团有限公司","3206622203295","2026-02-28","False","36","09:00","2270","False"
"1、交易计算表2月.xls","2026-02","苏州市轨道交通集团有限公司","3206622203295","2026-02-28","False","37","09:15","2314","False"
"1、交易计算表2月.xls","2026-02","苏州市轨道交通集团有限公司","3206622203295","2026-02-28","False","38","09:30","2314","False"
"1、交易计算表2月.xls","2026-02","苏州市轨道交通集团有限公司","3206622203295","2026-02-28","False","39","09:45","2314","False"
"1、交易计算表2月.xls","2026-02","苏州市轨道交通集团有限公司","3206622203295","2026-02-28","False","40","10:00","2315","False"
"1、交易计算表2月.xls","2026-02","苏州市轨道交通集团有限公司","3206622203295","2026-02-28","False","41","10:15","2193","False"
"1、交易计算表2月.xls","2026-02","苏州市轨道交通集团有限公司","3206622203295","2026-02-28","False","42","10:30","2193","False"
"1、交易计算表2月.xls","2026-02","苏州市轨道交通集团有限公司","3206622203295","2026-02-28","False","43","10:45","2193","False"
"1、交易计算表2月.xls","2026-02","苏州市轨道交通集团有限公司","3206622203295","2026-02-28","False","44","11:00","2192","False"
"1、交易计算表2月.xls","2026-02","苏州市轨道交通集团有限公司","3206622203295","2026-02-28","False","45","11:15","3230","False"
"1、交易计算表2月.xls","2026-02","苏州市轨道交通集团有限公司","3206622203295","2026-02-28","False","46","11:30","3228","False"
"1、交易计算表2月.xls","2026-02","苏州市轨道交通集团有限公司","3206622203295","2026-02-28","False","47","11:45","3229","False"
"1、交易计算表2月.xls","2026-02","苏州市轨道交通集团有限公司","3206622203295","2026-02-28","False","48","12:00","3230","False"
"1、交易计算表2月.xls","2026-02","苏州市轨道交通集团有限公司","3206622203295","2026-02-28","False","49","12:15","2126","False"
"1、交易计算表2月.xls","2026-02","苏州市轨道交通集团有限公司","3206622203295","2026-02-28","False","50","12:30","2127","False"
"1、交易计算表2月.xls","2026-02","苏州市轨道交通集团有限公司","3206622203295","2026-02-28","False","51","12:45","2126","False"
"1、交易计算表2月.xls","2026-02","苏州市轨道交通集团有限公司","3206622203295","2026-02-28","False","52","13:00","2128","False"
"1、交易计算表2月.xls","2026-02","苏州市轨道交通集团有限公司","3206622203295","2026-02-28","False","53","13:15","2115","False"
"1、交易计算表2月.xls","2026-02","苏州市轨道交通集团有限公司","3206622203295","2026-02-28","False","54","13:30","2116","False"
"1、交易计算表2月.xls","2026-02","苏州市轨道交通集团有限公司","3206622203295","2026-02-28","False","55","13:45","2115","False"
"1、交易计算表2月.xls","2026-02","苏州市轨道交通集团有限公司","3206622203295","2026-02-28","False","56","14:00","2116","False"
"1、交易计算表2月.xls","2026-02","苏州市轨道交通集团有限公司","3206622203295","2026-02-28","False","57","14:15","2138","False"
"1、交易计算表2月.xls","2026-02","苏州市轨道交通集团有限公司","3206622203295","2026-02-28","False","58","14:30","2138","False"
"1、交易计算表2月.xls","2026-02","苏州市轨道交通集团有限公司","3206622203295","2026-02-28","False","59","14:45","2138","False"
"1、交易计算表2月.xls","2026-02","苏州市轨道交通集团有限公司","3206622203295","2026-02-28","False","60","15:00","2137","False"
"1、交易计算表2月.xls","2026-02","苏州市轨道交通集团有限公司","3206622203295","2026-02-28","False","61","15:15","2193","False"
"1、交易计算表2月.xls","2026-02","苏州市轨道交通集团有限公司","3206622203295","2026-02-28","False","62","15:30","2193","False"
"1、交易计算表2月.xls","2026-02","苏州市轨道交通集团有限公司","3206622203295","2026-02-28","False","63","15:45","2193","False"
"1、交易计算表2月.xls","2026-02","苏州市轨道交通集团有限公司","3206622203295","2026-02-28","False","64","16:00","2193","False"
"1、交易计算表2月.xls","2026-02","苏州市轨道交通集团有限公司","3206622203295","2026-02-28","False","65","16:15","2237","False"
"1、交易计算表2月.xls","2026-02","苏州市轨道交通集团有限公司","3206622203295","2026-02-28","False","66","16:30","2237","False"
"1、交易计算表2月.xls","2026-02","苏州市轨道交通集团有限公司","3206622203295","2026-02-28","False","67","16:45","2237","False"
"1、交易计算表2月.xls","2026-02","苏州市轨道交通集团有限公司","3206622203295","2026-02-28","False","68","17:00","2238","False"
"1、交易计算表2月.xls","2026-02","苏州市轨道交通集团有限公司","3206622203295","2026-02-28","False","69","17:15","2336","False"
"1、交易计算表2月.xls","2026-02","苏州市轨道交通集团有限公司","3206622203295","2026-02-28","False","70","17:30","2336","False"
"1、交易计算表2月.xls","2026-02","苏州市轨道交通集团有限公司","3206622203295","2026-02-28","False","71","17:45","2336","False"
"1、交易计算表2月.xls","2026-02","苏州市轨道交通集团有限公司","3206622203295","2026-02-28","False","72","18:00","2336","False"
"1、交易计算表2月.xls","2026-02","苏州市轨道交通集团有限公司","3206622203295","2026-02-28","False","73","18:15","3450","False"
"1、交易计算表2月.xls","2026-02","苏州市轨道交通集团有限公司","3206622203295","2026-02-28","False","74","18:30","3449","False"
"1、交易计算表2月.xls","2026-02","苏州市轨道交通集团有限公司","3206622203295","2026-02-28","False","75","18:45","3449","False"
"1、交易计算表2月.xls","2026-02","苏州市轨道交通集团有限公司","3206622203295","2026-02-28","False","76","19:00","3450","False"
"1、交易计算表2月.xls","2026-02","苏州市轨道交通集团有限公司","3206622203295","2026-02-28","False","77","19:15","2160","False"
"1、交易计算表2月.xls","2026-02","苏州市轨道交通集团有限公司","3206622203295","2026-02-28","False","78","19:30","2160","False"
"1、交易计算表2月.xls","2026-02","苏州市轨道交通集团有限公司","3206622203295","2026-02-28","False","79","19:45","2159","False"
"1、交易计算表2月.xls","2026-02","苏州市轨道交通集团有限公司","3206622203295","2026-02-28","False","80","20:00","2161","False"
"1、交易计算表2月.xls","2026-02","苏州市轨道交通集团有限公司","3206622203295","2026-02-28","False","81","20:15","2093","False"
"1、交易计算表2月.xls","2026-02","苏州市轨道交通集团有限公司","3206622203295","2026-02-28","False","82","20:30","2094","False"
"1、交易计算表2月.xls","2026-02","苏州市轨道交通集团有限公司","3206622203295","2026-02-28","False","83","20:45","2093","False"
"1、交易计算表2月.xls","2026-02","苏州市轨道交通集团有限公司","3206622203295","2026-02-28","False","84","21:00","2094","False"
"1、交易计算表2月.xls","2026-02","苏州市轨道交通集团有限公司","3206622203295","2026-02-28","False","85","21:15","2016","False"
"1、交易计算表2月.xls","2026-02","苏州市轨道交通集团有限公司","3206622203295","2026-02-28","False","86","21:30","2017","False"
"1、交易计算表2月.xls","2026-02","苏州市轨道交通集团有限公司","3206622203295","2026-02-28","False","87","21:45","2017","False"
"1、交易计算表2月.xls","2026-02","苏州市轨道交通集团有限公司","3206622203295","2026-02-28","False","88","22:00","2016","False"
"1、交易计算表2月.xls","2026-02","苏州市轨道交通集团有限公司","3206622203295","2026-02-28","False","89","22:15","1928","False"
"1、交易计算表2月.xls","2026-02","苏州市轨道交通集团有限公司","3206622203295","2026-02-28","False","90","22:30","1928","False"
"1、交易计算表2月.xls","2026-02","苏州市轨道交通集团有限公司","3206622203295","2026-02-28","False","91","22:45","1929","False"
"1、交易计算表2月.xls","2026-02","苏州市轨道交通集团有限公司","3206622203295","2026-02-28","False","92","23:00","1928","False"
"1、交易计算表2月.xls","2026-02","苏州市轨道交通集团有限公司","3206622203295","2026-02-28","False","93","23:15","1840","False"
"1、交易计算表2月.xls","2026-02","苏州市轨道交通集团有限公司","3206622203295","2026-02-28","False","94","23:30","1840","False"
"1、交易计算表2月.xls","2026-02","苏州市轨道交通集团有限公司","3206622203295","2026-02-28","False","95","23:45","1840","False"
"1、交易计算表2月.xls","2026-02","苏州市轨道交通集团有限公司","3206622203295","2026-02-28","False","96","24:00","1813","False"
"1、交易计算表2月.xls","2026-02","总","","2026-02-28","True","1","00:15","9837","False"
"1、交易计算表2月.xls","2026-02","总","","2026-02-28","True","2","00:30","9844","False"
"1、交易计算表2月.xls","2026-02","总","","2026-02-28","True","3","00:45","9843","False"
"1、交易计算表2月.xls","2026-02","总","","2026-02-28","True","4","01:00","9846","False"
"1、交易计算表2月.xls","2026-02","总","","2026-02-28","True","5","01:15","8406","False"
"1、交易计算表2月.xls","2026-02","总","","2026-02-28","True","6","01:30","8410","False"
"1、交易计算表2月.xls","2026-02","总","","2026-02-28","True","7","01:45","8408","False"
"1、交易计算表2月.xls","2026-02","总","","2026-02-28","True","8","02:00","8409","False"
"1、交易计算表2月.xls","2026-02","总","","2026-02-28","True","9","02:15","7968","False"
"1、交易计算表2月.xls","2026-02","总","","2026-02-28","True","10","02:30","7976","False"
"1、交易计算表2月.xls","2026-02","总","","2026-02-28","True","11","02:45","7972","False"
"1、交易计算表2月.xls","2026-02","总","","2026-02-28","True","12","03:00","7973","False"
"1、交易计算表2月.xls","2026-02","总","","2026-02-28","True","13","03:15","8939","False"
"1、交易计算表2月.xls","2026-02","总","","2026-02-28","True","14","03:30","8942","False"
"1、交易计算表2月.xls","2026-02","总","","2026-02-28","True","15","03:45","8938","False"
"1、交易计算表2月.xls","2026-02","总","","2026-02-28","True","16","04:00","8945","False"
"1、交易计算表2月.xls","2026-02","总","","2026-02-28","True","17","04:15","7899","False"
"1、交易计算表2月.xls","2026-02","总","","2026-02-28","True","18","04:30","7901","False"
"1、交易计算表2月.xls","2026-02","总","","2026-02-28","True","19","04:45","7901","False"
"1、交易计算表2月.xls","2026-02","总","","2026-02-28","True","20","05:00","7902","False"
"1、交易计算表2月.xls","2026-02","总","","2026-02-28","True","21","05:15","10186","False"
"1、交易计算表2月.xls","2026-02","总","","2026-02-28","True","22","05:30","10188","False"
"1、交易计算表2月.xls","2026-02","总","","2026-02-28","True","23","05:45","10186","False"
"1、交易计算表2月.xls","2026-02","总","","2026-02-28","True","24","06:00","10190","False"
"1、交易计算表2月.xls","2026-02","总","","2026-02-28","True","25","06:15","20718","False"
"1、交易计算表2月.xls","2026-02","总","","2026-02-28","True","26","06:30","20725","False"
"1、交易计算表2月.xls","2026-02","总","","2026-02-28","True","27","06:45","20719","False"
"1、交易计算表2月.xls","2026-02","总","","2026-02-28","True","28","07:00","20723","False"
"1、交易计算表2月.xls","2026-02","总","","2026-02-28","True","29","07:15","21469","False"
"1、交易计算表2月.xls","2026-02","总","","2026-02-28","True","30","07:30","21480","False"
"1、交易计算表2月.xls","2026-02","总","","2026-02-28","True","31","07:45","21466","False"
"1、交易计算表2月.xls","2026-02","总","","2026-02-28","True","32","08:00","21478","False"
"1、交易计算表2月.xls","2026-02","总","","2026-02-28","True","33","08:15","23393","False"
"1、交易计算表2月.xls","2026-02","总","","2026-02-28","True","34","08:30","23392","False"
"1、交易计算表2月.xls","2026-02","总","","2026-02-28","True","35","08:45","23395","False"
"1、交易计算表2月.xls","2026-02","总","","2026-02-28","True","36","09:00","23398","False"
"1、交易计算表2月.xls","2026-02","总","","2026-02-28","True","37","09:15","21294","False"
"1、交易计算表2月.xls","2026-02","总","","2026-02-28","True","38","09:30","21299","False"
"1、交易计算表2月.xls","2026-02","总","","2026-02-28","True","39","09:45","21300","False"
"1、交易计算表2月.xls","2026-02","总","","2026-02-28","True","40","10:00","21302","False"
"1、交易计算表2月.xls","2026-02","总","","2026-02-28","True","41","10:15","19369","False"
"1、交易计算表2月.xls","2026-02","总","","2026-02-28","True","42","10:30","19376","False"
"1、交易计算表2月.xls","2026-02","总","","2026-02-28","True","43","10:45","19371","False"
"1、交易计算表2月.xls","2026-02","总","","2026-02-28","True","44","11:00","19376","False"
"1、交易计算表2月.xls","2026-02","总","","2026-02-28","True","45","11:15","23581","False"
"1、交易计算表2月.xls","2026-02","总","","2026-02-28","True","46","11:30","23585","False"
"1、交易计算表2月.xls","2026-02","总","","2026-02-28","True","47","11:45","23583","False"
"1、交易计算表2月.xls","2026-02","总","","2026-02-28","True","48","12:00","23589","False"
"1、交易计算表2月.xls","2026-02","总","","2026-02-28","True","49","12:15","19779","False"
"1、交易计算表2月.xls","2026-02","总","","2026-02-28","True","50","12:30","19787","False"
"1、交易计算表2月.xls","2026-02","总","","2026-02-28","True","51","12:45","19781","False"
"1、交易计算表2月.xls","2026-02","总","","2026-02-28","True","52","13:00","19788","False"
"1、交易计算表2月.xls","2026-02","总","","2026-02-28","True","53","13:15","17788","False"
"1、交易计算表2月.xls","2026-02","总","","2026-02-28","True","54","13:30","17793","False"
"1、交易计算表2月.xls","2026-02","总","","2026-02-28","True","55","13:45","17791","False"
"1、交易计算表2月.xls","2026-02","总","","2026-02-28","True","56","14:00","17797","False"
"1、交易计算表2月.xls","2026-02","总","","2026-02-28","True","57","14:15","21955","False"
"1、交易计算表2月.xls","2026-02","总","","2026-02-28","True","58","14:30","21964","False"
"1、交易计算表2月.xls","2026-02","总","","2026-02-28","True","59","14:45","21958","False"
"1、交易计算表2月.xls","2026-02","总","","2026-02-28","True","60","15:00","21963","False"
"1、交易计算表2月.xls","2026-02","总","","2026-02-28","True","61","15:15","16700","False"
"1、交易计算表2月.xls","2026-02","总","","2026-02-28","True","62","15:30","16712","False"
"1、交易计算表2月.xls","2026-02","总","","2026-02-28","True","63","15:45","16701","False"
"1、交易计算表2月.xls","2026-02","总","","2026-02-28","True","64","16:00","16714","False"
"1、交易计算表2月.xls","2026-02","总","","2026-02-28","True","65","16:15","23835","False"
"1、交易计算表2月.xls","2026-02","总","","2026-02-28","True","66","16:30","23844","False"
"1、交易计算表2月.xls","2026-02","总","","2026-02-28","True","67","16:45","23840","False"
"1、交易计算表2月.xls","2026-02","总","","2026-02-28","True","68","17:00","23850","False"
"1、交易计算表2月.xls","2026-02","总","","2026-02-28","True","69","17:15","21695","False"
"1、交易计算表2月.xls","2026-02","总","","2026-02-28","True","70","17:30","21703","False"
"1、交易计算表2月.xls","2026-02","总","","2026-02-28","True","71","17:45","21697","False"
"1、交易计算表2月.xls","2026-02","总","","2026-02-28","True","72","18:00","21706","False"
"1、交易计算表2月.xls","2026-02","总","","2026-02-28","True","73","18:15","22004","False"
"1、交易计算表2月.xls","2026-02","总","","2026-02-28","True","74","18:30","22015","False"
"1、交易计算表2月.xls","2026-02","总","","2026-02-28","True","75","18:45","22007","False"
"1、交易计算表2月.xls","2026-02","总","","2026-02-28","True","76","19:00","22015","False"
"1、交易计算表2月.xls","2026-02","总","","2026-02-28","True","77","19:15","23920","False"
"1、交易计算表2月.xls","2026-02","总","","2026-02-28","True","78","19:30","23931","False"
"1、交易计算表2月.xls","2026-02","总","","2026-02-28","True","79","19:45","23921","False"
"1、交易计算表2月.xls","2026-02","总","","2026-02-28","True","80","20:00","23931","False"
"1、交易计算表2月.xls","2026-02","总","","2026-02-28","True","81","20:15","19408","False"
"1、交易计算表2月.xls","2026-02","总","","2026-02-28","True","82","20:30","19420","False"
"1、交易计算表2月.xls","2026-02","总","","2026-02-28","True","83","20:45","19407","False"
"1、交易计算表2月.xls","2026-02","总","","2026-02-28","True","84","21:00","19424","False"
"1、交易计算表2月.xls","2026-02","总","","2026-02-28","True","85","21:15","20625","False"
"1、交易计算表2月.xls","2026-02","总","","2026-02-28","True","86","21:30","20637","False"
"1、交易计算表2月.xls","2026-02","总","","2026-02-28","True","87","21:45","20631","False"
"1、交易计算表2月.xls","2026-02","总","","2026-02-28","True","88","22:00","20637","False"
"1、交易计算表2月.xls","2026-02","总","","2026-02-28","True","89","22:15","18308","False"
"1、交易计算表2月.xls","2026-02","总","","2026-02-28","True","90","22:30","18322","False"
"1、交易计算表2月.xls","2026-02","总","","2026-02-28","True","91","22:45","18310","False"
"1、交易计算表2月.xls","2026-02","总","","2026-02-28","True","92","23:00","18322","False"
"1、交易计算表2月.xls","2026-02","总","","2026-02-28","True","93","23:15","14380","False"
"1、交易计算表2月.xls","2026-02","总","","2026-02-28","True","94","23:30","14388","False"
"1、交易计算表2月.xls","2026-02","总","","2026-02-28","True","95","23:45","14380","False"
"1、交易计算表2月.xls","2026-02","总","","2026-02-28","True","96","24:00","14376","False"
"1、交易计算表3月.xls","2026-03","苏州市轨道交通集团有限公司","3203079167484","2026-03-31","False","1","00:15","396","False"
"1、交易计算表3月.xls","2026-03","苏州市轨道交通集团有限公司","3203079167484","2026-03-31","False","2","00:30","2574","False"
"1、交易计算表3月.xls","2026-03","苏州市轨道交通集团有限公司","3203079167484","2026-03-31","False","3","00:45","418","False"
"1、交易计算表3月.xls","2026-03","苏州市轨道交通集团有限公司","3203079167484","2026-03-31","False","4","01:00","484","False"
"1、交易计算表3月.xls","2026-03","苏州市轨道交通集团有限公司","3203079167484","2026-03-31","False","5","01:15","396","False"
"1、交易计算表3月.xls","2026-03","苏州市轨道交通集团有限公司","3203079167484","2026-03-31","False","6","01:30","2618","False"
"1、交易计算表3月.xls","2026-03","苏州市轨道交通集团有限公司","3203079167484","2026-03-31","False","7","01:45","374","False"
"1、交易计算表3月.xls","2026-03","苏州市轨道交通集团有限公司","3203079167484","2026-03-31","False","8","02:00","308","False"
"1、交易计算表3月.xls","2026-03","苏州市轨道交通集团有限公司","3203079167484","2026-03-31","False","9","02:15","308","False"
"1、交易计算表3月.xls","2026-03","苏州市轨道交通集团有限公司","3203079167484","2026-03-31","False","10","02:30","330","False"
"1、交易计算表3月.xls","2026-03","苏州市轨道交通集团有限公司","3203079167484","2026-03-31","False","11","02:45","352","False"
"1、交易计算表3月.xls","2026-03","苏州市轨道交通集团有限公司","3203079167484","2026-03-31","False","12","03:00","2508","False"
"1、交易计算表3月.xls","2026-03","苏州市轨道交通集团有限公司","3203079167484","2026-03-31","False","13","03:15","330","False"
"1、交易计算表3月.xls","2026-03","苏州市轨道交通集团有限公司","3203079167484","2026-03-31","False","14","03:30","330","False"
"1、交易计算表3月.xls","2026-03","苏州市轨道交通集团有限公司","3203079167484","2026-03-31","False","15","03:45","330","False"
"1、交易计算表3月.xls","2026-03","苏州市轨道交通集团有限公司","3203079167484","2026-03-31","False","16","04:00","375","False"
"1、交易计算表3月.xls","2026-03","苏州市轨道交通集团有限公司","3203079167484","2026-03-31","False","17","04:15","462","False"
"1、交易计算表3月.xls","2026-03","苏州市轨道交通集团有限公司","3203079167484","2026-03-31","False","18","04:30","2662","False"
"1、交易计算表3月.xls","2026-03","苏州市轨道交通集团有限公司","3203079167484","2026-03-31","False","19","04:45","462","False"
"1、交易计算表3月.xls","2026-03","苏州市轨道交通集团有限公司","3203079167484","2026-03-31","False","20","05:00","462","False"
"1、交易计算表3月.xls","2026-03","苏州市轨道交通集团有限公司","3203079167484","2026-03-31","False","21","05:15","462","False"
"1、交易计算表3月.xls","2026-03","苏州市轨道交通集团有限公司","3203079167484","2026-03-31","False","22","05:30","2706","False"
"1、交易计算表3月.xls","2026-03","苏州市轨道交通集团有限公司","3203079167484","2026-03-31","False","23","05:45","594","False"
"1、交易计算表3月.xls","2026-03","苏州市轨道交通集团有限公司","3203079167484","2026-03-31","False","24","06:00","682","False"
"1、交易计算表3月.xls","2026-03","苏州市轨道交通集团有限公司","3203079167484","2026-03-31","False","25","06:15","2992","False"
"1、交易计算表3月.xls","2026-03","苏州市轨道交通集团有限公司","3203079167484","2026-03-31","False","26","06:30","771","False"
"1、交易计算表3月.xls","2026-03","苏州市轨道交通集团有限公司","3203079167484","2026-03-31","False","27","06:45","902","False"
"1、交易计算表3月.xls","2026-03","苏州市轨道交通集团有限公司","3203079167484","2026-03-31","False","28","07:00","3124","False"
"1、交易计算表3月.xls","2026-03","苏州市轨道交通集团有限公司","3203079167484","2026-03-31","False","29","07:15","902","False"
"1、交易计算表3月.xls","2026-03","苏州市轨道交通集团有限公司","3203079167484","2026-03-31","False","30","07:30","3102","False"
"1、交易计算表3月.xls","2026-03","苏州市轨道交通集团有限公司","3203079167484","2026-03-31","False","31","07:45","902","False"
"1、交易计算表3月.xls","2026-03","苏州市轨道交通集团有限公司","3203079167484","2026-03-31","False","32","08:00","902","False"
"1、交易计算表3月.xls","2026-03","苏州市轨道交通集团有限公司","3203079167484","2026-03-31","False","33","08:15","3169","False"
"1、交易计算表3月.xls","2026-03","苏州市轨道交通集团有限公司","3203079167484","2026-03-31","False","34","08:30","924","False"
"1、交易计算表3月.xls","2026-03","苏州市轨道交通集团有限公司","3203079167484","2026-03-31","False","35","08:45","3102","False"
"1、交易计算表3月.xls","2026-03","苏州市轨道交通集团有限公司","3203079167484","2026-03-31","False","36","09:00","902","False"
"1、交易计算表3月.xls","2026-03","苏州市轨道交通集团有限公司","3203079167484","2026-03-31","False","37","09:15","3124","False"
"1、交易计算表3月.xls","2026-03","苏州市轨道交通集团有限公司","3203079167484","2026-03-31","False","38","09:30","902","False"
"1、交易计算表3月.xls","2026-03","苏州市轨道交通集团有限公司","3203079167484","2026-03-31","False","39","09:45","3103","False"
"1、交易计算表3月.xls","2026-03","苏州市轨道交通集团有限公司","3203079167484","2026-03-31","False","40","10:00","902","False"
"1、交易计算表3月.xls","2026-03","苏州市轨道交通集团有限公司","3203079167484","2026-03-31","False","41","10:15","3102","False"
"1、交易计算表3月.xls","2026-03","苏州市轨道交通集团有限公司","3203079167484","2026-03-31","False","42","10:30","946","False"
"1、交易计算表3月.xls","2026-03","苏州市轨道交通集团有限公司","3203079167484","2026-03-31","False","43","10:45","880","False"
"1、交易计算表3月.xls","2026-03","苏州市轨道交通集团有限公司","3203079167484","2026-03-31","False","44","11:00","3080","False"
"1、交易计算表3月.xls","2026-03","苏州市轨道交通集团有限公司","3203079167484","2026-03-31","False","45","11:15","903","False"
"1、交易计算表3月.xls","2026-03","苏州市轨道交通集团有限公司","3203079167484","2026-03-31","False","46","11:30","3102","False"
"1、交易计算表3月.xls","2026-03","苏州市轨道交通集团有限公司","3203079167484","2026-03-31","False","47","11:45","880","False"
"1、交易计算表3月.xls","2026-03","苏州市轨道交通集团有限公司","3203079167484","2026-03-31","False","48","12:00","3080","False"
"1、交易计算表3月.xls","2026-03","苏州市轨道交通集团有限公司","3203079167484","2026-03-31","False","49","12:15","924","False"
"1、交易计算表3月.xls","2026-03","苏州市轨道交通集团有限公司","3203079167484","2026-03-31","False","50","12:30","902","False"
"1、交易计算表3月.xls","2026-03","苏州市轨道交通集团有限公司","3203079167484","2026-03-31","False","51","12:45","3147","False"
"1、交易计算表3月.xls","2026-03","苏州市轨道交通集团有限公司","3203079167484","2026-03-31","False","52","13:00","902","False"
"1、交易计算表3月.xls","2026-03","苏州市轨道交通集团有限公司","3203079167484","2026-03-31","False","53","13:15","3125","False"
"1、交易计算表3月.xls","2026-03","苏州市轨道交通集团有限公司","3203079167484","2026-03-31","False","54","13:30","946","False"
"1、交易计算表3月.xls","2026-03","苏州市轨道交通集团有限公司","3203079167484","2026-03-31","False","55","13:45","3102","False"
"1、交易计算表3月.xls","2026-03","苏州市轨道交通集团有限公司","3203079167484","2026-03-31","False","56","14:00","880","False"
"1、交易计算表3月.xls","2026-03","苏州市轨道交通集团有限公司","3203079167484","2026-03-31","False","57","14:15","3146","False"
"1、交易计算表3月.xls","2026-03","苏州市轨道交通集团有限公司","3203079167484","2026-03-31","False","58","14:30","925","False"
"1、交易计算表3月.xls","2026-03","苏州市轨道交通集团有限公司","3203079167484","2026-03-31","False","59","14:45","902","False"
"1、交易计算表3月.xls","2026-03","苏州市轨道交通集团有限公司","3203079167484","2026-03-31","False","60","15:00","3102","False"
"1、交易计算表3月.xls","2026-03","苏州市轨道交通集团有限公司","3203079167484","2026-03-31","False","61","15:15","858","False"
"1、交易计算表3月.xls","2026-03","苏州市轨道交通集团有限公司","3203079167484","2026-03-31","False","62","15:30","3058","False"
"1、交易计算表3月.xls","2026-03","苏州市轨道交通集团有限公司","3203079167484","2026-03-31","False","63","15:45","924","False"
"1、交易计算表3月.xls","2026-03","苏州市轨道交通集团有限公司","3203079167484","2026-03-31","False","64","16:00","3169","False"
"1、交易计算表3月.xls","2026-03","苏州市轨道交通集团有限公司","3203079167484","2026-03-31","False","65","16:15","924","False"
"1、交易计算表3月.xls","2026-03","苏州市轨道交通集团有限公司","3203079167484","2026-03-31","False","66","16:30","3124","False"
"1、交易计算表3月.xls","2026-03","苏州市轨道交通集团有限公司","3203079167484","2026-03-31","False","67","16:45","924","False"
"1、交易计算表3月.xls","2026-03","苏州市轨道交通集团有限公司","3203079167484","2026-03-31","False","68","17:00","3102","False"
"1、交易计算表3月.xls","2026-03","苏州市轨道交通集团有限公司","3203079167484","2026-03-31","False","69","17:15","946","False"
"1、交易计算表3月.xls","2026-03","苏州市轨道交通集团有限公司","3203079167484","2026-03-31","False","70","17:30","947","False"
"1、交易计算表3月.xls","2026-03","苏州市轨道交通集团有限公司","3203079167484","2026-03-31","False","71","17:45","3102","False"
"1、交易计算表3月.xls","2026-03","苏州市轨道交通集团有限公司","3203079167484","2026-03-31","False","72","18:00","902","False"
"1、交易计算表3月.xls","2026-03","苏州市轨道交通集团有限公司","3203079167484","2026-03-31","False","73","18:15","3212","False"
"1、交易计算表3月.xls","2026-03","苏州市轨道交通集团有限公司","3203079167484","2026-03-31","False","74","18:30","946","False"
"1、交易计算表3月.xls","2026-03","苏州市轨道交通集团有限公司","3203079167484","2026-03-31","False","75","18:45","3146","False"
"1、交易计算表3月.xls","2026-03","苏州市轨道交通集团有限公司","3203079167484","2026-03-31","False","76","19:00","947","False"
"1、交易计算表3月.xls","2026-03","苏州市轨道交通集团有限公司","3203079167484","2026-03-31","False","77","19:15","3080","False"
"1、交易计算表3月.xls","2026-03","苏州市轨道交通集团有限公司","3203079167484","2026-03-31","False","78","19:30","924","False"
"1、交易计算表3月.xls","2026-03","苏州市轨道交通集团有限公司","3203079167484","2026-03-31","False","79","19:45","924","False"
"1、交易计算表3月.xls","2026-03","苏州市轨道交通集团有限公司","3203079167484","2026-03-31","False","80","20:00","3168","False"
"1、交易计算表3月.xls","2026-03","苏州市轨道交通集团有限公司","3203079167484","2026-03-31","False","81","20:15","902","False"
"1、交易计算表3月.xls","2026-03","苏州市轨道交通集团有限公司","3203079167484","2026-03-31","False","82","20:30","3147","False"
"1、交易计算表3月.xls","2026-03","苏州市轨道交通集团有限公司","3203079167484","2026-03-31","False","83","20:45","880","False"
"1、交易计算表3月.xls","2026-03","苏州市轨道交通集团有限公司","3203079167484","2026-03-31","False","84","21:00","880","False"
"1、交易计算表3月.xls","2026-03","苏州市轨道交通集团有限公司","3203079167484","2026-03-31","False","85","21:15","3080","False"
"1、交易计算表3月.xls","2026-03","苏州市轨道交通集团有限公司","3203079167484","2026-03-31","False","86","21:30","902","False"
"1、交易计算表3月.xls","2026-03","苏州市轨道交通集团有限公司","3203079167484","2026-03-31","False","87","21:45","3058","False"
"1、交易计算表3月.xls","2026-03","苏州市轨道交通集团有限公司","3203079167484","2026-03-31","False","88","22:00","858","False"
"1、交易计算表3月.xls","2026-03","苏州市轨道交通集团有限公司","3203079167484","2026-03-31","False","89","22:15","815","False"
"1、交易计算表3月.xls","2026-03","苏州市轨道交通集团有限公司","3203079167484","2026-03-31","False","90","22:30","3146","False"
"1、交易计算表3月.xls","2026-03","苏州市轨道交通集团有限公司","3203079167484","2026-03-31","False","91","22:45","924","False"
"1、交易计算表3月.xls","2026-03","苏州市轨道交通集团有限公司","3203079167484","2026-03-31","False","92","23:00","836","False"
"1、交易计算表3月.xls","2026-03","苏州市轨道交通集团有限公司","3203079167484","2026-03-31","False","93","23:15","2970","False"
"1、交易计算表3月.xls","2026-03","苏州市轨道交通集团有限公司","3203079167484","2026-03-31","False","94","23:30","660","False"
"1、交易计算表3月.xls","2026-03","苏州市轨道交通集团有限公司","3203079167484","2026-03-31","False","95","23:45","550","False"
"1、交易计算表3月.xls","2026-03","苏州市轨道交通集团有限公司","3203079167484","2026-03-31","False","96","24:00","2642","False"
"1、交易计算表3月.xls","2026-03","苏州市轨道交通集团有限公司","3206622511667","2026-03-31","False","1","00:15","2201","False"
"1、交易计算表3月.xls","2026-03","苏州市轨道交通集团有限公司","3206622511667","2026-03-31","False","2","00:30","0","False"
"1、交易计算表3月.xls","2026-03","苏州市轨道交通集团有限公司","3206622511667","2026-03-31","False","3","00:45","0","False"
"1、交易计算表3月.xls","2026-03","苏州市轨道交通集团有限公司","3206622511667","2026-03-31","False","4","01:00","0","False"
"1、交易计算表3月.xls","2026-03","苏州市轨道交通集团有限公司","3206622511667","2026-03-31","False","5","01:15","0","False"
"1、交易计算表3月.xls","2026-03","苏州市轨道交通集团有限公司","3206622511667","2026-03-31","False","6","01:30","0","False"
"1、交易计算表3月.xls","2026-03","苏州市轨道交通集团有限公司","3206622511667","2026-03-31","False","7","01:45","0","False"
"1、交易计算表3月.xls","2026-03","苏州市轨道交通集团有限公司","3206622511667","2026-03-31","False","8","02:00","0","False"
"1、交易计算表3月.xls","2026-03","苏州市轨道交通集团有限公司","3206622511667","2026-03-31","False","9","02:15","2202","False"
"1、交易计算表3月.xls","2026-03","苏州市轨道交通集团有限公司","3206622511667","2026-03-31","False","10","02:30","2202","False"
"1、交易计算表3月.xls","2026-03","苏州市轨道交通集团有限公司","3206622511667","2026-03-31","False","11","02:45","0","False"
"1、交易计算表3月.xls","2026-03","苏州市轨道交通集团有限公司","3206622511667","2026-03-31","False","12","03:00","0","False"
"1、交易计算表3月.xls","2026-03","苏州市轨道交通集团有限公司","3206622511667","2026-03-31","False","13","03:15","0","False"
"1、交易计算表3月.xls","2026-03","苏州市轨道交通集团有限公司","3206622511667","2026-03-31","False","14","03:30","0","False"
"1、交易计算表3月.xls","2026-03","苏州市轨道交通集团有限公司","3206622511667","2026-03-31","False","15","03:45","0","False"
"1、交易计算表3月.xls","2026-03","苏州市轨道交通集团有限公司","3206622511667","2026-03-31","False","16","04:00","0","False"
"1、交易计算表3月.xls","2026-03","苏州市轨道交通集团有限公司","3206622511667","2026-03-31","False","17","04:15","0","False"
"1、交易计算表3月.xls","2026-03","苏州市轨道交通集团有限公司","3206622511667","2026-03-31","False","18","04:30","2202","False"
"1、交易计算表3月.xls","2026-03","苏州市轨道交通集团有限公司","3206622511667","2026-03-31","False","19","04:45","0","False"
"1、交易计算表3月.xls","2026-03","苏州市轨道交通集团有限公司","3206622511667","2026-03-31","False","20","05:00","2202","False"
"1、交易计算表3月.xls","2026-03","苏州市轨道交通集团有限公司","3206622511667","2026-03-31","False","21","05:15","0","False"
"1、交易计算表3月.xls","2026-03","苏州市轨道交通集团有限公司","3206622511667","2026-03-31","False","22","05:30","0","False"
"1、交易计算表3月.xls","2026-03","苏州市轨道交通集团有限公司","3206622511667","2026-03-31","False","23","05:45","0","False"
"1、交易计算表3月.xls","2026-03","苏州市轨道交通集团有限公司","3206622511667","2026-03-31","False","24","06:00","2202","False"
"1、交易计算表3月.xls","2026-03","苏州市轨道交通集团有限公司","3206622511667","2026-03-31","False","25","06:15","0","False"
"1、交易计算表3月.xls","2026-03","苏州市轨道交通集团有限公司","3206622511667","2026-03-31","False","26","06:30","2202","False"
"1、交易计算表3月.xls","2026-03","苏州市轨道交通集团有限公司","3206622511667","2026-03-31","False","27","06:45","0","False"
"1、交易计算表3月.xls","2026-03","苏州市轨道交通集团有限公司","3206622511667","2026-03-31","False","28","07:00","2202","False"
"1、交易计算表3月.xls","2026-03","苏州市轨道交通集团有限公司","3206622511667","2026-03-31","False","29","07:15","0","False"
"1、交易计算表3月.xls","2026-03","苏州市轨道交通集团有限公司","3206622511667","2026-03-31","False","30","07:30","2202","False"
"1、交易计算表3月.xls","2026-03","苏州市轨道交通集团有限公司","3206622511667","2026-03-31","False","31","07:45","0","False"
"1、交易计算表3月.xls","2026-03","苏州市轨道交通集团有限公司","3206622511667","2026-03-31","False","32","08:00","2202","False"
"1、交易计算表3月.xls","2026-03","苏州市轨道交通集团有限公司","3206622511667","2026-03-31","False","33","08:15","2202","False"
"1、交易计算表3月.xls","2026-03","苏州市轨道交通集团有限公司","3206622511667","2026-03-31","False","34","08:30","2202","False"
"1、交易计算表3月.xls","2026-03","苏州市轨道交通集团有限公司","3206622511667","2026-03-31","False","35","08:45","2202","False"
"1、交易计算表3月.xls","2026-03","苏州市轨道交通集团有限公司","3206622511667","2026-03-31","False","36","09:00","0","False"
"1、交易计算表3月.xls","2026-03","苏州市轨道交通集团有限公司","3206622511667","2026-03-31","False","37","09:15","2202","False"
"1、交易计算表3月.xls","2026-03","苏州市轨道交通集团有限公司","3206622511667","2026-03-31","False","38","09:30","2202","False"
"1、交易计算表3月.xls","2026-03","苏州市轨道交通集团有限公司","3206622511667","2026-03-31","False","39","09:45","0","False"
"1、交易计算表3月.xls","2026-03","苏州市轨道交通集团有限公司","3206622511667","2026-03-31","False","40","10:00","4404","False"
"1、交易计算表3月.xls","2026-03","苏州市轨道交通集团有限公司","3206622511667","2026-03-31","False","41","10:15","0","False"
"1、交易计算表3月.xls","2026-03","苏州市轨道交通集团有限公司","3206622511667","2026-03-31","False","42","10:30","0","False"
"1、交易计算表3月.xls","2026-03","苏州市轨道交通集团有限公司","3206622511667","2026-03-31","False","43","10:45","4404","False"
"1、交易计算表3月.xls","2026-03","苏州市轨道交通集团有限公司","3206622511667","2026-03-31","False","44","11:00","0","False"
"1、交易计算表3月.xls","2026-03","苏州市轨道交通集团有限公司","3206622511667","2026-03-31","False","45","11:15","0","False"
"1、交易计算表3月.xls","2026-03","苏州市轨道交通集团有限公司","3206622511667","2026-03-31","False","46","11:30","4404","False"
"1、交易计算表3月.xls","2026-03","苏州市轨道交通集团有限公司","3206622511667","2026-03-31","False","47","11:45","0","False"
"1、交易计算表3月.xls","2026-03","苏州市轨道交通集团有限公司","3206622511667","2026-03-31","False","48","12:00","0","False"
"1、交易计算表3月.xls","2026-03","苏州市轨道交通集团有限公司","3206622511667","2026-03-31","False","49","12:15","2202","False"
"1、交易计算表3月.xls","2026-03","苏州市轨道交通集团有限公司","3206622511667","2026-03-31","False","50","12:30","2202","False"
"1、交易计算表3月.xls","2026-03","苏州市轨道交通集团有限公司","3206622511667","2026-03-31","False","51","12:45","0","False"
"1、交易计算表3月.xls","2026-03","苏州市轨道交通集团有限公司","3206622511667","2026-03-31","False","52","13:00","2202","False"
"1、交易计算表3月.xls","2026-03","苏州市轨道交通集团有限公司","3206622511667","2026-03-31","False","53","13:15","2202","False"
"1、交易计算表3月.xls","2026-03","苏州市轨道交通集团有限公司","3206622511667","2026-03-31","False","54","13:30","0","False"
"1、交易计算表3月.xls","2026-03","苏州市轨道交通集团有限公司","3206622511667","2026-03-31","False","55","13:45","2202","False"
"1、交易计算表3月.xls","2026-03","苏州市轨道交通集团有限公司","3206622511667","2026-03-31","False","56","14:00","0","False"
"1、交易计算表3月.xls","2026-03","苏州市轨道交通集团有限公司","3206622511667","2026-03-31","False","57","14:15","2202","False"
"1、交易计算表3月.xls","2026-03","苏州市轨道交通集团有限公司","3206622511667","2026-03-31","False","58","14:30","2202","False"
"1、交易计算表3月.xls","2026-03","苏州市轨道交通集团有限公司","3206622511667","2026-03-31","False","59","14:45","0","False"
"1、交易计算表3月.xls","2026-03","苏州市轨道交通集团有限公司","3206622511667","2026-03-31","False","60","15:00","2202","False"
"1、交易计算表3月.xls","2026-03","苏州市轨道交通集团有限公司","3206622511667","2026-03-31","False","61","15:15","2202","False"
"1、交易计算表3月.xls","2026-03","苏州市轨道交通集团有限公司","3206622511667","2026-03-31","False","62","15:30","0","False"
"1、交易计算表3月.xls","2026-03","苏州市轨道交通集团有限公司","3206622511667","2026-03-31","False","63","15:45","2202","False"
"1、交易计算表3月.xls","2026-03","苏州市轨道交通集团有限公司","3206622511667","2026-03-31","False","64","16:00","2202","False"
"1、交易计算表3月.xls","2026-03","苏州市轨道交通集团有限公司","3206622511667","2026-03-31","False","65","16:15","0","False"
"1、交易计算表3月.xls","2026-03","苏州市轨道交通集团有限公司","3206622511667","2026-03-31","False","66","16:30","2202","False"
"1、交易计算表3月.xls","2026-03","苏州市轨道交通集团有限公司","3206622511667","2026-03-31","False","67","16:45","2202","False"
"1、交易计算表3月.xls","2026-03","苏州市轨道交通集团有限公司","3206622511667","2026-03-31","False","68","17:00","0","False"
"1、交易计算表3月.xls","2026-03","苏州市轨道交通集团有限公司","3206622511667","2026-03-31","False","69","17:15","4404","False"
"1、交易计算表3月.xls","2026-03","苏州市轨道交通集团有限公司","3206622511667","2026-03-31","False","70","17:30","0","False"
"1、交易计算表3月.xls","2026-03","苏州市轨道交通集团有限公司","3206622511667","2026-03-31","False","71","17:45","0","False"
"1、交易计算表3月.xls","2026-03","苏州市轨道交通集团有限公司","3206622511667","2026-03-31","False","72","18:00","4404","False"
"1、交易计算表3月.xls","2026-03","苏州市轨道交通集团有限公司","3206622511667","2026-03-31","False","73","18:15","0","False"
"1、交易计算表3月.xls","2026-03","苏州市轨道交通集团有限公司","3206622511667","2026-03-31","False","74","18:30","2202","False"
"1、交易计算表3月.xls","2026-03","苏州市轨道交通集团有限公司","3206622511667","2026-03-31","False","75","18:45","2202","False"
"1、交易计算表3月.xls","2026-03","苏州市轨道交通集团有限公司","3206622511667","2026-03-31","False","76","19:00","0","False"
"1、交易计算表3月.xls","2026-03","苏州市轨道交通集团有限公司","3206622511667","2026-03-31","False","77","19:15","2202","False"
"1、交易计算表3月.xls","2026-03","苏州市轨道交通集团有限公司","3206622511667","2026-03-31","False","78","19:30","2202","False"
"1、交易计算表3月.xls","2026-03","苏州市轨道交通集团有限公司","3206622511667","2026-03-31","False","79","19:45","0","False"
"1、交易计算表3月.xls","2026-03","苏州市轨道交通集团有限公司","3206622511667","2026-03-31","False","80","20:00","2202","False"
"1、交易计算表3月.xls","2026-03","苏州市轨道交通集团有限公司","3206622511667","2026-03-31","False","81","20:15","2202","False"
"1、交易计算表3月.xls","2026-03","苏州市轨道交通集团有限公司","3206622511667","2026-03-31","False","82","20:30","2202","False"
"1、交易计算表3月.xls","2026-03","苏州市轨道交通集团有限公司","3206622511667","2026-03-31","False","83","20:45","0","False"
"1、交易计算表3月.xls","2026-03","苏州市轨道交通集团有限公司","3206622511667","2026-03-31","False","84","21:00","2202","False"
"1、交易计算表3月.xls","2026-03","苏州市轨道交通集团有限公司","3206622511667","2026-03-31","False","85","21:15","2202","False"
"1、交易计算表3月.xls","2026-03","苏州市轨道交通集团有限公司","3206622511667","2026-03-31","False","86","21:30","0","False"
"1、交易计算表3月.xls","2026-03","苏州市轨道交通集团有限公司","3206622511667","2026-03-31","False","87","21:45","0","False"
"1、交易计算表3月.xls","2026-03","苏州市轨道交通集团有限公司","3206622511667","2026-03-31","False","88","22:00","2202","False"
"1、交易计算表3月.xls","2026-03","苏州市轨道交通集团有限公司","3206622511667","2026-03-31","False","89","22:15","2202","False"
"1、交易计算表3月.xls","2026-03","苏州市轨道交通集团有限公司","3206622511667","2026-03-31","False","90","22:30","0","False"
"1、交易计算表3月.xls","2026-03","苏州市轨道交通集团有限公司","3206622511667","2026-03-31","False","91","22:45","0","False"
"1、交易计算表3月.xls","2026-03","苏州市轨道交通集团有限公司","3206622511667","2026-03-31","False","92","23:00","4404","False"
"1、交易计算表3月.xls","2026-03","苏州市轨道交通集团有限公司","3206622511667","2026-03-31","False","93","23:15","0","False"
"1、交易计算表3月.xls","2026-03","苏州市轨道交通集团有限公司","3206622511667","2026-03-31","False","94","23:30","0","False"
"1、交易计算表3月.xls","2026-03","苏州市轨道交通集团有限公司","3206622511667","2026-03-31","False","95","23:45","0","False"
"1、交易计算表3月.xls","2026-03","苏州市轨道交通集团有限公司","3206622511667","2026-03-31","False","96","24:00","0","False"
"1、交易计算表3月.xls","2026-03","苏州市轨道交通集团有限公司","3206622512416","2026-03-31","False","1","00:15","1651","False"
"1、交易计算表3月.xls","2026-03","苏州市轨道交通集团有限公司","3206622512416","2026-03-31","False","2","00:30","0","False"
"1、交易计算表3月.xls","2026-03","苏州市轨道交通集团有限公司","3206622512416","2026-03-31","False","3","00:45","0","False"
"1、交易计算表3月.xls","2026-03","苏州市轨道交通集团有限公司","3206622512416","2026-03-31","False","4","01:00","0","False"
"1、交易计算表3月.xls","2026-03","苏州市轨道交通集团有限公司","3206622512416","2026-03-31","False","5","01:15","0","False"
"1、交易计算表3月.xls","2026-03","苏州市轨道交通集团有限公司","3206622512416","2026-03-31","False","6","01:30","1651","False"
"1、交易计算表3月.xls","2026-03","苏州市轨道交通集团有限公司","3206622512416","2026-03-31","False","7","01:45","0","False"
"1、交易计算表3月.xls","2026-03","苏州市轨道交通集团有限公司","3206622512416","2026-03-31","False","8","02:00","1650","False"
"1、交易计算表3月.xls","2026-03","苏州市轨道交通集团有限公司","3206622512416","2026-03-31","False","9","02:15","0","False"
"1、交易计算表3月.xls","2026-03","苏州市轨道交通集团有限公司","3206622512416","2026-03-31","False","10","02:30","0","False"
"1、交易计算表3月.xls","2026-03","苏州市轨道交通集团有限公司","3206622512416","2026-03-31","False","11","02:45","1652","False"
"1、交易计算表3月.xls","2026-03","苏州市轨道交通集团有限公司","3206622512416","2026-03-31","False","12","03:00","0","False"
"1、交易计算表3月.xls","2026-03","苏州市轨道交通集团有限公司","3206622512416","2026-03-31","False","13","03:15","0","False"
"1、交易计算表3月.xls","2026-03","苏州市轨道交通集团有限公司","3206622512416","2026-03-31","False","14","03:30","0","False"
"1、交易计算表3月.xls","2026-03","苏州市轨道交通集团有限公司","3206622512416","2026-03-31","False","15","03:45","0","False"
"1、交易计算表3月.xls","2026-03","苏州市轨道交通集团有限公司","3206622512416","2026-03-31","False","16","04:00","0","False"
"1、交易计算表3月.xls","2026-03","苏州市轨道交通集团有限公司","3206622512416","2026-03-31","False","17","04:15","1651","False"
"1、交易计算表3月.xls","2026-03","苏州市轨道交通集团有限公司","3206622512416","2026-03-31","False","18","04:30","1651","False"
"1、交易计算表3月.xls","2026-03","苏州市轨道交通集团有限公司","3206622512416","2026-03-31","False","19","04:45","0","False"
"1、交易计算表3月.xls","2026-03","苏州市轨道交通集团有限公司","3206622512416","2026-03-31","False","20","05:00","0","False"
"1、交易计算表3月.xls","2026-03","苏州市轨道交通集团有限公司","3206622512416","2026-03-31","False","21","05:15","0","False"
"1、交易计算表3月.xls","2026-03","苏州市轨道交通集团有限公司","3206622512416","2026-03-31","False","22","05:30","1652","False"
"1、交易计算表3月.xls","2026-03","苏州市轨道交通集团有限公司","3206622512416","2026-03-31","False","23","05:45","0","False"
"1、交易计算表3月.xls","2026-03","苏州市轨道交通集团有限公司","3206622512416","2026-03-31","False","24","06:00","0","False"
"1、交易计算表3月.xls","2026-03","苏州市轨道交通集团有限公司","3206622512416","2026-03-31","False","25","06:15","1650","False"
"1、交易计算表3月.xls","2026-03","苏州市轨道交通集团有限公司","3206622512416","2026-03-31","False","26","06:30","1651","False"
"1、交易计算表3月.xls","2026-03","苏州市轨道交通集团有限公司","3206622512416","2026-03-31","False","27","06:45","0","False"
"1、交易计算表3月.xls","2026-03","苏州市轨道交通集团有限公司","3206622512416","2026-03-31","False","28","07:00","1651","False"
"1、交易计算表3月.xls","2026-03","苏州市轨道交通集团有限公司","3206622512416","2026-03-31","False","29","07:15","1652","False"
"1、交易计算表3月.xls","2026-03","苏州市轨道交通集团有限公司","3206622512416","2026-03-31","False","30","07:30","0","False"
"1、交易计算表3月.xls","2026-03","苏州市轨道交通集团有限公司","3206622512416","2026-03-31","False","31","07:45","1650","False"
"1、交易计算表3月.xls","2026-03","苏州市轨道交通集团有限公司","3206622512416","2026-03-31","False","32","08:00","1651","False"
"1、交易计算表3月.xls","2026-03","苏州市轨道交通集团有限公司","3206622512416","2026-03-31","False","33","08:15","0","False"
"1、交易计算表3月.xls","2026-03","苏州市轨道交通集团有限公司","3206622512416","2026-03-31","False","34","08:30","1651","False"
"1、交易计算表3月.xls","2026-03","苏州市轨道交通集团有限公司","3206622512416","2026-03-31","False","35","08:45","1652","False"
"1、交易计算表3月.xls","2026-03","苏州市轨道交通集团有限公司","3206622512416","2026-03-31","False","36","09:00","0","False"
"1、交易计算表3月.xls","2026-03","苏州市轨道交通集团有限公司","3206622512416","2026-03-31","False","37","09:15","0","False"
"1、交易计算表3月.xls","2026-03","苏州市轨道交通集团有限公司","3206622512416","2026-03-31","False","38","09:30","3301","False"
"1、交易计算表3月.xls","2026-03","苏州市轨道交通集团有限公司","3206622512416","2026-03-31","False","39","09:45","0","False"
"1、交易计算表3月.xls","2026-03","苏州市轨道交通集团有限公司","3206622512416","2026-03-31","False","40","10:00","0","False"
"1、交易计算表3月.xls","2026-03","苏州市轨道交通集团有限公司","3206622512416","2026-03-31","False","41","10:15","1652","False"
"1、交易计算表3月.xls","2026-03","苏州市轨道交通集团有限公司","3206622512416","2026-03-31","False","42","10:30","0","False"
"1、交易计算表3月.xls","2026-03","苏州市轨道交通集团有限公司","3206622512416","2026-03-31","False","43","10:45","3302","False"
"1、交易计算表3月.xls","2026-03","苏州市轨道交通集团有限公司","3206622512416","2026-03-31","False","44","11:00","0","False"
"1、交易计算表3月.xls","2026-03","苏州市轨道交通集团有限公司","3206622512416","2026-03-31","False","45","11:15","0","False"
"1、交易计算表3月.xls","2026-03","苏州市轨道交通集团有限公司","3206622512416","2026-03-31","False","46","11:30","1652","False"
"1、交易计算表3月.xls","2026-03","苏州市轨道交通集团有限公司","3206622512416","2026-03-31","False","47","11:45","1650","False"
"1、交易计算表3月.xls","2026-03","苏州市轨道交通集团有限公司","3206622512416","2026-03-31","False","48","12:00","0","False"
"1、交易计算表3月.xls","2026-03","苏州市轨道交通集团有限公司","3206622512416","2026-03-31","False","49","12:15","1651","False"
"1、交易计算表3月.xls","2026-03","苏州市轨道交通集团有限公司","3206622512416","2026-03-31","False","50","12:30","0","False"
"1、交易计算表3月.xls","2026-03","苏州市轨道交通集团有限公司","3206622512416","2026-03-31","False","51","12:45","1651","False"
"1、交易计算表3月.xls","2026-03","苏州市轨道交通集团有限公司","3206622512416","2026-03-31","False","52","13:00","1652","False"
"1、交易计算表3月.xls","2026-03","苏州市轨道交通集团有限公司","3206622512416","2026-03-31","False","53","13:15","0","False"
"1、交易计算表3月.xls","2026-03","苏州市轨道交通集团有限公司","3206622512416","2026-03-31","False","54","13:30","1650","False"
"1、交易计算表3月.xls","2026-03","苏州市轨道交通集团有限公司","3206622512416","2026-03-31","False","55","13:45","1651","False"
"1、交易计算表3月.xls","2026-03","苏州市轨道交通集团有限公司","3206622512416","2026-03-31","False","56","14:00","0","False"
"1、交易计算表3月.xls","2026-03","苏州市轨道交通集团有限公司","3206622512416","2026-03-31","False","57","14:15","0","False"
"1、交易计算表3月.xls","2026-03","苏州市轨道交通集团有限公司","3206622512416","2026-03-31","False","58","14:30","3303","False"
"1、交易计算表3月.xls","2026-03","苏州市轨道交通集团有限公司","3206622512416","2026-03-31","False","59","14:45","0","False"
"1、交易计算表3月.xls","2026-03","苏州市轨道交通集团有限公司","3206622512416","2026-03-31","False","60","15:00","0","False"
"1、交易计算表3月.xls","2026-03","苏州市轨道交通集团有限公司","3206622512416","2026-03-31","False","61","15:15","3301","False"
"1、交易计算表3月.xls","2026-03","苏州市轨道交通集团有限公司","3206622512416","2026-03-31","False","62","15:30","0","False"
"1、交易计算表3月.xls","2026-03","苏州市轨道交通集团有限公司","3206622512416","2026-03-31","False","63","15:45","0","False"
"1、交易计算表3月.xls","2026-03","苏州市轨道交通集团有限公司","3206622512416","2026-03-31","False","64","16:00","3303","False"
"1、交易计算表3月.xls","2026-03","苏州市轨道交通集团有限公司","3206622512416","2026-03-31","False","65","16:15","0","False"
"1、交易计算表3月.xls","2026-03","苏州市轨道交通集团有限公司","3206622512416","2026-03-31","False","66","16:30","0","False"
"1、交易计算表3月.xls","2026-03","苏州市轨道交通集团有限公司","3206622512416","2026-03-31","False","67","16:45","3301","False"
"1、交易计算表3月.xls","2026-03","苏州市轨道交通集团有限公司","3206622512416","2026-03-31","False","68","17:00","0","False"
"1、交易计算表3月.xls","2026-03","苏州市轨道交通集团有限公司","3206622512416","2026-03-31","False","69","17:15","0","False"
"1、交易计算表3月.xls","2026-03","苏州市轨道交通集团有限公司","3206622512416","2026-03-31","False","70","17:30","3303","False"
"1、交易计算表3月.xls","2026-03","苏州市轨道交通集团有限公司","3206622512416","2026-03-31","False","71","17:45","0","False"
"1、交易计算表3月.xls","2026-03","苏州市轨道交通集团有限公司","3206622512416","2026-03-31","False","72","18:00","0","False"
"1、交易计算表3月.xls","2026-03","苏州市轨道交通集团有限公司","3206622512416","2026-03-31","False","73","18:15","3301","False"
"1、交易计算表3月.xls","2026-03","苏州市轨道交通集团有限公司","3206622512416","2026-03-31","False","74","18:30","0","False"
"1、交易计算表3月.xls","2026-03","苏州市轨道交通集团有限公司","3206622512416","2026-03-31","False","75","18:45","3303","False"
"1、交易计算表3月.xls","2026-03","苏州市轨道交通集团有限公司","3206622512416","2026-03-31","False","76","19:00","0","False"
"1、交易计算表3月.xls","2026-03","苏州市轨道交通集团有限公司","3206622512416","2026-03-31","False","77","19:15","0","False"
"1、交易计算表3月.xls","2026-03","苏州市轨道交通集团有限公司","3206622512416","2026-03-31","False","78","19:30","3301","False"
"1、交易计算表3月.xls","2026-03","苏州市轨道交通集团有限公司","3206622512416","2026-03-31","False","79","19:45","0","False"
"1、交易计算表3月.xls","2026-03","苏州市轨道交通集团有限公司","3206622512416","2026-03-31","False","80","20:00","1651","False"
"1、交易计算表3月.xls","2026-03","苏州市轨道交通集团有限公司","3206622512416","2026-03-31","False","81","20:15","1652","False"
"1、交易计算表3月.xls","2026-03","苏州市轨道交通集团有限公司","3206622512416","2026-03-31","False","82","20:30","0","False"
"1、交易计算表3月.xls","2026-03","苏州市轨道交通集团有限公司","3206622512416","2026-03-31","False","83","20:45","0","False"
"1、交易计算表3月.xls","2026-03","苏州市轨道交通集团有限公司","3206622512416","2026-03-31","False","84","21:00","3301","False"
"1、交易计算表3月.xls","2026-03","苏州市轨道交通集团有限公司","3206622512416","2026-03-31","False","85","21:15","0","False"
"1、交易计算表3月.xls","2026-03","苏州市轨道交通集团有限公司","3206622512416","2026-03-31","False","86","21:30","0","False"
"1、交易计算表3月.xls","2026-03","苏州市轨道交通集团有限公司","3206622512416","2026-03-31","False","87","21:45","1651","False"
"1、交易计算表3月.xls","2026-03","苏州市轨道交通集团有限公司","3206622512416","2026-03-31","False","88","22:00","1652","False"
"1、交易计算表3月.xls","2026-03","苏州市轨道交通集团有限公司","3206622512416","2026-03-31","False","89","22:15","0","False"
"1、交易计算表3月.xls","2026-03","苏州市轨道交通集团有限公司","3206622512416","2026-03-31","False","90","22:30","1650","False"
"1、交易计算表3月.xls","2026-03","苏州市轨道交通集团有限公司","3206622512416","2026-03-31","False","91","22:45","1651","False"
"1、交易计算表3月.xls","2026-03","苏州市轨道交通集团有限公司","3206622512416","2026-03-31","False","92","23:00","0","False"
"1、交易计算表3月.xls","2026-03","苏州市轨道交通集团有限公司","3206622512416","2026-03-31","False","93","23:15","0","False"
"1、交易计算表3月.xls","2026-03","苏州市轨道交通集团有限公司","3206622512416","2026-03-31","False","94","23:30","1651","False"
"1、交易计算表3月.xls","2026-03","苏州市轨道交通集团有限公司","3206622512416","2026-03-31","False","95","23:45","1652","False"
"1、交易计算表3月.xls","2026-03","苏州市轨道交通集团有限公司","3206622512416","2026-03-31","False","96","24:00","0","False"
"1、交易计算表3月.xls","2026-03","苏州市轨道交通集团有限公司","3206619543230","2026-03-31","False","1","00:15","0","False"
"1、交易计算表3月.xls","2026-03","苏州市轨道交通集团有限公司","3206619543230","2026-03-31","False","2","00:30","0","False"
"1、交易计算表3月.xls","2026-03","苏州市轨道交通集团有限公司","3206619543230","2026-03-31","False","3","00:45","3301","False"
"1、交易计算表3月.xls","2026-03","苏州市轨道交通集团有限公司","3206619543230","2026-03-31","False","4","01:00","0","False"
"1、交易计算表3月.xls","2026-03","苏州市轨道交通集团有限公司","3206619543230","2026-03-31","False","5","01:15","3302","False"
"1、交易计算表3月.xls","2026-03","苏州市轨道交通集团有限公司","3206619543230","2026-03-31","False","6","01:30","0","False"
"1、交易计算表3月.xls","2026-03","苏州市轨道交通集团有限公司","3206619543230","2026-03-31","False","7","01:45","3302","False"
"1、交易计算表3月.xls","2026-03","苏州市轨道交通集团有限公司","3206619543230","2026-03-31","False","8","02:00","0","False"
"1、交易计算表3月.xls","2026-03","苏州市轨道交通集团有限公司","3206619543230","2026-03-31","False","9","02:15","0","False"
"1、交易计算表3月.xls","2026-03","苏州市轨道交通集团有限公司","3206619543230","2026-03-31","False","10","02:30","0","False"
"1、交易计算表3月.xls","2026-03","苏州市轨道交通集团有限公司","3206619543230","2026-03-31","False","11","02:45","6604","False"
"1、交易计算表3月.xls","2026-03","苏州市轨道交通集团有限公司","3206619543230","2026-03-31","False","12","03:00","0","False"
"1、交易计算表3月.xls","2026-03","苏州市轨道交通集团有限公司","3206619543230","2026-03-31","False","13","03:15","0","False"
"1、交易计算表3月.xls","2026-03","苏州市轨道交通集团有限公司","3206619543230","2026-03-31","False","14","03:30","0","False"
"1、交易计算表3月.xls","2026-03","苏州市轨道交通集团有限公司","3206619543230","2026-03-31","False","15","03:45","3302","False"
"1、交易计算表3月.xls","2026-03","苏州市轨道交通集团有限公司","3206619543230","2026-03-31","False","16","04:00","0","False"
"1、交易计算表3月.xls","2026-03","苏州市轨道交通集团有限公司","3206619543230","2026-03-31","False","17","04:15","3303","False"
"1、交易计算表3月.xls","2026-03","苏州市轨道交通集团有限公司","3206619543230","2026-03-31","False","18","04:30","0","False"
"1、交易计算表3月.xls","2026-03","苏州市轨道交通集团有限公司","3206619543230","2026-03-31","False","19","04:45","3302","False"
"1、交易计算表3月.xls","2026-03","苏州市轨道交通集团有限公司","3206619543230","2026-03-31","False","20","05:00","0","False"
"1、交易计算表3月.xls","2026-03","苏州市轨道交通集团有限公司","3206619543230","2026-03-31","False","21","05:15","3303","False"
"1、交易计算表3月.xls","2026-03","苏州市轨道交通集团有限公司","3206619543230","2026-03-31","False","22","05:30","3301","False"
"1、交易计算表3月.xls","2026-03","苏州市轨道交通集团有限公司","3206619543230","2026-03-31","False","23","05:45","3303","False"
"1、交易计算表3月.xls","2026-03","苏州市轨道交通集团有限公司","3206619543230","2026-03-31","False","24","06:00","0","False"
"1、交易计算表3月.xls","2026-03","苏州市轨道交通集团有限公司","3206619543230","2026-03-31","False","25","06:15","6605","False"
"1、交易计算表3月.xls","2026-03","苏州市轨道交通集团有限公司","3206619543230","2026-03-31","False","26","06:30","0","False"
"1、交易计算表3月.xls","2026-03","苏州市轨道交通集团有限公司","3206619543230","2026-03-31","False","27","06:45","3303","False"
"1、交易计算表3月.xls","2026-03","苏州市轨道交通集团有限公司","3206619543230","2026-03-31","False","28","07:00","6605","False"
"1、交易计算表3月.xls","2026-03","苏州市轨道交通集团有限公司","3206619543230","2026-03-31","False","29","07:15","0","False"
"1、交易计算表3月.xls","2026-03","苏州市轨道交通集团有限公司","3206619543230","2026-03-31","False","30","07:30","6604","False"
"1、交易计算表3月.xls","2026-03","苏州市轨道交通集团有限公司","3206619543230","2026-03-31","False","31","07:45","3303","False"
"1、交易计算表3月.xls","2026-03","苏州市轨道交通集团有限公司","3206619543230","2026-03-31","False","32","08:00","6605","False"
"1、交易计算表3月.xls","2026-03","苏州市轨道交通集团有限公司","3206619543230","2026-03-31","False","33","08:15","0","False"
"1、交易计算表3月.xls","2026-03","苏州市轨道交通集团有限公司","3206619543230","2026-03-31","False","34","08:30","6605","False"
"1、交易计算表3月.xls","2026-03","苏州市轨道交通集团有限公司","3206619543230","2026-03-31","False","35","08:45","6604","False"
"1、交易计算表3月.xls","2026-03","苏州市轨道交通集团有限公司","3206619543230","2026-03-31","False","36","09:00","0","False"
"1、交易计算表3月.xls","2026-03","苏州市轨道交通集团有限公司","3206619543230","2026-03-31","False","37","09:15","6605","False"
"1、交易计算表3月.xls","2026-03","苏州市轨道交通集团有限公司","3206619543230","2026-03-31","False","38","09:30","3303","False"
"1、交易计算表3月.xls","2026-03","苏州市轨道交通集团有限公司","3206619543230","2026-03-31","False","39","09:45","6605","False"
"1、交易计算表3月.xls","2026-03","苏州市轨道交通集团有限公司","3206619543230","2026-03-31","False","40","10:00","0","False"
"1、交易计算表3月.xls","2026-03","苏州市轨道交通集团有限公司","3206619543230","2026-03-31","False","41","10:15","6604","False"
"1、交易计算表3月.xls","2026-03","苏州市轨道交通集团有限公司","3206619543230","2026-03-31","False","42","10:30","3303","False"
"1、交易计算表3月.xls","2026-03","苏州市轨道交通集团有限公司","3206619543230","2026-03-31","False","43","10:45","0","False"
"1、交易计算表3月.xls","2026-03","苏州市轨道交通集团有限公司","3206619543230","2026-03-31","False","44","11:00","6605","False"
"1、交易计算表3月.xls","2026-03","苏州市轨道交通集团有限公司","3206619543230","2026-03-31","False","45","11:15","3303","False"
"1、交易计算表3月.xls","2026-03","苏州市轨道交通集团有限公司","3206619543230","2026-03-31","False","46","11:30","3302","False"
"1、交易计算表3月.xls","2026-03","苏州市轨道交通集团有限公司","3206619543230","2026-03-31","False","47","11:45","3303","False"
"1、交易计算表3月.xls","2026-03","苏州市轨道交通集团有限公司","3206619543230","2026-03-31","False","48","12:00","3301","False"
"1、交易计算表3月.xls","2026-03","苏州市轨道交通集团有限公司","3206619543230","2026-03-31","False","49","12:15","3303","False"
"1、交易计算表3月.xls","2026-03","苏州市轨道交通集团有限公司","3206619543230","2026-03-31","False","50","12:30","3303","False"
"1、交易计算表3月.xls","2026-03","苏州市轨道交通集团有限公司","3206619543230","2026-03-31","False","51","12:45","3302","False"
"1、交易计算表3月.xls","2026-03","苏州市轨道交通集团有限公司","3206619543230","2026-03-31","False","52","13:00","3303","False"
"1、交易计算表3月.xls","2026-03","苏州市轨道交通集团有限公司","3206619543230","2026-03-31","False","53","13:15","6605","False"
"1、交易计算表3月.xls","2026-03","苏州市轨道交通集团有限公司","3206619543230","2026-03-31","False","54","13:30","0","False"
"1、交易计算表3月.xls","2026-03","苏州市轨道交通集团有限公司","3206619543230","2026-03-31","False","55","13:45","6603","False"
"1、交易计算表3月.xls","2026-03","苏州市轨道交通集团有限公司","3206619543230","2026-03-31","False","56","14:00","0","False"
"1、交易计算表3月.xls","2026-03","苏州市轨道交通集团有限公司","3206619543230","2026-03-31","False","57","14:15","6605","False"
"1、交易计算表3月.xls","2026-03","苏州市轨道交通集团有限公司","3206619543230","2026-03-31","False","58","14:30","3303","False"
"1、交易计算表3月.xls","2026-03","苏州市轨道交通集团有限公司","3206619543230","2026-03-31","False","59","14:45","3301","False"
"1、交易计算表3月.xls","2026-03","苏州市轨道交通集团有限公司","3206619543230","2026-03-31","False","60","15:00","3303","False"
"1、交易计算表3月.xls","2026-03","苏州市轨道交通集团有限公司","3206619543230","2026-03-31","False","61","15:15","6605","False"
"1、交易计算表3月.xls","2026-03","苏州市轨道交通集团有限公司","3206619543230","2026-03-31","False","62","15:30","0","False"
"1、交易计算表3月.xls","2026-03","苏州市轨道交通集团有限公司","3206619543230","2026-03-31","False","63","15:45","6605","False"
"1、交易计算表3月.xls","2026-03","苏州市轨道交通集团有限公司","3206619543230","2026-03-31","False","64","16:00","0","False"
"1、交易计算表3月.xls","2026-03","苏州市轨道交通集团有限公司","3206619543230","2026-03-31","False","65","16:15","6604","False"
"1、交易计算表3月.xls","2026-03","苏州市轨道交通集团有限公司","3206619543230","2026-03-31","False","66","16:30","3303","False"
"1、交易计算表3月.xls","2026-03","苏州市轨道交通集团有限公司","3206619543230","2026-03-31","False","67","16:45","3302","False"
"1、交易计算表3月.xls","2026-03","苏州市轨道交通集团有限公司","3206619543230","2026-03-31","False","68","17:00","3303","False"
"1、交易计算表3月.xls","2026-03","苏州市轨道交通集团有限公司","3206619543230","2026-03-31","False","69","17:15","6605","False"
"1、交易计算表3月.xls","2026-03","苏州市轨道交通集团有限公司","3206619543230","2026-03-31","False","70","17:30","0","False"
"1、交易计算表3月.xls","2026-03","苏州市轨道交通集团有限公司","3206619543230","2026-03-31","False","71","17:45","6604","False"
"1、交易计算表3月.xls","2026-03","苏州市轨道交通集团有限公司","3206619543230","2026-03-31","False","72","18:00","3303","False"
"1、交易计算表3月.xls","2026-03","苏州市轨道交通集团有限公司","3206619543230","2026-03-31","False","73","18:15","6605","False"
"1、交易计算表3月.xls","2026-03","苏州市轨道交通集团有限公司","3206619543230","2026-03-31","False","74","18:30","0","False"
"1、交易计算表3月.xls","2026-03","苏州市轨道交通集团有限公司","3206619543230","2026-03-31","False","75","18:45","6605","False"
"1、交易计算表3月.xls","2026-03","苏州市轨道交通集团有限公司","3206619543230","2026-03-31","False","76","19:00","6604","False"
"1、交易计算表3月.xls","2026-03","苏州市轨道交通集团有限公司","3206619543230","2026-03-31","False","77","19:15","0","False"
"1、交易计算表3月.xls","2026-03","苏州市轨道交通集团有限公司","3206619543230","2026-03-31","False","78","19:30","6605","False"
"1、交易计算表3月.xls","2026-03","苏州市轨道交通集团有限公司","3206619543230","2026-03-31","False","79","19:45","0","False"
"1、交易计算表3月.xls","2026-03","苏州市轨道交通集团有限公司","3206619543230","2026-03-31","False","80","20:00","6605","False"
"1、交易计算表3月.xls","2026-03","苏州市轨道交通集团有限公司","3206619543230","2026-03-31","False","81","20:15","3303","False"
"1、交易计算表3月.xls","2026-03","苏州市轨道交通集团有限公司","3206619543230","2026-03-31","False","82","20:30","3301","False"
"1、交易计算表3月.xls","2026-03","苏州市轨道交通集团有限公司","3206619543230","2026-03-31","False","83","20:45","3303","False"
"1、交易计算表3月.xls","2026-03","苏州市轨道交通集团有限公司","3206619543230","2026-03-31","False","84","21:00","3303","False"
"1、交易计算表3月.xls","2026-03","苏州市轨道交通集团有限公司","3206619543230","2026-03-31","False","85","21:15","3302","False"
"1、交易计算表3月.xls","2026-03","苏州市轨道交通集团有限公司","3206619543230","2026-03-31","False","86","21:30","3303","False"
"1、交易计算表3月.xls","2026-03","苏州市轨道交通集团有限公司","3206619543230","2026-03-31","False","87","21:45","3302","False"
"1、交易计算表3月.xls","2026-03","苏州市轨道交通集团有限公司","3206619543230","2026-03-31","False","88","22:00","3303","False"
"1、交易计算表3月.xls","2026-03","苏州市轨道交通集团有限公司","3206619543230","2026-03-31","False","89","22:15","6604","False"
"1、交易计算表3月.xls","2026-03","苏州市轨道交通集团有限公司","3206619543230","2026-03-31","False","90","22:30","0","False"
"1、交易计算表3月.xls","2026-03","苏州市轨道交通集团有限公司","3206619543230","2026-03-31","False","91","22:45","6605","False"
"1、交易计算表3月.xls","2026-03","苏州市轨道交通集团有限公司","3206619543230","2026-03-31","False","92","23:00","0","False"
"1、交易计算表3月.xls","2026-03","苏州市轨道交通集团有限公司","3206619543230","2026-03-31","False","93","23:15","3303","False"
"1、交易计算表3月.xls","2026-03","苏州市轨道交通集团有限公司","3206619543230","2026-03-31","False","94","23:30","3302","False"
"1、交易计算表3月.xls","2026-03","苏州市轨道交通集团有限公司","3206619543230","2026-03-31","False","95","23:45","0","False"
"1、交易计算表3月.xls","2026-03","苏州市轨道交通集团有限公司","3206619543230","2026-03-31","False","96","24:00","3303","False"
"1、交易计算表3月.xls","2026-03","苏州市轨道交通集团有限公司","3206618005424","2026-03-31","False","1","00:15","0","False"
"1、交易计算表3月.xls","2026-03","苏州市轨道交通集团有限公司","3206618005424","2026-03-31","False","2","00:30","0","False"
"1、交易计算表3月.xls","2026-03","苏州市轨道交通集团有限公司","3206618005424","2026-03-31","False","3","00:45","0","False"
"1、交易计算表3月.xls","2026-03","苏州市轨道交通集团有限公司","3206618005424","2026-03-31","False","4","01:00","0","False"
"1、交易计算表3月.xls","2026-03","苏州市轨道交通集团有限公司","3206618005424","2026-03-31","False","5","01:15","2200","False"
"1、交易计算表3月.xls","2026-03","苏州市轨道交通集团有限公司","3206618005424","2026-03-31","False","6","01:30","0","False"
"1、交易计算表3月.xls","2026-03","苏州市轨道交通集团有限公司","3206618005424","2026-03-31","False","7","01:45","0","False"
"1、交易计算表3月.xls","2026-03","苏州市轨道交通集团有限公司","3206618005424","2026-03-31","False","8","02:00","0","False"
"1、交易计算表3月.xls","2026-03","苏州市轨道交通集团有限公司","3206618005424","2026-03-31","False","9","02:15","0","False"
"1、交易计算表3月.xls","2026-03","苏州市轨道交通集团有限公司","3206618005424","2026-03-31","False","10","02:30","2201","False"
"1、交易计算表3月.xls","2026-03","苏州市轨道交通集团有限公司","3206618005424","2026-03-31","False","11","02:45","2201","False"
"1、交易计算表3月.xls","2026-03","苏州市轨道交通集团有限公司","3206618005424","2026-03-31","False","12","03:00","0","False"
"1、交易计算表3月.xls","2026-03","苏州市轨道交通集团有限公司","3206618005424","2026-03-31","False","13","03:15","0","False"
"1、交易计算表3月.xls","2026-03","苏州市轨道交通集团有限公司","3206618005424","2026-03-31","False","14","03:30","0","False"
"1、交易计算表3月.xls","2026-03","苏州市轨道交通集团有限公司","3206618005424","2026-03-31","False","15","03:45","0","False"
"1、交易计算表3月.xls","2026-03","苏州市轨道交通集团有限公司","3206618005424","2026-03-31","False","16","04:00","0","False"
"1、交易计算表3月.xls","2026-03","苏州市轨道交通集团有限公司","3206618005424","2026-03-31","False","17","04:15","2200","False"
"1、交易计算表3月.xls","2026-03","苏州市轨道交通集团有限公司","3206618005424","2026-03-31","False","18","04:30","0","False"
"1、交易计算表3月.xls","2026-03","苏州市轨道交通集团有限公司","3206618005424","2026-03-31","False","19","04:45","0","False"
"1、交易计算表3月.xls","2026-03","苏州市轨道交通集团有限公司","3206618005424","2026-03-31","False","20","05:00","0","False"
"1、交易计算表3月.xls","2026-03","苏州市轨道交通集团有限公司","3206618005424","2026-03-31","False","21","05:15","0","False"
"1、交易计算表3月.xls","2026-03","苏州市轨道交通集团有限公司","3206618005424","2026-03-31","False","22","05:30","4403","False"
"1、交易计算表3月.xls","2026-03","苏州市轨道交通集团有限公司","3206618005424","2026-03-31","False","23","05:45","0","False"
"1、交易计算表3月.xls","2026-03","苏州市轨道交通集团有限公司","3206618005424","2026-03-31","False","24","06:00","0","False"
"1、交易计算表3月.xls","2026-03","苏州市轨道交通集团有限公司","3206618005424","2026-03-31","False","25","06:15","2201","False"
"1、交易计算表3月.xls","2026-03","苏州市轨道交通集团有限公司","3206618005424","2026-03-31","False","26","06:30","0","False"
"1、交易计算表3月.xls","2026-03","苏州市轨道交通集团有限公司","3206618005424","2026-03-31","False","27","06:45","4401","False"
"1、交易计算表3月.xls","2026-03","苏州市轨道交通集团有限公司","3206618005424","2026-03-31","False","28","07:00","0","False"
"1、交易计算表3月.xls","2026-03","苏州市轨道交通集团有限公司","3206618005424","2026-03-31","False","29","07:15","2201","False"
"1、交易计算表3月.xls","2026-03","苏州市轨道交通集团有限公司","3206618005424","2026-03-31","False","30","07:30","2202","False"
"1、交易计算表3月.xls","2026-03","苏州市轨道交通集团有限公司","3206618005424","2026-03-31","False","31","07:45","2201","False"
"1、交易计算表3月.xls","2026-03","苏州市轨道交通集团有限公司","3206618005424","2026-03-31","False","32","08:00","0","False"
"1、交易计算表3月.xls","2026-03","苏州市轨道交通集团有限公司","3206618005424","2026-03-31","False","33","08:15","4401","False"
"1、交易计算表3月.xls","2026-03","苏州市轨道交通集团有限公司","3206618005424","2026-03-31","False","34","08:30","0","False"
"1、交易计算表3月.xls","2026-03","苏州市轨道交通集团有限公司","3206618005424","2026-03-31","False","35","08:45","2201","False"
"1、交易计算表3月.xls","2026-03","苏州市轨道交通集团有限公司","3206618005424","2026-03-31","False","36","09:00","4403","False"
"1、交易计算表3月.xls","2026-03","苏州市轨道交通集团有限公司","3206618005424","2026-03-31","False","37","09:15","0","False"
"1、交易计算表3月.xls","2026-03","苏州市轨道交通集团有限公司","3206618005424","2026-03-31","False","38","09:30","2200","False"
"1、交易计算表3月.xls","2026-03","苏州市轨道交通集团有限公司","3206618005424","2026-03-31","False","39","09:45","2201","False"
"1、交易计算表3月.xls","2026-03","苏州市轨道交通集团有限公司","3206618005424","2026-03-31","False","40","10:00","2201","False"
"1、交易计算表3月.xls","2026-03","苏州市轨道交通集团有限公司","3206618005424","2026-03-31","False","41","10:15","0","False"
"1、交易计算表3月.xls","2026-03","苏州市轨道交通集团有限公司","3206618005424","2026-03-31","False","42","10:30","4403","False"
"1、交易计算表3月.xls","2026-03","苏州市轨道交通集团有限公司","3206618005424","2026-03-31","False","43","10:45","0","False"
"1、交易计算表3月.xls","2026-03","苏州市轨道交通集团有限公司","3206618005424","2026-03-31","False","44","11:00","2200","False"
"1、交易计算表3月.xls","2026-03","苏州市轨道交通集团有限公司","3206618005424","2026-03-31","False","45","11:15","2201","False"
"1、交易计算表3月.xls","2026-03","苏州市轨道交通集团有限公司","3206618005424","2026-03-31","False","46","11:30","2201","False"
"1、交易计算表3月.xls","2026-03","苏州市轨道交通集团有限公司","3206618005424","2026-03-31","False","47","11:45","0","False"
"1、交易计算表3月.xls","2026-03","苏州市轨道交通集团有限公司","3206618005424","2026-03-31","False","48","12:00","2201","False"
"1、交易计算表3月.xls","2026-03","苏州市轨道交通集团有限公司","3206618005424","2026-03-31","False","49","12:15","2202","False"
"1、交易计算表3月.xls","2026-03","苏州市轨道交通集团有限公司","3206618005424","2026-03-31","False","50","12:30","2200","False"
"1、交易计算表3月.xls","2026-03","苏州市轨道交通集团有限公司","3206618005424","2026-03-31","False","51","12:45","0","False"
"1、交易计算表3月.xls","2026-03","苏州市轨道交通集团有限公司","3206618005424","2026-03-31","False","52","13:00","4402","False"
"1、交易计算表3月.xls","2026-03","苏州市轨道交通集团有限公司","3206618005424","2026-03-31","False","53","13:15","0","False"
"1、交易计算表3月.xls","2026-03","苏州市轨道交通集团有限公司","3206618005424","2026-03-31","False","54","13:30","0","False"
"1、交易计算表3月.xls","2026-03","苏州市轨道交通集团有限公司","3206618005424","2026-03-31","False","55","13:45","4403","False"
"1、交易计算表3月.xls","2026-03","苏州市轨道交通集团有限公司","3206618005424","2026-03-31","False","56","14:00","0","False"
"1、交易计算表3月.xls","2026-03","苏州市轨道交通集团有限公司","3206618005424","2026-03-31","False","57","14:15","2200","False"
"1、交易计算表3月.xls","2026-03","苏州市轨道交通集团有限公司","3206618005424","2026-03-31","False","58","14:30","2202","False"
"1、交易计算表3月.xls","2026-03","苏州市轨道交通集团有限公司","3206618005424","2026-03-31","False","59","14:45","2201","False"
"1、交易计算表3月.xls","2026-03","苏州市轨道交通集团有限公司","3206618005424","2026-03-31","False","60","15:00","0","False"
"1、交易计算表3月.xls","2026-03","苏州市轨道交通集团有限公司","3206618005424","2026-03-31","False","61","15:15","2201","False"
"1、交易计算表3月.xls","2026-03","苏州市轨道交通集团有限公司","3206618005424","2026-03-31","False","62","15:30","2201","False"
"1、交易计算表3月.xls","2026-03","苏州市轨道交通集团有限公司","3206618005424","2026-03-31","False","63","15:45","0","False"
"1、交易计算表3月.xls","2026-03","苏州市轨道交通集团有限公司","3206618005424","2026-03-31","False","64","16:00","4402","False"
"1、交易计算表3月.xls","2026-03","苏州市轨道交通集团有限公司","3206618005424","2026-03-31","False","65","16:15","0","False"
"1、交易计算表3月.xls","2026-03","苏州市轨道交通集团有限公司","3206618005424","2026-03-31","False","66","16:30","2201","False"
"1、交易计算表3月.xls","2026-03","苏州市轨道交通集团有限公司","3206618005424","2026-03-31","False","67","16:45","2201","False"
"1、交易计算表3月.xls","2026-03","苏州市轨道交通集团有限公司","3206618005424","2026-03-31","False","68","17:00","2201","False"
"1、交易计算表3月.xls","2026-03","苏州市轨道交通集团有限公司","3206618005424","2026-03-31","False","69","17:15","2202","False"
"1、交易计算表3月.xls","2026-03","苏州市轨道交通集团有限公司","3206618005424","2026-03-31","False","70","17:30","2200","False"
"1、交易计算表3月.xls","2026-03","苏州市轨道交通集团有限公司","3206618005424","2026-03-31","False","71","17:45","2201","False"
"1、交易计算表3月.xls","2026-03","苏州市轨道交通集团有限公司","3206618005424","2026-03-31","False","72","18:00","2201","False"
"1、交易计算表3月.xls","2026-03","苏州市轨道交通集团有限公司","3206618005424","2026-03-31","False","73","18:15","2202","False"
"1、交易计算表3月.xls","2026-03","苏州市轨道交通集团有限公司","3206618005424","2026-03-31","False","74","18:30","2201","False"
"1、交易计算表3月.xls","2026-03","苏州市轨道交通集团有限公司","3206618005424","2026-03-31","False","75","18:45","2201","False"
"1、交易计算表3月.xls","2026-03","苏州市轨道交通集团有限公司","3206618005424","2026-03-31","False","76","19:00","2200","False"
"1、交易计算表3月.xls","2026-03","苏州市轨道交通集团有限公司","3206618005424","2026-03-31","False","77","19:15","0","False"
"1、交易计算表3月.xls","2026-03","苏州市轨道交通集团有限公司","3206618005424","2026-03-31","False","78","19:30","4403","False"
"1、交易计算表3月.xls","2026-03","苏州市轨道交通集团有限公司","3206618005424","2026-03-31","False","79","19:45","0","False"
"1、交易计算表3月.xls","2026-03","苏州市轨道交通集团有限公司","3206618005424","2026-03-31","False","80","20:00","4402","False"
"1、交易计算表3月.xls","2026-03","苏州市轨道交通集团有限公司","3206618005424","2026-03-31","False","81","20:15","0","False"
"1、交易计算表3月.xls","2026-03","苏州市轨道交通集团有限公司","3206618005424","2026-03-31","False","82","20:30","2200","False"
"1、交易计算表3月.xls","2026-03","苏州市轨道交通集团有限公司","3206618005424","2026-03-31","False","83","20:45","2202","False"
"1、交易计算表3月.xls","2026-03","苏州市轨道交通集团有限公司","3206618005424","2026-03-31","False","84","21:00","0","False"
"1、交易计算表3月.xls","2026-03","苏州市轨道交通集团有限公司","3206618005424","2026-03-31","False","85","21:15","2201","False"
"1、交易计算表3月.xls","2026-03","苏州市轨道交通集团有限公司","3206618005424","2026-03-31","False","86","21:30","2201","False"
"1、交易计算表3月.xls","2026-03","苏州市轨道交通集团有限公司","3206618005424","2026-03-31","False","87","21:45","2201","False"
"1、交易计算表3月.xls","2026-03","苏州市轨道交通集团有限公司","3206618005424","2026-03-31","False","88","22:00","0","False"
"1、交易计算表3月.xls","2026-03","苏州市轨道交通集团有限公司","3206618005424","2026-03-31","False","89","22:15","2202","False"
"1、交易计算表3月.xls","2026-03","苏州市轨道交通集团有限公司","3206618005424","2026-03-31","False","90","22:30","2200","False"
"1、交易计算表3月.xls","2026-03","苏州市轨道交通集团有限公司","3206618005424","2026-03-31","False","91","22:45","0","False"
"1、交易计算表3月.xls","2026-03","苏州市轨道交通集团有限公司","3206618005424","2026-03-31","False","92","23:00","2201","False"
"1、交易计算表3月.xls","2026-03","苏州市轨道交通集团有限公司","3206618005424","2026-03-31","False","93","23:15","2202","False"
"1、交易计算表3月.xls","2026-03","苏州市轨道交通集团有限公司","3206618005424","2026-03-31","False","94","23:30","0","False"
"1、交易计算表3月.xls","2026-03","苏州市轨道交通集团有限公司","3206618005424","2026-03-31","False","95","23:45","0","False"
"1、交易计算表3月.xls","2026-03","苏州市轨道交通集团有限公司","3206618005424","2026-03-31","False","96","24:00","2201","False"
"1、交易计算表3月.xls","2026-03","苏州市轨道交通集团有限公司","3206622203288","2026-03-31","False","1","00:15","4401","False"
"1、交易计算表3月.xls","2026-03","苏州市轨道交通集团有限公司","3206622203288","2026-03-31","False","2","00:30","0","False"
"1、交易计算表3月.xls","2026-03","苏州市轨道交通集团有限公司","3206622203288","2026-03-31","False","3","00:45","0","False"
"1、交易计算表3月.xls","2026-03","苏州市轨道交通集团有限公司","3206622203288","2026-03-31","False","4","01:00","4400","False"
"1、交易计算表3月.xls","2026-03","苏州市轨道交通集团有限公司","3206622203288","2026-03-31","False","5","01:15","0","False"
"1、交易计算表3月.xls","2026-03","苏州市轨道交通集团有限公司","3206622203288","2026-03-31","False","6","01:30","0","False"
"1、交易计算表3月.xls","2026-03","苏州市轨道交通集团有限公司","3206622203288","2026-03-31","False","7","01:45","0","False"
"1、交易计算表3月.xls","2026-03","苏州市轨道交通集团有限公司","3206622203288","2026-03-31","False","8","02:00","0","False"
"1、交易计算表3月.xls","2026-03","苏州市轨道交通集团有限公司","3206622203288","2026-03-31","False","9","02:15","0","False"
"1、交易计算表3月.xls","2026-03","苏州市轨道交通集团有限公司","3206622203288","2026-03-31","False","10","02:30","0","False"
"1、交易计算表3月.xls","2026-03","苏州市轨道交通集团有限公司","3206622203288","2026-03-31","False","11","02:45","4402","False"
"1、交易计算表3月.xls","2026-03","苏州市轨道交通集团有限公司","3206622203288","2026-03-31","False","12","03:00","4400","False"
"1、交易计算表3月.xls","2026-03","苏州市轨道交通集团有限公司","3206622203288","2026-03-31","False","13","03:15","0","False"
"1、交易计算表3月.xls","2026-03","苏州市轨道交通集团有限公司","3206622203288","2026-03-31","False","14","03:30","0","False"
"1、交易计算表3月.xls","2026-03","苏州市轨道交通集团有限公司","3206622203288","2026-03-31","False","15","03:45","0","False"
"1、交易计算表3月.xls","2026-03","苏州市轨道交通集团有限公司","3206622203288","2026-03-31","False","16","04:00","0","False"
"1、交易计算表3月.xls","2026-03","苏州市轨道交通集团有限公司","3206622203288","2026-03-31","False","17","04:15","0","False"
"1、交易计算表3月.xls","2026-03","苏州市轨道交通集团有限公司","3206622203288","2026-03-31","False","18","04:30","0","False"
"1、交易计算表3月.xls","2026-03","苏州市轨道交通集团有限公司","3206622203288","2026-03-31","False","19","04:45","0","False"
"1、交易计算表3月.xls","2026-03","苏州市轨道交通集团有限公司","3206622203288","2026-03-31","False","20","05:00","0","False"
"1、交易计算表3月.xls","2026-03","苏州市轨道交通集团有限公司","3206622203288","2026-03-31","False","21","05:15","8802","False"
"1、交易计算表3月.xls","2026-03","苏州市轨道交通集团有限公司","3206622203288","2026-03-31","False","22","05:30","0","False"
"1、交易计算表3月.xls","2026-03","苏州市轨道交通集团有限公司","3206622203288","2026-03-31","False","23","05:45","0","False"
"1、交易计算表3月.xls","2026-03","苏州市轨道交通集团有限公司","3206622203288","2026-03-31","False","24","06:00","0","False"
"1、交易计算表3月.xls","2026-03","苏州市轨道交通集团有限公司","3206622203288","2026-03-31","False","25","06:15","0","False"
"1、交易计算表3月.xls","2026-03","苏州市轨道交通集团有限公司","3206622203288","2026-03-31","False","26","06:30","4402","False"
"1、交易计算表3月.xls","2026-03","苏州市轨道交通集团有限公司","3206622203288","2026-03-31","False","27","06:45","4400","False"
"1、交易计算表3月.xls","2026-03","苏州市轨道交通集团有限公司","3206622203288","2026-03-31","False","28","07:00","0","False"
"1、交易计算表3月.xls","2026-03","苏州市轨道交通集团有限公司","3206622203288","2026-03-31","False","29","07:15","4401","False"
"1、交易计算表3月.xls","2026-03","苏州市轨道交通集团有限公司","3206622203288","2026-03-31","False","30","07:30","4400","False"
"1、交易计算表3月.xls","2026-03","苏州市轨道交通集团有限公司","3206622203288","2026-03-31","False","31","07:45","4402","False"
"1、交易计算表3月.xls","2026-03","苏州市轨道交通集团有限公司","3206622203288","2026-03-31","False","32","08:00","0","False"
"1、交易计算表3月.xls","2026-03","苏州市轨道交通集团有限公司","3206622203288","2026-03-31","False","33","08:15","8802","False"
"1、交易计算表3月.xls","2026-03","苏州市轨道交通集团有限公司","3206622203288","2026-03-31","False","34","08:30","0","False"
"1、交易计算表3月.xls","2026-03","苏州市轨道交通集团有限公司","3206622203288","2026-03-31","False","35","08:45","4402","False"
"1、交易计算表3月.xls","2026-03","苏州市轨道交通集团有限公司","3206622203288","2026-03-31","False","36","09:00","4400","False"
"1、交易计算表3月.xls","2026-03","苏州市轨道交通集团有限公司","3206622203288","2026-03-31","False","37","09:15","0","False"
"1、交易计算表3月.xls","2026-03","苏州市轨道交通集团有限公司","3206622203288","2026-03-31","False","38","09:30","4401","False"
"1、交易计算表3月.xls","2026-03","苏州市轨道交通集团有限公司","3206622203288","2026-03-31","False","39","09:45","4401","False"
"1、交易计算表3月.xls","2026-03","苏州市轨道交通集团有限公司","3206622203288","2026-03-31","False","40","10:00","4402","False"
"1、交易计算表3月.xls","2026-03","苏州市轨道交通集团有限公司","3206622203288","2026-03-31","False","41","10:15","0","False"
"1、交易计算表3月.xls","2026-03","苏州市轨道交通集团有限公司","3206622203288","2026-03-31","False","42","10:30","8802","False"
"1、交易计算表3月.xls","2026-03","苏州市轨道交通集团有限公司","3206622203288","2026-03-31","False","43","10:45","0","False"
"1、交易计算表3月.xls","2026-03","苏州市轨道交通集团有限公司","3206622203288","2026-03-31","False","44","11:00","0","False"
"1、交易计算表3月.xls","2026-03","苏州市轨道交通集团有限公司","3206622203288","2026-03-31","False","45","11:15","8802","False"
"1、交易计算表3月.xls","2026-03","苏州市轨道交通集团有限公司","3206622203288","2026-03-31","False","46","11:30","0","False"
"1、交易计算表3月.xls","2026-03","苏州市轨道交通集团有限公司","3206622203288","2026-03-31","False","47","11:45","0","False"
"1、交易计算表3月.xls","2026-03","苏州市轨道交通集团有限公司","3206622203288","2026-03-31","False","48","12:00","4402","False"
"1、交易计算表3月.xls","2026-03","苏州市轨道交通集团有限公司","3206622203288","2026-03-31","False","49","12:15","4400","False"
"1、交易计算表3月.xls","2026-03","苏州市轨道交通集团有限公司","3206622203288","2026-03-31","False","50","12:30","4401","False"
"1、交易计算表3月.xls","2026-03","苏州市轨道交通集团有限公司","3206622203288","2026-03-31","False","51","12:45","0","False"
"1、交易计算表3月.xls","2026-03","苏州市轨道交通集团有限公司","3206622203288","2026-03-31","False","52","13:00","4400","False"
"1、交易计算表3月.xls","2026-03","苏州市轨道交通集团有限公司","3206622203288","2026-03-31","False","53","13:15","4402","False"
"1、交易计算表3月.xls","2026-03","苏州市轨道交通集团有限公司","3206622203288","2026-03-31","False","54","13:30","0","False"
"1、交易计算表3月.xls","2026-03","苏州市轨道交通集团有限公司","3206622203288","2026-03-31","False","55","13:45","4402","False"
"1、交易计算表3月.xls","2026-03","苏州市轨道交通集团有限公司","3206622203288","2026-03-31","False","56","14:00","4400","False"
"1、交易计算表3月.xls","2026-03","苏州市轨道交通集团有限公司","3206622203288","2026-03-31","False","57","14:15","0","False"
"1、交易计算表3月.xls","2026-03","苏州市轨道交通集团有限公司","3206622203288","2026-03-31","False","58","14:30","4402","False"
"1、交易计算表3月.xls","2026-03","苏州市轨道交通集团有限公司","3206622203288","2026-03-31","False","59","14:45","4400","False"
"1、交易计算表3月.xls","2026-03","苏州市轨道交通集团有限公司","3206622203288","2026-03-31","False","60","15:00","0","False"
"1、交易计算表3月.xls","2026-03","苏州市轨道交通集团有限公司","3206622203288","2026-03-31","False","61","15:15","4401","False"
"1、交易计算表3月.xls","2026-03","苏州市轨道交通集团有限公司","3206622203288","2026-03-31","False","62","15:30","0","False"
"1、交易计算表3月.xls","2026-03","苏州市轨道交通集团有限公司","3206622203288","2026-03-31","False","63","15:45","8802","False"
"1、交易计算表3月.xls","2026-03","苏州市轨道交通集团有限公司","3206622203288","2026-03-31","False","64","16:00","0","False"
"1、交易计算表3月.xls","2026-03","苏州市轨道交通集团有限公司","3206622203288","2026-03-31","False","65","16:15","0","False"
"1、交易计算表3月.xls","2026-03","苏州市轨道交通集团有限公司","3206622203288","2026-03-31","False","66","16:30","8803","False"
"1、交易计算表3月.xls","2026-03","苏州市轨道交通集团有限公司","3206622203288","2026-03-31","False","67","16:45","0","False"
"1、交易计算表3月.xls","2026-03","苏州市轨道交通集团有限公司","3206622203288","2026-03-31","False","68","17:00","4402","False"
"1、交易计算表3月.xls","2026-03","苏州市轨道交通集团有限公司","3206622203288","2026-03-31","False","69","17:15","0","False"
"1、交易计算表3月.xls","2026-03","苏州市轨道交通集团有限公司","3206622203288","2026-03-31","False","70","17:30","4400","False"
"1、交易计算表3月.xls","2026-03","苏州市轨道交通集团有限公司","3206622203288","2026-03-31","False","71","17:45","4402","False"
"1、交易计算表3月.xls","2026-03","苏州市轨道交通集团有限公司","3206622203288","2026-03-31","False","72","18:00","0","False"
"1、交易计算表3月.xls","2026-03","苏州市轨道交通集团有限公司","3206622203288","2026-03-31","False","73","18:15","8801","False"
"1、交易计算表3月.xls","2026-03","苏州市轨道交通集团有限公司","3206622203288","2026-03-31","False","74","18:30","0","False"
"1、交易计算表3月.xls","2026-03","苏州市轨道交通集团有限公司","3206622203288","2026-03-31","False","75","18:45","4402","False"
"1、交易计算表3月.xls","2026-03","苏州市轨道交通集团有限公司","3206622203288","2026-03-31","False","76","19:00","4400","False"
"1、交易计算表3月.xls","2026-03","苏州市轨道交通集团有限公司","3206622203288","2026-03-31","False","77","19:15","4402","False"
"1、交易计算表3月.xls","2026-03","苏州市轨道交通集团有限公司","3206622203288","2026-03-31","False","78","19:30","0","False"
"1、交易计算表3月.xls","2026-03","苏州市轨道交通集团有限公司","3206622203288","2026-03-31","False","79","19:45","4400","False"
"1、交易计算表3月.xls","2026-03","苏州市轨道交通集团有限公司","3206622203288","2026-03-31","False","80","20:00","4402","False"
"1、交易计算表3月.xls","2026-03","苏州市轨道交通集团有限公司","3206622203288","2026-03-31","False","81","20:15","0","False"
"1、交易计算表3月.xls","2026-03","苏州市轨道交通集团有限公司","3206622203288","2026-03-31","False","82","20:30","8801","False"
"1、交易计算表3月.xls","2026-03","苏州市轨道交通集团有限公司","3206622203288","2026-03-31","False","83","20:45","0","False"
"1、交易计算表3月.xls","2026-03","苏州市轨道交通集团有限公司","3206622203288","2026-03-31","False","84","21:00","0","False"
"1、交易计算表3月.xls","2026-03","苏州市轨道交通集团有限公司","3206622203288","2026-03-31","False","85","21:15","8802","False"
"1、交易计算表3月.xls","2026-03","苏州市轨道交通集团有限公司","3206622203288","2026-03-31","False","86","21:30","0","False"
"1、交易计算表3月.xls","2026-03","苏州市轨道交通集团有限公司","3206622203288","2026-03-31","False","87","21:45","0","False"
"1、交易计算表3月.xls","2026-03","苏州市轨道交通集团有限公司","3206622203288","2026-03-31","False","88","22:00","4402","False"
"1、交易计算表3月.xls","2026-03","苏州市轨道交通集团有限公司","3206622203288","2026-03-31","False","89","22:15","4400","False"
"1、交易计算表3月.xls","2026-03","苏州市轨道交通集团有限公司","3206622203288","2026-03-31","False","90","22:30","4402","False"
"1、交易计算表3月.xls","2026-03","苏州市轨道交通集团有限公司","3206622203288","2026-03-31","False","91","22:45","0","False"
"1、交易计算表3月.xls","2026-03","苏州市轨道交通集团有限公司","3206622203288","2026-03-31","False","92","23:00","4401","False"
"1、交易计算表3月.xls","2026-03","苏州市轨道交通集团有限公司","3206622203288","2026-03-31","False","93","23:15","4402","False"
"1、交易计算表3月.xls","2026-03","苏州市轨道交通集团有限公司","3206622203288","2026-03-31","False","94","23:30","0","False"
"1、交易计算表3月.xls","2026-03","苏州市轨道交通集团有限公司","3206622203288","2026-03-31","False","95","23:45","0","False"
"1、交易计算表3月.xls","2026-03","苏州市轨道交通集团有限公司","3206622203288","2026-03-31","False","96","24:00","0","False"
"1、交易计算表3月.xls","2026-03","苏州市轨道交通集团有限公司","3203079734109","2026-03-31","False","1","00:15","495","False"
"1、交易计算表3月.xls","2026-03","苏州市轨道交通集团有限公司","3203079734109","2026-03-31","False","2","00:30","495","False"
"1、交易计算表3月.xls","2026-03","苏州市轨道交通集团有限公司","3203079734109","2026-03-31","False","3","00:45","485","False"
"1、交易计算表3月.xls","2026-03","苏州市轨道交通集团有限公司","3203079734109","2026-03-31","False","4","01:00","484","False"
"1、交易计算表3月.xls","2026-03","苏州市轨道交通集团有限公司","3203079734109","2026-03-31","False","5","01:15","473","False"
"1、交易计算表3月.xls","2026-03","苏州市轨道交通集团有限公司","3203079734109","2026-03-31","False","6","01:30","474","False"
"1、交易计算表3月.xls","2026-03","苏州市轨道交通集团有限公司","3203079734109","2026-03-31","False","7","01:45","452","False"
"1、交易计算表3月.xls","2026-03","苏州市轨道交通集团有限公司","3203079734109","2026-03-31","False","8","02:00","474","False"
"1、交易计算表3月.xls","2026-03","苏州市轨道交通集团有限公司","3203079734109","2026-03-31","False","9","02:15","462","False"
"1、交易计算表3月.xls","2026-03","苏州市轨道交通集团有限公司","3203079734109","2026-03-31","False","10","02:30","473","False"
"1、交易计算表3月.xls","2026-03","苏州市轨道交通集团有限公司","3203079734109","2026-03-31","False","11","02:45","452","False"
"1、交易计算表3月.xls","2026-03","苏州市轨道交通集团有限公司","3203079734109","2026-03-31","False","12","03:00","462","False"
"1、交易计算表3月.xls","2026-03","苏州市轨道交通集团有限公司","3203079734109","2026-03-31","False","13","03:15","484","False"
"1、交易计算表3月.xls","2026-03","苏州市轨道交通集团有限公司","3203079734109","2026-03-31","False","14","03:30","464","False"
"1、交易计算表3月.xls","2026-03","苏州市轨道交通集团有限公司","3203079734109","2026-03-31","False","15","03:45","462","False"
"1、交易计算表3月.xls","2026-03","苏州市轨道交通集团有限公司","3203079734109","2026-03-31","False","16","04:00","473","False"
"1、交易计算表3月.xls","2026-03","苏州市轨道交通集团有限公司","3203079734109","2026-03-31","False","17","04:15","507","False"
"1、交易计算表3月.xls","2026-03","苏州市轨道交通集团有限公司","3203079734109","2026-03-31","False","18","04:30","528","False"
"1、交易计算表3月.xls","2026-03","苏州市轨道交通集团有限公司","3203079734109","2026-03-31","False","19","04:45","496","False"
"1、交易计算表3月.xls","2026-03","苏州市轨道交通集团有限公司","3203079734109","2026-03-31","False","20","05:00","529","False"
"1、交易计算表3月.xls","2026-03","苏州市轨道交通集团有限公司","3203079734109","2026-03-31","False","21","05:15","627","False"
"1、交易计算表3月.xls","2026-03","苏州市轨道交通集团有限公司","3203079734109","2026-03-31","False","22","05:30","738","False"
"1、交易计算表3月.xls","2026-03","苏州市轨道交通集团有限公司","3203079734109","2026-03-31","False","23","05:45","781","False"
"1、交易计算表3月.xls","2026-03","苏州市轨道交通集团有限公司","3203079734109","2026-03-31","False","24","06:00","948","False"
"1、交易计算表3月.xls","2026-03","苏州市轨道交通集团有限公司","3203079734109","2026-03-31","False","25","06:15","1090","False"
"1、交易计算表3月.xls","2026-03","苏州市轨道交通集团有限公司","3203079734109","2026-03-31","False","26","06:30","1189","False"
"1、交易计算表3月.xls","2026-03","苏州市轨道交通集团有限公司","3203079734109","2026-03-31","False","27","06:45","1310","False"
"1、交易计算表3月.xls","2026-03","苏州市轨道交通集团有限公司","3203079734109","2026-03-31","False","28","07:00","1333","False"
"1、交易计算表3月.xls","2026-03","苏州市轨道交通集团有限公司","3203079734109","2026-03-31","False","29","07:15","1353","False"
"1、交易计算表3月.xls","2026-03","苏州市轨道交通集团有限公司","3203079734109","2026-03-31","False","30","07:30","1399","False"
"1、交易计算表3月.xls","2026-03","苏州市轨道交通集团有限公司","3203079734109","2026-03-31","False","31","07:45","1421","False"
"1、交易计算表3月.xls","2026-03","苏州市轨道交通集团有限公司","3203079734109","2026-03-31","False","32","08:00","1376","False"
"1、交易计算表3月.xls","2026-03","苏州市轨道交通集团有限公司","3203079734109","2026-03-31","False","33","08:15","1398","False"
"1、交易计算表3月.xls","2026-03","苏州市轨道交通集团有限公司","3203079734109","2026-03-31","False","34","08:30","1387","False"
"1、交易计算表3月.xls","2026-03","苏州市轨道交通集团有限公司","3203079734109","2026-03-31","False","35","08:45","1410","False"
"1、交易计算表3月.xls","2026-03","苏州市轨道交通集团有限公司","3203079734109","2026-03-31","False","36","09:00","1354","False"
"1、交易计算表3月.xls","2026-03","苏州市轨道交通集团有限公司","3203079734109","2026-03-31","False","37","09:15","1377","False"
"1、交易计算表3月.xls","2026-03","苏州市轨道交通集团有限公司","3203079734109","2026-03-31","False","38","09:30","1321","False"
"1、交易计算表3月.xls","2026-03","苏州市轨道交通集团有限公司","3203079734109","2026-03-31","False","39","09:45","1332","False"
"1、交易计算表3月.xls","2026-03","苏州市轨道交通集团有限公司","3203079734109","2026-03-31","False","40","10:00","1300","False"
"1、交易计算表3月.xls","2026-03","苏州市轨道交通集团有限公司","3203079734109","2026-03-31","False","41","10:15","1254","False"
"1、交易计算表3月.xls","2026-03","苏州市轨道交通集团有限公司","3203079734109","2026-03-31","False","42","10:30","1234","False"
"1、交易计算表3月.xls","2026-03","苏州市轨道交通集团有限公司","3203079734109","2026-03-31","False","43","10:45","1255","False"
"1、交易计算表3月.xls","2026-03","苏州市轨道交通集团有限公司","3203079734109","2026-03-31","False","44","11:00","1256","False"
"1、交易计算表3月.xls","2026-03","苏州市轨道交通集团有限公司","3203079734109","2026-03-31","False","45","11:15","1243","False"
"1、交易计算表3月.xls","2026-03","苏州市轨道交通集团有限公司","3203079734109","2026-03-31","False","46","11:30","1212","False"
"1、交易计算表3月.xls","2026-03","苏州市轨道交通集团有限公司","3203079734109","2026-03-31","False","47","11:45","1211","False"
"1、交易计算表3月.xls","2026-03","苏州市轨道交通集团有限公司","3203079734109","2026-03-31","False","48","12:00","1200","False"
"1、交易计算表3月.xls","2026-03","苏州市轨道交通集团有限公司","3203079734109","2026-03-31","False","49","12:15","1211","False"
"1、交易计算表3月.xls","2026-03","苏州市轨道交通集团有限公司","3203079734109","2026-03-31","False","50","12:30","1245","False"
"1、交易计算表3月.xls","2026-03","苏州市轨道交通集团有限公司","3203079734109","2026-03-31","False","51","12:45","1243","False"
"1、交易计算表3月.xls","2026-03","苏州市轨道交通集团有限公司","3203079734109","2026-03-31","False","52","13:00","1278","False"
"1、交易计算表3月.xls","2026-03","苏州市轨道交通集团有限公司","3203079734109","2026-03-31","False","53","13:15","1222","False"
"1、交易计算表3月.xls","2026-03","苏州市轨道交通集团有限公司","3203079734109","2026-03-31","False","54","13:30","1222","False"
"1、交易计算表3月.xls","2026-03","苏州市轨道交通集团有限公司","3203079734109","2026-03-31","False","55","13:45","1255","False"
"1、交易计算表3月.xls","2026-03","苏州市轨道交通集团有限公司","3203079734109","2026-03-31","False","56","14:00","1234","False"
"1、交易计算表3月.xls","2026-03","苏州市轨道交通集团有限公司","3203079734109","2026-03-31","False","57","14:15","1254","False"
"1、交易计算表3月.xls","2026-03","苏州市轨道交通集团有限公司","3203079734109","2026-03-31","False","58","14:30","1234","False"
"1、交易计算表3月.xls","2026-03","苏州市轨道交通集团有限公司","3203079734109","2026-03-31","False","59","14:45","1223","False"
"1、交易计算表3月.xls","2026-03","苏州市轨道交通集团有限公司","3203079734109","2026-03-31","False","60","15:00","1232","False"
"1、交易计算表3月.xls","2026-03","苏州市轨道交通集团有限公司","3203079734109","2026-03-31","False","61","15:15","1212","False"
"1、交易计算表3月.xls","2026-03","苏州市轨道交通集团有限公司","3203079734109","2026-03-31","False","62","15:30","1244","False"
"1、交易计算表3月.xls","2026-03","苏州市轨道交通集团有限公司","3203079734109","2026-03-31","False","63","15:45","1233","False"
"1、交易计算表3月.xls","2026-03","苏州市轨道交通集团有限公司","3203079734109","2026-03-31","False","64","16:00","1266","False"
"1、交易计算表3月.xls","2026-03","苏州市轨道交通集团有限公司","3203079734109","2026-03-31","False","65","16:15","1278","False"
"1、交易计算表3月.xls","2026-03","苏州市轨道交通集团有限公司","3203079734109","2026-03-31","False","66","16:30","1320","False"
"1、交易计算表3月.xls","2026-03","苏州市轨道交通集团有限公司","3203079734109","2026-03-31","False","67","16:45","1322","False"
"1、交易计算表3月.xls","2026-03","苏州市轨道交通集团有限公司","3203079734109","2026-03-31","False","68","17:00","1354","False"
"1、交易计算表3月.xls","2026-03","苏州市轨道交通集团有限公司","3203079734109","2026-03-31","False","69","17:15","1355","False"
"1、交易计算表3月.xls","2026-03","苏州市轨道交通集团有限公司","3203079734109","2026-03-31","False","70","17:30","1353","False"
"1、交易计算表3月.xls","2026-03","苏州市轨道交通集团有限公司","3203079734109","2026-03-31","False","71","17:45","1366","False"
"1、交易计算表3月.xls","2026-03","苏州市轨道交通集团有限公司","3203079734109","2026-03-31","False","72","18:00","1399","False"
"1、交易计算表3月.xls","2026-03","苏州市轨道交通集团有限公司","3203079734109","2026-03-31","False","73","18:15","1365","False"
"1、交易计算表3月.xls","2026-03","苏州市轨道交通集团有限公司","3203079734109","2026-03-31","False","74","18:30","1387","False"
"1、交易计算表3月.xls","2026-03","苏州市轨道交通集团有限公司","3203079734109","2026-03-31","False","75","18:45","1376","False"
"1、交易计算表3月.xls","2026-03","苏州市轨道交通集团有限公司","3203079734109","2026-03-31","False","76","19:00","1377","False"
"1、交易计算表3月.xls","2026-03","苏州市轨道交通集团有限公司","3203079734109","2026-03-31","False","77","19:15","1365","False"
"1、交易计算表3月.xls","2026-03","苏州市轨道交通集团有限公司","3203079734109","2026-03-31","False","78","19:30","1354","False"
"1、交易计算表3月.xls","2026-03","苏州市轨道交通集团有限公司","3203079734109","2026-03-31","False","79","19:45","1344","False"
"1、交易计算表3月.xls","2026-03","苏州市轨道交通集团有限公司","3203079734109","2026-03-31","False","80","20:00","1321","False"
"1、交易计算表3月.xls","2026-03","苏州市轨道交通集团有限公司","3203079734109","2026-03-31","False","81","20:15","1333","False"
"1、交易计算表3月.xls","2026-03","苏州市轨道交通集团有限公司","3203079734109","2026-03-31","False","82","20:30","1276","False"
"1、交易计算表3月.xls","2026-03","苏州市轨道交通集团有限公司","3203079734109","2026-03-31","False","83","20:45","1300","False"
"1、交易计算表3月.xls","2026-03","苏州市轨道交通集团有限公司","3203079734109","2026-03-31","False","84","21:00","1266","False"
"1、交易计算表3月.xls","2026-03","苏州市轨道交通集团有限公司","3203079734109","2026-03-31","False","85","21:15","1277","False"
"1、交易计算表3月.xls","2026-03","苏州市轨道交通集团有限公司","3203079734109","2026-03-31","False","86","21:30","1255","False"
"1、交易计算表3月.xls","2026-03","苏州市轨道交通集团有限公司","3203079734109","2026-03-31","False","87","21:45","1256","False"
"1、交易计算表3月.xls","2026-03","苏州市轨道交通集团有限公司","3203079734109","2026-03-31","False","88","22:00","1255","False"
"1、交易计算表3月.xls","2026-03","苏州市轨道交通集团有限公司","3203079734109","2026-03-31","False","89","22:15","1244","False"
"1、交易计算表3月.xls","2026-03","苏州市轨道交通集团有限公司","3203079734109","2026-03-31","False","90","22:30","1212","False"
"1、交易计算表3月.xls","2026-03","苏州市轨道交通集团有限公司","3203079734109","2026-03-31","False","91","22:45","1199","False"
"1、交易计算表3月.xls","2026-03","苏州市轨道交通集团有限公司","3203079734109","2026-03-31","False","92","23:00","1091","False"
"1、交易计算表3月.xls","2026-03","苏州市轨道交通集团有限公司","3203079734109","2026-03-31","False","93","23:15","891","False"
"1、交易计算表3月.xls","2026-03","苏州市轨道交通集团有限公司","3203079734109","2026-03-31","False","94","23:30","584","False"
"1、交易计算表3月.xls","2026-03","苏州市轨道交通集团有限公司","3203079734109","2026-03-31","False","95","23:45","528","False"
"1、交易计算表3月.xls","2026-03","苏州市轨道交通集团有限公司","3203079734109","2026-03-31","False","96","24:00","508","False"
"1、交易计算表3月.xls","2026-03","苏州市轨道交通集团有限公司","3203079324608","2026-03-31","False","1","00:15","132","False"
"1、交易计算表3月.xls","2026-03","苏州市轨道交通集团有限公司","3203079324608","2026-03-31","False","2","00:30","110","False"
"1、交易计算表3月.xls","2026-03","苏州市轨道交通集团有限公司","3203079324608","2026-03-31","False","3","00:45","132","False"
"1、交易计算表3月.xls","2026-03","苏州市轨道交通集团有限公司","3203079324608","2026-03-31","False","4","01:00","132","False"
"1、交易计算表3月.xls","2026-03","苏州市轨道交通集团有限公司","3203079324608","2026-03-31","False","5","01:15","154","False"
"1、交易计算表3月.xls","2026-03","苏州市轨道交通集团有限公司","3203079324608","2026-03-31","False","6","01:30","110","False"
"1、交易计算表3月.xls","2026-03","苏州市轨道交通集团有限公司","3203079324608","2026-03-31","False","7","01:45","132","False"
"1、交易计算表3月.xls","2026-03","苏州市轨道交通集团有限公司","3203079324608","2026-03-31","False","8","02:00","132","False"
"1、交易计算表3月.xls","2026-03","苏州市轨道交通集团有限公司","3203079324608","2026-03-31","False","9","02:15","132","False"
"1、交易计算表3月.xls","2026-03","苏州市轨道交通集团有限公司","3203079324608","2026-03-31","False","10","02:30","110","False"
"1、交易计算表3月.xls","2026-03","苏州市轨道交通集团有限公司","3203079324608","2026-03-31","False","11","02:45","132","False"
"1、交易计算表3月.xls","2026-03","苏州市轨道交通集团有限公司","3203079324608","2026-03-31","False","12","03:00","132","False"
"1、交易计算表3月.xls","2026-03","苏州市轨道交通集团有限公司","3203079324608","2026-03-31","False","13","03:15","132","False"
"1、交易计算表3月.xls","2026-03","苏州市轨道交通集团有限公司","3203079324608","2026-03-31","False","14","03:30","110","False"
"1、交易计算表3月.xls","2026-03","苏州市轨道交通集团有限公司","3203079324608","2026-03-31","False","15","03:45","132","False"
"1、交易计算表3月.xls","2026-03","苏州市轨道交通集团有限公司","3203079324608","2026-03-31","False","16","04:00","132","False"
"1、交易计算表3月.xls","2026-03","苏州市轨道交通集团有限公司","3203079324608","2026-03-31","False","17","04:15","132","False"
"1、交易计算表3月.xls","2026-03","苏州市轨道交通集团有限公司","3203079324608","2026-03-31","False","18","04:30","132","False"
"1、交易计算表3月.xls","2026-03","苏州市轨道交通集团有限公司","3203079324608","2026-03-31","False","19","04:45","133","False"
"1、交易计算表3月.xls","2026-03","苏州市轨道交通集团有限公司","3203079324608","2026-03-31","False","20","05:00","110","False"
"1、交易计算表3月.xls","2026-03","苏州市轨道交通集团有限公司","3203079324608","2026-03-31","False","21","05:15","132","False"
"1、交易计算表3月.xls","2026-03","苏州市轨道交通集团有限公司","3203079324608","2026-03-31","False","22","05:30","132","False"
"1、交易计算表3月.xls","2026-03","苏州市轨道交通集团有限公司","3203079324608","2026-03-31","False","23","05:45","132","False"
"1、交易计算表3月.xls","2026-03","苏州市轨道交通集团有限公司","3203079324608","2026-03-31","False","24","06:00","110","False"
"1、交易计算表3月.xls","2026-03","苏州市轨道交通集团有限公司","3203079324608","2026-03-31","False","25","06:15","154","False"
"1、交易计算表3月.xls","2026-03","苏州市轨道交通集团有限公司","3203079324608","2026-03-31","False","26","06:30","132","False"
"1、交易计算表3月.xls","2026-03","苏州市轨道交通集团有限公司","3203079324608","2026-03-31","False","27","06:45","88","False"
"1、交易计算表3月.xls","2026-03","苏州市轨道交通集团有限公司","3203079324608","2026-03-31","False","28","07:00","132","False"
"1、交易计算表3月.xls","2026-03","苏州市轨道交通集团有限公司","3203079324608","2026-03-31","False","29","07:15","110","False"
"1、交易计算表3月.xls","2026-03","苏州市轨道交通集团有限公司","3203079324608","2026-03-31","False","30","07:30","110","False"
"1、交易计算表3月.xls","2026-03","苏州市轨道交通集团有限公司","3203079324608","2026-03-31","False","31","07:45","110","False"
"1、交易计算表3月.xls","2026-03","苏州市轨道交通集团有限公司","3203079324608","2026-03-31","False","32","08:00","132","False"
"1、交易计算表3月.xls","2026-03","苏州市轨道交通集团有限公司","3203079324608","2026-03-31","False","33","08:15","110","False"
"1、交易计算表3月.xls","2026-03","苏州市轨道交通集团有限公司","3203079324608","2026-03-31","False","34","08:30","110","False"
"1、交易计算表3月.xls","2026-03","苏州市轨道交通集团有限公司","3203079324608","2026-03-31","False","35","08:45","110","False"
"1、交易计算表3月.xls","2026-03","苏州市轨道交通集团有限公司","3203079324608","2026-03-31","False","36","09:00","132","False"
"1、交易计算表3月.xls","2026-03","苏州市轨道交通集团有限公司","3203079324608","2026-03-31","False","37","09:15","132","False"
"1、交易计算表3月.xls","2026-03","苏州市轨道交通集团有限公司","3203079324608","2026-03-31","False","38","09:30","88","False"
"1、交易计算表3月.xls","2026-03","苏州市轨道交通集团有限公司","3203079324608","2026-03-31","False","39","09:45","111","False"
"1、交易计算表3月.xls","2026-03","苏州市轨道交通集团有限公司","3203079324608","2026-03-31","False","40","10:00","132","False"
"1、交易计算表3月.xls","2026-03","苏州市轨道交通集团有限公司","3203079324608","2026-03-31","False","41","10:15","110","False"
"1、交易计算表3月.xls","2026-03","苏州市轨道交通集团有限公司","3203079324608","2026-03-31","False","42","10:30","110","False"
"1、交易计算表3月.xls","2026-03","苏州市轨道交通集团有限公司","3203079324608","2026-03-31","False","43","10:45","132","False"
"1、交易计算表3月.xls","2026-03","苏州市轨道交通集团有限公司","3203079324608","2026-03-31","False","44","11:00","132","False"
"1、交易计算表3月.xls","2026-03","苏州市轨道交通集团有限公司","3203079324608","2026-03-31","False","45","11:15","110","False"
"1、交易计算表3月.xls","2026-03","苏州市轨道交通集团有限公司","3203079324608","2026-03-31","False","46","11:30","110","False"
"1、交易计算表3月.xls","2026-03","苏州市轨道交通集团有限公司","3203079324608","2026-03-31","False","47","11:45","133","False"
"1、交易计算表3月.xls","2026-03","苏州市轨道交通集团有限公司","3203079324608","2026-03-31","False","48","12:00","132","False"
"1、交易计算表3月.xls","2026-03","苏州市轨道交通集团有限公司","3203079324608","2026-03-31","False","49","12:15","88","False"
"1、交易计算表3月.xls","2026-03","苏州市轨道交通集团有限公司","3203079324608","2026-03-31","False","50","12:30","132","False"
"1、交易计算表3月.xls","2026-03","苏州市轨道交通集团有限公司","3203079324608","2026-03-31","False","51","12:45","132","False"
"1、交易计算表3月.xls","2026-03","苏州市轨道交通集团有限公司","3203079324608","2026-03-31","False","52","13:00","132","False"
"1、交易计算表3月.xls","2026-03","苏州市轨道交通集团有限公司","3203079324608","2026-03-31","False","53","13:15","88","False"
"1、交易计算表3月.xls","2026-03","苏州市轨道交通集团有限公司","3203079324608","2026-03-31","False","54","13:30","132","False"
"1、交易计算表3月.xls","2026-03","苏州市轨道交通集团有限公司","3203079324608","2026-03-31","False","55","13:45","132","False"
"1、交易计算表3月.xls","2026-03","苏州市轨道交通集团有限公司","3203079324608","2026-03-31","False","56","14:00","110","False"
"1、交易计算表3月.xls","2026-03","苏州市轨道交通集团有限公司","3203079324608","2026-03-31","False","57","14:15","132","False"
"1、交易计算表3月.xls","2026-03","苏州市轨道交通集团有限公司","3203079324608","2026-03-31","False","58","14:30","110","False"
"1、交易计算表3月.xls","2026-03","苏州市轨道交通集团有限公司","3203079324608","2026-03-31","False","59","14:45","133","False"
"1、交易计算表3月.xls","2026-03","苏州市轨道交通集团有限公司","3203079324608","2026-03-31","False","60","15:00","132","False"
"1、交易计算表3月.xls","2026-03","苏州市轨道交通集团有限公司","3203079324608","2026-03-31","False","61","15:15","132","False"
"1、交易计算表3月.xls","2026-03","苏州市轨道交通集团有限公司","3203079324608","2026-03-31","False","62","15:30","132","False"
"1、交易计算表3月.xls","2026-03","苏州市轨道交通集团有限公司","3203079324608","2026-03-31","False","63","15:45","132","False"
"1、交易计算表3月.xls","2026-03","苏州市轨道交通集团有限公司","3203079324608","2026-03-31","False","64","16:00","110","False"
"1、交易计算表3月.xls","2026-03","苏州市轨道交通集团有限公司","3203079324608","2026-03-31","False","65","16:15","132","False"
"1、交易计算表3月.xls","2026-03","苏州市轨道交通集团有限公司","3203079324608","2026-03-31","False","66","16:30","132","False"
"1、交易计算表3月.xls","2026-03","苏州市轨道交通集团有限公司","3203079324608","2026-03-31","False","67","16:45","132","False"
"1、交易计算表3月.xls","2026-03","苏州市轨道交通集团有限公司","3203079324608","2026-03-31","False","68","17:00","110","False"
"1、交易计算表3月.xls","2026-03","苏州市轨道交通集团有限公司","3203079324608","2026-03-31","False","69","17:15","132","False"
"1、交易计算表3月.xls","2026-03","苏州市轨道交通集团有限公司","3203079324608","2026-03-31","False","70","17:30","132","False"
"1、交易计算表3月.xls","2026-03","苏州市轨道交通集团有限公司","3203079324608","2026-03-31","False","71","17:45","110","False"
"1、交易计算表3月.xls","2026-03","苏州市轨道交通集团有限公司","3203079324608","2026-03-31","False","72","18:00","132","False"
"1、交易计算表3月.xls","2026-03","苏州市轨道交通集团有限公司","3203079324608","2026-03-31","False","73","18:15","110","False"
"1、交易计算表3月.xls","2026-03","苏州市轨道交通集团有限公司","3203079324608","2026-03-31","False","74","18:30","110","False"
"1、交易计算表3月.xls","2026-03","苏州市轨道交通集团有限公司","3203079324608","2026-03-31","False","75","18:45","110","False"
"1、交易计算表3月.xls","2026-03","苏州市轨道交通集团有限公司","3203079324608","2026-03-31","False","76","19:00","132","False"
"1、交易计算表3月.xls","2026-03","苏州市轨道交通集团有限公司","3203079324608","2026-03-31","False","77","19:15","110","False"
"1、交易计算表3月.xls","2026-03","苏州市轨道交通集团有限公司","3203079324608","2026-03-31","False","78","19:30","133","False"
"1、交易计算表3月.xls","2026-03","苏州市轨道交通集团有限公司","3203079324608","2026-03-31","False","79","19:45","110","False"
"1、交易计算表3月.xls","2026-03","苏州市轨道交通集团有限公司","3203079324608","2026-03-31","False","80","20:00","110","False"
"1、交易计算表3月.xls","2026-03","苏州市轨道交通集团有限公司","3203079324608","2026-03-31","False","81","20:15","132","False"
"1、交易计算表3月.xls","2026-03","苏州市轨道交通集团有限公司","3203079324608","2026-03-31","False","82","20:30","110","False"
"1、交易计算表3月.xls","2026-03","苏州市轨道交通集团有限公司","3203079324608","2026-03-31","False","83","20:45","110","False"
"1、交易计算表3月.xls","2026-03","苏州市轨道交通集团有限公司","3203079324608","2026-03-31","False","84","21:00","132","False"
"1、交易计算表3月.xls","2026-03","苏州市轨道交通集团有限公司","3203079324608","2026-03-31","False","85","21:15","110","False"
"1、交易计算表3月.xls","2026-03","苏州市轨道交通集团有限公司","3203079324608","2026-03-31","False","86","21:30","110","False"
"1、交易计算表3月.xls","2026-03","苏州市轨道交通集团有限公司","3203079324608","2026-03-31","False","87","21:45","132","False"
"1、交易计算表3月.xls","2026-03","苏州市轨道交通集团有限公司","3203079324608","2026-03-31","False","88","22:00","110","False"
"1、交易计算表3月.xls","2026-03","苏州市轨道交通集团有限公司","3203079324608","2026-03-31","False","89","22:15","132","False"
"1、交易计算表3月.xls","2026-03","苏州市轨道交通集团有限公司","3203079324608","2026-03-31","False","90","22:30","110","False"
"1、交易计算表3月.xls","2026-03","苏州市轨道交通集团有限公司","3203079324608","2026-03-31","False","91","22:45","110","False"
"1、交易计算表3月.xls","2026-03","苏州市轨道交通集团有限公司","3203079324608","2026-03-31","False","92","23:00","132","False"
"1、交易计算表3月.xls","2026-03","苏州市轨道交通集团有限公司","3203079324608","2026-03-31","False","93","23:15","110","False"
"1、交易计算表3月.xls","2026-03","苏州市轨道交通集团有限公司","3203079324608","2026-03-31","False","94","23:30","110","False"
"1、交易计算表3月.xls","2026-03","苏州市轨道交通集团有限公司","3203079324608","2026-03-31","False","95","23:45","132","False"
"1、交易计算表3月.xls","2026-03","苏州市轨道交通集团有限公司","3203079324608","2026-03-31","False","96","24:00","112","False"
"1、交易计算表3月.xls","2026-03","苏州市轨道交通集团有限公司","3206624778403","2026-03-31","False","1","00:15","0","False"
"1、交易计算表3月.xls","2026-03","苏州市轨道交通集团有限公司","3206624778403","2026-03-31","False","2","00:30","0","False"
"1、交易计算表3月.xls","2026-03","苏州市轨道交通集团有限公司","3206624778403","2026-03-31","False","3","00:45","0","False"
"1、交易计算表3月.xls","2026-03","苏州市轨道交通集团有限公司","3206624778403","2026-03-31","False","4","01:00","0","False"
"1、交易计算表3月.xls","2026-03","苏州市轨道交通集团有限公司","3206624778403","2026-03-31","False","5","01:15","4402","False"
"1、交易计算表3月.xls","2026-03","苏州市轨道交通集团有限公司","3206624778403","2026-03-31","False","6","01:30","4404","False"
"1、交易计算表3月.xls","2026-03","苏州市轨道交通集团有限公司","3206624778403","2026-03-31","False","7","01:45","0","False"
"1、交易计算表3月.xls","2026-03","苏州市轨道交通集团有限公司","3206624778403","2026-03-31","False","8","02:00","0","False"
"1、交易计算表3月.xls","2026-03","苏州市轨道交通集团有限公司","3206624778403","2026-03-31","False","9","02:15","0","False"
"1、交易计算表3月.xls","2026-03","苏州市轨道交通集团有限公司","3206624778403","2026-03-31","False","10","02:30","0","False"
"1、交易计算表3月.xls","2026-03","苏州市轨道交通集团有限公司","3206624778403","2026-03-31","False","11","02:45","4402","False"
"1、交易计算表3月.xls","2026-03","苏州市轨道交通集团有限公司","3206624778403","2026-03-31","False","12","03:00","0","False"
"1、交易计算表3月.xls","2026-03","苏州市轨道交通集团有限公司","3206624778403","2026-03-31","False","13","03:15","0","False"
"1、交易计算表3月.xls","2026-03","苏州市轨道交通集团有限公司","3206624778403","2026-03-31","False","14","03:30","4405","False"
"1、交易计算表3月.xls","2026-03","苏州市轨道交通集团有限公司","3206624778403","2026-03-31","False","15","03:45","0","False"
"1、交易计算表3月.xls","2026-03","苏州市轨道交通集团有限公司","3206624778403","2026-03-31","False","16","04:00","0","False"
"1、交易计算表3月.xls","2026-03","苏州市轨道交通集团有限公司","3206624778403","2026-03-31","False","17","04:15","4402","False"
"1、交易计算表3月.xls","2026-03","苏州市轨道交通集团有限公司","3206624778403","2026-03-31","False","18","04:30","0","False"
"1、交易计算表3月.xls","2026-03","苏州市轨道交通集团有限公司","3206624778403","2026-03-31","False","19","04:45","0","False"
"1、交易计算表3月.xls","2026-03","苏州市轨道交通集团有限公司","3206624778403","2026-03-31","False","20","05:00","0","False"
"1、交易计算表3月.xls","2026-03","苏州市轨道交通集团有限公司","3206624778403","2026-03-31","False","21","05:15","4405","False"
"1、交易计算表3月.xls","2026-03","苏州市轨道交通集团有限公司","3206624778403","2026-03-31","False","22","05:30","0","False"
"1、交易计算表3月.xls","2026-03","苏州市轨道交通集团有限公司","3206624778403","2026-03-31","False","23","05:45","4402","False"
"1、交易计算表3月.xls","2026-03","苏州市轨道交通集团有限公司","3206624778403","2026-03-31","False","24","06:00","0","False"
"1、交易计算表3月.xls","2026-03","苏州市轨道交通集团有限公司","3206624778403","2026-03-31","False","25","06:15","0","False"
"1、交易计算表3月.xls","2026-03","苏州市轨道交通集团有限公司","3206624778403","2026-03-31","False","26","06:30","4405","False"
"1、交易计算表3月.xls","2026-03","苏州市轨道交通集团有限公司","3206624778403","2026-03-31","False","27","06:45","4402","False"
"1、交易计算表3月.xls","2026-03","苏州市轨道交通集团有限公司","3206624778403","2026-03-31","False","28","07:00","4405","False"
"1、交易计算表3月.xls","2026-03","苏州市轨道交通集团有限公司","3206624778403","2026-03-31","False","29","07:15","4402","False"
"1、交易计算表3月.xls","2026-03","苏州市轨道交通集团有限公司","3206624778403","2026-03-31","False","30","07:30","0","False"
"1、交易计算表3月.xls","2026-03","苏州市轨道交通集团有限公司","3206624778403","2026-03-31","False","31","07:45","8807","False"
"1、交易计算表3月.xls","2026-03","苏州市轨道交通集团有限公司","3206624778403","2026-03-31","False","32","08:00","0","False"
"1、交易计算表3月.xls","2026-03","苏州市轨道交通集团有限公司","3206624778403","2026-03-31","False","33","08:15","4405","False"
"1、交易计算表3月.xls","2026-03","苏州市轨道交通集团有限公司","3206624778403","2026-03-31","False","34","08:30","4402","False"
"1、交易计算表3月.xls","2026-03","苏州市轨道交通集团有限公司","3206624778403","2026-03-31","False","35","08:45","4405","False"
"1、交易计算表3月.xls","2026-03","苏州市轨道交通集团有限公司","3206624778403","2026-03-31","False","36","09:00","4402","False"
"1、交易计算表3月.xls","2026-03","苏州市轨道交通集团有限公司","3206624778403","2026-03-31","False","37","09:15","4405","False"
"1、交易计算表3月.xls","2026-03","苏州市轨道交通集团有限公司","3206624778403","2026-03-31","False","38","09:30","4402","False"
"1、交易计算表3月.xls","2026-03","苏州市轨道交通集团有限公司","3206624778403","2026-03-31","False","39","09:45","0","False"
"1、交易计算表3月.xls","2026-03","苏州市轨道交通集团有限公司","3206624778403","2026-03-31","False","40","10:00","8807","False"
"1、交易计算表3月.xls","2026-03","苏州市轨道交通集团有限公司","3206624778403","2026-03-31","False","41","10:15","0","False"
"1、交易计算表3月.xls","2026-03","苏州市轨道交通集团有限公司","3206624778403","2026-03-31","False","42","10:30","4405","False"
"1、交易计算表3月.xls","2026-03","苏州市轨道交通集团有限公司","3206624778403","2026-03-31","False","43","10:45","4402","False"
"1、交易计算表3月.xls","2026-03","苏州市轨道交通集团有限公司","3206624778403","2026-03-31","False","44","11:00","0","False"
"1、交易计算表3月.xls","2026-03","苏州市轨道交通集团有限公司","3206624778403","2026-03-31","False","45","11:15","8807","False"
"1、交易计算表3月.xls","2026-03","苏州市轨道交通集团有限公司","3206624778403","2026-03-31","False","46","11:30","0","False"
"1、交易计算表3月.xls","2026-03","苏州市轨道交通集团有限公司","3206624778403","2026-03-31","False","47","11:45","4405","False"
"1、交易计算表3月.xls","2026-03","苏州市轨道交通集团有限公司","3206624778403","2026-03-31","False","48","12:00","4402","False"
"1、交易计算表3月.xls","2026-03","苏州市轨道交通集团有限公司","3206624778403","2026-03-31","False","49","12:15","0","False"
"1、交易计算表3月.xls","2026-03","苏州市轨道交通集团有限公司","3206624778403","2026-03-31","False","50","12:30","8807","False"
"1、交易计算表3月.xls","2026-03","苏州市轨道交通集团有限公司","3206624778403","2026-03-31","False","51","12:45","0","False"
"1、交易计算表3月.xls","2026-03","苏州市轨道交通集团有限公司","3206624778403","2026-03-31","False","52","13:00","4405","False"
"1、交易计算表3月.xls","2026-03","苏州市轨道交通集团有限公司","3206624778403","2026-03-31","False","53","13:15","4403","False"
"1、交易计算表3月.xls","2026-03","苏州市轨道交通集团有限公司","3206624778403","2026-03-31","False","54","13:30","0","False"
"1、交易计算表3月.xls","2026-03","苏州市轨道交通集团有限公司","3206624778403","2026-03-31","False","55","13:45","8807","False"
"1、交易计算表3月.xls","2026-03","苏州市轨道交通集团有限公司","3206624778403","2026-03-31","False","56","14:00","0","False"
"1、交易计算表3月.xls","2026-03","苏州市轨道交通集团有限公司","3206624778403","2026-03-31","False","57","14:15","4405","False"
"1、交易计算表3月.xls","2026-03","苏州市轨道交通集团有限公司","3206624778403","2026-03-31","False","58","14:30","4402","False"
"1、交易计算表3月.xls","2026-03","苏州市轨道交通集团有限公司","3206624778403","2026-03-31","False","59","14:45","0","False"
"1、交易计算表3月.xls","2026-03","苏州市轨道交通集团有限公司","3206624778403","2026-03-31","False","60","15:00","4405","False"
"1、交易计算表3月.xls","2026-03","苏州市轨道交通集团有限公司","3206624778403","2026-03-31","False","61","15:15","4402","False"
"1、交易计算表3月.xls","2026-03","苏州市轨道交通集团有限公司","3206624778403","2026-03-31","False","62","15:30","4405","False"
"1、交易计算表3月.xls","2026-03","苏州市轨道交通集团有限公司","3206624778403","2026-03-31","False","63","15:45","4402","False"
"1、交易计算表3月.xls","2026-03","苏州市轨道交通集团有限公司","3206624778403","2026-03-31","False","64","16:00","0","False"
"1、交易计算表3月.xls","2026-03","苏州市轨道交通集团有限公司","3206624778403","2026-03-31","False","65","16:15","4405","False"
"1、交易计算表3月.xls","2026-03","苏州市轨道交通集团有限公司","3206624778403","2026-03-31","False","66","16:30","4402","False"
"1、交易计算表3月.xls","2026-03","苏州市轨道交通集团有限公司","3206624778403","2026-03-31","False","67","16:45","4405","False"
"1、交易计算表3月.xls","2026-03","苏州市轨道交通集团有限公司","3206624778403","2026-03-31","False","68","17:00","4402","False"
"1、交易计算表3月.xls","2026-03","苏州市轨道交通集团有限公司","3206624778403","2026-03-31","False","69","17:15","0","False"
"1、交易计算表3月.xls","2026-03","苏州市轨道交通集团有限公司","3206624778403","2026-03-31","False","70","17:30","4405","False"
"1、交易计算表3月.xls","2026-03","苏州市轨道交通集团有限公司","3206624778403","2026-03-31","False","71","17:45","4402","False"
"1、交易计算表3月.xls","2026-03","苏州市轨道交通集团有限公司","3206624778403","2026-03-31","False","72","18:00","4405","False"
"1、交易计算表3月.xls","2026-03","苏州市轨道交通集团有限公司","3206624778403","2026-03-31","False","73","18:15","4402","False"
"1、交易计算表3月.xls","2026-03","苏州市轨道交通集团有限公司","3206624778403","2026-03-31","False","74","18:30","4405","False"
"1、交易计算表3月.xls","2026-03","苏州市轨道交通集团有限公司","3206624778403","2026-03-31","False","75","18:45","4402","False"
"1、交易计算表3月.xls","2026-03","苏州市轨道交通集团有限公司","3206624778403","2026-03-31","False","76","19:00","4405","False"
"1、交易计算表3月.xls","2026-03","苏州市轨道交通集团有限公司","3206624778403","2026-03-31","False","77","19:15","4402","False"
"1、交易计算表3月.xls","2026-03","苏州市轨道交通集团有限公司","3206624778403","2026-03-31","False","78","19:30","0","False"
"1、交易计算表3月.xls","2026-03","苏州市轨道交通集团有限公司","3206624778403","2026-03-31","False","79","19:45","4405","False"
"1、交易计算表3月.xls","2026-03","苏州市轨道交通集团有限公司","3206624778403","2026-03-31","False","80","20:00","4402","False"
"1、交易计算表3月.xls","2026-03","苏州市轨道交通集团有限公司","3206624778403","2026-03-31","False","81","20:15","4405","False"
"1、交易计算表3月.xls","2026-03","苏州市轨道交通集团有限公司","3206624778403","2026-03-31","False","82","20:30","4402","False"
"1、交易计算表3月.xls","2026-03","苏州市轨道交通集团有限公司","3206624778403","2026-03-31","False","83","20:45","4405","False"
"1、交易计算表3月.xls","2026-03","苏州市轨道交通集团有限公司","3206624778403","2026-03-31","False","84","21:00","0","False"
"1、交易计算表3月.xls","2026-03","苏州市轨道交通集团有限公司","3206624778403","2026-03-31","False","85","21:15","4402","False"
"1、交易计算表3月.xls","2026-03","苏州市轨道交通集团有限公司","3206624778403","2026-03-31","False","86","21:30","4405","False"
"1、交易计算表3月.xls","2026-03","苏州市轨道交通集团有限公司","3206624778403","2026-03-31","False","87","21:45","4402","False"
"1、交易计算表3月.xls","2026-03","苏州市轨道交通集团有限公司","3206624778403","2026-03-31","False","88","22:00","4405","False"
"1、交易计算表3月.xls","2026-03","苏州市轨道交通集团有限公司","3206624778403","2026-03-31","False","89","22:15","0","False"
"1、交易计算表3月.xls","2026-03","苏州市轨道交通集团有限公司","3206624778403","2026-03-31","False","90","22:30","4402","False"
"1、交易计算表3月.xls","2026-03","苏州市轨道交通集团有限公司","3206624778403","2026-03-31","False","91","22:45","4405","False"
"1、交易计算表3月.xls","2026-03","苏州市轨道交通集团有限公司","3206624778403","2026-03-31","False","92","23:00","0","False"
"1、交易计算表3月.xls","2026-03","苏州市轨道交通集团有限公司","3206624778403","2026-03-31","False","93","23:15","4403","False"
"1、交易计算表3月.xls","2026-03","苏州市轨道交通集团有限公司","3206624778403","2026-03-31","False","94","23:30","4405","False"
"1、交易计算表3月.xls","2026-03","苏州市轨道交通集团有限公司","3206624778403","2026-03-31","False","95","23:45","0","False"
"1、交易计算表3月.xls","2026-03","苏州市轨道交通集团有限公司","3206624778403","2026-03-31","False","96","24:00","0","False"
"1、交易计算表3月.xls","2026-03","苏州市轨道交通集团有限公司","3206624942389","2026-03-31","False","1","00:15","6","False"
"1、交易计算表3月.xls","2026-03","苏州市轨道交通集团有限公司","3206624942389","2026-03-31","False","2","00:30","1","False"
"1、交易计算表3月.xls","2026-03","苏州市轨道交通集团有限公司","3206624942389","2026-03-31","False","3","00:45","3","False"
"1、交易计算表3月.xls","2026-03","苏州市轨道交通集团有限公司","3206624942389","2026-03-31","False","4","01:00","4","False"
"1、交易计算表3月.xls","2026-03","苏州市轨道交通集团有限公司","3206624942389","2026-03-31","False","5","01:15","1","False"
"1、交易计算表3月.xls","2026-03","苏州市轨道交通集团有限公司","3206624942389","2026-03-31","False","6","01:30","3","False"
"1、交易计算表3月.xls","2026-03","苏州市轨道交通集团有限公司","3206624942389","2026-03-31","False","7","01:45","2","False"
"1、交易计算表3月.xls","2026-03","苏州市轨道交通集团有限公司","3206624942389","2026-03-31","False","8","02:00","2","False"
"1、交易计算表3月.xls","2026-03","苏州市轨道交通集团有限公司","3206624942389","2026-03-31","False","9","02:15","2","False"
"1、交易计算表3月.xls","2026-03","苏州市轨道交通集团有限公司","3206624942389","2026-03-31","False","10","02:30","2","False"
"1、交易计算表3月.xls","2026-03","苏州市轨道交通集团有限公司","3206624942389","2026-03-31","False","11","02:45","3","False"
"1、交易计算表3月.xls","2026-03","苏州市轨道交通集团有限公司","3206624942389","2026-03-31","False","12","03:00","2","False"
"1、交易计算表3月.xls","2026-03","苏州市轨道交通集团有限公司","3206624942389","2026-03-31","False","13","03:15","2","False"
"1、交易计算表3月.xls","2026-03","苏州市轨道交通集团有限公司","3206624942389","2026-03-31","False","14","03:30","2","False"
"1、交易计算表3月.xls","2026-03","苏州市轨道交通集团有限公司","3206624942389","2026-03-31","False","15","03:45","3","False"
"1、交易计算表3月.xls","2026-03","苏州市轨道交通集团有限公司","3206624942389","2026-03-31","False","16","04:00","1","False"
"1、交易计算表3月.xls","2026-03","苏州市轨道交通集团有限公司","3206624942389","2026-03-31","False","17","04:15","2","False"
"1、交易计算表3月.xls","2026-03","苏州市轨道交通集团有限公司","3206624942389","2026-03-31","False","18","04:30","3","False"
"1、交易计算表3月.xls","2026-03","苏州市轨道交通集团有限公司","3206624942389","2026-03-31","False","19","04:45","1","False"
"1、交易计算表3月.xls","2026-03","苏州市轨道交通集团有限公司","3206624942389","2026-03-31","False","20","05:00","5","False"
"1、交易计算表3月.xls","2026-03","苏州市轨道交通集团有限公司","3206624942389","2026-03-31","False","21","05:15","2","False"
"1、交易计算表3月.xls","2026-03","苏州市轨道交通集团有限公司","3206624942389","2026-03-31","False","22","05:30","5","False"
"1、交易计算表3月.xls","2026-03","苏州市轨道交通集团有限公司","3206624942389","2026-03-31","False","23","05:45","3","False"
"1、交易计算表3月.xls","2026-03","苏州市轨道交通集团有限公司","3206624942389","2026-03-31","False","24","06:00","4","False"
"1、交易计算表3月.xls","2026-03","苏州市轨道交通集团有限公司","3206624942389","2026-03-31","False","25","06:15","4","False"
"1、交易计算表3月.xls","2026-03","苏州市轨道交通集团有限公司","3206624942389","2026-03-31","False","26","06:30","3","False"
"1、交易计算表3月.xls","2026-03","苏州市轨道交通集团有限公司","3206624942389","2026-03-31","False","27","06:45","5","False"
"1、交易计算表3月.xls","2026-03","苏州市轨道交通集团有限公司","3206624942389","2026-03-31","False","28","07:00","4","False"
"1、交易计算表3月.xls","2026-03","苏州市轨道交通集团有限公司","3206624942389","2026-03-31","False","29","07:15","3","False"
"1、交易计算表3月.xls","2026-03","苏州市轨道交通集团有限公司","3206624942389","2026-03-31","False","30","07:30","4","False"
"1、交易计算表3月.xls","2026-03","苏州市轨道交通集团有限公司","3206624942389","2026-03-31","False","31","07:45","2","False"
"1、交易计算表3月.xls","2026-03","苏州市轨道交通集团有限公司","3206624942389","2026-03-31","False","32","08:00","5","False"
"1、交易计算表3月.xls","2026-03","苏州市轨道交通集团有限公司","3206624942389","2026-03-31","False","33","08:15","3","False"
"1、交易计算表3月.xls","2026-03","苏州市轨道交通集团有限公司","3206624942389","2026-03-31","False","34","08:30","3","False"
"1、交易计算表3月.xls","2026-03","苏州市轨道交通集团有限公司","3206624942389","2026-03-31","False","35","08:45","2","False"
"1、交易计算表3月.xls","2026-03","苏州市轨道交通集团有限公司","3206624942389","2026-03-31","False","36","09:00","2","False"
"1、交易计算表3月.xls","2026-03","苏州市轨道交通集团有限公司","3206624942389","2026-03-31","False","37","09:15","3","False"
"1、交易计算表3月.xls","2026-03","苏州市轨道交通集团有限公司","3206624942389","2026-03-31","False","38","09:30","1","False"
"1、交易计算表3月.xls","2026-03","苏州市轨道交通集团有限公司","3206624942389","2026-03-31","False","39","09:45","2","False"
"1、交易计算表3月.xls","2026-03","苏州市轨道交通集团有限公司","3206624942389","2026-03-31","False","40","10:00","3","False"
"1、交易计算表3月.xls","2026-03","苏州市轨道交通集团有限公司","3206624942389","2026-03-31","False","41","10:15","1","False"
"1、交易计算表3月.xls","2026-03","苏州市轨道交通集团有限公司","3206624942389","2026-03-31","False","42","10:30","2","False"
"1、交易计算表3月.xls","2026-03","苏州市轨道交通集团有限公司","3206624942389","2026-03-31","False","43","10:45","4","False"
"1、交易计算表3月.xls","2026-03","苏州市轨道交通集团有限公司","3206624942389","2026-03-31","False","44","11:00","2","False"
"1、交易计算表3月.xls","2026-03","苏州市轨道交通集团有限公司","3206624942389","2026-03-31","False","45","11:15","1","False"
"1、交易计算表3月.xls","2026-03","苏州市轨道交通集团有限公司","3206624942389","2026-03-31","False","46","11:30","3","False"
"1、交易计算表3月.xls","2026-03","苏州市轨道交通集团有限公司","3206624942389","2026-03-31","False","47","11:45","1","False"
"1、交易计算表3月.xls","2026-03","苏州市轨道交通集团有限公司","3206624942389","2026-03-31","False","48","12:00","1","False"
"1、交易计算表3月.xls","2026-03","苏州市轨道交通集团有限公司","3206624942389","2026-03-31","False","49","12:15","3","False"
"1、交易计算表3月.xls","2026-03","苏州市轨道交通集团有限公司","3206624942389","2026-03-31","False","50","12:30","1","False"
"1、交易计算表3月.xls","2026-03","苏州市轨道交通集团有限公司","3206624942389","2026-03-31","False","51","12:45","1","False"
"1、交易计算表3月.xls","2026-03","苏州市轨道交通集团有限公司","3206624942389","2026-03-31","False","52","13:00","1","False"
"1、交易计算表3月.xls","2026-03","苏州市轨道交通集团有限公司","3206624942389","2026-03-31","False","53","13:15","1","False"
"1、交易计算表3月.xls","2026-03","苏州市轨道交通集团有限公司","3206624942389","2026-03-31","False","54","13:30","3","False"
"1、交易计算表3月.xls","2026-03","苏州市轨道交通集团有限公司","3206624942389","2026-03-31","False","55","13:45","1","False"
"1、交易计算表3月.xls","2026-03","苏州市轨道交通集团有限公司","3206624942389","2026-03-31","False","56","14:00","1","False"
"1、交易计算表3月.xls","2026-03","苏州市轨道交通集团有限公司","3206624942389","2026-03-31","False","57","14:15","1","False"
"1、交易计算表3月.xls","2026-03","苏州市轨道交通集团有限公司","3206624942389","2026-03-31","False","58","14:30","0","False"
"1、交易计算表3月.xls","2026-03","苏州市轨道交通集团有限公司","3206624942389","2026-03-31","False","59","14:45","1","False"
"1、交易计算表3月.xls","2026-03","苏州市轨道交通集团有限公司","3206624942389","2026-03-31","False","60","15:00","2","False"
"1、交易计算表3月.xls","2026-03","苏州市轨道交通集团有限公司","3206624942389","2026-03-31","False","61","15:15","1","False"
"1、交易计算表3月.xls","2026-03","苏州市轨道交通集团有限公司","3206624942389","2026-03-31","False","62","15:30","1","False"
"1、交易计算表3月.xls","2026-03","苏州市轨道交通集团有限公司","3206624942389","2026-03-31","False","63","15:45","1","False"
"1、交易计算表3月.xls","2026-03","苏州市轨道交通集团有限公司","3206624942389","2026-03-31","False","64","16:00","2","False"
"1、交易计算表3月.xls","2026-03","苏州市轨道交通集团有限公司","3206624942389","2026-03-31","False","65","16:15","3","False"
"1、交易计算表3月.xls","2026-03","苏州市轨道交通集团有限公司","3206624942389","2026-03-31","False","66","16:30","1","False"
"1、交易计算表3月.xls","2026-03","苏州市轨道交通集团有限公司","3206624942389","2026-03-31","False","67","16:45","2","False"
"1、交易计算表3月.xls","2026-03","苏州市轨道交通集团有限公司","3206624942389","2026-03-31","False","68","17:00","2","False"
"1、交易计算表3月.xls","2026-03","苏州市轨道交通集团有限公司","3206624942389","2026-03-31","False","69","17:15","2","False"
"1、交易计算表3月.xls","2026-03","苏州市轨道交通集团有限公司","3206624942389","2026-03-31","False","70","17:30","2","False"
"1、交易计算表3月.xls","2026-03","苏州市轨道交通集团有限公司","3206624942389","2026-03-31","False","71","17:45","4","False"
"1、交易计算表3月.xls","2026-03","苏州市轨道交通集团有限公司","3206624942389","2026-03-31","False","72","18:00","4","False"
"1、交易计算表3月.xls","2026-03","苏州市轨道交通集团有限公司","3206624942389","2026-03-31","False","73","18:15","2","False"
"1、交易计算表3月.xls","2026-03","苏州市轨道交通集团有限公司","3206624942389","2026-03-31","False","74","18:30","4","False"
"1、交易计算表3月.xls","2026-03","苏州市轨道交通集团有限公司","3206624942389","2026-03-31","False","75","18:45","5","False"
"1、交易计算表3月.xls","2026-03","苏州市轨道交通集团有限公司","3206624942389","2026-03-31","False","76","19:00","3","False"
"1、交易计算表3月.xls","2026-03","苏州市轨道交通集团有限公司","3206624942389","2026-03-31","False","77","19:15","3","False"
"1、交易计算表3月.xls","2026-03","苏州市轨道交通集团有限公司","3206624942389","2026-03-31","False","78","19:30","4","False"
"1、交易计算表3月.xls","2026-03","苏州市轨道交通集团有限公司","3206624942389","2026-03-31","False","79","19:45","4","False"
"1、交易计算表3月.xls","2026-03","苏州市轨道交通集团有限公司","3206624942389","2026-03-31","False","80","20:00","3","False"
"1、交易计算表3月.xls","2026-03","苏州市轨道交通集团有限公司","3206624942389","2026-03-31","False","81","20:15","4","False"
"1、交易计算表3月.xls","2026-03","苏州市轨道交通集团有限公司","3206624942389","2026-03-31","False","82","20:30","5","False"
"1、交易计算表3月.xls","2026-03","苏州市轨道交通集团有限公司","3206624942389","2026-03-31","False","83","20:45","4","False"
"1、交易计算表3月.xls","2026-03","苏州市轨道交通集团有限公司","3206624942389","2026-03-31","False","84","21:00","5","False"
"1、交易计算表3月.xls","2026-03","苏州市轨道交通集团有限公司","3206624942389","2026-03-31","False","85","21:15","6","False"
"1、交易计算表3月.xls","2026-03","苏州市轨道交通集团有限公司","3206624942389","2026-03-31","False","86","21:30","6","False"
"1、交易计算表3月.xls","2026-03","苏州市轨道交通集团有限公司","3206624942389","2026-03-31","False","87","21:45","6","False"
"1、交易计算表3月.xls","2026-03","苏州市轨道交通集团有限公司","3206624942389","2026-03-31","False","88","22:00","5","False"
"1、交易计算表3月.xls","2026-03","苏州市轨道交通集团有限公司","3206624942389","2026-03-31","False","89","22:15","4","False"
"1、交易计算表3月.xls","2026-03","苏州市轨道交通集团有限公司","3206624942389","2026-03-31","False","90","22:30","4","False"
"1、交易计算表3月.xls","2026-03","苏州市轨道交通集团有限公司","3206624942389","2026-03-31","False","91","22:45","5","False"
"1、交易计算表3月.xls","2026-03","苏州市轨道交通集团有限公司","3206624942389","2026-03-31","False","92","23:00","3","False"
"1、交易计算表3月.xls","2026-03","苏州市轨道交通集团有限公司","3206624942389","2026-03-31","False","93","23:15","4","False"
"1、交易计算表3月.xls","2026-03","苏州市轨道交通集团有限公司","3206624942389","2026-03-31","False","94","23:30","4","False"
"1、交易计算表3月.xls","2026-03","苏州市轨道交通集团有限公司","3206624942389","2026-03-31","False","95","23:45","2","False"
"1、交易计算表3月.xls","2026-03","苏州市轨道交通集团有限公司","3206624942389","2026-03-31","False","96","24:00","5","False"
"1、交易计算表3月.xls","2026-03","苏州市轨道交通集团有限公司","3203080388854","2026-03-31","False","1","00:15","192","False"
"1、交易计算表3月.xls","2026-03","苏州市轨道交通集团有限公司","3203080388854","2026-03-31","False","2","00:30","193","False"
"1、交易计算表3月.xls","2026-03","苏州市轨道交通集团有限公司","3203080388854","2026-03-31","False","3","00:45","192","False"
"1、交易计算表3月.xls","2026-03","苏州市轨道交通集团有限公司","3203080388854","2026-03-31","False","4","01:00","220","False"
"1、交易计算表3月.xls","2026-03","苏州市轨道交通集团有限公司","3203080388854","2026-03-31","False","5","01:15","193","False"
"1、交易计算表3月.xls","2026-03","苏州市轨道交通集团有限公司","3203080388854","2026-03-31","False","6","01:30","164","False"
"1、交易计算表3月.xls","2026-03","苏州市轨道交通集团有限公司","3203080388854","2026-03-31","False","7","01:45","193","False"
"1、交易计算表3月.xls","2026-03","苏州市轨道交通集团有限公司","3203080388854","2026-03-31","False","8","02:00","193","False"
"1、交易计算表3月.xls","2026-03","苏州市轨道交通集团有限公司","3203080388854","2026-03-31","False","9","02:15","164","False"
"1、交易计算表3月.xls","2026-03","苏州市轨道交通集团有限公司","3203080388854","2026-03-31","False","10","02:30","193","False"
"1、交易计算表3月.xls","2026-03","苏州市轨道交通集团有限公司","3203080388854","2026-03-31","False","11","02:45","193","False"
"1、交易计算表3月.xls","2026-03","苏州市轨道交通集团有限公司","3203080388854","2026-03-31","False","12","03:00","164","False"
"1、交易计算表3月.xls","2026-03","苏州市轨道交通集团有限公司","3203080388854","2026-03-31","False","13","03:15","166","False"
"1、交易计算表3月.xls","2026-03","苏州市轨道交通集团有限公司","3203080388854","2026-03-31","False","14","03:30","192","False"
"1、交易计算表3月.xls","2026-03","苏州市轨道交通集团有限公司","3203080388854","2026-03-31","False","15","03:45","165","False"
"1、交易计算表3月.xls","2026-03","苏州市轨道交通集团有限公司","3203080388854","2026-03-31","False","16","04:00","194","False"
"1、交易计算表3月.xls","2026-03","苏州市轨道交通集团有限公司","3203080388854","2026-03-31","False","17","04:15","192","False"
"1、交易计算表3月.xls","2026-03","苏州市轨道交通集团有限公司","3203080388854","2026-03-31","False","18","04:30","220","False"
"1、交易计算表3月.xls","2026-03","苏州市轨道交通集团有限公司","3203080388854","2026-03-31","False","19","04:45","220","False"
"1、交易计算表3月.xls","2026-03","苏州市轨道交通集团有限公司","3203080388854","2026-03-31","False","20","05:00","275","False"
"1、交易计算表3月.xls","2026-03","苏州市轨道交通集团有限公司","3203080388854","2026-03-31","False","21","05:15","303","False"
"1、交易计算表3月.xls","2026-03","苏州市轨道交通集团有限公司","3203080388854","2026-03-31","False","22","05:30","303","False"
"1、交易计算表3月.xls","2026-03","苏州市轨道交通集团有限公司","3203080388854","2026-03-31","False","23","05:45","330","False"
"1、交易计算表3月.xls","2026-03","苏州市轨道交通集团有限公司","3203080388854","2026-03-31","False","24","06:00","385","False"
"1、交易计算表3月.xls","2026-03","苏州市轨道交通集团有限公司","3203080388854","2026-03-31","False","25","06:15","496","False"
"1、交易计算表3月.xls","2026-03","苏州市轨道交通集团有限公司","3203080388854","2026-03-31","False","26","06:30","495","False"
"1、交易计算表3月.xls","2026-03","苏州市轨道交通集团有限公司","3203080388854","2026-03-31","False","27","06:45","605","False"
"1、交易计算表3月.xls","2026-03","苏州市轨道交通集团有限公司","3203080388854","2026-03-31","False","28","07:00","660","False"
"1、交易计算表3月.xls","2026-03","苏州市轨道交通集团有限公司","3203080388854","2026-03-31","False","29","07:15","716","False"
"1、交易计算表3月.xls","2026-03","苏州市轨道交通集团有限公司","3203080388854","2026-03-31","False","30","07:30","688","False"
"1、交易计算表3月.xls","2026-03","苏州市轨道交通集团有限公司","3203080388854","2026-03-31","False","31","07:45","688","False"
"1、交易计算表3月.xls","2026-03","苏州市轨道交通集团有限公司","3203080388854","2026-03-31","False","32","08:00","715","False"
"1、交易计算表3月.xls","2026-03","苏州市轨道交通集团有限公司","3203080388854","2026-03-31","False","33","08:15","688","False"
"1、交易计算表3月.xls","2026-03","苏州市轨道交通集团有限公司","3203080388854","2026-03-31","False","34","08:30","770","False"
"1、交易计算表3月.xls","2026-03","苏州市轨道交通集团有限公司","3203080388854","2026-03-31","False","35","08:45","715","False"
"1、交易计算表3月.xls","2026-03","苏州市轨道交通集团有限公司","3203080388854","2026-03-31","False","36","09:00","744","False"
"1、交易计算表3月.xls","2026-03","苏州市轨道交通集团有限公司","3203080388854","2026-03-31","False","37","09:15","771","False"
"1、交易计算表3月.xls","2026-03","苏州市轨道交通集团有限公司","3203080388854","2026-03-31","False","38","09:30","715","False"
"1、交易计算表3月.xls","2026-03","苏州市轨道交通集团有限公司","3203080388854","2026-03-31","False","39","09:45","715","False"
"1、交易计算表3月.xls","2026-03","苏州市轨道交通集团有限公司","3203080388854","2026-03-31","False","40","10:00","687","False"
"1、交易计算表3月.xls","2026-03","苏州市轨道交通集团有限公司","3203080388854","2026-03-31","False","41","10:15","744","False"
"1、交易计算表3月.xls","2026-03","苏州市轨道交通集团有限公司","3203080388854","2026-03-31","False","42","10:30","688","False"
"1、交易计算表3月.xls","2026-03","苏州市轨道交通集团有限公司","3203080388854","2026-03-31","False","43","10:45","743","False"
"1、交易计算表3月.xls","2026-03","苏州市轨道交通集团有限公司","3203080388854","2026-03-31","False","44","11:00","688","False"
"1、交易计算表3月.xls","2026-03","苏州市轨道交通集团有限公司","3203080388854","2026-03-31","False","45","11:15","715","False"
"1、交易计算表3月.xls","2026-03","苏州市轨道交通集团有限公司","3203080388854","2026-03-31","False","46","11:30","688","False"
"1、交易计算表3月.xls","2026-03","苏州市轨道交通集团有限公司","3203080388854","2026-03-31","False","47","11:45","715","False"
"1、交易计算表3月.xls","2026-03","苏州市轨道交通集团有限公司","3203080388854","2026-03-31","False","48","12:00","689","False"
"1、交易计算表3月.xls","2026-03","苏州市轨道交通集团有限公司","3203080388854","2026-03-31","False","49","12:15","715","False"
"1、交易计算表3月.xls","2026-03","苏州市轨道交通集团有限公司","3203080388854","2026-03-31","False","50","12:30","716","False"
"1、交易计算表3月.xls","2026-03","苏州市轨道交通集团有限公司","3203080388854","2026-03-31","False","51","12:45","715","False"
"1、交易计算表3月.xls","2026-03","苏州市轨道交通集团有限公司","3203080388854","2026-03-31","False","52","13:00","714","False"
"1、交易计算表3月.xls","2026-03","苏州市轨道交通集团有限公司","3203080388854","2026-03-31","False","53","13:15","717","False"
"1、交易计算表3月.xls","2026-03","苏州市轨道交通集团有限公司","3203080388854","2026-03-31","False","54","13:30","688","False"
"1、交易计算表3月.xls","2026-03","苏州市轨道交通集团有限公司","3203080388854","2026-03-31","False","55","13:45","743","False"
"1、交易计算表3月.xls","2026-03","苏州市轨道交通集团有限公司","3203080388854","2026-03-31","False","56","14:00","715","False"
"1、交易计算表3月.xls","2026-03","苏州市轨道交通集团有限公司","3203080388854","2026-03-31","False","57","14:15","715","False"
"1、交易计算表3月.xls","2026-03","苏州市轨道交通集团有限公司","3203080388854","2026-03-31","False","58","14:30","715","False"
"1、交易计算表3月.xls","2026-03","苏州市轨道交通集团有限公司","3203080388854","2026-03-31","False","59","14:45","717","False"
"1、交易计算表3月.xls","2026-03","苏州市轨道交通集团有限公司","3203080388854","2026-03-31","False","60","15:00","715","False"
"1、交易计算表3月.xls","2026-03","苏州市轨道交通集团有限公司","3203080388854","2026-03-31","False","61","15:15","688","False"
"1、交易计算表3月.xls","2026-03","苏州市轨道交通集团有限公司","3203080388854","2026-03-31","False","62","15:30","688","False"
"1、交易计算表3月.xls","2026-03","苏州市轨道交通集团有限公司","3203080388854","2026-03-31","False","63","15:45","714","False"
"1、交易计算表3月.xls","2026-03","苏州市轨道交通集团有限公司","3203080388854","2026-03-31","False","64","16:00","715","False"
"1、交易计算表3月.xls","2026-03","苏州市轨道交通集团有限公司","3203080388854","2026-03-31","False","65","16:15","718","False"
"1、交易计算表3月.xls","2026-03","苏州市轨道交通集团有限公司","3203080388854","2026-03-31","False","66","16:30","714","False"
"1、交易计算表3月.xls","2026-03","苏州市轨道交通集团有限公司","3203080388854","2026-03-31","False","67","16:45","743","False"
"1、交易计算表3月.xls","2026-03","苏州市轨道交通集团有限公司","3203080388854","2026-03-31","False","68","17:00","770","False"
"1、交易计算表3月.xls","2026-03","苏州市轨道交通集团有限公司","3203080388854","2026-03-31","False","69","17:15","743","False"
"1、交易计算表3月.xls","2026-03","苏州市轨道交通集团有限公司","3203080388854","2026-03-31","False","70","17:30","798","False"
"1、交易计算表3月.xls","2026-03","苏州市轨道交通集团有限公司","3203080388854","2026-03-31","False","71","17:45","771","False"
"1、交易计算表3月.xls","2026-03","苏州市轨道交通集团有限公司","3203080388854","2026-03-31","False","72","18:00","715","False"
"1、交易计算表3月.xls","2026-03","苏州市轨道交通集团有限公司","3203080388854","2026-03-31","False","73","18:15","743","False"
"1、交易计算表3月.xls","2026-03","苏州市轨道交通集团有限公司","3203080388854","2026-03-31","False","74","18:30","716","False"
"1、交易计算表3月.xls","2026-03","苏州市轨道交通集团有限公司","3203080388854","2026-03-31","False","75","18:45","742","False"
"1、交易计算表3月.xls","2026-03","苏州市轨道交通集团有限公司","3203080388854","2026-03-31","False","76","19:00","716","False"
"1、交易计算表3月.xls","2026-03","苏州市轨道交通集团有限公司","3203080388854","2026-03-31","False","77","19:15","689","False"
"1、交易计算表3月.xls","2026-03","苏州市轨道交通集团有限公司","3203080388854","2026-03-31","False","78","19:30","687","False"
"1、交易计算表3月.xls","2026-03","苏州市轨道交通集团有限公司","3203080388854","2026-03-31","False","79","19:45","715","False"
"1、交易计算表3月.xls","2026-03","苏州市轨道交通集团有限公司","3203080388854","2026-03-31","False","80","20:00","660","False"
"1、交易计算表3月.xls","2026-03","苏州市轨道交通集团有限公司","3203080388854","2026-03-31","False","81","20:15","688","False"
"1、交易计算表3月.xls","2026-03","苏州市轨道交通集团有限公司","3203080388854","2026-03-31","False","82","20:30","689","False"
"1、交易计算表3月.xls","2026-03","苏州市轨道交通集团有限公司","3203080388854","2026-03-31","False","83","20:45","660","False"
"1、交易计算表3月.xls","2026-03","苏州市轨道交通集团有限公司","3203080388854","2026-03-31","False","84","21:00","687","False"
"1、交易计算表3月.xls","2026-03","苏州市轨道交通集团有限公司","3203080388854","2026-03-31","False","85","21:15","661","False"
"1、交易计算表3月.xls","2026-03","苏州市轨道交通集团有限公司","3203080388854","2026-03-31","False","86","21:30","660","False"
"1、交易计算表3月.xls","2026-03","苏州市轨道交通集团有限公司","3203080388854","2026-03-31","False","87","21:45","688","False"
"1、交易计算表3月.xls","2026-03","苏州市轨道交通集团有限公司","3203080388854","2026-03-31","False","88","22:00","661","False"
"1、交易计算表3月.xls","2026-03","苏州市轨道交通集团有限公司","3203080388854","2026-03-31","False","89","22:15","660","False"
"1、交易计算表3月.xls","2026-03","苏州市轨道交通集团有限公司","3203080388854","2026-03-31","False","90","22:30","634","False"
"1、交易计算表3月.xls","2026-03","苏州市轨道交通集团有限公司","3203080388854","2026-03-31","False","91","22:45","604","False"
"1、交易计算表3月.xls","2026-03","苏州市轨道交通集团有限公司","3203080388854","2026-03-31","False","92","23:00","578","False"
"1、交易计算表3月.xls","2026-03","苏州市轨道交通集团有限公司","3203080388854","2026-03-31","False","93","23:15","412","False"
"1、交易计算表3月.xls","2026-03","苏州市轨道交通集团有限公司","3203080388854","2026-03-31","False","94","23:30","275","False"
"1、交易计算表3月.xls","2026-03","苏州市轨道交通集团有限公司","3203080388854","2026-03-31","False","95","23:45","275","False"
"1、交易计算表3月.xls","2026-03","苏州市轨道交通集团有限公司","3203080388854","2026-03-31","False","96","24:00","224","False"
"1、交易计算表3月.xls","2026-03","苏州市轨道交通集团有限公司","3206622203295","2026-03-31","False","1","00:15","484","False"
"1、交易计算表3月.xls","2026-03","苏州市轨道交通集团有限公司","3206622203295","2026-03-31","False","2","00:30","440","False"
"1、交易计算表3月.xls","2026-03","苏州市轨道交通集团有限公司","3206622203295","2026-03-31","False","3","00:45","440","False"
"1、交易计算表3月.xls","2026-03","苏州市轨道交通集团有限公司","3206622203295","2026-03-31","False","4","01:00","528","False"
"1、交易计算表3月.xls","2026-03","苏州市轨道交通集团有限公司","3206622203295","2026-03-31","False","5","01:15","484","False"
"1、交易计算表3月.xls","2026-03","苏州市轨道交通集团有限公司","3206622203295","2026-03-31","False","6","01:30","4891","False"
"1、交易计算表3月.xls","2026-03","苏州市轨道交通集团有限公司","3206622203295","2026-03-31","False","7","01:45","484","False"
"1、交易计算表3月.xls","2026-03","苏州市轨道交通集团有限公司","3206622203295","2026-03-31","False","8","02:00","484","False"
"1、交易计算表3月.xls","2026-03","苏州市轨道交通集团有限公司","3206622203295","2026-03-31","False","9","02:15","397","False"
"1、交易计算表3月.xls","2026-03","苏州市轨道交通集团有限公司","3206622203295","2026-03-31","False","10","02:30","440","False"
"1、交易计算表3月.xls","2026-03","苏州市轨道交通集团有限公司","3206622203295","2026-03-31","False","11","02:45","397","False"
"1、交易计算表3月.xls","2026-03","苏州市轨道交通集团有限公司","3206622203295","2026-03-31","False","12","03:00","440","False"
"1、交易计算表3月.xls","2026-03","苏州市轨道交通集团有限公司","3206622203295","2026-03-31","False","13","03:15","4804","False"
"1、交易计算表3月.xls","2026-03","苏州市轨道交通集团有限公司","3206622203295","2026-03-31","False","14","03:30","440","False"
"1、交易计算表3月.xls","2026-03","苏州市轨道交通集团有限公司","3206622203295","2026-03-31","False","15","03:45","440","False"
"1、交易计算表3月.xls","2026-03","苏州市轨道交通集团有限公司","3206622203295","2026-03-31","False","16","04:00","441","False"
"1、交易计算表3月.xls","2026-03","苏州市轨道交通集团有限公司","3206622203295","2026-03-31","False","17","04:15","440","False"
"1、交易计算表3月.xls","2026-03","苏州市轨道交通集团有限公司","3206622203295","2026-03-31","False","18","04:30","484","False"
"1、交易计算表3月.xls","2026-03","苏州市轨道交通集团有限公司","3206622203295","2026-03-31","False","19","04:45","528","False"
"1、交易计算表3月.xls","2026-03","苏州市轨道交通集团有限公司","3206622203295","2026-03-31","False","20","05:00","4935","False"
"1、交易计算表3月.xls","2026-03","苏州市轨道交通集团有限公司","3206622203295","2026-03-31","False","21","05:15","573","False"
"1、交易计算表3月.xls","2026-03","苏州市轨道交通集团有限公司","3206622203295","2026-03-31","False","22","05:30","528","False"
"1、交易计算表3月.xls","2026-03","苏州市轨道交通集团有限公司","3206622203295","2026-03-31","False","23","05:45","661","False"
"1、交易计算表3月.xls","2026-03","苏州市轨道交通集团有限公司","3206622203295","2026-03-31","False","24","06:00","661","False"
"1、交易计算表3月.xls","2026-03","苏州市轨道交通集团有限公司","3206622203295","2026-03-31","False","25","06:15","5244","False"
"1、交易计算表3月.xls","2026-03","苏州市轨道交通集团有限公司","3206622203295","2026-03-31","False","26","06:30","837","False"
"1、交易计算表3月.xls","2026-03","苏州市轨道交通集团有限公司","3206622203295","2026-03-31","False","27","06:45","925","False"
"1、交易计算表3月.xls","2026-03","苏州市轨道交通集团有限公司","3206622203295","2026-03-31","False","28","07:00","925","False"
"1、交易计算表3月.xls","2026-03","苏州市轨道交通集团有限公司","3206622203295","2026-03-31","False","29","07:15","5376","False"
"1、交易计算表3月.xls","2026-03","苏州市轨道交通集团有限公司","3206622203295","2026-03-31","False","30","07:30","1013","False"
"1、交易计算表3月.xls","2026-03","苏州市轨道交通集团有限公司","3206622203295","2026-03-31","False","31","07:45","1058","False"
"1、交易计算表3月.xls","2026-03","苏州市轨道交通集团有限公司","3206622203295","2026-03-31","False","32","08:00","5509","False"
"1、交易计算表3月.xls","2026-03","苏州市轨道交通集团有限公司","3206622203295","2026-03-31","False","33","08:15","1145","False"
"1、交易计算表3月.xls","2026-03","苏州市轨道交通集团有限公司","3206622203295","2026-03-31","False","34","08:30","1146","False"
"1、交易计算表3月.xls","2026-03","苏州市轨道交通集团有限公司","3206622203295","2026-03-31","False","35","08:45","5597","False"
"1、交易计算表3月.xls","2026-03","苏州市轨道交通集团有限公司","3206622203295","2026-03-31","False","36","09:00","1102","False"
"1、交易计算表3月.xls","2026-03","苏州市轨道交通集团有限公司","3206622203295","2026-03-31","False","37","09:15","1233","False"
"1、交易计算表3月.xls","2026-03","苏州市轨道交通集团有限公司","3206622203295","2026-03-31","False","38","09:30","5684","False"
"1、交易计算表3月.xls","2026-03","苏州市轨道交通集团有限公司","3206622203295","2026-03-31","False","39","09:45","1146","False"
"1、交易计算表3月.xls","2026-03","苏州市轨道交通集团有限公司","3206622203295","2026-03-31","False","40","10:00","1146","False"
"1、交易计算表3月.xls","2026-03","苏州市轨道交通集团有限公司","3206622203295","2026-03-31","False","41","10:15","5508","False"
"1、交易计算表3月.xls","2026-03","苏州市轨道交通集团有限公司","3206622203295","2026-03-31","False","42","10:30","1102","False"
"1、交易计算表3月.xls","2026-03","苏州市轨道交通集团有限公司","3206622203295","2026-03-31","False","43","10:45","1057","False"
"1、交易计算表3月.xls","2026-03","苏州市轨道交通集团有限公司","3206622203295","2026-03-31","False","44","11:00","1102","False"
"1、交易计算表3月.xls","2026-03","苏州市轨道交通集团有限公司","3206622203295","2026-03-31","False","45","11:15","5465","False"
"1、交易计算表3月.xls","2026-03","苏州市轨道交通集团有限公司","3206622203295","2026-03-31","False","46","11:30","1057","False"
"1、交易计算表3月.xls","2026-03","苏州市轨道交通集团有限公司","3206622203295","2026-03-31","False","47","11:45","1014","False"
"1、交易计算表3月.xls","2026-03","苏州市轨道交通集团有限公司","3206622203295","2026-03-31","False","48","12:00","5420","False"
"1、交易计算表3月.xls","2026-03","苏州市轨道交通集团有限公司","3206622203295","2026-03-31","False","49","12:15","1014","False"
"1、交易计算表3月.xls","2026-03","苏州市轨道交通集团有限公司","3206622203295","2026-03-31","False","50","12:30","1057","False"
"1、交易计算表3月.xls","2026-03","苏州市轨道交通集团有限公司","3206622203295","2026-03-31","False","51","12:45","1014","False"
"1、交易计算表3月.xls","2026-03","苏州市轨道交通集团有限公司","3206622203295","2026-03-31","False","52","13:00","5420","False"
"1、交易计算表3月.xls","2026-03","苏州市轨道交通集团有限公司","3206622203295","2026-03-31","False","53","13:15","1014","False"
"1、交易计算表3月.xls","2026-03","苏州市轨道交通集团有限公司","3206622203295","2026-03-31","False","54","13:30","1014","False"
"1、交易计算表3月.xls","2026-03","苏州市轨道交通集团有限公司","3206622203295","2026-03-31","False","55","13:45","5463","False"
"1、交易计算表3月.xls","2026-03","苏州市轨道交通集团有限公司","3206622203295","2026-03-31","False","56","14:00","1014","False"
"1、交易计算表3月.xls","2026-03","苏州市轨道交通集团有限公司","3206622203295","2026-03-31","False","57","14:15","1057","False"
"1、交易计算表3月.xls","2026-03","苏州市轨道交通集团有限公司","3206622203295","2026-03-31","False","58","14:30","1058","False"
"1、交易计算表3月.xls","2026-03","苏州市轨道交通集团有限公司","3206622203295","2026-03-31","False","59","14:45","5465","False"
"1、交易计算表3月.xls","2026-03","苏州市轨道交通集团有限公司","3206622203295","2026-03-31","False","60","15:00","1057","False"
"1、交易计算表3月.xls","2026-03","苏州市轨道交通集团有限公司","3206622203295","2026-03-31","False","61","15:15","1102","False"
"1、交易计算表3月.xls","2026-03","苏州市轨道交通集团有限公司","3206622203295","2026-03-31","False","62","15:30","5465","False"
"1、交易计算表3月.xls","2026-03","苏州市轨道交通集团有限公司","3206622203295","2026-03-31","False","63","15:45","1101","False"
"1、交易计算表3月.xls","2026-03","苏州市轨道交通集团有限公司","3206622203295","2026-03-31","False","64","16:00","1058","False"
"1、交易计算表3月.xls","2026-03","苏州市轨道交通集团有限公司","3206622203295","2026-03-31","False","65","16:15","5509","False"
"1、交易计算表3月.xls","2026-03","苏州市轨道交通集团有限公司","3206622203295","2026-03-31","False","66","16:30","1146","False"
"1、交易计算表3月.xls","2026-03","苏州市轨道交通集团有限公司","3206622203295","2026-03-31","False","67","16:45","1145","False"
"1、交易计算表3月.xls","2026-03","苏州市轨道交通集团有限公司","3206622203295","2026-03-31","False","68","17:00","1146","False"
"1、交易计算表3月.xls","2026-03","苏州市轨道交通集团有限公司","3206622203295","2026-03-31","False","69","17:15","5596","False"
"1、交易计算表3月.xls","2026-03","苏州市轨道交通集团有限公司","3206622203295","2026-03-31","False","70","17:30","1233","False"
"1、交易计算表3月.xls","2026-03","苏州市轨道交通集团有限公司","3206622203295","2026-03-31","False","71","17:45","1233","False"
"1、交易计算表3月.xls","2026-03","苏州市轨道交通集团有限公司","3206622203295","2026-03-31","False","72","18:00","5641","False"
"1、交易计算表3月.xls","2026-03","苏州市轨道交通集团有限公司","3206622203295","2026-03-31","False","73","18:15","1233","False"
"1、交易计算表3月.xls","2026-03","苏州市轨道交通集团有限公司","3206622203295","2026-03-31","False","74","18:30","1190","False"
"1、交易计算表3月.xls","2026-03","苏州市轨道交通集团有限公司","3206622203295","2026-03-31","False","75","18:45","5640","False"
"1、交易计算表3月.xls","2026-03","苏州市轨道交通集团有限公司","3206622203295","2026-03-31","False","76","19:00","1190","False"
"1、交易计算表3月.xls","2026-03","苏州市轨道交通集团有限公司","3206622203295","2026-03-31","False","77","19:15","1146","False"
"1、交易计算表3月.xls","2026-03","苏州市轨道交通集团有限公司","3206622203295","2026-03-31","False","78","19:30","5464","False"
"1、交易计算表3月.xls","2026-03","苏州市轨道交通集团有限公司","3206622203295","2026-03-31","False","79","19:45","1014","False"
"1、交易计算表3月.xls","2026-03","苏州市轨道交通集团有限公司","3206622203295","2026-03-31","False","80","20:00","1013","False"
"1、交易计算表3月.xls","2026-03","苏州市轨道交通集团有限公司","3206622203295","2026-03-31","False","81","20:15","970","False"
"1、交易计算表3月.xls","2026-03","苏州市轨道交通集团有限公司","3206622203295","2026-03-31","False","82","20:30","5375","False"
"1、交易计算表3月.xls","2026-03","苏州市轨道交通集团有限公司","3206622203295","2026-03-31","False","83","20:45","969","False"
"1、交易计算表3月.xls","2026-03","苏州市轨道交通集团有限公司","3206622203295","2026-03-31","False","84","21:00","970","False"
"1、交易计算表3月.xls","2026-03","苏州市轨道交通集团有限公司","3206622203295","2026-03-31","False","85","21:15","925","False"
"1、交易计算表3月.xls","2026-03","苏州市轨道交通集团有限公司","3206622203295","2026-03-31","False","86","21:30","5288","False"
"1、交易计算表3月.xls","2026-03","苏州市轨道交通集团有限公司","3206622203295","2026-03-31","False","87","21:45","882","False"
"1、交易计算表3月.xls","2026-03","苏州市轨道交通集团有限公司","3206622203295","2026-03-31","False","88","22:00","881","False"
"1、交易计算表3月.xls","2026-03","苏州市轨道交通集团有限公司","3206622203295","2026-03-31","False","89","22:15","837","False"
"1、交易计算表3月.xls","2026-03","苏州市轨道交通集团有限公司","3206622203295","2026-03-31","False","90","22:30","5200","False"
"1、交易计算表3月.xls","2026-03","苏州市轨道交通集团有限公司","3206622203295","2026-03-31","False","91","22:45","793","False"
"1、交易计算表3月.xls","2026-03","苏州市轨道交通集团有限公司","3206622203295","2026-03-31","False","92","23:00","749","False"
"1、交易计算表3月.xls","2026-03","苏州市轨道交通集团有限公司","3206622203295","2026-03-31","False","93","23:15","704","False"
"1、交易计算表3月.xls","2026-03","苏州市轨道交通集团有限公司","3206622203295","2026-03-31","False","94","23:30","705","False"
"1、交易计算表3月.xls","2026-03","苏州市轨道交通集团有限公司","3206622203295","2026-03-31","False","95","23:45","5112","False"
"1、交易计算表3月.xls","2026-03","苏州市轨道交通集团有限公司","3206622203295","2026-03-31","False","96","24:00","619","False"
"1、交易计算表3月.xls","2026-03","总","","2026-03-31","True","1","00:15","9958","False"
"1、交易计算表3月.xls","2026-03","总","","2026-03-31","True","2","00:30","3813","False"
"1、交易计算表3月.xls","2026-03","总","","2026-03-31","True","3","00:45","4971","False"
"1、交易计算表3月.xls","2026-03","总","","2026-03-31","True","4","01:00","6252","False"
"1、交易计算表3月.xls","2026-03","总","","2026-03-31","True","5","01:15","11605","False"
"1、交易计算表3月.xls","2026-03","总","","2026-03-31","True","6","01:30","14315","False"
"1、交易计算表3月.xls","2026-03","总","","2026-03-31","True","7","01:45","4939","False"
"1、交易计算表3月.xls","2026-03","总","","2026-03-31","True","8","02:00","3243","False"
"1、交易计算表3月.xls","2026-03","总","","2026-03-31","True","9","02:15","3667","False"
"1、交易计算表3月.xls","2026-03","总","","2026-03-31","True","10","02:30","5951","False"
"1、交易计算表3月.xls","2026-03","总","","2026-03-31","True","11","02:45","20790","False"
"1、交易计算表3月.xls","2026-03","总","","2026-03-31","True","12","03:00","8108","False"
"1、交易计算表3月.xls","2026-03","总","","2026-03-31","True","13","03:15","5918","False"
"1、交易计算表3月.xls","2026-03","总","","2026-03-31","True","14","03:30","5943","False"
"1、交易计算表3月.xls","2026-03","总","","2026-03-31","True","15","03:45","4834","False"
"1、交易计算表3月.xls","2026-03","总","","2026-03-31","True","16","04:00","1616","False"
"1、交易计算表3月.xls","2026-03","总","","2026-03-31","True","17","04:15","13291","False"
"1、交易计算表3月.xls","2026-03","总","","2026-03-31","True","18","04:30","7882","False"
"1、交易计算表3月.xls","2026-03","总","","2026-03-31","True","19","04:45","5142","False"
"1、交易计算表3月.xls","2026-03","总","","2026-03-31","True","20","05:00","8518","False"
"1、交易计算表3月.xls","2026-03","总","","2026-03-31","True","21","05:15","18609","False"
"1、交易计算表3月.xls","2026-03","总","","2026-03-31","True","22","05:30","13768","False"
"1、交易计算表3月.xls","2026-03","总","","2026-03-31","True","23","05:45","10206","False"
"1、交易计算表3月.xls","2026-03","总","","2026-03-31","True","24","06:00","4992","False"
"1、交易计算表3月.xls","2026-03","总","","2026-03-31","True","25","06:15","20436","False"
"1、交易计算表3月.xls","2026-03","总","","2026-03-31","True","26","06:30","16087","False"
"1、交易计算表3月.xls","2026-03","总","","2026-03-31","True","27","06:45","20341","False"
"1、交易计算表3月.xls","2026-03","总","","2026-03-31","True","28","07:00","21041","False"
"1、交易计算表3月.xls","2026-03","总","","2026-03-31","True","29","07:15","21116","False"
"1、交易计算表3月.xls","2026-03","总","","2026-03-31","True","30","07:30","21724","False"
"1、交易计算表3月.xls","2026-03","总","","2026-03-31","True","31","07:45","24544","False"
"1、交易计算表3月.xls","2026-03","总","","2026-03-31","True","32","08:00","19097","False"
"1、交易计算表3月.xls","2026-03","总","","2026-03-31","True","33","08:15","26323","False"
"1、交易计算表3月.xls","2026-03","总","","2026-03-31","True","34","08:30","19200","False"
"1、交易计算表3月.xls","2026-03","总","","2026-03-31","True","35","08:45","32402","False"
"1、交易计算表3月.xls","2026-03","总","","2026-03-31","True","36","09:00","17441","False"
"1、交易计算表3月.xls","2026-03","总","","2026-03-31","True","37","09:15","19852","False"
"1、交易计算表3月.xls","2026-03","总","","2026-03-31","True","38","09:30","28520","False"
"1、交易计算表3月.xls","2026-03","总","","2026-03-31","True","39","09:45","19616","False"
"1、交易计算表3月.xls","2026-03","总","","2026-03-31","True","40","10:00","23984","False"
"1、交易计算表3月.xls","2026-03","总","","2026-03-31","True","41","10:15","18975","False"
"1、交易计算表3月.xls","2026-03","总","","2026-03-31","True","42","10:30","24995","False"
"1、交易计算表3月.xls","2026-03","总","","2026-03-31","True","43","10:45","16179","False"
"1、交易计算表3月.xls","2026-03","总","","2026-03-31","True","44","11:00","15065","False"
"1、交易计算表3月.xls","2026-03","总","","2026-03-31","True","45","11:15","31550","False"
"1、交易计算表3月.xls","2026-03","总","","2026-03-31","True","46","11:30","17731","False"
"1、交易计算表3月.xls","2026-03","总","","2026-03-31","True","47","11:45","13312","False"
"1、交易计算表3月.xls","2026-03","总","","2026-03-31","True","48","12:00","24828","False"
"1、交易计算表3月.xls","2026-03","总","","2026-03-31","True","49","12:15","17713","False"
"1、交易计算表3月.xls","2026-03","总","","2026-03-31","True","50","12:30","24966","False"
"1、交易计算表3月.xls","2026-03","总","","2026-03-31","True","51","12:45","11205","False"
"1、交易计算表3月.xls","2026-03","总","","2026-03-31","True","52","13:00","28811","False"
"1、交易计算表3月.xls","2026-03","总","","2026-03-31","True","53","13:15","23779","False"
"1、交易计算表3月.xls","2026-03","总","","2026-03-31","True","54","13:30","5655","False"
"1、交易计算表3月.xls","2026-03","总","","2026-03-31","True","55","13:45","38764","False"
"1、交易计算表3月.xls","2026-03","总","","2026-03-31","True","56","14:00","8354","False"
"1、交易计算表3月.xls","2026-03","总","","2026-03-31","True","57","14:15","21717","False"
"1、交易计算表3月.xls","2026-03","总","","2026-03-31","True","58","14:30","23856","False"
"1、交易计算表3月.xls","2026-03","总","","2026-03-31","True","59","14:45","18343","False"
"1、交易计算表3月.xls","2026-03","总","","2026-03-31","True","60","15:00","16150","False"
"1、交易计算表3月.xls","2026-03","总","","2026-03-31","True","61","15:15","27105","False"
"1、交易计算表3月.xls","2026-03","总","","2026-03-31","True","62","15:30","17194","False"
"1、交易计算表3月.xls","2026-03","总","","2026-03-31","True","63","15:45","26116","False"
"1、交易计算表3月.xls","2026-03","总","","2026-03-31","True","64","16:00","16227","False"
"1、交易计算表3月.xls","2026-03","总","","2026-03-31","True","65","16:15","19573","False"
"1、交易计算表3月.xls","2026-03","总","","2026-03-31","True","66","16:30","27348","False"
"1、交易计算表3月.xls","2026-03","总","","2026-03-31","True","67","16:45","19679","False"
"1、交易计算表3月.xls","2026-03","总","","2026-03-31","True","68","17:00","20792","False"
"1、交易计算表3月.xls","2026-03","总","","2026-03-31","True","69","17:15","21985","False"
"1、交易计算表3月.xls","2026-03","总","","2026-03-31","True","70","17:30","18773","False"
"1、交易计算表3月.xls","2026-03","总","","2026-03-31","True","71","17:45","24195","False"
"1、交易计算表3月.xls","2026-03","总","","2026-03-31","True","72","18:00","23106","False"
"1、交易计算表3月.xls","2026-03","总","","2026-03-31","True","73","18:15","31976","False"
"1、交易计算表3月.xls","2026-03","总","","2026-03-31","True","74","18:30","13161","False"
"1、交易计算表3月.xls","2026-03","总","","2026-03-31","True","75","18:45","34134","False"
"1、交易计算表3月.xls","2026-03","总","","2026-03-31","True","76","19:00","21974","False"
"1、交易计算表3月.xls","2026-03","总","","2026-03-31","True","77","19:15","17399","False"
"1、交易计算表3月.xls","2026-03","总","","2026-03-31","True","78","19:30","25077","False"
"1、交易计算表3月.xls","2026-03","总","","2026-03-31","True","79","19:45","12916","False"
"1、交易计算表3月.xls","2026-03","总","","2026-03-31","True","80","20:00","29939","False"
"1、交易计算表3月.xls","2026-03","总","","2026-03-31","True","81","20:15","15591","False"
"1、交易计算表3月.xls","2026-03","总","","2026-03-31","True","82","20:30","31508","False"
"1、交易计算表3月.xls","2026-03","总","","2026-03-31","True","83","20:45","13833","False"
"1、交易计算表3月.xls","2026-03","总","","2026-03-31","True","84","21:00","12746","False"
"1、交易计算表3月.xls","2026-03","总","","2026-03-31","True","85","21:15","26968","False"
"1、交易计算表3月.xls","2026-03","总","","2026-03-31","True","86","21:30","18130","False"
"1、交易计算表3月.xls","2026-03","总","","2026-03-31","True","87","21:45","17578","False"
"1、交易计算表3月.xls","2026-03","总","","2026-03-31","True","88","22:00","19734","False"
"1、交易计算表3月.xls","2026-03","总","","2026-03-31","True","89","22:15","19100","False"
"1、交易计算表3月.xls","2026-03","总","","2026-03-31","True","90","22:30","22960","False"
"1、交易计算表3月.xls","2026-03","总","","2026-03-31","True","91","22:45","16296","False"
"1、交易计算表3月.xls","2026-03","总","","2026-03-31","True","92","23:00","14395","False"
"1、交易计算表3月.xls","2026-03","总","","2026-03-31","True","93","23:15","19401","False"
"1、交易计算表3月.xls","2026-03","总","","2026-03-31","True","94","23:30","11696","False"
"1、交易计算表3月.xls","2026-03","总","","2026-03-31","True","95","23:45","8251","False"
"1、交易计算表3月.xls","2026-03","总","","2026-03-31","True","96","24:00","9614","False"
"1、交易计算表4月.xls","2026-04","苏州市轨道交通集团有限公司","3203079167484","2026-04-30","False","1","00:15","418","False"
"1、交易计算表4月.xls","2026-04","苏州市轨道交通集团有限公司","3203079167484","2026-04-30","False","2","00:30","396","False"
"1、交易计算表4月.xls","2026-04","苏州市轨道交通集团有限公司","3203079167484","2026-04-30","False","3","00:45","396","False"
"1、交易计算表4月.xls","2026-04","苏州市轨道交通集团有限公司","3203079167484","2026-04-30","False","4","01:00","396","False"
"1、交易计算表4月.xls","2026-04","苏州市轨道交通集团有限公司","3203079167484","2026-04-30","False","5","01:15","2574","False"
"1、交易计算表4月.xls","2026-04","苏州市轨道交通集团有限公司","3203079167484","2026-04-30","False","6","01:30","374","False"
"1、交易计算表4月.xls","2026-04","苏州市轨道交通集团有限公司","3203079167484","2026-04-30","False","7","01:45","352","False"
"1、交易计算表4月.xls","2026-04","苏州市轨道交通集团有限公司","3203079167484","2026-04-30","False","8","02:00","352","False"
"1、交易计算表4月.xls","2026-04","苏州市轨道交通集团有限公司","3203079167484","2026-04-30","False","9","02:15","286","False"
"1、交易计算表4月.xls","2026-04","苏州市轨道交通集团有限公司","3203079167484","2026-04-30","False","10","02:30","2508","False"
"1、交易计算表4月.xls","2026-04","苏州市轨道交通集团有限公司","3203079167484","2026-04-30","False","11","02:45","308","False"
"1、交易计算表4月.xls","2026-04","苏州市轨道交通集团有限公司","3203079167484","2026-04-30","False","12","03:00","286","False"
"1、交易计算表4月.xls","2026-04","苏州市轨道交通集团有限公司","3203079167484","2026-04-30","False","13","03:15","308","False"
"1、交易计算表4月.xls","2026-04","苏州市轨道交通集团有限公司","3203079167484","2026-04-30","False","14","03:30","308","False"
"1、交易计算表4月.xls","2026-04","苏州市轨道交通集团有限公司","3203079167484","2026-04-30","False","15","03:45","462","False"
"1、交易计算表4月.xls","2026-04","苏州市轨道交通集团有限公司","3203079167484","2026-04-30","False","16","04:00","2596","False"
"1、交易计算表4月.xls","2026-04","苏州市轨道交通集团有限公司","3203079167484","2026-04-30","False","17","04:15","419","False"
"1、交易计算表4月.xls","2026-04","苏州市轨道交通集团有限公司","3203079167484","2026-04-30","False","18","04:30","418","False"
"1、交易计算表4月.xls","2026-04","苏州市轨道交通集团有限公司","3203079167484","2026-04-30","False","19","04:45","418","False"
"1、交易计算表4月.xls","2026-04","苏州市轨道交通集团有限公司","3203079167484","2026-04-30","False","20","05:00","2618","False"
"1、交易计算表4月.xls","2026-04","苏州市轨道交通集团有限公司","3203079167484","2026-04-30","False","21","05:15","462","False"
"1、交易计算表4月.xls","2026-04","苏州市轨道交通集团有限公司","3203079167484","2026-04-30","False","22","05:30","462","False"
"1、交易计算表4月.xls","2026-04","苏州市轨道交通集团有限公司","3203079167484","2026-04-30","False","23","05:45","572","False"
"1、交易计算表4月.xls","2026-04","苏州市轨道交通集团有限公司","3203079167484","2026-04-30","False","24","06:00","2904","False"
"1、交易计算表4月.xls","2026-04","苏州市轨道交通集团有限公司","3203079167484","2026-04-30","False","25","06:15","814","False"
"1、交易计算表4月.xls","2026-04","苏州市轨道交通集团有限公司","3203079167484","2026-04-30","False","26","06:30","2992","False"
"1、交易计算表4月.xls","2026-04","苏州市轨道交通集团有限公司","3203079167484","2026-04-30","False","27","06:45","925","False"
"1、交易计算表4月.xls","2026-04","苏州市轨道交通集团有限公司","3203079167484","2026-04-30","False","28","07:00","924","False"
"1、交易计算表4月.xls","2026-04","苏州市轨道交通集团有限公司","3203079167484","2026-04-30","False","29","07:15","3146","False"
"1、交易计算表4月.xls","2026-04","苏州市轨道交通集团有限公司","3203079167484","2026-04-30","False","30","07:30","946","False"
"1、交易计算表4月.xls","2026-04","苏州市轨道交通集团有限公司","3203079167484","2026-04-30","False","31","07:45","3124","False"
"1、交易计算表4月.xls","2026-04","苏州市轨道交通集团有限公司","3203079167484","2026-04-30","False","32","08:00","924","False"
"1、交易计算表4月.xls","2026-04","苏州市轨道交通集团有限公司","3203079167484","2026-04-30","False","33","08:15","3125","False"
"1、交易计算表4月.xls","2026-04","苏州市轨道交通集团有限公司","3203079167484","2026-04-30","False","34","08:30","880","False"
"1、交易计算表4月.xls","2026-04","苏州市轨道交通集团有限公司","3203079167484","2026-04-30","False","35","08:45","3080","False"
"1、交易计算表4月.xls","2026-04","苏州市轨道交通集团有限公司","3203079167484","2026-04-30","False","36","09:00","902","False"
"1、交易计算表4月.xls","2026-04","苏州市轨道交通集团有限公司","3203079167484","2026-04-30","False","37","09:15","3102","False"
"1、交易计算表4月.xls","2026-04","苏州市轨道交通集团有限公司","3203079167484","2026-04-30","False","38","09:30","924","False"
"1、交易计算表4月.xls","2026-04","苏州市轨道交通集团有限公司","3203079167484","2026-04-30","False","39","09:45","3058","False"
"1、交易计算表4月.xls","2026-04","苏州市轨道交通集团有限公司","3203079167484","2026-04-30","False","40","10:00","903","False"
"1、交易计算表4月.xls","2026-04","苏州市轨道交通集团有限公司","3203079167484","2026-04-30","False","41","10:15","3058","False"
"1、交易计算表4月.xls","2026-04","苏州市轨道交通集团有限公司","3203079167484","2026-04-30","False","42","10:30","880","False"
"1、交易计算表4月.xls","2026-04","苏州市轨道交通集团有限公司","3203079167484","2026-04-30","False","43","10:45","3058","False"
"1、交易计算表4月.xls","2026-04","苏州市轨道交通集团有限公司","3203079167484","2026-04-30","False","44","11:00","902","False"
"1、交易计算表4月.xls","2026-04","苏州市轨道交通集团有限公司","3203079167484","2026-04-30","False","45","11:15","3124","False"
"1、交易计算表4月.xls","2026-04","苏州市轨道交通集团有限公司","3203079167484","2026-04-30","False","46","11:30","925","False"
"1、交易计算表4月.xls","2026-04","苏州市轨道交通集团有限公司","3203079167484","2026-04-30","False","47","11:45","3102","False"
"1、交易计算表4月.xls","2026-04","苏州市轨道交通集团有限公司","3203079167484","2026-04-30","False","48","12:00","902","False"
"1、交易计算表4月.xls","2026-04","苏州市轨道交通集团有限公司","3203079167484","2026-04-30","False","49","12:15","3146","False"
"1、交易计算表4月.xls","2026-04","苏州市轨道交通集团有限公司","3203079167484","2026-04-30","False","50","12:30","858","False"
"1、交易计算表4月.xls","2026-04","苏州市轨道交通集团有限公司","3203079167484","2026-04-30","False","51","12:45","3102","False"
"1、交易计算表4月.xls","2026-04","苏州市轨道交通集团有限公司","3203079167484","2026-04-30","False","52","13:00","859","False"
"1、交易计算表4月.xls","2026-04","苏州市轨道交通集团有限公司","3203079167484","2026-04-30","False","53","13:15","3037","False"
"1、交易计算表4月.xls","2026-04","苏州市轨道交通集团有限公司","3203079167484","2026-04-30","False","54","13:30","858","False"
"1、交易计算表4月.xls","2026-04","苏州市轨道交通集团有限公司","3203079167484","2026-04-30","False","55","13:45","3036","False"
"1、交易计算表4月.xls","2026-04","苏州市轨道交通集团有限公司","3203079167484","2026-04-30","False","56","14:00","858","False"
"1、交易计算表4月.xls","2026-04","苏州市轨道交通集团有限公司","3203079167484","2026-04-30","False","57","14:15","836","False"
"1、交易计算表4月.xls","2026-04","苏州市轨道交通集团有限公司","3203079167484","2026-04-30","False","58","14:30","3080","False"
"1、交易计算表4月.xls","2026-04","苏州市轨道交通集团有限公司","3203079167484","2026-04-30","False","59","14:45","903","False"
"1、交易计算表4月.xls","2026-04","苏州市轨道交通集团有限公司","3203079167484","2026-04-30","False","60","15:00","3080","False"
"1、交易计算表4月.xls","2026-04","苏州市轨道交通集团有限公司","3203079167484","2026-04-30","False","61","15:15","902","False"
"1、交易计算表4月.xls","2026-04","苏州市轨道交通集团有限公司","3203079167484","2026-04-30","False","62","15:30","3102","False"
"1、交易计算表4月.xls","2026-04","苏州市轨道交通集团有限公司","3203079167484","2026-04-30","False","63","15:45","902","False"
"1、交易计算表4月.xls","2026-04","苏州市轨道交通集团有限公司","3203079167484","2026-04-30","False","64","16:00","3080","False"
"1、交易计算表4月.xls","2026-04","苏州市轨道交通集团有限公司","3203079167484","2026-04-30","False","65","16:15","880","False"
"1、交易计算表4月.xls","2026-04","苏州市轨道交通集团有限公司","3203079167484","2026-04-30","False","66","16:30","3103","False"
"1、交易计算表4月.xls","2026-04","苏州市轨道交通集团有限公司","3203079167484","2026-04-30","False","67","16:45","902","False"
"1、交易计算表4月.xls","2026-04","苏州市轨道交通集团有限公司","3203079167484","2026-04-30","False","68","17:00","3146","False"
"1、交易计算表4月.xls","2026-04","苏州市轨道交通集团有限公司","3203079167484","2026-04-30","False","69","17:15","990","False"
"1、交易计算表4月.xls","2026-04","苏州市轨道交通集团有限公司","3203079167484","2026-04-30","False","70","17:30","3234","False"
"1、交易计算表4月.xls","2026-04","苏州市轨道交通集团有限公司","3203079167484","2026-04-30","False","71","17:45","1034","False"
"1、交易计算表4月.xls","2026-04","苏州市轨道交通集团有限公司","3203079167484","2026-04-30","False","72","18:00","3191","False"
"1、交易计算表4月.xls","2026-04","苏州市轨道交通集团有限公司","3203079167484","2026-04-30","False","73","18:15","1034","False"
"1、交易计算表4月.xls","2026-04","苏州市轨道交通集团有限公司","3203079167484","2026-04-30","False","74","18:30","3234","False"
"1、交易计算表4月.xls","2026-04","苏州市轨道交通集团有限公司","3203079167484","2026-04-30","False","75","18:45","990","False"
"1、交易计算表4月.xls","2026-04","苏州市轨道交通集团有限公司","3203079167484","2026-04-30","False","76","19:00","3212","False"
"1、交易计算表4月.xls","2026-04","苏州市轨道交通集团有限公司","3203079167484","2026-04-30","False","77","19:15","991","False"
"1、交易计算表4月.xls","2026-04","苏州市轨道交通集团有限公司","3203079167484","2026-04-30","False","78","19:30","3190","False"
"1、交易计算表4月.xls","2026-04","苏州市轨道交通集团有限公司","3203079167484","2026-04-30","False","79","19:45","968","False"
"1、交易计算表4月.xls","2026-04","苏州市轨道交通集团有限公司","3203079167484","2026-04-30","False","80","20:00","3124","False"
"1、交易计算表4月.xls","2026-04","苏州市轨道交通集团有限公司","3203079167484","2026-04-30","False","81","20:15","924","False"
"1、交易计算表4月.xls","2026-04","苏州市轨道交通集团有限公司","3203079167484","2026-04-30","False","82","20:30","990","False"
"1、交易计算表4月.xls","2026-04","苏州市轨道交通集团有限公司","3203079167484","2026-04-30","False","83","20:45","3169","False"
"1、交易计算表4月.xls","2026-04","苏州市轨道交通集团有限公司","3203079167484","2026-04-30","False","84","21:00","946","False"
"1、交易计算表4月.xls","2026-04","苏州市轨道交通集团有限公司","3203079167484","2026-04-30","False","85","21:15","3146","False"
"1、交易计算表4月.xls","2026-04","苏州市轨道交通集团有限公司","3203079167484","2026-04-30","False","86","21:30","902","False"
"1、交易计算表4月.xls","2026-04","苏州市轨道交通集团有限公司","3203079167484","2026-04-30","False","87","21:45","902","False"
"1、交易计算表4月.xls","2026-04","苏州市轨道交通集团有限公司","3203079167484","2026-04-30","False","88","22:00","3080","False"
"1、交易计算表4月.xls","2026-04","苏州市轨道交通集团有限公司","3203079167484","2026-04-30","False","89","22:15","836","False"
"1、交易计算表4月.xls","2026-04","苏州市轨道交通集团有限公司","3203079167484","2026-04-30","False","90","22:30","3103","False"
"1、交易计算表4月.xls","2026-04","苏州市轨道交通集团有限公司","3203079167484","2026-04-30","False","91","22:45","880","False"
"1、交易计算表4月.xls","2026-04","苏州市轨道交通集团有限公司","3203079167484","2026-04-30","False","92","23:00","3080","False"
"1、交易计算表4月.xls","2026-04","苏州市轨道交通集团有限公司","3203079167484","2026-04-30","False","93","23:15","814","False"
"1、交易计算表4月.xls","2026-04","苏州市轨道交通集团有限公司","3203079167484","2026-04-30","False","94","23:30","836","False"
"1、交易计算表4月.xls","2026-04","苏州市轨道交通集团有限公司","3203079167484","2026-04-30","False","95","23:45","3015","False"
"1、交易计算表4月.xls","2026-04","苏州市轨道交通集团有限公司","3203079167484","2026-04-30","False","96","24:00","771","False"
"1、交易计算表4月.xls","2026-04","苏州市轨道交通集团有限公司","3206622511667","2026-04-30","False","1","00:15","0","False"
"1、交易计算表4月.xls","2026-04","苏州市轨道交通集团有限公司","3206622511667","2026-04-30","False","2","00:30","0","False"
"1、交易计算表4月.xls","2026-04","苏州市轨道交通集团有限公司","3206622511667","2026-04-30","False","3","00:45","0","False"
"1、交易计算表4月.xls","2026-04","苏州市轨道交通集团有限公司","3206622511667","2026-04-30","False","4","01:00","0","False"
"1、交易计算表4月.xls","2026-04","苏州市轨道交通集团有限公司","3206622511667","2026-04-30","False","5","01:15","0","False"
"1、交易计算表4月.xls","2026-04","苏州市轨道交通集团有限公司","3206622511667","2026-04-30","False","6","01:30","0","False"
"1、交易计算表4月.xls","2026-04","苏州市轨道交通集团有限公司","3206622511667","2026-04-30","False","7","01:45","2201","False"
"1、交易计算表4月.xls","2026-04","苏州市轨道交通集团有限公司","3206622511667","2026-04-30","False","8","02:00","0","False"
"1、交易计算表4月.xls","2026-04","苏州市轨道交通集团有限公司","3206622511667","2026-04-30","False","9","02:15","0","False"
"1、交易计算表4月.xls","2026-04","苏州市轨道交通集团有限公司","3206622511667","2026-04-30","False","10","02:30","2201","False"
"1、交易计算表4月.xls","2026-04","苏州市轨道交通集团有限公司","3206622511667","2026-04-30","False","11","02:45","0","False"
"1、交易计算表4月.xls","2026-04","苏州市轨道交通集团有限公司","3206622511667","2026-04-30","False","12","03:00","0","False"
"1、交易计算表4月.xls","2026-04","苏州市轨道交通集团有限公司","3206622511667","2026-04-30","False","13","03:15","0","False"
"1、交易计算表4月.xls","2026-04","苏州市轨道交通集团有限公司","3206622511667","2026-04-30","False","14","03:30","0","False"
"1、交易计算表4月.xls","2026-04","苏州市轨道交通集团有限公司","3206622511667","2026-04-30","False","15","03:45","0","False"
"1、交易计算表4月.xls","2026-04","苏州市轨道交通集团有限公司","3206622511667","2026-04-30","False","16","04:00","2202","False"
"1、交易计算表4月.xls","2026-04","苏州市轨道交通集团有限公司","3206622511667","2026-04-30","False","17","04:15","0","False"
"1、交易计算表4月.xls","2026-04","苏州市轨道交通集团有限公司","3206622511667","2026-04-30","False","18","04:30","0","False"
"1、交易计算表4月.xls","2026-04","苏州市轨道交通集团有限公司","3206622511667","2026-04-30","False","19","04:45","2202","False"
"1、交易计算表4月.xls","2026-04","苏州市轨道交通集团有限公司","3206622511667","2026-04-30","False","20","05:00","0","False"
"1、交易计算表4月.xls","2026-04","苏州市轨道交通集团有限公司","3206622511667","2026-04-30","False","21","05:15","0","False"
"1、交易计算表4月.xls","2026-04","苏州市轨道交通集团有限公司","3206622511667","2026-04-30","False","22","05:30","2202","False"
"1、交易计算表4月.xls","2026-04","苏州市轨道交通集团有限公司","3206622511667","2026-04-30","False","23","05:45","0","False"
"1、交易计算表4月.xls","2026-04","苏州市轨道交通集团有限公司","3206622511667","2026-04-30","False","24","06:00","0","False"
"1、交易计算表4月.xls","2026-04","苏州市轨道交通集团有限公司","3206622511667","2026-04-30","False","25","06:15","2202","False"
"1、交易计算表4月.xls","2026-04","苏州市轨道交通集团有限公司","3206622511667","2026-04-30","False","26","06:30","0","False"
"1、交易计算表4月.xls","2026-04","苏州市轨道交通集团有限公司","3206622511667","2026-04-30","False","27","06:45","2202","False"
"1、交易计算表4月.xls","2026-04","苏州市轨道交通集团有限公司","3206622511667","2026-04-30","False","28","07:00","0","False"
"1、交易计算表4月.xls","2026-04","苏州市轨道交通集团有限公司","3206622511667","2026-04-30","False","29","07:15","2202","False"
"1、交易计算表4月.xls","2026-04","苏州市轨道交通集团有限公司","3206622511667","2026-04-30","False","30","07:30","2202","False"
"1、交易计算表4月.xls","2026-04","苏州市轨道交通集团有限公司","3206622511667","2026-04-30","False","31","07:45","0","False"
"1、交易计算表4月.xls","2026-04","苏州市轨道交通集团有限公司","3206622511667","2026-04-30","False","32","08:00","4404","False"
"1、交易计算表4月.xls","2026-04","苏州市轨道交通集团有限公司","3206622511667","2026-04-30","False","33","08:15","0","False"
"1、交易计算表4月.xls","2026-04","苏州市轨道交通集团有限公司","3206622511667","2026-04-30","False","34","08:30","0","False"
"1、交易计算表4月.xls","2026-04","苏州市轨道交通集团有限公司","3206622511667","2026-04-30","False","35","08:45","4404","False"
"1、交易计算表4月.xls","2026-04","苏州市轨道交通集团有限公司","3206622511667","2026-04-30","False","36","09:00","0","False"
"1、交易计算表4月.xls","2026-04","苏州市轨道交通集团有限公司","3206622511667","2026-04-30","False","37","09:15","4404","False"
"1、交易计算表4月.xls","2026-04","苏州市轨道交通集团有限公司","3206622511667","2026-04-30","False","38","09:30","0","False"
"1、交易计算表4月.xls","2026-04","苏州市轨道交通集团有限公司","3206622511667","2026-04-30","False","39","09:45","0","False"
"1、交易计算表4月.xls","2026-04","苏州市轨道交通集团有限公司","3206622511667","2026-04-30","False","40","10:00","4404","False"
"1、交易计算表4月.xls","2026-04","苏州市轨道交通集团有限公司","3206622511667","2026-04-30","False","41","10:15","0","False"
"1、交易计算表4月.xls","2026-04","苏州市轨道交通集团有限公司","3206622511667","2026-04-30","False","42","10:30","0","False"
"1、交易计算表4月.xls","2026-04","苏州市轨道交通集团有限公司","3206622511667","2026-04-30","False","43","10:45","4404","False"
"1、交易计算表4月.xls","2026-04","苏州市轨道交通集团有限公司","3206622511667","2026-04-30","False","44","11:00","0","False"
"1、交易计算表4月.xls","2026-04","苏州市轨道交通集团有限公司","3206622511667","2026-04-30","False","45","11:15","2202","False"
"1、交易计算表4月.xls","2026-04","苏州市轨道交通集团有限公司","3206622511667","2026-04-30","False","46","11:30","2202","False"
"1、交易计算表4月.xls","2026-04","苏州市轨道交通集团有限公司","3206622511667","2026-04-30","False","47","11:45","0","False"
"1、交易计算表4月.xls","2026-04","苏州市轨道交通集团有限公司","3206622511667","2026-04-30","False","48","12:00","2202","False"
"1、交易计算表4月.xls","2026-04","苏州市轨道交通集团有限公司","3206622511667","2026-04-30","False","49","12:15","2202","False"
"1、交易计算表4月.xls","2026-04","苏州市轨道交通集团有限公司","3206622511667","2026-04-30","False","50","12:30","0","False"
"1、交易计算表4月.xls","2026-04","苏州市轨道交通集团有限公司","3206622511667","2026-04-30","False","51","12:45","4404","False"
"1、交易计算表4月.xls","2026-04","苏州市轨道交通集团有限公司","3206622511667","2026-04-30","False","52","13:00","0","False"
"1、交易计算表4月.xls","2026-04","苏州市轨道交通集团有限公司","3206622511667","2026-04-30","False","53","13:15","0","False"
"1、交易计算表4月.xls","2026-04","苏州市轨道交通集团有限公司","3206622511667","2026-04-30","False","54","13:30","4404","False"
"1、交易计算表4月.xls","2026-04","苏州市轨道交通集团有限公司","3206622511667","2026-04-30","False","55","13:45","0","False"
"1、交易计算表4月.xls","2026-04","苏州市轨道交通集团有限公司","3206622511667","2026-04-30","False","56","14:00","0","False"
"1、交易计算表4月.xls","2026-04","苏州市轨道交通集团有限公司","3206622511667","2026-04-30","False","57","14:15","4404","False"
"1、交易计算表4月.xls","2026-04","苏州市轨道交通集团有限公司","3206622511667","2026-04-30","False","58","14:30","0","False"
"1、交易计算表4月.xls","2026-04","苏州市轨道交通集团有限公司","3206622511667","2026-04-30","False","59","14:45","0","False"
"1、交易计算表4月.xls","2026-04","苏州市轨道交通集团有限公司","3206622511667","2026-04-30","False","60","15:00","4404","False"
"1、交易计算表4月.xls","2026-04","苏州市轨道交通集团有限公司","3206622511667","2026-04-30","False","61","15:15","0","False"
"1、交易计算表4月.xls","2026-04","苏州市轨道交通集团有限公司","3206622511667","2026-04-30","False","62","15:30","0","False"
"1、交易计算表4月.xls","2026-04","苏州市轨道交通集团有限公司","3206622511667","2026-04-30","False","63","15:45","4404","False"
"1、交易计算表4月.xls","2026-04","苏州市轨道交通集团有限公司","3206622511667","2026-04-30","False","64","16:00","0","False"
"1、交易计算表4月.xls","2026-04","苏州市轨道交通集团有限公司","3206622511667","2026-04-30","False","65","16:15","0","False"
"1、交易计算表4月.xls","2026-04","苏州市轨道交通集团有限公司","3206622511667","2026-04-30","False","66","16:30","4404","False"
"1、交易计算表4月.xls","2026-04","苏州市轨道交通集团有限公司","3206622511667","2026-04-30","False","67","16:45","0","False"
"1、交易计算表4月.xls","2026-04","苏州市轨道交通集团有限公司","3206622511667","2026-04-30","False","68","17:00","2202","False"
"1、交易计算表4月.xls","2026-04","苏州市轨道交通集团有限公司","3206622511667","2026-04-30","False","69","17:15","2202","False"
"1、交易计算表4月.xls","2026-04","苏州市轨道交通集团有限公司","3206622511667","2026-04-30","False","70","17:30","0","False"
"1、交易计算表4月.xls","2026-04","苏州市轨道交通集团有限公司","3206622511667","2026-04-30","False","71","17:45","2202","False"
"1、交易计算表4月.xls","2026-04","苏州市轨道交通集团有限公司","3206622511667","2026-04-30","False","72","18:00","2202","False"
"1、交易计算表4月.xls","2026-04","苏州市轨道交通集团有限公司","3206622511667","2026-04-30","False","73","18:15","0","False"
"1、交易计算表4月.xls","2026-04","苏州市轨道交通集团有限公司","3206622511667","2026-04-30","False","74","18:30","4404","False"
"1、交易计算表4月.xls","2026-04","苏州市轨道交通集团有限公司","3206622511667","2026-04-30","False","75","18:45","0","False"
"1、交易计算表4月.xls","2026-04","苏州市轨道交通集团有限公司","3206622511667","2026-04-30","False","76","19:00","2202","False"
"1、交易计算表4月.xls","2026-04","苏州市轨道交通集团有限公司","3206622511667","2026-04-30","False","77","19:15","2202","False"
"1、交易计算表4月.xls","2026-04","苏州市轨道交通集团有限公司","3206622511667","2026-04-30","False","78","19:30","0","False"
"1、交易计算表4月.xls","2026-04","苏州市轨道交通集团有限公司","3206622511667","2026-04-30","False","79","19:45","2202","False"
"1、交易计算表4月.xls","2026-04","苏州市轨道交通集团有限公司","3206622511667","2026-04-30","False","80","20:00","2202","False"
"1、交易计算表4月.xls","2026-04","苏州市轨道交通集团有限公司","3206622511667","2026-04-30","False","81","20:15","0","False"
"1、交易计算表4月.xls","2026-04","苏州市轨道交通集团有限公司","3206622511667","2026-04-30","False","82","20:30","2202","False"
"1、交易计算表4月.xls","2026-04","苏州市轨道交通集团有限公司","3206622511667","2026-04-30","False","83","20:45","2202","False"
"1、交易计算表4月.xls","2026-04","苏州市轨道交通集团有限公司","3206622511667","2026-04-30","False","84","21:00","2202","False"
"1、交易计算表4月.xls","2026-04","苏州市轨道交通集团有限公司","3206622511667","2026-04-30","False","85","21:15","0","False"
"1、交易计算表4月.xls","2026-04","苏州市轨道交通集团有限公司","3206622511667","2026-04-30","False","86","21:30","2202","False"
"1、交易计算表4月.xls","2026-04","苏州市轨道交通集团有限公司","3206622511667","2026-04-30","False","87","21:45","2202","False"
"1、交易计算表4月.xls","2026-04","苏州市轨道交通集团有限公司","3206622511667","2026-04-30","False","88","22:00","0","False"
"1、交易计算表4月.xls","2026-04","苏州市轨道交通集团有限公司","3206622511667","2026-04-30","False","89","22:15","0","False"
"1、交易计算表4月.xls","2026-04","苏州市轨道交通集团有限公司","3206622511667","2026-04-30","False","90","22:30","4404","False"
"1、交易计算表4月.xls","2026-04","苏州市轨道交通集团有限公司","3206622511667","2026-04-30","False","91","22:45","0","False"
"1、交易计算表4月.xls","2026-04","苏州市轨道交通集团有限公司","3206622511667","2026-04-30","False","92","23:00","0","False"
"1、交易计算表4月.xls","2026-04","苏州市轨道交通集团有限公司","3206622511667","2026-04-30","False","93","23:15","2202","False"
"1、交易计算表4月.xls","2026-04","苏州市轨道交通集团有限公司","3206622511667","2026-04-30","False","94","23:30","2202","False"
"1、交易计算表4月.xls","2026-04","苏州市轨道交通集团有限公司","3206622511667","2026-04-30","False","95","23:45","0","False"
"1、交易计算表4月.xls","2026-04","苏州市轨道交通集团有限公司","3206622511667","2026-04-30","False","96","24:00","0","False"
"1、交易计算表4月.xls","2026-04","苏州市轨道交通集团有限公司","3206622512416","2026-04-30","False","1","00:15","0","False"
"1、交易计算表4月.xls","2026-04","苏州市轨道交通集团有限公司","3206622512416","2026-04-30","False","2","00:30","0","False"
"1、交易计算表4月.xls","2026-04","苏州市轨道交通集团有限公司","3206622512416","2026-04-30","False","3","00:45","0","False"
"1、交易计算表4月.xls","2026-04","苏州市轨道交通集团有限公司","3206622512416","2026-04-30","False","4","01:00","0","False"
"1、交易计算表4月.xls","2026-04","苏州市轨道交通集团有限公司","3206622512416","2026-04-30","False","5","01:15","1651","False"
"1、交易计算表4月.xls","2026-04","苏州市轨道交通集团有限公司","3206622512416","2026-04-30","False","6","01:30","0","False"
"1、交易计算表4月.xls","2026-04","苏州市轨道交通集团有限公司","3206622512416","2026-04-30","False","7","01:45","0","False"
"1、交易计算表4月.xls","2026-04","苏州市轨道交通集团有限公司","3206622512416","2026-04-30","False","8","02:00","0","False"
"1、交易计算表4月.xls","2026-04","苏州市轨道交通集团有限公司","3206622512416","2026-04-30","False","9","02:15","1650","False"
"1、交易计算表4月.xls","2026-04","苏州市轨道交通集团有限公司","3206622512416","2026-04-30","False","10","02:30","1652","False"
"1、交易计算表4月.xls","2026-04","苏州市轨道交通集团有限公司","3206622512416","2026-04-30","False","11","02:45","0","False"
"1、交易计算表4月.xls","2026-04","苏州市轨道交通集团有限公司","3206622512416","2026-04-30","False","12","03:00","0","False"
"1、交易计算表4月.xls","2026-04","苏州市轨道交通集团有限公司","3206622512416","2026-04-30","False","13","03:15","0","False"
"1、交易计算表4月.xls","2026-04","苏州市轨道交通集团有限公司","3206622512416","2026-04-30","False","14","03:30","0","False"
"1、交易计算表4月.xls","2026-04","苏州市轨道交通集团有限公司","3206622512416","2026-04-30","False","15","03:45","1651","False"
"1、交易计算表4月.xls","2026-04","苏州市轨道交通集团有限公司","3206622512416","2026-04-30","False","16","04:00","0","False"
"1、交易计算表4月.xls","2026-04","苏州市轨道交通集团有限公司","3206622512416","2026-04-30","False","17","04:15","0","False"
"1、交易计算表4月.xls","2026-04","苏州市轨道交通集团有限公司","3206622512416","2026-04-30","False","18","04:30","1651","False"
"1、交易计算表4月.xls","2026-04","苏州市轨道交通集团有限公司","3206622512416","2026-04-30","False","19","04:45","0","False"
"1、交易计算表4月.xls","2026-04","苏州市轨道交通集团有限公司","3206622512416","2026-04-30","False","20","05:00","1652","False"
"1、交易计算表4月.xls","2026-04","苏州市轨道交通集团有限公司","3206622512416","2026-04-30","False","21","05:15","0","False"
"1、交易计算表4月.xls","2026-04","苏州市轨道交通集团有限公司","3206622512416","2026-04-30","False","22","05:30","0","False"
"1、交易计算表4月.xls","2026-04","苏州市轨道交通集团有限公司","3206622512416","2026-04-30","False","23","05:45","0","False"
"1、交易计算表4月.xls","2026-04","苏州市轨道交通集团有限公司","3206622512416","2026-04-30","False","24","06:00","3301","False"
"1、交易计算表4月.xls","2026-04","苏州市轨道交通集团有限公司","3206622512416","2026-04-30","False","25","06:15","0","False"
"1、交易计算表4月.xls","2026-04","苏州市轨道交通集团有限公司","3206622512416","2026-04-30","False","26","06:30","0","False"
"1、交易计算表4月.xls","2026-04","苏州市轨道交通集团有限公司","3206622512416","2026-04-30","False","27","06:45","0","False"
"1、交易计算表4月.xls","2026-04","苏州市轨道交通集团有限公司","3206622512416","2026-04-30","False","28","07:00","3303","False"
"1、交易计算表4月.xls","2026-04","苏州市轨道交通集团有限公司","3206622512416","2026-04-30","False","29","07:15","0","False"
"1、交易计算表4月.xls","2026-04","苏州市轨道交通集团有限公司","3206622512416","2026-04-30","False","30","07:30","1651","False"
"1、交易计算表4月.xls","2026-04","苏州市轨道交通集团有限公司","3206622512416","2026-04-30","False","31","07:45","0","False"
"1、交易计算表4月.xls","2026-04","苏州市轨道交通集团有限公司","3206622512416","2026-04-30","False","32","08:00","1650","False"
"1、交易计算表4月.xls","2026-04","苏州市轨道交通集团有限公司","3206622512416","2026-04-30","False","33","08:15","1652","False"
"1、交易计算表4月.xls","2026-04","苏州市轨道交通集团有限公司","3206622512416","2026-04-30","False","34","08:30","0","False"
"1、交易计算表4月.xls","2026-04","苏州市轨道交通集团有限公司","3206622512416","2026-04-30","False","35","08:45","3302","False"
"1、交易计算表4月.xls","2026-04","苏州市轨道交通集团有限公司","3206622512416","2026-04-30","False","36","09:00","0","False"
"1、交易计算表4月.xls","2026-04","苏州市轨道交通集团有限公司","3206622512416","2026-04-30","False","37","09:15","0","False"
"1、交易计算表4月.xls","2026-04","苏州市轨道交通集团有限公司","3206622512416","2026-04-30","False","38","09:30","1652","False"
"1、交易计算表4月.xls","2026-04","苏州市轨道交通集团有限公司","3206622512416","2026-04-30","False","39","09:45","0","False"
"1、交易计算表4月.xls","2026-04","苏州市轨道交通集团有限公司","3206622512416","2026-04-30","False","40","10:00","1650","False"
"1、交易计算表4月.xls","2026-04","苏州市轨道交通集团有限公司","3206622512416","2026-04-30","False","41","10:15","1651","False"
"1、交易计算表4月.xls","2026-04","苏州市轨道交通集团有限公司","3206622512416","2026-04-30","False","42","10:30","0","False"
"1、交易计算表4月.xls","2026-04","苏州市轨道交通集团有限公司","3206622512416","2026-04-30","False","43","10:45","1652","False"
"1、交易计算表4月.xls","2026-04","苏州市轨道交通集团有限公司","3206622512416","2026-04-30","False","44","11:00","0","False"
"1、交易计算表4月.xls","2026-04","苏州市轨道交通集团有限公司","3206622512416","2026-04-30","False","45","11:15","0","False"
"1、交易计算表4月.xls","2026-04","苏州市轨道交通集团有限公司","3206622512416","2026-04-30","False","46","11:30","1651","False"
"1、交易计算表4月.xls","2026-04","苏州市轨道交通集团有限公司","3206622512416","2026-04-30","False","47","11:45","0","False"
"1、交易计算表4月.xls","2026-04","苏州市轨道交通集团有限公司","3206622512416","2026-04-30","False","48","12:00","0","False"
"1、交易计算表4月.xls","2026-04","苏州市轨道交通集团有限公司","3206622512416","2026-04-30","False","49","12:15","3303","False"
"1、交易计算表4月.xls","2026-04","苏州市轨道交通集团有限公司","3206622512416","2026-04-30","False","50","12:30","0","False"
"1、交易计算表4月.xls","2026-04","苏州市轨道交通集团有限公司","3206622512416","2026-04-30","False","51","12:45","0","False"
"1、交易计算表4月.xls","2026-04","苏州市轨道交通集团有限公司","3206622512416","2026-04-30","False","52","13:00","1651","False"
"1、交易计算表4月.xls","2026-04","苏州市轨道交通集团有限公司","3206622512416","2026-04-30","False","53","13:15","0","False"
"1、交易计算表4月.xls","2026-04","苏州市轨道交通集团有限公司","3206622512416","2026-04-30","False","54","13:30","0","False"
"1、交易计算表4月.xls","2026-04","苏州市轨道交通集团有限公司","3206622512416","2026-04-30","False","55","13:45","1652","False"
"1、交易计算表4月.xls","2026-04","苏州市轨道交通集团有限公司","3206622512416","2026-04-30","False","56","14:00","1650","False"
"1、交易计算表4月.xls","2026-04","苏州市轨道交通集团有限公司","3206622512416","2026-04-30","False","57","14:15","1651","False"
"1、交易计算表4月.xls","2026-04","苏州市轨道交通集团有限公司","3206622512416","2026-04-30","False","58","14:30","0","False"
"1、交易计算表4月.xls","2026-04","苏州市轨道交通集团有限公司","3206622512416","2026-04-30","False","59","14:45","0","False"
"1、交易计算表4月.xls","2026-04","苏州市轨道交通集团有限公司","3206622512416","2026-04-30","False","60","15:00","1652","False"
"1、交易计算表4月.xls","2026-04","苏州市轨道交通集团有限公司","3206622512416","2026-04-30","False","61","15:15","0","False"
"1、交易计算表4月.xls","2026-04","苏州市轨道交通集团有限公司","3206622512416","2026-04-30","False","62","15:30","1651","False"
"1、交易计算表4月.xls","2026-04","苏州市轨道交通集团有限公司","3206622512416","2026-04-30","False","63","15:45","1651","False"
"1、交易计算表4月.xls","2026-04","苏州市轨道交通集团有限公司","3206622512416","2026-04-30","False","64","16:00","0","False"
"1、交易计算表4月.xls","2026-04","苏州市轨道交通集团有限公司","3206622512416","2026-04-30","False","65","16:15","0","False"
"1、交易计算表4月.xls","2026-04","苏州市轨道交通集团有限公司","3206622512416","2026-04-30","False","66","16:30","1652","False"
"1、交易计算表4月.xls","2026-04","苏州市轨道交通集团有限公司","3206622512416","2026-04-30","False","67","16:45","1650","False"
"1、交易计算表4月.xls","2026-04","苏州市轨道交通集团有限公司","3206622512416","2026-04-30","False","68","17:00","0","False"
"1、交易计算表4月.xls","2026-04","苏州市轨道交通集团有限公司","3206622512416","2026-04-30","False","69","17:15","1651","False"
"1、交易计算表4月.xls","2026-04","苏州市轨道交通集团有限公司","3206622512416","2026-04-30","False","70","17:30","1651","False"
"1、交易计算表4月.xls","2026-04","苏州市轨道交通集团有限公司","3206622512416","2026-04-30","False","71","17:45","1652","False"
"1、交易计算表4月.xls","2026-04","苏州市轨道交通集团有限公司","3206622512416","2026-04-30","False","72","18:00","0","False"
"1、交易计算表4月.xls","2026-04","苏州市轨道交通集团有限公司","3206622512416","2026-04-30","False","73","18:15","1650","False"
"1、交易计算表4月.xls","2026-04","苏州市轨道交通集团有限公司","3206622512416","2026-04-30","False","74","18:30","1651","False"
"1、交易计算表4月.xls","2026-04","苏州市轨道交通集团有限公司","3206622512416","2026-04-30","False","75","18:45","1651","False"
"1、交易计算表4月.xls","2026-04","苏州市轨道交通集团有限公司","3206622512416","2026-04-30","False","76","19:00","1652","False"
"1、交易计算表4月.xls","2026-04","苏州市轨道交通集团有限公司","3206622512416","2026-04-30","False","77","19:15","0","False"
"1、交易计算表4月.xls","2026-04","苏州市轨道交通集团有限公司","3206622512416","2026-04-30","False","78","19:30","1650","False"
"1、交易计算表4月.xls","2026-04","苏州市轨道交通集团有限公司","3206622512416","2026-04-30","False","79","19:45","1651","False"
"1、交易计算表4月.xls","2026-04","苏州市轨道交通集团有限公司","3206622512416","2026-04-30","False","80","20:00","0","False"
"1、交易计算表4月.xls","2026-04","苏州市轨道交通集团有限公司","3206622512416","2026-04-30","False","81","20:15","3303","False"
"1、交易计算表4月.xls","2026-04","苏州市轨道交通集团有限公司","3206622512416","2026-04-30","False","82","20:30","0","False"
"1、交易计算表4月.xls","2026-04","苏州市轨道交通集团有限公司","3206622512416","2026-04-30","False","83","20:45","0","False"
"1、交易计算表4月.xls","2026-04","苏州市轨道交通集团有限公司","3206622512416","2026-04-30","False","84","21:00","3301","False"
"1、交易计算表4月.xls","2026-04","苏州市轨道交通集团有限公司","3206622512416","2026-04-30","False","85","21:15","0","False"
"1、交易计算表4月.xls","2026-04","苏州市轨道交通集团有限公司","3206622512416","2026-04-30","False","86","21:30","0","False"
"1、交易计算表4月.xls","2026-04","苏州市轨道交通集团有限公司","3206622512416","2026-04-30","False","87","21:45","3303","False"
"1、交易计算表4月.xls","2026-04","苏州市轨道交通集团有限公司","3206622512416","2026-04-30","False","88","22:00","0","False"
"1、交易计算表4月.xls","2026-04","苏州市轨道交通集团有限公司","3206622512416","2026-04-30","False","89","22:15","0","False"
"1、交易计算表4月.xls","2026-04","苏州市轨道交通集团有限公司","3206622512416","2026-04-30","False","90","22:30","3301","False"
"1、交易计算表4月.xls","2026-04","苏州市轨道交通集团有限公司","3206622512416","2026-04-30","False","91","22:45","0","False"
"1、交易计算表4月.xls","2026-04","苏州市轨道交通集团有限公司","3206622512416","2026-04-30","False","92","23:00","0","False"
"1、交易计算表4月.xls","2026-04","苏州市轨道交通集团有限公司","3206622512416","2026-04-30","False","93","23:15","1652","False"
"1、交易计算表4月.xls","2026-04","苏州市轨道交通集团有限公司","3206622512416","2026-04-30","False","94","23:30","1651","False"
"1、交易计算表4月.xls","2026-04","苏州市轨道交通集团有限公司","3206622512416","2026-04-30","False","95","23:45","0","False"
"1、交易计算表4月.xls","2026-04","苏州市轨道交通集团有限公司","3206622512416","2026-04-30","False","96","24:00","0","False"
"1、交易计算表4月.xls","2026-04","苏州市轨道交通集团有限公司","3206619543230","2026-04-30","False","1","00:15","3302","False"
"1、交易计算表4月.xls","2026-04","苏州市轨道交通集团有限公司","3206619543230","2026-04-30","False","2","00:30","3301","False"
"1、交易计算表4月.xls","2026-04","苏州市轨道交通集团有限公司","3206619543230","2026-04-30","False","3","00:45","0","False"
"1、交易计算表4月.xls","2026-04","苏州市轨道交通集团有限公司","3206619543230","2026-04-30","False","4","01:00","0","False"
"1、交易计算表4月.xls","2026-04","苏州市轨道交通集团有限公司","3206619543230","2026-04-30","False","5","01:15","3303","False"
"1、交易计算表4月.xls","2026-04","苏州市轨道交通集团有限公司","3206619543230","2026-04-30","False","6","01:30","0","False"
"1、交易计算表4月.xls","2026-04","苏州市轨道交通集团有限公司","3206619543230","2026-04-30","False","7","01:45","3302","False"
"1、交易计算表4月.xls","2026-04","苏州市轨道交通集团有限公司","3206619543230","2026-04-30","False","8","02:00","0","False"
"1、交易计算表4月.xls","2026-04","苏州市轨道交通集团有限公司","3206619543230","2026-04-30","False","9","02:15","3303","False"
"1、交易计算表4月.xls","2026-04","苏州市轨道交通集团有限公司","3206619543230","2026-04-30","False","10","02:30","0","False"
"1、交易计算表4月.xls","2026-04","苏州市轨道交通集团有限公司","3206619543230","2026-04-30","False","11","02:45","3301","False"
"1、交易计算表4月.xls","2026-04","苏州市轨道交通集团有限公司","3206619543230","2026-04-30","False","12","03:00","0","False"
"1、交易计算表4月.xls","2026-04","苏州市轨道交通集团有限公司","3206619543230","2026-04-30","False","13","03:15","0","False"
"1、交易计算表4月.xls","2026-04","苏州市轨道交通集团有限公司","3206619543230","2026-04-30","False","14","03:30","3303","False"
"1、交易计算表4月.xls","2026-04","苏州市轨道交通集团有限公司","3206619543230","2026-04-30","False","15","03:45","0","False"
"1、交易计算表4月.xls","2026-04","苏州市轨道交通集团有限公司","3206619543230","2026-04-30","False","16","04:00","3302","False"
"1、交易计算表4月.xls","2026-04","苏州市轨道交通集团有限公司","3206619543230","2026-04-30","False","17","04:15","0","False"
"1、交易计算表4月.xls","2026-04","苏州市轨道交通集团有限公司","3206619543230","2026-04-30","False","18","04:30","0","False"
"1、交易计算表4月.xls","2026-04","苏州市轨道交通集团有限公司","3206619543230","2026-04-30","False","19","04:45","3303","False"
"1、交易计算表4月.xls","2026-04","苏州市轨道交通集团有限公司","3206619543230","2026-04-30","False","20","05:00","3302","False"
"1、交易计算表4月.xls","2026-04","苏州市轨道交通集团有限公司","3206619543230","2026-04-30","False","21","05:15","0","False"
"1、交易计算表4月.xls","2026-04","苏州市轨道交通集团有限公司","3206619543230","2026-04-30","False","22","05:30","3303","False"
"1、交易计算表4月.xls","2026-04","苏州市轨道交通集团有限公司","3206619543230","2026-04-30","False","23","05:45","3301","False"
"1、交易计算表4月.xls","2026-04","苏州市轨道交通集团有限公司","3206619543230","2026-04-30","False","24","06:00","0","False"
"1、交易计算表4月.xls","2026-04","苏州市轨道交通集团有限公司","3206619543230","2026-04-30","False","25","06:15","6605","False"
"1、交易计算表4月.xls","2026-04","苏州市轨道交通集团有限公司","3206619543230","2026-04-30","False","26","06:30","3303","False"
"1、交易计算表4月.xls","2026-04","苏州市轨道交通集团有限公司","3206619543230","2026-04-30","False","27","06:45","0","False"
"1、交易计算表4月.xls","2026-04","苏州市轨道交通集团有限公司","3206619543230","2026-04-30","False","28","07:00","6605","False"
"1、交易计算表4月.xls","2026-04","苏州市轨道交通集团有限公司","3206619543230","2026-04-30","False","29","07:15","3301","False"
"1、交易计算表4月.xls","2026-04","苏州市轨道交通集团有限公司","3206619543230","2026-04-30","False","30","07:30","3303","False"
"1、交易计算表4月.xls","2026-04","苏州市轨道交通集团有限公司","3206619543230","2026-04-30","False","31","07:45","6605","False"
"1、交易计算表4月.xls","2026-04","苏州市轨道交通集团有限公司","3206619543230","2026-04-30","False","32","08:00","0","False"
"1、交易计算表4月.xls","2026-04","苏州市轨道交通集团有限公司","3206619543230","2026-04-30","False","33","08:15","6605","False"
"1、交易计算表4月.xls","2026-04","苏州市轨道交通集团有限公司","3206619543230","2026-04-30","False","34","08:30","3303","False"
"1、交易计算表4月.xls","2026-04","苏州市轨道交通集团有限公司","3206619543230","2026-04-30","False","35","08:45","3301","False"
"1、交易计算表4月.xls","2026-04","苏州市轨道交通集团有限公司","3206619543230","2026-04-30","False","36","09:00","6605","False"
"1、交易计算表4月.xls","2026-04","苏州市轨道交通集团有限公司","3206619543230","2026-04-30","False","37","09:15","3303","False"
"1、交易计算表4月.xls","2026-04","苏州市轨道交通集团有限公司","3206619543230","2026-04-30","False","38","09:30","3302","False"
"1、交易计算表4月.xls","2026-04","苏州市轨道交通集团有限公司","3206619543230","2026-04-30","False","39","09:45","3303","False"
"1、交易计算表4月.xls","2026-04","苏州市轨道交通集团有限公司","3206619543230","2026-04-30","False","40","10:00","6604","False"
"1、交易计算表4月.xls","2026-04","苏州市轨道交通集团有限公司","3206619543230","2026-04-30","False","41","10:15","0","False"
"1、交易计算表4月.xls","2026-04","苏州市轨道交通集团有限公司","3206619543230","2026-04-30","False","42","10:30","6605","False"
"1、交易计算表4月.xls","2026-04","苏州市轨道交通集团有限公司","3206619543230","2026-04-30","False","43","10:45","0","False"
"1、交易计算表4月.xls","2026-04","苏州市轨道交通集团有限公司","3206619543230","2026-04-30","False","44","11:00","6605","False"
"1、交易计算表4月.xls","2026-04","苏州市轨道交通集团有限公司","3206619543230","2026-04-30","False","45","11:15","0","False"
"1、交易计算表4月.xls","2026-04","苏州市轨道交通集团有限公司","3206619543230","2026-04-30","False","46","11:30","3303","False"
"1、交易计算表4月.xls","2026-04","苏州市轨道交通集团有限公司","3206619543230","2026-04-30","False","47","11:45","6604","False"
"1、交易计算表4月.xls","2026-04","苏州市轨道交通集团有限公司","3206619543230","2026-04-30","False","48","12:00","0","False"
"1、交易计算表4月.xls","2026-04","苏州市轨道交通集团有限公司","3206619543230","2026-04-30","False","49","12:15","6605","False"
"1、交易计算表4月.xls","2026-04","苏州市轨道交通集团有限公司","3206619543230","2026-04-30","False","50","12:30","0","False"
"1、交易计算表4月.xls","2026-04","苏州市轨道交通集团有限公司","3206619543230","2026-04-30","False","51","12:45","3303","False"
"1、交易计算表4月.xls","2026-04","苏州市轨道交通集团有限公司","3206619543230","2026-04-30","False","52","13:00","3302","False"
"1、交易计算表4月.xls","2026-04","苏州市轨道交通集团有限公司","3206619543230","2026-04-30","False","53","13:15","3303","False"
"1、交易计算表4月.xls","2026-04","苏州市轨道交通集团有限公司","3206619543230","2026-04-30","False","54","13:30","3301","False"
"1、交易计算表4月.xls","2026-04","苏州市轨道交通集团有限公司","3206619543230","2026-04-30","False","55","13:45","3303","False"
"1、交易计算表4月.xls","2026-04","苏州市轨道交通集团有限公司","3206619543230","2026-04-30","False","56","14:00","3302","False"
"1、交易计算表4月.xls","2026-04","苏州市轨道交通集团有限公司","3206619543230","2026-04-30","False","57","14:15","3303","False"
"1、交易计算表4月.xls","2026-04","苏州市轨道交通集团有限公司","3206619543230","2026-04-30","False","58","14:30","3303","False"
"1、交易计算表4月.xls","2026-04","苏州市轨道交通集团有限公司","3206619543230","2026-04-30","False","59","14:45","3302","False"
"1、交易计算表4月.xls","2026-04","苏州市轨道交通集团有限公司","3206619543230","2026-04-30","False","60","15:00","3303","False"
"1、交易计算表4月.xls","2026-04","苏州市轨道交通集团有限公司","3206619543230","2026-04-30","False","61","15:15","3301","False"
"1、交易计算表4月.xls","2026-04","苏州市轨道交通集团有限公司","3206619543230","2026-04-30","False","62","15:30","3303","False"
"1、交易计算表4月.xls","2026-04","苏州市轨道交通集团有限公司","3206619543230","2026-04-30","False","63","15:45","3302","False"
"1、交易计算表4月.xls","2026-04","苏州市轨道交通集团有限公司","3206619543230","2026-04-30","False","64","16:00","3303","False"
"1、交易计算表4月.xls","2026-04","苏州市轨道交通集团有限公司","3206619543230","2026-04-30","False","65","16:15","6605","False"
"1、交易计算表4月.xls","2026-04","苏州市轨道交通集团有限公司","3206619543230","2026-04-30","False","66","16:30","0","False"
"1、交易计算表4月.xls","2026-04","苏州市轨道交通集团有限公司","3206619543230","2026-04-30","False","67","16:45","6604","False"
"1、交易计算表4月.xls","2026-04","苏州市轨道交通集团有限公司","3206619543230","2026-04-30","False","68","17:00","0","False"
"1、交易计算表4月.xls","2026-04","苏州市轨道交通集团有限公司","3206619543230","2026-04-30","False","69","17:15","6605","False"
"1、交易计算表4月.xls","2026-04","苏州市轨道交通集团有限公司","3206619543230","2026-04-30","False","70","17:30","3303","False"
"1、交易计算表4月.xls","2026-04","苏州市轨道交通集团有限公司","3206619543230","2026-04-30","False","71","17:45","3302","False"
"1、交易计算表4月.xls","2026-04","苏州市轨道交通集团有限公司","3206619543230","2026-04-30","False","72","18:00","3303","False"
"1、交易计算表4月.xls","2026-04","苏州市轨道交通集团有限公司","3206619543230","2026-04-30","False","73","18:15","6604","False"
"1、交易计算表4月.xls","2026-04","苏州市轨道交通集团有限公司","3206619543230","2026-04-30","False","74","18:30","3302","False"
"1、交易计算表4月.xls","2026-04","苏州市轨道交通集团有限公司","3206619543230","2026-04-30","False","75","18:45","3303","False"
"1、交易计算表4月.xls","2026-04","苏州市轨道交通集团有限公司","3206619543230","2026-04-30","False","76","19:00","6605","False"
"1、交易计算表4月.xls","2026-04","苏州市轨道交通集团有限公司","3206619543230","2026-04-30","False","77","19:15","0","False"
"1、交易计算表4月.xls","2026-04","苏州市轨道交通集团有限公司","3206619543230","2026-04-30","False","78","19:30","6604","False"
"1、交易计算表4月.xls","2026-04","苏州市轨道交通集团有限公司","3206619543230","2026-04-30","False","79","19:45","0","False"
"1、交易计算表4月.xls","2026-04","苏州市轨道交通集团有限公司","3206619543230","2026-04-30","False","80","20:00","6605","False"
"1、交易计算表4月.xls","2026-04","苏州市轨道交通集团有限公司","3206619543230","2026-04-30","False","81","20:15","6605","False"
"1、交易计算表4月.xls","2026-04","苏州市轨道交通集团有限公司","3206619543230","2026-04-30","False","82","20:30","0","False"
"1、交易计算表4月.xls","2026-04","苏州市轨道交通集团有限公司","3206619543230","2026-04-30","False","83","20:45","6604","False"
"1、交易计算表4月.xls","2026-04","苏州市轨道交通集团有限公司","3206619543230","2026-04-30","False","84","21:00","0","False"
"1、交易计算表4月.xls","2026-04","苏州市轨道交通集团有限公司","3206619543230","2026-04-30","False","85","21:15","3303","False"
"1、交易计算表4月.xls","2026-04","苏州市轨道交通集团有限公司","3206619543230","2026-04-30","False","86","21:30","3302","False"
"1、交易计算表4月.xls","2026-04","苏州市轨道交通集团有限公司","3206619543230","2026-04-30","False","87","21:45","3303","False"
"1、交易计算表4月.xls","2026-04","苏州市轨道交通集团有限公司","3206619543230","2026-04-30","False","88","22:00","6605","False"
"1、交易计算表4月.xls","2026-04","苏州市轨道交通集团有限公司","3206619543230","2026-04-30","False","89","22:15","0","False"
"1、交易计算表4月.xls","2026-04","苏州市轨道交通集团有限公司","3206619543230","2026-04-30","False","90","22:30","6604","False"
"1、交易计算表4月.xls","2026-04","苏州市轨道交通集团有限公司","3206619543230","2026-04-30","False","91","22:45","0","False"
"1、交易计算表4月.xls","2026-04","苏州市轨道交通集团有限公司","3206619543230","2026-04-30","False","92","23:00","6605","False"
"1、交易计算表4月.xls","2026-04","苏州市轨道交通集团有限公司","3206619543230","2026-04-30","False","93","23:15","0","False"
"1、交易计算表4月.xls","2026-04","苏州市轨道交通集团有限公司","3206619543230","2026-04-30","False","94","23:30","6605","False"
"1、交易计算表4月.xls","2026-04","苏州市轨道交通集团有限公司","3206619543230","2026-04-30","False","95","23:45","0","False"
"1、交易计算表4月.xls","2026-04","苏州市轨道交通集团有限公司","3206619543230","2026-04-30","False","96","24:00","0","False"
"1、交易计算表4月.xls","2026-04","苏州市轨道交通集团有限公司","3206618005424","2026-04-30","False","1","00:15","2200","False"
"1、交易计算表4月.xls","2026-04","苏州市轨道交通集团有限公司","3206618005424","2026-04-30","False","2","00:30","0","False"
"1、交易计算表4月.xls","2026-04","苏州市轨道交通集团有限公司","3206618005424","2026-04-30","False","3","00:45","0","False"
"1、交易计算表4月.xls","2026-04","苏州市轨道交通集团有限公司","3206618005424","2026-04-30","False","4","01:00","0","False"
"1、交易计算表4月.xls","2026-04","苏州市轨道交通集团有限公司","3206618005424","2026-04-30","False","5","01:15","0","False"
"1、交易计算表4月.xls","2026-04","苏州市轨道交通集团有限公司","3206618005424","2026-04-30","False","6","01:30","2201","False"
"1、交易计算表4月.xls","2026-04","苏州市轨道交通集团有限公司","3206618005424","2026-04-30","False","7","01:45","2201","False"
"1、交易计算表4月.xls","2026-04","苏州市轨道交通集团有限公司","3206618005424","2026-04-30","False","8","02:00","0","False"
"1、交易计算表4月.xls","2026-04","苏州市轨道交通集团有限公司","3206618005424","2026-04-30","False","9","02:15","0","False"
"1、交易计算表4月.xls","2026-04","苏州市轨道交通集团有限公司","3206618005424","2026-04-30","False","10","02:30","0","False"
"1、交易计算表4月.xls","2026-04","苏州市轨道交通集团有限公司","3206618005424","2026-04-30","False","11","02:45","0","False"
"1、交易计算表4月.xls","2026-04","苏州市轨道交通集团有限公司","3206618005424","2026-04-30","False","12","03:00","2200","False"
"1、交易计算表4月.xls","2026-04","苏州市轨道交通集团有限公司","3206618005424","2026-04-30","False","13","03:15","0","False"
"1、交易计算表4月.xls","2026-04","苏州市轨道交通集团有限公司","3206618005424","2026-04-30","False","14","03:30","0","False"
"1、交易计算表4月.xls","2026-04","苏州市轨道交通集团有限公司","3206618005424","2026-04-30","False","15","03:45","0","False"
"1、交易计算表4月.xls","2026-04","苏州市轨道交通集团有限公司","3206618005424","2026-04-30","False","16","04:00","0","False"
"1、交易计算表4月.xls","2026-04","苏州市轨道交通集团有限公司","3206618005424","2026-04-30","False","17","04:15","0","False"
"1、交易计算表4月.xls","2026-04","苏州市轨道交通集团有限公司","3206618005424","2026-04-30","False","18","04:30","2201","False"
"1、交易计算表4月.xls","2026-04","苏州市轨道交通集团有限公司","3206618005424","2026-04-30","False","19","04:45","0","False"
"1、交易计算表4月.xls","2026-04","苏州市轨道交通集团有限公司","3206618005424","2026-04-30","False","20","05:00","2202","False"
"1、交易计算表4月.xls","2026-04","苏州市轨道交通集团有限公司","3206618005424","2026-04-30","False","21","05:15","0","False"
"1、交易计算表4月.xls","2026-04","苏州市轨道交通集团有限公司","3206618005424","2026-04-30","False","22","05:30","2201","False"
"1、交易计算表4月.xls","2026-04","苏州市轨道交通集团有限公司","3206618005424","2026-04-30","False","23","05:45","0","False"
"1、交易计算表4月.xls","2026-04","苏州市轨道交通集团有限公司","3206618005424","2026-04-30","False","24","06:00","0","False"
"1、交易计算表4月.xls","2026-04","苏州市轨道交通集团有限公司","3206618005424","2026-04-30","False","25","06:15","2200","False"
"1、交易计算表4月.xls","2026-04","苏州市轨道交通集团有限公司","3206618005424","2026-04-30","False","26","06:30","2201","False"
"1、交易计算表4月.xls","2026-04","苏州市轨道交通集团有限公司","3206618005424","2026-04-30","False","27","06:45","2201","False"
"1、交易计算表4月.xls","2026-04","苏州市轨道交通集团有限公司","3206618005424","2026-04-30","False","28","07:00","0","False"
"1、交易计算表4月.xls","2026-04","苏州市轨道交通集团有限公司","3206618005424","2026-04-30","False","29","07:15","4403","False"
"1、交易计算表4月.xls","2026-04","苏州市轨道交通集团有限公司","3206618005424","2026-04-30","False","30","07:30","0","False"
"1、交易计算表4月.xls","2026-04","苏州市轨道交通集团有限公司","3206618005424","2026-04-30","False","31","07:45","2200","False"
"1、交易计算表4月.xls","2026-04","苏州市轨道交通集团有限公司","3206618005424","2026-04-30","False","32","08:00","2201","False"
"1、交易计算表4月.xls","2026-04","苏州市轨道交通集团有限公司","3206618005424","2026-04-30","False","33","08:15","2201","False"
"1、交易计算表4月.xls","2026-04","苏州市轨道交通集团有限公司","3206618005424","2026-04-30","False","34","08:30","2202","False"
"1、交易计算表4月.xls","2026-04","苏州市轨道交通集团有限公司","3206618005424","2026-04-30","False","35","08:45","2201","False"
"1、交易计算表4月.xls","2026-04","苏州市轨道交通集团有限公司","3206618005424","2026-04-30","False","36","09:00","2200","False"
"1、交易计算表4月.xls","2026-04","苏州市轨道交通集团有限公司","3206618005424","2026-04-30","False","37","09:15","2201","False"
"1、交易计算表4月.xls","2026-04","苏州市轨道交通集团有限公司","3206618005424","2026-04-30","False","38","09:30","2201","False"
"1、交易计算表4月.xls","2026-04","苏州市轨道交通集团有限公司","3206618005424","2026-04-30","False","39","09:45","2202","False"
"1、交易计算表4月.xls","2026-04","苏州市轨道交通集团有限公司","3206618005424","2026-04-30","False","40","10:00","2201","False"
"1、交易计算表4月.xls","2026-04","苏州市轨道交通集团有限公司","3206618005424","2026-04-30","False","41","10:15","0","False"
"1、交易计算表4月.xls","2026-04","苏州市轨道交通集团有限公司","3206618005424","2026-04-30","False","42","10:30","4402","False"
"1、交易计算表4月.xls","2026-04","苏州市轨道交通集团有限公司","3206618005424","2026-04-30","False","43","10:45","0","False"
"1、交易计算表4月.xls","2026-04","苏州市轨道交通集团有限公司","3206618005424","2026-04-30","False","44","11:00","2201","False"
"1、交易计算表4月.xls","2026-04","苏州市轨道交通集团有限公司","3206618005424","2026-04-30","False","45","11:15","4402","False"
"1、交易计算表4月.xls","2026-04","苏州市轨道交通集团有限公司","3206618005424","2026-04-30","False","46","11:30","0","False"
"1、交易计算表4月.xls","2026-04","苏州市轨道交通集团有限公司","3206618005424","2026-04-30","False","47","11:45","2200","False"
"1、交易计算表4月.xls","2026-04","苏州市轨道交通集团有限公司","3206618005424","2026-04-30","False","48","12:00","2202","False"
"1、交易计算表4月.xls","2026-04","苏州市轨道交通集团有限公司","3206618005424","2026-04-30","False","49","12:15","2201","False"
"1、交易计算表4月.xls","2026-04","苏州市轨道交通集团有限公司","3206618005424","2026-04-30","False","50","12:30","0","False"
"1、交易计算表4月.xls","2026-04","苏州市轨道交通集团有限公司","3206618005424","2026-04-30","False","51","12:45","4402","False"
"1、交易计算表4月.xls","2026-04","苏州市轨道交通集团有限公司","3206618005424","2026-04-30","False","52","13:00","0","False"
"1、交易计算表4月.xls","2026-04","苏州市轨道交通集团有限公司","3206618005424","2026-04-30","False","53","13:15","2200","False"
"1、交易计算表4月.xls","2026-04","苏州市轨道交通集团有限公司","3206618005424","2026-04-30","False","54","13:30","2202","False"
"1、交易计算表4月.xls","2026-04","苏州市轨道交通集团有限公司","3206618005424","2026-04-30","False","55","13:45","2201","False"
"1、交易计算表4月.xls","2026-04","苏州市轨道交通集团有限公司","3206618005424","2026-04-30","False","56","14:00","0","False"
"1、交易计算表4月.xls","2026-04","苏州市轨道交通集团有限公司","3206618005424","2026-04-30","False","57","14:15","2200","False"
"1、交易计算表4月.xls","2026-04","苏州市轨道交通集团有限公司","3206618005424","2026-04-30","False","58","14:30","2201","False"
"1、交易计算表4月.xls","2026-04","苏州市轨道交通集团有限公司","3206618005424","2026-04-30","False","59","14:45","2201","False"
"1、交易计算表4月.xls","2026-04","苏州市轨道交通集团有限公司","3206618005424","2026-04-30","False","60","15:00","0","False"
"1、交易计算表4月.xls","2026-04","苏州市轨道交通集团有限公司","3206618005424","2026-04-30","False","61","15:15","4403","False"
"1、交易计算表4月.xls","2026-04","苏州市轨道交通集团有限公司","3206618005424","2026-04-30","False","62","15:30","0","False"
"1、交易计算表4月.xls","2026-04","苏州市轨道交通集团有限公司","3206618005424","2026-04-30","False","63","15:45","2200","False"
"1、交易计算表4月.xls","2026-04","苏州市轨道交通集团有限公司","3206618005424","2026-04-30","False","64","16:00","2201","False"
"1、交易计算表4月.xls","2026-04","苏州市轨道交通集团有限公司","3206618005424","2026-04-30","False","65","16:15","2201","False"
"1、交易计算表4月.xls","2026-04","苏州市轨道交通集团有限公司","3206618005424","2026-04-30","False","66","16:30","0","False"
"1、交易计算表4月.xls","2026-04","苏州市轨道交通集团有限公司","3206618005424","2026-04-30","False","67","16:45","4403","False"
"1、交易计算表4月.xls","2026-04","苏州市轨道交通集团有限公司","3206618005424","2026-04-30","False","68","17:00","0","False"
"1、交易计算表4月.xls","2026-04","苏州市轨道交通集团有限公司","3206618005424","2026-04-30","False","69","17:15","4402","False"
"1、交易计算表4月.xls","2026-04","苏州市轨道交通集团有限公司","3206618005424","2026-04-30","False","70","17:30","2201","False"
"1、交易计算表4月.xls","2026-04","苏州市轨道交通集团有限公司","3206618005424","2026-04-30","False","71","17:45","0","False"
"1、交易计算表4月.xls","2026-04","苏州市轨道交通集团有限公司","3206618005424","2026-04-30","False","72","18:00","4402","False"
"1、交易计算表4月.xls","2026-04","苏州市轨道交通集团有限公司","3206618005424","2026-04-30","False","73","18:15","0","False"
"1、交易计算表4月.xls","2026-04","苏州市轨道交通集团有限公司","3206618005424","2026-04-30","False","74","18:30","4402","False"
"1、交易计算表4月.xls","2026-04","苏州市轨道交通集团有限公司","3206618005424","2026-04-30","False","75","18:45","2201","False"
"1、交易计算表4月.xls","2026-04","苏州市轨道交通集团有限公司","3206618005424","2026-04-30","False","76","19:00","2201","False"
"1、交易计算表4月.xls","2026-04","苏州市轨道交通集团有限公司","3206618005424","2026-04-30","False","77","19:15","2201","False"
"1、交易计算表4月.xls","2026-04","苏州市轨道交通集团有限公司","3206618005424","2026-04-30","False","78","19:30","0","False"
"1、交易计算表4月.xls","2026-04","苏州市轨道交通集团有限公司","3206618005424","2026-04-30","False","79","19:45","4402","False"
"1、交易计算表4月.xls","2026-04","苏州市轨道交通集团有限公司","3206618005424","2026-04-30","False","80","20:00","0","False"
"1、交易计算表4月.xls","2026-04","苏州市轨道交通集团有限公司","3206618005424","2026-04-30","False","81","20:15","2201","False"
"1、交易计算表4月.xls","2026-04","苏州市轨道交通集团有限公司","3206618005424","2026-04-30","False","82","20:30","4402","False"
"1、交易计算表4月.xls","2026-04","苏州市轨道交通集团有限公司","3206618005424","2026-04-30","False","83","20:45","0","False"
"1、交易计算表4月.xls","2026-04","苏州市轨道交通集团有限公司","3206618005424","2026-04-30","False","84","21:00","4402","False"
"1、交易计算表4月.xls","2026-04","苏州市轨道交通集团有限公司","3206618005424","2026-04-30","False","85","21:15","0","False"
"1、交易计算表4月.xls","2026-04","苏州市轨道交通集团有限公司","3206618005424","2026-04-30","False","86","21:30","2201","False"
"1、交易计算表4月.xls","2026-04","苏州市轨道交通集团有限公司","3206618005424","2026-04-30","False","87","21:45","2201","False"
"1、交易计算表4月.xls","2026-04","苏州市轨道交通集团有限公司","3206618005424","2026-04-30","False","88","22:00","2201","False"
"1、交易计算表4月.xls","2026-04","苏州市轨道交通集团有限公司","3206618005424","2026-04-30","False","89","22:15","0","False"
"1、交易计算表4月.xls","2026-04","苏州市轨道交通集团有限公司","3206618005424","2026-04-30","False","90","22:30","2200","False"
"1、交易计算表4月.xls","2026-04","苏州市轨道交通集团有限公司","3206618005424","2026-04-30","False","91","22:45","2202","False"
"1、交易计算表4月.xls","2026-04","苏州市轨道交通集团有限公司","3206618005424","2026-04-30","False","92","23:00","2201","False"
"1、交易计算表4月.xls","2026-04","苏州市轨道交通集团有限公司","3206618005424","2026-04-30","False","93","23:15","0","False"
"1、交易计算表4月.xls","2026-04","苏州市轨道交通集团有限公司","3206618005424","2026-04-30","False","94","23:30","2202","False"
"1、交易计算表4月.xls","2026-04","苏州市轨道交通集团有限公司","3206618005424","2026-04-30","False","95","23:45","2201","False"
"1、交易计算表4月.xls","2026-04","苏州市轨道交通集团有限公司","3206618005424","2026-04-30","False","96","24:00","0","False"
"1、交易计算表4月.xls","2026-04","苏州市轨道交通集团有限公司","3206622203288","2026-04-30","False","1","00:15","0","False"
"1、交易计算表4月.xls","2026-04","苏州市轨道交通集团有限公司","3206622203288","2026-04-30","False","2","00:30","0","False"
"1、交易计算表4月.xls","2026-04","苏州市轨道交通集团有限公司","3206622203288","2026-04-30","False","3","00:45","0","False"
"1、交易计算表4月.xls","2026-04","苏州市轨道交通集团有限公司","3206622203288","2026-04-30","False","4","01:00","4401","False"
"1、交易计算表4月.xls","2026-04","苏州市轨道交通集团有限公司","3206622203288","2026-04-30","False","5","01:15","4400","False"
"1、交易计算表4月.xls","2026-04","苏州市轨道交通集团有限公司","3206622203288","2026-04-30","False","6","01:30","0","False"
"1、交易计算表4月.xls","2026-04","苏州市轨道交通集团有限公司","3206622203288","2026-04-30","False","7","01:45","0","False"
"1、交易计算表4月.xls","2026-04","苏州市轨道交通集团有限公司","3206622203288","2026-04-30","False","8","02:00","0","False"
"1、交易计算表4月.xls","2026-04","苏州市轨道交通集团有限公司","3206622203288","2026-04-30","False","9","02:15","0","False"
"1、交易计算表4月.xls","2026-04","苏州市轨道交通集团有限公司","3206622203288","2026-04-30","False","10","02:30","0","False"
"1、交易计算表4月.xls","2026-04","苏州市轨道交通集团有限公司","3206622203288","2026-04-30","False","11","02:45","0","False"
"1、交易计算表4月.xls","2026-04","苏州市轨道交通集团有限公司","3206622203288","2026-04-30","False","12","03:00","0","False"
"1、交易计算表4月.xls","2026-04","苏州市轨道交通集团有限公司","3206622203288","2026-04-30","False","13","03:15","0","False"
"1、交易计算表4月.xls","2026-04","苏州市轨道交通集团有限公司","3206622203288","2026-04-30","False","14","03:30","4400","False"
"1、交易计算表4月.xls","2026-04","苏州市轨道交通集团有限公司","3206622203288","2026-04-30","False","15","03:45","0","False"
"1、交易计算表4月.xls","2026-04","苏州市轨道交通集团有限公司","3206622203288","2026-04-30","False","16","04:00","4402","False"
"1、交易计算表4月.xls","2026-04","苏州市轨道交通集团有限公司","3206622203288","2026-04-30","False","17","04:15","0","False"
"1、交易计算表4月.xls","2026-04","苏州市轨道交通集团有限公司","3206622203288","2026-04-30","False","18","04:30","0","False"
"1、交易计算表4月.xls","2026-04","苏州市轨道交通集团有限公司","3206622203288","2026-04-30","False","19","04:45","0","False"
"1、交易计算表4月.xls","2026-04","苏州市轨道交通集团有限公司","3206622203288","2026-04-30","False","20","05:00","0","False"
"1、交易计算表4月.xls","2026-04","苏州市轨道交通集团有限公司","3206622203288","2026-04-30","False","21","05:15","0","False"
"1、交易计算表4月.xls","2026-04","苏州市轨道交通集团有限公司","3206622203288","2026-04-30","False","22","05:30","0","False"
"1、交易计算表4月.xls","2026-04","苏州市轨道交通集团有限公司","3206622203288","2026-04-30","False","23","05:45","8802","False"
"1、交易计算表4月.xls","2026-04","苏州市轨道交通集团有限公司","3206622203288","2026-04-30","False","24","06:00","0","False"
"1、交易计算表4月.xls","2026-04","苏州市轨道交通集团有限公司","3206622203288","2026-04-30","False","25","06:15","0","False"
"1、交易计算表4月.xls","2026-04","苏州市轨道交通集团有限公司","3206622203288","2026-04-30","False","26","06:30","0","False"
"1、交易计算表4月.xls","2026-04","苏州市轨道交通集团有限公司","3206622203288","2026-04-30","False","27","06:45","4402","False"
"1、交易计算表4月.xls","2026-04","苏州市轨道交通集团有限公司","3206622203288","2026-04-30","False","28","07:00","4400","False"
"1、交易计算表4月.xls","2026-04","苏州市轨道交通集团有限公司","3206622203288","2026-04-30","False","29","07:15","4401","False"
"1、交易计算表4月.xls","2026-04","苏州市轨道交通集团有限公司","3206622203288","2026-04-30","False","30","07:30","0","False"
"1、交易计算表4月.xls","2026-04","苏州市轨道交通集团有限公司","3206622203288","2026-04-30","False","31","07:45","4402","False"
"1、交易计算表4月.xls","2026-04","苏州市轨道交通集团有限公司","3206622203288","2026-04-30","False","32","08:00","4400","False"
"1、交易计算表4月.xls","2026-04","苏州市轨道交通集团有限公司","3206622203288","2026-04-30","False","33","08:15","4402","False"
"1、交易计算表4月.xls","2026-04","苏州市轨道交通集团有限公司","3206622203288","2026-04-30","False","34","08:30","0","False"
"1、交易计算表4月.xls","2026-04","苏州市轨道交通集团有限公司","3206622203288","2026-04-30","False","35","08:45","8802","False"
"1、交易计算表4月.xls","2026-04","苏州市轨道交通集团有限公司","3206622203288","2026-04-30","False","36","09:00","0","False"
"1、交易计算表4月.xls","2026-04","苏州市轨道交通集团有限公司","3206622203288","2026-04-30","False","37","09:15","4401","False"
"1、交易计算表4月.xls","2026-04","苏州市轨道交通集团有限公司","3206622203288","2026-04-30","False","38","09:30","0","False"
"1、交易计算表4月.xls","2026-04","苏州市轨道交通集团有限公司","3206622203288","2026-04-30","False","39","09:45","8802","False"
"1、交易计算表4月.xls","2026-04","苏州市轨道交通集团有限公司","3206622203288","2026-04-30","False","40","10:00","0","False"
"1、交易计算表4月.xls","2026-04","苏州市轨道交通集团有限公司","3206622203288","2026-04-30","False","41","10:15","4402","False"
"1、交易计算表4月.xls","2026-04","苏州市轨道交通集团有限公司","3206622203288","2026-04-30","False","42","10:30","0","False"
"1、交易计算表4月.xls","2026-04","苏州市轨道交通集团有限公司","3206622203288","2026-04-30","False","43","10:45","4401","False"
"1、交易计算表4月.xls","2026-04","苏州市轨道交通集团有限公司","3206622203288","2026-04-30","False","44","11:00","4402","False"
"1、交易计算表4月.xls","2026-04","苏州市轨道交通集团有限公司","3206622203288","2026-04-30","False","45","11:15","0","False"
"1、交易计算表4月.xls","2026-04","苏州市轨道交通集团有限公司","3206622203288","2026-04-30","False","46","11:30","4401","False"
"1、交易计算表4月.xls","2026-04","苏州市轨道交通集团有限公司","3206622203288","2026-04-30","False","47","11:45","4400","False"
"1、交易计算表4月.xls","2026-04","苏州市轨道交通集团有限公司","3206622203288","2026-04-30","False","48","12:00","4402","False"
"1、交易计算表4月.xls","2026-04","苏州市轨道交通集团有限公司","3206622203288","2026-04-30","False","49","12:15","0","False"
"1、交易计算表4月.xls","2026-04","苏州市轨道交通集团有限公司","3206622203288","2026-04-30","False","50","12:30","0","False"
"1、交易计算表4月.xls","2026-04","苏州市轨道交通集团有限公司","3206622203288","2026-04-30","False","51","12:45","8802","False"
"1、交易计算表4月.xls","2026-04","苏州市轨道交通集团有限公司","3206622203288","2026-04-30","False","52","13:00","0","False"
"1、交易计算表4月.xls","2026-04","苏州市轨道交通集团有限公司","3206622203288","2026-04-30","False","53","13:15","4402","False"
"1、交易计算表4月.xls","2026-04","苏州市轨道交通集团有限公司","3206622203288","2026-04-30","False","54","13:30","0","False"
"1、交易计算表4月.xls","2026-04","苏州市轨道交通集团有限公司","3206622203288","2026-04-30","False","55","13:45","8802","False"
"1、交易计算表4月.xls","2026-04","苏州市轨道交通集团有限公司","3206622203288","2026-04-30","False","56","14:00","0","False"
"1、交易计算表4月.xls","2026-04","苏州市轨道交通集团有限公司","3206622203288","2026-04-30","False","57","14:15","0","False"
"1、交易计算表4月.xls","2026-04","苏州市轨道交通集团有限公司","3206622203288","2026-04-30","False","58","14:30","4401","False"
"1、交易计算表4月.xls","2026-04","苏州市轨道交通集团有限公司","3206622203288","2026-04-30","False","59","14:45","4400","False"
"1、交易计算表4月.xls","2026-04","苏州市轨道交通集团有限公司","3206622203288","2026-04-30","False","60","15:00","4402","False"
"1、交易计算表4月.xls","2026-04","苏州市轨道交通集团有限公司","3206622203288","2026-04-30","False","61","15:15","0","False"
"1、交易计算表4月.xls","2026-04","苏州市轨道交通集团有限公司","3206622203288","2026-04-30","False","62","15:30","4402","False"
"1、交易计算表4月.xls","2026-04","苏州市轨道交通集团有限公司","3206622203288","2026-04-30","False","63","15:45","4400","False"
"1、交易计算表4月.xls","2026-04","苏州市轨道交通集团有限公司","3206622203288","2026-04-30","False","64","16:00","0","False"
"1、交易计算表4月.xls","2026-04","苏州市轨道交通集团有限公司","3206622203288","2026-04-30","False","65","16:15","4402","False"
"1、交易计算表4月.xls","2026-04","苏州市轨道交通集团有限公司","3206622203288","2026-04-30","False","66","16:30","0","False"
"1、交易计算表4月.xls","2026-04","苏州市轨道交通集团有限公司","3206622203288","2026-04-30","False","67","16:45","8801","False"
"1、交易计算表4月.xls","2026-04","苏州市轨道交通集团有限公司","3206622203288","2026-04-30","False","68","17:00","0","False"
"1、交易计算表4月.xls","2026-04","苏州市轨道交通集团有限公司","3206622203288","2026-04-30","False","69","17:15","4402","False"
"1、交易计算表4月.xls","2026-04","苏州市轨道交通集团有限公司","3206622203288","2026-04-30","False","70","17:30","0","False"
"1、交易计算表4月.xls","2026-04","苏州市轨道交通集团有限公司","3206622203288","2026-04-30","False","71","17:45","8803","False"
"1、交易计算表4月.xls","2026-04","苏州市轨道交通集团有限公司","3206622203288","2026-04-30","False","72","18:00","0","False"
"1、交易计算表4月.xls","2026-04","苏州市轨道交通集团有限公司","3206622203288","2026-04-30","False","73","18:15","4402","False"
"1、交易计算表4月.xls","2026-04","苏州市轨道交通集团有限公司","3206622203288","2026-04-30","False","74","18:30","4400","False"
"1、交易计算表4月.xls","2026-04","苏州市轨道交通集团有限公司","3206622203288","2026-04-30","False","75","18:45","4401","False"
"1、交易计算表4月.xls","2026-04","苏州市轨道交通集团有限公司","3206622203288","2026-04-30","False","76","19:00","0","False"
"1、交易计算表4月.xls","2026-04","苏州市轨道交通集团有限公司","3206622203288","2026-04-30","False","77","19:15","8802","False"
"1、交易计算表4月.xls","2026-04","苏州市轨道交通集团有限公司","3206622203288","2026-04-30","False","78","19:30","0","False"
"1、交易计算表4月.xls","2026-04","苏州市轨道交通集团有限公司","3206622203288","2026-04-30","False","79","19:45","4402","False"
"1、交易计算表4月.xls","2026-04","苏州市轨道交通集团有限公司","3206622203288","2026-04-30","False","80","20:00","0","False"
"1、交易计算表4月.xls","2026-04","苏州市轨道交通集团有限公司","3206622203288","2026-04-30","False","81","20:15","4400","False"
"1、交易计算表4月.xls","2026-04","苏州市轨道交通集团有限公司","3206622203288","2026-04-30","False","82","20:30","4402","False"
"1、交易计算表4月.xls","2026-04","苏州市轨道交通集团有限公司","3206622203288","2026-04-30","False","83","20:45","0","False"
"1、交易计算表4月.xls","2026-04","苏州市轨道交通集团有限公司","3206622203288","2026-04-30","False","84","21:00","4401","False"
"1、交易计算表4月.xls","2026-04","苏州市轨道交通集团有限公司","3206622203288","2026-04-30","False","85","21:15","4400","False"
"1、交易计算表4月.xls","2026-04","苏州市轨道交通集团有限公司","3206622203288","2026-04-30","False","86","21:30","4402","False"
"1、交易计算表4月.xls","2026-04","苏州市轨道交通集团有限公司","3206622203288","2026-04-30","False","87","21:45","0","False"
"1、交易计算表4月.xls","2026-04","苏州市轨道交通集团有限公司","3206622203288","2026-04-30","False","88","22:00","0","False"
"1、交易计算表4月.xls","2026-04","苏州市轨道交通集团有限公司","3206622203288","2026-04-30","False","89","22:15","8802","False"
"1、交易计算表4月.xls","2026-04","苏州市轨道交通集团有限公司","3206622203288","2026-04-30","False","90","22:30","0","False"
"1、交易计算表4月.xls","2026-04","苏州市轨道交通集团有限公司","3206622203288","2026-04-30","False","91","22:45","4402","False"
"1、交易计算表4月.xls","2026-04","苏州市轨道交通集团有限公司","3206622203288","2026-04-30","False","92","23:00","0","False"
"1、交易计算表4月.xls","2026-04","苏州市轨道交通集团有限公司","3206622203288","2026-04-30","False","93","23:15","0","False"
"1、交易计算表4月.xls","2026-04","苏州市轨道交通集团有限公司","3206622203288","2026-04-30","False","94","23:30","8803","False"
"1、交易计算表4月.xls","2026-04","苏州市轨道交通集团有限公司","3206622203288","2026-04-30","False","95","23:45","0","False"
"1、交易计算表4月.xls","2026-04","苏州市轨道交通集团有限公司","3206622203288","2026-04-30","False","96","24:00","0","False"
"1、交易计算表4月.xls","2026-04","苏州市轨道交通集团有限公司","3203079734109","2026-04-30","False","1","00:15","484","False"
"1、交易计算表4月.xls","2026-04","苏州市轨道交通集团有限公司","3203079734109","2026-04-30","False","2","00:30","484","False"
"1、交易计算表4月.xls","2026-04","苏州市轨道交通集团有限公司","3203079734109","2026-04-30","False","3","00:45","485","False"
"1、交易计算表4月.xls","2026-04","苏州市轨道交通集团有限公司","3203079734109","2026-04-30","False","4","01:00","473","False"
"1、交易计算表4月.xls","2026-04","苏州市轨道交通集团有限公司","3203079734109","2026-04-30","False","5","01:15","452","False"
"1、交易计算表4月.xls","2026-04","苏州市轨道交通集团有限公司","3203079734109","2026-04-30","False","6","01:30","462","False"
"1、交易计算表4月.xls","2026-04","苏州市轨道交通集团有限公司","3203079734109","2026-04-30","False","7","01:45","462","False"
"1、交易计算表4月.xls","2026-04","苏州市轨道交通集团有限公司","3203079734109","2026-04-30","False","8","02:00","464","False"
"1、交易计算表4月.xls","2026-04","苏州市轨道交通集团有限公司","3203079734109","2026-04-30","False","9","02:15","462","False"
"1、交易计算表4月.xls","2026-04","苏州市轨道交通集团有限公司","3203079734109","2026-04-30","False","10","02:30","463","False"
"1、交易计算表4月.xls","2026-04","苏州市轨道交通集团有限公司","3203079734109","2026-04-30","False","11","02:45","462","False"
"1、交易计算表4月.xls","2026-04","苏州市轨道交通集团有限公司","3203079734109","2026-04-30","False","12","03:00","451","False"
"1、交易计算表4月.xls","2026-04","苏州市轨道交通集团有限公司","3203079734109","2026-04-30","False","13","03:15","463","False"
"1、交易计算表4月.xls","2026-04","苏州市轨道交通集团有限公司","3203079734109","2026-04-30","False","14","03:30","473","False"
"1、交易计算表4月.xls","2026-04","苏州市轨道交通集团有限公司","3203079734109","2026-04-30","False","15","03:45","463","False"
"1、交易计算表4月.xls","2026-04","苏州市轨道交通集团有限公司","3203079734109","2026-04-30","False","16","04:00","496","False"
"1、交易计算表4月.xls","2026-04","苏州市轨道交通集团有限公司","3203079734109","2026-04-30","False","17","04:15","561","False"
"1、交易计算表4月.xls","2026-04","苏州市轨道交通集团有限公司","3203079734109","2026-04-30","False","18","04:30","584","False"
"1、交易计算表4月.xls","2026-04","苏州市轨道交通集团有限公司","3203079734109","2026-04-30","False","19","04:45","572","False"
"1、交易计算表4月.xls","2026-04","苏州市轨道交通集团有限公司","3203079734109","2026-04-30","False","20","05:00","572","False"
"1、交易计算表4月.xls","2026-04","苏州市轨道交通集团有限公司","3203079734109","2026-04-30","False","21","05:15","596","False"
"1、交易计算表4月.xls","2026-04","苏州市轨道交通集团有限公司","3203079734109","2026-04-30","False","22","05:30","660","False"
"1、交易计算表4月.xls","2026-04","苏州市轨道交通集团有限公司","3203079734109","2026-04-30","False","23","05:45","771","False"
"1、交易计算表4月.xls","2026-04","苏州市轨道交通集团有限公司","3203079734109","2026-04-30","False","24","06:00","903","False"
"1、交易计算表4月.xls","2026-04","苏州市轨道交通集团有限公司","3203079734109","2026-04-30","False","25","06:15","1090","False"
"1、交易计算表4月.xls","2026-04","苏州市轨道交通集团有限公司","3203079734109","2026-04-30","False","26","06:30","1200","False"
"1、交易计算表4月.xls","2026-04","苏州市轨道交通集团有限公司","3203079734109","2026-04-30","False","27","06:45","1310","False"
"1、交易计算表4月.xls","2026-04","苏州市轨道交通集团有限公司","3203079734109","2026-04-30","False","28","07:00","1333","False"
"1、交易计算表4月.xls","2026-04","苏州市轨道交通集团有限公司","3203079734109","2026-04-30","False","29","07:15","1364","False"
"1、交易计算表4月.xls","2026-04","苏州市轨道交通集团有限公司","3203079734109","2026-04-30","False","30","07:30","1366","False"
"1、交易计算表4月.xls","2026-04","苏州市轨道交通集团有限公司","3203079734109","2026-04-30","False","31","07:45","1410","False"
"1、交易计算表4月.xls","2026-04","苏州市轨道交通集团有限公司","3203079734109","2026-04-30","False","32","08:00","1375","False"
"1、交易计算表4月.xls","2026-04","苏州市轨道交通集团有限公司","3203079734109","2026-04-30","False","33","08:15","1399","False"
"1、交易计算表4月.xls","2026-04","苏州市轨道交通集团有限公司","3203079734109","2026-04-30","False","34","08:30","1365","False"
"1、交易计算表4月.xls","2026-04","苏州市轨道交通集团有限公司","3203079734109","2026-04-30","False","35","08:45","1399","False"
"1、交易计算表4月.xls","2026-04","苏州市轨道交通集团有限公司","3203079734109","2026-04-30","False","36","09:00","1332","False"
"1、交易计算表4月.xls","2026-04","苏州市轨道交通集团有限公司","3203079734109","2026-04-30","False","37","09:15","1354","False"
"1、交易计算表4月.xls","2026-04","苏州市轨道交通集团有限公司","3203079734109","2026-04-30","False","38","09:30","1344","False"
"1、交易计算表4月.xls","2026-04","苏州市轨道交通集团有限公司","3203079734109","2026-04-30","False","39","09:45","1331","False"
"1、交易计算表4月.xls","2026-04","苏州市轨道交通集团有限公司","3203079734109","2026-04-30","False","40","10:00","1322","False"
"1、交易计算表4月.xls","2026-04","苏州市轨道交通集团有限公司","3203079734109","2026-04-30","False","41","10:15","1299","False"
"1、交易计算表4月.xls","2026-04","苏州市轨道交通集团有限公司","3203079734109","2026-04-30","False","42","10:30","1310","False"
"1、交易计算表4月.xls","2026-04","苏州市轨道交通集团有限公司","3203079734109","2026-04-30","False","43","10:45","1267","False"
"1、交易计算表4月.xls","2026-04","苏州市轨道交通集团有限公司","3203079734109","2026-04-30","False","44","11:00","1266","False"
"1、交易计算表4月.xls","2026-04","苏州市轨道交通集团有限公司","3203079734109","2026-04-30","False","45","11:15","1288","False"
"1、交易计算表4月.xls","2026-04","苏州市轨道交通集团有限公司","3203079734109","2026-04-30","False","46","11:30","1233","False"
"1、交易计算表4月.xls","2026-04","苏州市轨道交通集团有限公司","3203079734109","2026-04-30","False","47","11:45","1277","False"
"1、交易计算表4月.xls","2026-04","苏州市轨道交通集团有限公司","3203079734109","2026-04-30","False","48","12:00","1211","False"
"1、交易计算表4月.xls","2026-04","苏州市轨道交通集团有限公司","3203079734109","2026-04-30","False","49","12:15","1245","False"
"1、交易计算表4月.xls","2026-04","苏州市轨道交通集团有限公司","3203079734109","2026-04-30","False","50","12:30","1232","False"
"1、交易计算表4月.xls","2026-04","苏州市轨道交通集团有限公司","3203079734109","2026-04-30","False","51","12:45","1256","False"
"1、交易计算表4月.xls","2026-04","苏州市轨道交通集团有限公司","3203079734109","2026-04-30","False","52","13:00","1266","False"
"1、交易计算表4月.xls","2026-04","苏州市轨道交通集团有限公司","3203079734109","2026-04-30","False","53","13:15","1244","False"
"1、交易计算表4月.xls","2026-04","苏州市轨道交通集团有限公司","3203079734109","2026-04-30","False","54","13:30","1267","False"
"1、交易计算表4月.xls","2026-04","苏州市轨道交通集团有限公司","3203079734109","2026-04-30","False","55","13:45","1232","False"
"1、交易计算表4月.xls","2026-04","苏州市轨道交通集团有限公司","3203079734109","2026-04-30","False","56","14:00","1267","False"
"1、交易计算表4月.xls","2026-04","苏州市轨道交通集团有限公司","3203079734109","2026-04-30","False","57","14:15","1244","False"
"1、交易计算表4月.xls","2026-04","苏州市轨道交通集团有限公司","3203079734109","2026-04-30","False","58","14:30","1266","False"
"1、交易计算表4月.xls","2026-04","苏州市轨道交通集团有限公司","3203079734109","2026-04-30","False","59","14:45","1277","False"
"1、交易计算表4月.xls","2026-04","苏州市轨道交通集团有限公司","3203079734109","2026-04-30","False","60","15:00","1233","False"
"1、交易计算表4月.xls","2026-04","苏州市轨道交通集团有限公司","3203079734109","2026-04-30","False","61","15:15","1277","False"
"1、交易计算表4月.xls","2026-04","苏州市轨道交通集团有限公司","3203079734109","2026-04-30","False","62","15:30","1267","False"
"1、交易计算表4月.xls","2026-04","苏州市轨道交通集团有限公司","3203079734109","2026-04-30","False","63","15:45","1299","False"
"1、交易计算表4月.xls","2026-04","苏州市轨道交通集团有限公司","3203079734109","2026-04-30","False","64","16:00","1288","False"
"1、交易计算表4月.xls","2026-04","苏州市轨道交通集团有限公司","3203079734109","2026-04-30","False","65","16:15","1333","False"
"1、交易计算表4月.xls","2026-04","苏州市轨道交通集团有限公司","3203079734109","2026-04-30","False","66","16:30","1342","False"
"1、交易计算表4月.xls","2026-04","苏州市轨道交通集团有限公司","3203079734109","2026-04-30","False","67","16:45","1333","False"
"1、交易计算表4月.xls","2026-04","苏州市轨道交通集团有限公司","3203079734109","2026-04-30","False","68","17:00","1376","False"
"1、交易计算表4月.xls","2026-04","苏州市轨道交通集团有限公司","3203079734109","2026-04-30","False","69","17:15","1354","False"
"1、交易计算表4月.xls","2026-04","苏州市轨道交通集团有限公司","3203079734109","2026-04-30","False","70","17:30","1377","False"
"1、交易计算表4月.xls","2026-04","苏州市轨道交通集团有限公司","3203079734109","2026-04-30","False","71","17:45","1354","False"
"1、交易计算表4月.xls","2026-04","苏州市轨道交通集团有限公司","3203079734109","2026-04-30","False","72","18:00","1376","False"
"1、交易计算表4月.xls","2026-04","苏州市轨道交通集团有限公司","3203079734109","2026-04-30","False","73","18:15","1365","False"
"1、交易计算表4月.xls","2026-04","苏州市轨道交通集团有限公司","3203079734109","2026-04-30","False","74","18:30","1366","False"
"1、交易计算表4月.xls","2026-04","苏州市轨道交通集团有限公司","3203079734109","2026-04-30","False","75","18:45","1376","False"
"1、交易计算表4月.xls","2026-04","苏州市轨道交通集团有限公司","3203079734109","2026-04-30","False","76","19:00","1387","False"
"1、交易计算表4月.xls","2026-04","苏州市轨道交通集团有限公司","3203079734109","2026-04-30","False","77","19:15","1388","False"
"1、交易计算表4月.xls","2026-04","苏州市轨道交通集团有限公司","3203079734109","2026-04-30","False","78","19:30","1376","False"
"1、交易计算表4月.xls","2026-04","苏州市轨道交通集团有限公司","3203079734109","2026-04-30","False","79","19:45","1376","False"
"1、交易计算表4月.xls","2026-04","苏州市轨道交通集团有限公司","3203079734109","2026-04-30","False","80","20:00","1333","False"
"1、交易计算表4月.xls","2026-04","苏州市轨道交通集团有限公司","3203079734109","2026-04-30","False","81","20:15","1354","False"
"1、交易计算表4月.xls","2026-04","苏州市轨道交通集团有限公司","3203079734109","2026-04-30","False","82","20:30","1299","False"
"1、交易计算表4月.xls","2026-04","苏州市轨道交通集团有限公司","3203079734109","2026-04-30","False","83","20:45","1299","False"
"1、交易计算表4月.xls","2026-04","苏州市轨道交通集团有限公司","3203079734109","2026-04-30","False","84","21:00","1299","False"
"1、交易计算表4月.xls","2026-04","苏州市轨道交通集团有限公司","3203079734109","2026-04-30","False","85","21:15","1278","False"
"1、交易计算表4月.xls","2026-04","苏州市轨道交通集团有限公司","3203079734109","2026-04-30","False","86","21:30","1288","False"
"1、交易计算表4月.xls","2026-04","苏州市轨道交通集团有限公司","3203079734109","2026-04-30","False","87","21:45","1277","False"
"1、交易计算表4月.xls","2026-04","苏州市轨道交通集团有限公司","3203079734109","2026-04-30","False","88","22:00","1288","False"
"1、交易计算表4月.xls","2026-04","苏州市轨道交通集团有限公司","3203079734109","2026-04-30","False","89","22:15","1244","False"
"1、交易计算表4月.xls","2026-04","苏州市轨道交通集团有限公司","3203079734109","2026-04-30","False","90","22:30","1244","False"
"1、交易计算表4月.xls","2026-04","苏州市轨道交通集团有限公司","3203079734109","2026-04-30","False","91","22:45","1223","False"
"1、交易计算表4月.xls","2026-04","苏州市轨道交通集团有限公司","3203079734109","2026-04-30","False","92","23:00","1188","False"
"1、交易计算表4月.xls","2026-04","苏州市轨道交通集团有限公司","3203079734109","2026-04-30","False","93","23:15","1190","False"
"1、交易计算表4月.xls","2026-04","苏州市轨道交通集团有限公司","3203079734109","2026-04-30","False","94","23:30","1177","False"
"1、交易计算表4月.xls","2026-04","苏州市轨道交通集团有限公司","3203079734109","2026-04-30","False","95","23:45","1179","False"
"1、交易计算表4月.xls","2026-04","苏州市轨道交通集团有限公司","3203079734109","2026-04-30","False","96","24:00","1190","False"
"1、交易计算表4月.xls","2026-04","苏州市轨道交通集团有限公司","3203079324608","2026-04-30","False","1","00:15","132","False"
"1、交易计算表4月.xls","2026-04","苏州市轨道交通集团有限公司","3203079324608","2026-04-30","False","2","00:30","110","False"
"1、交易计算表4月.xls","2026-04","苏州市轨道交通集团有限公司","3203079324608","2026-04-30","False","3","00:45","132","False"
"1、交易计算表4月.xls","2026-04","苏州市轨道交通集团有限公司","3203079324608","2026-04-30","False","4","01:00","88","False"
"1、交易计算表4月.xls","2026-04","苏州市轨道交通集团有限公司","3203079324608","2026-04-30","False","5","01:15","132","False"
"1、交易计算表4月.xls","2026-04","苏州市轨道交通集团有限公司","3203079324608","2026-04-30","False","6","01:30","110","False"
"1、交易计算表4月.xls","2026-04","苏州市轨道交通集团有限公司","3203079324608","2026-04-30","False","7","01:45","132","False"
"1、交易计算表4月.xls","2026-04","苏州市轨道交通集团有限公司","3203079324608","2026-04-30","False","8","02:00","88","False"
"1、交易计算表4月.xls","2026-04","苏州市轨道交通集团有限公司","3203079324608","2026-04-30","False","9","02:15","132","False"
"1、交易计算表4月.xls","2026-04","苏州市轨道交通集团有限公司","3203079324608","2026-04-30","False","10","02:30","110","False"
"1、交易计算表4月.xls","2026-04","苏州市轨道交通集团有限公司","3203079324608","2026-04-30","False","11","02:45","110","False"
"1、交易计算表4月.xls","2026-04","苏州市轨道交通集团有限公司","3203079324608","2026-04-30","False","12","03:00","110","False"
"1、交易计算表4月.xls","2026-04","苏州市轨道交通集团有限公司","3203079324608","2026-04-30","False","13","03:15","132","False"
"1、交易计算表4月.xls","2026-04","苏州市轨道交通集团有限公司","3203079324608","2026-04-30","False","14","03:30","110","False"
"1、交易计算表4月.xls","2026-04","苏州市轨道交通集团有限公司","3203079324608","2026-04-30","False","15","03:45","110","False"
"1、交易计算表4月.xls","2026-04","苏州市轨道交通集团有限公司","3203079324608","2026-04-30","False","16","04:00","132","False"
"1、交易计算表4月.xls","2026-04","苏州市轨道交通集团有限公司","3203079324608","2026-04-30","False","17","04:15","110","False"
"1、交易计算表4月.xls","2026-04","苏州市轨道交通集团有限公司","3203079324608","2026-04-30","False","18","04:30","132","False"
"1、交易计算表4月.xls","2026-04","苏州市轨道交通集团有限公司","3203079324608","2026-04-30","False","19","04:45","111","False"
"1、交易计算表4月.xls","2026-04","苏州市轨道交通集团有限公司","3203079324608","2026-04-30","False","20","05:00","110","False"
"1、交易计算表4月.xls","2026-04","苏州市轨道交通集团有限公司","3203079324608","2026-04-30","False","21","05:15","110","False"
"1、交易计算表4月.xls","2026-04","苏州市轨道交通集团有限公司","3203079324608","2026-04-30","False","22","05:30","132","False"
"1、交易计算表4月.xls","2026-04","苏州市轨道交通集团有限公司","3203079324608","2026-04-30","False","23","05:45","110","False"
"1、交易计算表4月.xls","2026-04","苏州市轨道交通集团有限公司","3203079324608","2026-04-30","False","24","06:00","110","False"
"1、交易计算表4月.xls","2026-04","苏州市轨道交通集团有限公司","3203079324608","2026-04-30","False","25","06:15","110","False"
"1、交易计算表4月.xls","2026-04","苏州市轨道交通集团有限公司","3203079324608","2026-04-30","False","26","06:30","132","False"
"1、交易计算表4月.xls","2026-04","苏州市轨道交通集团有限公司","3203079324608","2026-04-30","False","27","06:45","88","False"
"1、交易计算表4月.xls","2026-04","苏州市轨道交通集团有限公司","3203079324608","2026-04-30","False","28","07:00","110","False"
"1、交易计算表4月.xls","2026-04","苏州市轨道交通集团有限公司","3203079324608","2026-04-30","False","29","07:15","110","False"
"1、交易计算表4月.xls","2026-04","苏州市轨道交通集团有限公司","3203079324608","2026-04-30","False","30","07:30","110","False"
"1、交易计算表4月.xls","2026-04","苏州市轨道交通集团有限公司","3203079324608","2026-04-30","False","31","07:45","110","False"
"1、交易计算表4月.xls","2026-04","苏州市轨道交通集团有限公司","3203079324608","2026-04-30","False","32","08:00","110","False"
"1、交易计算表4月.xls","2026-04","苏州市轨道交通集团有限公司","3203079324608","2026-04-30","False","33","08:15","88","False"
"1、交易计算表4月.xls","2026-04","苏州市轨道交通集团有限公司","3203079324608","2026-04-30","False","34","08:30","132","False"
"1、交易计算表4月.xls","2026-04","苏州市轨道交通集团有限公司","3203079324608","2026-04-30","False","35","08:45","88","False"
"1、交易计算表4月.xls","2026-04","苏州市轨道交通集团有限公司","3203079324608","2026-04-30","False","36","09:00","132","False"
"1、交易计算表4月.xls","2026-04","苏州市轨道交通集团有限公司","3203079324608","2026-04-30","False","37","09:15","110","False"
"1、交易计算表4月.xls","2026-04","苏州市轨道交通集团有限公司","3203079324608","2026-04-30","False","38","09:30","111","False"
"1、交易计算表4月.xls","2026-04","苏州市轨道交通集团有限公司","3203079324608","2026-04-30","False","39","09:45","110","False"
"1、交易计算表4月.xls","2026-04","苏州市轨道交通集团有限公司","3203079324608","2026-04-30","False","40","10:00","132","False"
"1、交易计算表4月.xls","2026-04","苏州市轨道交通集团有限公司","3203079324608","2026-04-30","False","41","10:15","110","False"
"1、交易计算表4月.xls","2026-04","苏州市轨道交通集团有限公司","3203079324608","2026-04-30","False","42","10:30","132","False"
"1、交易计算表4月.xls","2026-04","苏州市轨道交通集团有限公司","3203079324608","2026-04-30","False","43","10:45","88","False"
"1、交易计算表4月.xls","2026-04","苏州市轨道交通集团有限公司","3203079324608","2026-04-30","False","44","11:00","132","False"
"1、交易计算表4月.xls","2026-04","苏州市轨道交通集团有限公司","3203079324608","2026-04-30","False","45","11:15","132","False"
"1、交易计算表4月.xls","2026-04","苏州市轨道交通集团有限公司","3203079324608","2026-04-30","False","46","11:30","88","False"
"1、交易计算表4月.xls","2026-04","苏州市轨道交通集团有限公司","3203079324608","2026-04-30","False","47","11:45","132","False"
"1、交易计算表4月.xls","2026-04","苏州市轨道交通集团有限公司","3203079324608","2026-04-30","False","48","12:00","111","False"
"1、交易计算表4月.xls","2026-04","苏州市轨道交通集团有限公司","3203079324608","2026-04-30","False","49","12:15","88","False"
"1、交易计算表4月.xls","2026-04","苏州市轨道交通集团有限公司","3203079324608","2026-04-30","False","50","12:30","132","False"
"1、交易计算表4月.xls","2026-04","苏州市轨道交通集团有限公司","3203079324608","2026-04-30","False","51","12:45","110","False"
"1、交易计算表4月.xls","2026-04","苏州市轨道交通集团有限公司","3203079324608","2026-04-30","False","52","13:00","110","False"
"1、交易计算表4月.xls","2026-04","苏州市轨道交通集团有限公司","3203079324608","2026-04-30","False","53","13:15","110","False"
"1、交易计算表4月.xls","2026-04","苏州市轨道交通集团有限公司","3203079324608","2026-04-30","False","54","13:30","110","False"
"1、交易计算表4月.xls","2026-04","苏州市轨道交通集团有限公司","3203079324608","2026-04-30","False","55","13:45","110","False"
"1、交易计算表4月.xls","2026-04","苏州市轨道交通集团有限公司","3203079324608","2026-04-30","False","56","14:00","132","False"
"1、交易计算表4月.xls","2026-04","苏州市轨道交通集团有限公司","3203079324608","2026-04-30","False","57","14:15","88","False"
"1、交易计算表4月.xls","2026-04","苏州市轨道交通集团有限公司","3203079324608","2026-04-30","False","58","14:30","133","False"
"1、交易计算表4月.xls","2026-04","苏州市轨道交通集团有限公司","3203079324608","2026-04-30","False","59","14:45","88","False"
"1、交易计算表4月.xls","2026-04","苏州市轨道交通集团有限公司","3203079324608","2026-04-30","False","60","15:00","132","False"
"1、交易计算表4月.xls","2026-04","苏州市轨道交通集团有限公司","3203079324608","2026-04-30","False","61","15:15","88","False"
"1、交易计算表4月.xls","2026-04","苏州市轨道交通集团有限公司","3203079324608","2026-04-30","False","62","15:30","132","False"
"1、交易计算表4月.xls","2026-04","苏州市轨道交通集团有限公司","3203079324608","2026-04-30","False","63","15:45","88","False"
"1、交易计算表4月.xls","2026-04","苏州市轨道交通集团有限公司","3203079324608","2026-04-30","False","64","16:00","132","False"
"1、交易计算表4月.xls","2026-04","苏州市轨道交通集团有限公司","3203079324608","2026-04-30","False","65","16:15","88","False"
"1、交易计算表4月.xls","2026-04","苏州市轨道交通集团有限公司","3203079324608","2026-04-30","False","66","16:30","110","False"
"1、交易计算表4月.xls","2026-04","苏州市轨道交通集团有限公司","3203079324608","2026-04-30","False","67","16:45","110","False"
"1、交易计算表4月.xls","2026-04","苏州市轨道交通集团有限公司","3203079324608","2026-04-30","False","68","17:00","110","False"
"1、交易计算表4月.xls","2026-04","苏州市轨道交通集团有限公司","3203079324608","2026-04-30","False","69","17:15","88","False"
"1、交易计算表4月.xls","2026-04","苏州市轨道交通集团有限公司","3203079324608","2026-04-30","False","70","17:30","110","False"
"1、交易计算表4月.xls","2026-04","苏州市轨道交通集团有限公司","3203079324608","2026-04-30","False","71","17:45","132","False"
"1、交易计算表4月.xls","2026-04","苏州市轨道交通集团有限公司","3203079324608","2026-04-30","False","72","18:00","110","False"
"1、交易计算表4月.xls","2026-04","苏州市轨道交通集团有限公司","3203079324608","2026-04-30","False","73","18:15","88","False"
"1、交易计算表4月.xls","2026-04","苏州市轨道交通集团有限公司","3203079324608","2026-04-30","False","74","18:30","132","False"
"1、交易计算表4月.xls","2026-04","苏州市轨道交通集团有限公司","3203079324608","2026-04-30","False","75","18:45","88","False"
"1、交易计算表4月.xls","2026-04","苏州市轨道交通集团有限公司","3203079324608","2026-04-30","False","76","19:00","110","False"
"1、交易计算表4月.xls","2026-04","苏州市轨道交通集团有限公司","3203079324608","2026-04-30","False","77","19:15","132","False"
"1、交易计算表4月.xls","2026-04","苏州市轨道交通集团有限公司","3203079324608","2026-04-30","False","78","19:30","89","False"
"1、交易计算表4月.xls","2026-04","苏州市轨道交通集团有限公司","3203079324608","2026-04-30","False","79","19:45","132","False"
"1、交易计算表4月.xls","2026-04","苏州市轨道交通集团有限公司","3203079324608","2026-04-30","False","80","20:00","110","False"
"1、交易计算表4月.xls","2026-04","苏州市轨道交通集团有限公司","3203079324608","2026-04-30","False","81","20:15","110","False"
"1、交易计算表4月.xls","2026-04","苏州市轨道交通集团有限公司","3203079324608","2026-04-30","False","82","20:30","110","False"
"1、交易计算表4月.xls","2026-04","苏州市轨道交通集团有限公司","3203079324608","2026-04-30","False","83","20:45","110","False"
"1、交易计算表4月.xls","2026-04","苏州市轨道交通集团有限公司","3203079324608","2026-04-30","False","84","21:00","132","False"
"1、交易计算表4月.xls","2026-04","苏州市轨道交通集团有限公司","3203079324608","2026-04-30","False","85","21:15","110","False"
"1、交易计算表4月.xls","2026-04","苏州市轨道交通集团有限公司","3203079324608","2026-04-30","False","86","21:30","110","False"
"1、交易计算表4月.xls","2026-04","苏州市轨道交通集团有限公司","3203079324608","2026-04-30","False","87","21:45","110","False"
"1、交易计算表4月.xls","2026-04","苏州市轨道交通集团有限公司","3203079324608","2026-04-30","False","88","22:00","110","False"
"1、交易计算表4月.xls","2026-04","苏州市轨道交通集团有限公司","3203079324608","2026-04-30","False","89","22:15","132","False"
"1、交易计算表4月.xls","2026-04","苏州市轨道交通集团有限公司","3203079324608","2026-04-30","False","90","22:30","110","False"
"1、交易计算表4月.xls","2026-04","苏州市轨道交通集团有限公司","3203079324608","2026-04-30","False","91","22:45","132","False"
"1、交易计算表4月.xls","2026-04","苏州市轨道交通集团有限公司","3203079324608","2026-04-30","False","92","23:00","88","False"
"1、交易计算表4月.xls","2026-04","苏州市轨道交通集团有限公司","3203079324608","2026-04-30","False","93","23:15","110","False"
"1、交易计算表4月.xls","2026-04","苏州市轨道交通集团有限公司","3203079324608","2026-04-30","False","94","23:30","132","False"
"1、交易计算表4月.xls","2026-04","苏州市轨道交通集团有限公司","3203079324608","2026-04-30","False","95","23:45","110","False"
"1、交易计算表4月.xls","2026-04","苏州市轨道交通集团有限公司","3203079324608","2026-04-30","False","96","24:00","112","False"
"1、交易计算表4月.xls","2026-04","苏州市轨道交通集团有限公司","3206624778403","2026-04-30","False","1","00:15","4402","False"
"1、交易计算表4月.xls","2026-04","苏州市轨道交通集团有限公司","3206624778403","2026-04-30","False","2","00:30","0","False"
"1、交易计算表4月.xls","2026-04","苏州市轨道交通集团有限公司","3206624778403","2026-04-30","False","3","00:45","0","False"
"1、交易计算表4月.xls","2026-04","苏州市轨道交通集团有限公司","3206624778403","2026-04-30","False","4","01:00","0","False"
"1、交易计算表4月.xls","2026-04","苏州市轨道交通集团有限公司","3206624778403","2026-04-30","False","5","01:15","0","False"
"1、交易计算表4月.xls","2026-04","苏州市轨道交通集团有限公司","3206624778403","2026-04-30","False","6","01:30","8806","False"
"1、交易计算表4月.xls","2026-04","苏州市轨道交通集团有限公司","3206624778403","2026-04-30","False","7","01:45","0","False"
"1、交易计算表4月.xls","2026-04","苏州市轨道交通集团有限公司","3206624778403","2026-04-30","False","8","02:00","0","False"
"1、交易计算表4月.xls","2026-04","苏州市轨道交通集团有限公司","3206624778403","2026-04-30","False","9","02:15","0","False"
"1、交易计算表4月.xls","2026-04","苏州市轨道交通集团有限公司","3206624778403","2026-04-30","False","10","02:30","0","False"
"1、交易计算表4月.xls","2026-04","苏州市轨道交通集团有限公司","3206624778403","2026-04-30","False","11","02:45","4402","False"
"1、交易计算表4月.xls","2026-04","苏州市轨道交通集团有限公司","3206624778403","2026-04-30","False","12","03:00","0","False"
"1、交易计算表4月.xls","2026-04","苏州市轨道交通集团有限公司","3206624778403","2026-04-30","False","13","03:15","0","False"
"1、交易计算表4月.xls","2026-04","苏州市轨道交通集团有限公司","3206624778403","2026-04-30","False","14","03:30","0","False"
"1、交易计算表4月.xls","2026-04","苏州市轨道交通集团有限公司","3206624778403","2026-04-30","False","15","03:45","4405","False"
"1、交易计算表4月.xls","2026-04","苏州市轨道交通集团有限公司","3206624778403","2026-04-30","False","16","04:00","0","False"
"1、交易计算表4月.xls","2026-04","苏州市轨道交通集团有限公司","3206624778403","2026-04-30","False","17","04:15","4402","False"
"1、交易计算表4月.xls","2026-04","苏州市轨道交通集团有限公司","3206624778403","2026-04-30","False","18","04:30","0","False"
"1、交易计算表4月.xls","2026-04","苏州市轨道交通集团有限公司","3206624778403","2026-04-30","False","19","04:45","0","False"
"1、交易计算表4月.xls","2026-04","苏州市轨道交通集团有限公司","3206624778403","2026-04-30","False","20","05:00","0","False"
"1、交易计算表4月.xls","2026-04","苏州市轨道交通集团有限公司","3206624778403","2026-04-30","False","21","05:15","0","False"
"1、交易计算表4月.xls","2026-04","苏州市轨道交通集团有限公司","3206624778403","2026-04-30","False","22","05:30","4405","False"
"1、交易计算表4月.xls","2026-04","苏州市轨道交通集团有限公司","3206624778403","2026-04-30","False","23","05:45","4402","False"
"1、交易计算表4月.xls","2026-04","苏州市轨道交通集团有限公司","3206624778403","2026-04-30","False","24","06:00","0","False"
"1、交易计算表4月.xls","2026-04","苏州市轨道交通集团有限公司","3206624778403","2026-04-30","False","25","06:15","0","False"
"1、交易计算表4月.xls","2026-04","苏州市轨道交通集团有限公司","3206624778403","2026-04-30","False","26","06:30","4405","False"
"1、交易计算表4月.xls","2026-04","苏州市轨道交通集团有限公司","3206624778403","2026-04-30","False","27","06:45","4402","False"
"1、交易计算表4月.xls","2026-04","苏州市轨道交通集团有限公司","3206624778403","2026-04-30","False","28","07:00","4405","False"
"1、交易计算表4月.xls","2026-04","苏州市轨道交通集团有限公司","3206624778403","2026-04-30","False","29","07:15","4402","False"
"1、交易计算表4月.xls","2026-04","苏州市轨道交通集团有限公司","3206624778403","2026-04-30","False","30","07:30","4405","False"
"1、交易计算表4月.xls","2026-04","苏州市轨道交通集团有限公司","3206624778403","2026-04-30","False","31","07:45","0","False"
"1、交易计算表4月.xls","2026-04","苏州市轨道交通集团有限公司","3206624778403","2026-04-30","False","32","08:00","8807","False"
"1、交易计算表4月.xls","2026-04","苏州市轨道交通集团有限公司","3206624778403","2026-04-30","False","33","08:15","0","False"
"1、交易计算表4月.xls","2026-04","苏州市轨道交通集团有限公司","3206624778403","2026-04-30","False","34","08:30","8807","False"
"1、交易计算表4月.xls","2026-04","苏州市轨道交通集团有限公司","3206624778403","2026-04-30","False","35","08:45","0","False"
"1、交易计算表4月.xls","2026-04","苏州市轨道交通集团有限公司","3206624778403","2026-04-30","False","36","09:00","4405","False"
"1、交易计算表4月.xls","2026-04","苏州市轨道交通集团有限公司","3206624778403","2026-04-30","False","37","09:15","4402","False"
"1、交易计算表4月.xls","2026-04","苏州市轨道交通集团有限公司","3206624778403","2026-04-30","False","38","09:30","4405","False"
"1、交易计算表4月.xls","2026-04","苏州市轨道交通集团有限公司","3206624778403","2026-04-30","False","39","09:45","0","False"
"1、交易计算表4月.xls","2026-04","苏州市轨道交通集团有限公司","3206624778403","2026-04-30","False","40","10:00","8807","False"
"1、交易计算表4月.xls","2026-04","苏州市轨道交通集团有限公司","3206624778403","2026-04-30","False","41","10:15","0","False"
"1、交易计算表4月.xls","2026-04","苏州市轨道交通集团有限公司","3206624778403","2026-04-30","False","42","10:30","8807","False"
"1、交易计算表4月.xls","2026-04","苏州市轨道交通集团有限公司","3206624778403","2026-04-30","False","43","10:45","0","False"
"1、交易计算表4月.xls","2026-04","苏州市轨道交通集团有限公司","3206624778403","2026-04-30","False","44","11:00","4405","False"
"1、交易计算表4月.xls","2026-04","苏州市轨道交通集团有限公司","3206624778403","2026-04-30","False","45","11:15","4402","False"
"1、交易计算表4月.xls","2026-04","苏州市轨道交通集团有限公司","3206624778403","2026-04-30","False","46","11:30","0","False"
"1、交易计算表4月.xls","2026-04","苏州市轨道交通集团有限公司","3206624778403","2026-04-30","False","47","11:45","4405","False"
"1、交易计算表4月.xls","2026-04","苏州市轨道交通集团有限公司","3206624778403","2026-04-30","False","48","12:00","4402","False"
"1、交易计算表4月.xls","2026-04","苏州市轨道交通集团有限公司","3206624778403","2026-04-30","False","49","12:15","4405","False"
"1、交易计算表4月.xls","2026-04","苏州市轨道交通集团有限公司","3206624778403","2026-04-30","False","50","12:30","4402","False"
"1、交易计算表4月.xls","2026-04","苏州市轨道交通集团有限公司","3206624778403","2026-04-30","False","51","12:45","4405","False"
"1、交易计算表4月.xls","2026-04","苏州市轨道交通集团有限公司","3206624778403","2026-04-30","False","52","13:00","0","False"
"1、交易计算表4月.xls","2026-04","苏州市轨道交通集团有限公司","3206624778403","2026-04-30","False","53","13:15","8808","False"
"1、交易计算表4月.xls","2026-04","苏州市轨道交通集团有限公司","3206624778403","2026-04-30","False","54","13:30","0","False"
"1、交易计算表4月.xls","2026-04","苏州市轨道交通集团有限公司","3206624778403","2026-04-30","False","55","13:45","4405","False"
"1、交易计算表4月.xls","2026-04","苏州市轨道交通集团有限公司","3206624778403","2026-04-30","False","56","14:00","4402","False"
"1、交易计算表4月.xls","2026-04","苏州市轨道交通集团有限公司","3206624778403","2026-04-30","False","57","14:15","4405","False"
"1、交易计算表4月.xls","2026-04","苏州市轨道交通集团有限公司","3206624778403","2026-04-30","False","58","14:30","0","False"
"1、交易计算表4月.xls","2026-04","苏州市轨道交通集团有限公司","3206624778403","2026-04-30","False","59","14:45","4402","False"
"1、交易计算表4月.xls","2026-04","苏州市轨道交通集团有限公司","3206624778403","2026-04-30","False","60","15:00","4405","False"
"1、交易计算表4月.xls","2026-04","苏州市轨道交通集团有限公司","3206624778403","2026-04-30","False","61","15:15","0","False"
"1、交易计算表4月.xls","2026-04","苏州市轨道交通集团有限公司","3206624778403","2026-04-30","False","62","15:30","8807","False"
"1、交易计算表4月.xls","2026-04","苏州市轨道交通集团有限公司","3206624778403","2026-04-30","False","63","15:45","0","False"
"1、交易计算表4月.xls","2026-04","苏州市轨道交通集团有限公司","3206624778403","2026-04-30","False","64","16:00","8807","False"
"1、交易计算表4月.xls","2026-04","苏州市轨道交通集团有限公司","3206624778403","2026-04-30","False","65","16:15","0","False"
"1、交易计算表4月.xls","2026-04","苏州市轨道交通集团有限公司","3206624778403","2026-04-30","False","66","16:30","4405","False"
"1、交易计算表4月.xls","2026-04","苏州市轨道交通集团有限公司","3206624778403","2026-04-30","False","67","16:45","4402","False"
"1、交易计算表4月.xls","2026-04","苏州市轨道交通集团有限公司","3206624778403","2026-04-30","False","68","17:00","4405","False"
"1、交易计算表4月.xls","2026-04","苏州市轨道交通集团有限公司","3206624778403","2026-04-30","False","69","17:15","0","False"
"1、交易计算表4月.xls","2026-04","苏州市轨道交通集团有限公司","3206624778403","2026-04-30","False","70","17:30","8807","False"
"1、交易计算表4月.xls","2026-04","苏州市轨道交通集团有限公司","3206624778403","2026-04-30","False","71","17:45","0","False"
"1、交易计算表4月.xls","2026-04","苏州市轨道交通集团有限公司","3206624778403","2026-04-30","False","72","18:00","8807","False"
"1、交易计算表4月.xls","2026-04","苏州市轨道交通集团有限公司","3206624778403","2026-04-30","False","73","18:15","0","False"
"1、交易计算表4月.xls","2026-04","苏州市轨道交通集团有限公司","3206624778403","2026-04-30","False","74","18:30","4405","False"
"1、交易计算表4月.xls","2026-04","苏州市轨道交通集团有限公司","3206624778403","2026-04-30","False","75","18:45","4402","False"
"1、交易计算表4月.xls","2026-04","苏州市轨道交通集团有限公司","3206624778403","2026-04-30","False","76","19:00","4405","False"
"1、交易计算表4月.xls","2026-04","苏州市轨道交通集团有限公司","3206624778403","2026-04-30","False","77","19:15","4402","False"
"1、交易计算表4月.xls","2026-04","苏州市轨道交通集团有限公司","3206624778403","2026-04-30","False","78","19:30","4405","False"
"1、交易计算表4月.xls","2026-04","苏州市轨道交通集团有限公司","3206624778403","2026-04-30","False","79","19:45","0","False"
"1、交易计算表4月.xls","2026-04","苏州市轨道交通集团有限公司","3206624778403","2026-04-30","False","80","20:00","8807","False"
"1、交易计算表4月.xls","2026-04","苏州市轨道交通集团有限公司","3206624778403","2026-04-30","False","81","20:15","0","False"
"1、交易计算表4月.xls","2026-04","苏州市轨道交通集团有限公司","3206624778403","2026-04-30","False","82","20:30","4405","False"
"1、交易计算表4月.xls","2026-04","苏州市轨道交通集团有限公司","3206624778403","2026-04-30","False","83","20:45","4402","False"
"1、交易计算表4月.xls","2026-04","苏州市轨道交通集团有限公司","3206624778403","2026-04-30","False","84","21:00","4405","False"
"1、交易计算表4月.xls","2026-04","苏州市轨道交通集团有限公司","3206624778403","2026-04-30","False","85","21:15","4402","False"
"1、交易计算表4月.xls","2026-04","苏州市轨道交通集团有限公司","3206624778403","2026-04-30","False","86","21:30","4405","False"
"1、交易计算表4月.xls","2026-04","苏州市轨道交通集团有限公司","3206624778403","2026-04-30","False","87","21:45","0","False"
"1、交易计算表4月.xls","2026-04","苏州市轨道交通集团有限公司","3206624778403","2026-04-30","False","88","22:00","4402","False"
"1、交易计算表4月.xls","2026-04","苏州市轨道交通集团有限公司","3206624778403","2026-04-30","False","89","22:15","4405","False"
"1、交易计算表4月.xls","2026-04","苏州市轨道交通集团有限公司","3206624778403","2026-04-30","False","90","22:30","0","False"
"1、交易计算表4月.xls","2026-04","苏州市轨道交通集团有限公司","3206624778403","2026-04-30","False","91","22:45","8807","False"
"1、交易计算表4月.xls","2026-04","苏州市轨道交通集团有限公司","3206624778403","2026-04-30","False","92","23:00","0","False"
"1、交易计算表4月.xls","2026-04","苏州市轨道交通集团有限公司","3206624778403","2026-04-30","False","93","23:15","4405","False"
"1、交易计算表4月.xls","2026-04","苏州市轨道交通集团有限公司","3206624778403","2026-04-30","False","94","23:30","4403","False"
"1、交易计算表4月.xls","2026-04","苏州市轨道交通集团有限公司","3206624778403","2026-04-30","False","95","23:45","4405","False"
"1、交易计算表4月.xls","2026-04","苏州市轨道交通集团有限公司","3206624778403","2026-04-30","False","96","24:00","0","False"
"1、交易计算表4月.xls","2026-04","苏州市轨道交通集团有限公司","3206624942389","2026-04-30","False","1","00:15","4","False"
"1、交易计算表4月.xls","2026-04","苏州市轨道交通集团有限公司","3206624942389","2026-04-30","False","2","00:30","2","False"
"1、交易计算表4月.xls","2026-04","苏州市轨道交通集团有限公司","3206624942389","2026-04-30","False","3","00:45","2","False"
"1、交易计算表4月.xls","2026-04","苏州市轨道交通集团有限公司","3206624942389","2026-04-30","False","4","01:00","2","False"
"1、交易计算表4月.xls","2026-04","苏州市轨道交通集团有限公司","3206624942389","2026-04-30","False","5","01:15","3","False"
"1、交易计算表4月.xls","2026-04","苏州市轨道交通集团有限公司","3206624942389","2026-04-30","False","6","01:30","2","False"
"1、交易计算表4月.xls","2026-04","苏州市轨道交通集团有限公司","3206624942389","2026-04-30","False","7","01:45","4","False"
"1、交易计算表4月.xls","2026-04","苏州市轨道交通集团有限公司","3206624942389","2026-04-30","False","8","02:00","2","False"
"1、交易计算表4月.xls","2026-04","苏州市轨道交通集团有限公司","3206624942389","2026-04-30","False","9","02:15","3","False"
"1、交易计算表4月.xls","2026-04","苏州市轨道交通集团有限公司","3206624942389","2026-04-30","False","10","02:30","2","False"
"1、交易计算表4月.xls","2026-04","苏州市轨道交通集团有限公司","3206624942389","2026-04-30","False","11","02:45","3","False"
"1、交易计算表4月.xls","2026-04","苏州市轨道交通集团有限公司","3206624942389","2026-04-30","False","12","03:00","2","False"
"1、交易计算表4月.xls","2026-04","苏州市轨道交通集团有限公司","3206624942389","2026-04-30","False","13","03:15","1","False"
"1、交易计算表4月.xls","2026-04","苏州市轨道交通集团有限公司","3206624942389","2026-04-30","False","14","03:30","1","False"
"1、交易计算表4月.xls","2026-04","苏州市轨道交通集团有限公司","3206624942389","2026-04-30","False","15","03:45","2","False"
"1、交易计算表4月.xls","2026-04","苏州市轨道交通集团有限公司","3206624942389","2026-04-30","False","16","04:00","2","False"
"1、交易计算表4月.xls","2026-04","苏州市轨道交通集团有限公司","3206624942389","2026-04-30","False","17","04:15","2","False"
"1、交易计算表4月.xls","2026-04","苏州市轨道交通集团有限公司","3206624942389","2026-04-30","False","18","04:30","1","False"
"1、交易计算表4月.xls","2026-04","苏州市轨道交通集团有限公司","3206624942389","2026-04-30","False","19","04:45","1","False"
"1、交易计算表4月.xls","2026-04","苏州市轨道交通集团有限公司","3206624942389","2026-04-30","False","20","05:00","3","False"
"1、交易计算表4月.xls","2026-04","苏州市轨道交通集团有限公司","3206624942389","2026-04-30","False","21","05:15","1","False"
"1、交易计算表4月.xls","2026-04","苏州市轨道交通集团有限公司","3206624942389","2026-04-30","False","22","05:30","2","False"
"1、交易计算表4月.xls","2026-04","苏州市轨道交通集团有限公司","3206624942389","2026-04-30","False","23","05:45","3","False"
"1、交易计算表4月.xls","2026-04","苏州市轨道交通集团有限公司","3206624942389","2026-04-30","False","24","06:00","1","False"
"1、交易计算表4月.xls","2026-04","苏州市轨道交通集团有限公司","3206624942389","2026-04-30","False","25","06:15","1","False"
"1、交易计算表4月.xls","2026-04","苏州市轨道交通集团有限公司","3206624942389","2026-04-30","False","26","06:30","1","False"
"1、交易计算表4月.xls","2026-04","苏州市轨道交通集团有限公司","3206624942389","2026-04-30","False","27","06:45","1","False"
"1、交易计算表4月.xls","2026-04","苏州市轨道交通集团有限公司","3206624942389","2026-04-30","False","28","07:00","4","False"
"1、交易计算表4月.xls","2026-04","苏州市轨道交通集团有限公司","3206624942389","2026-04-30","False","29","07:15","4","False"
"1、交易计算表4月.xls","2026-04","苏州市轨道交通集团有限公司","3206624942389","2026-04-30","False","30","07:30","2","False"
"1、交易计算表4月.xls","2026-04","苏州市轨道交通集团有限公司","3206624942389","2026-04-30","False","31","07:45","2","False"
"1、交易计算表4月.xls","2026-04","苏州市轨道交通集团有限公司","3206624942389","2026-04-30","False","32","08:00","4","False"
"1、交易计算表4月.xls","2026-04","苏州市轨道交通集团有限公司","3206624942389","2026-04-30","False","33","08:15","3","False"
"1、交易计算表4月.xls","2026-04","苏州市轨道交通集团有限公司","3206624942389","2026-04-30","False","34","08:30","3","False"
"1、交易计算表4月.xls","2026-04","苏州市轨道交通集团有限公司","3206624942389","2026-04-30","False","35","08:45","1","False"
"1、交易计算表4月.xls","2026-04","苏州市轨道交通集团有限公司","3206624942389","2026-04-30","False","36","09:00","2","False"
"1、交易计算表4月.xls","2026-04","苏州市轨道交通集团有限公司","3206624942389","2026-04-30","False","37","09:15","4","False"
"1、交易计算表4月.xls","2026-04","苏州市轨道交通集团有限公司","3206624942389","2026-04-30","False","38","09:30","2","False"
"1、交易计算表4月.xls","2026-04","苏州市轨道交通集团有限公司","3206624942389","2026-04-30","False","39","09:45","4","False"
"1、交易计算表4月.xls","2026-04","苏州市轨道交通集团有限公司","3206624942389","2026-04-30","False","40","10:00","2","False"
"1、交易计算表4月.xls","2026-04","苏州市轨道交通集团有限公司","3206624942389","2026-04-30","False","41","10:15","4","False"
"1、交易计算表4月.xls","2026-04","苏州市轨道交通集团有限公司","3206624942389","2026-04-30","False","42","10:30","2","False"
"1、交易计算表4月.xls","2026-04","苏州市轨道交通集团有限公司","3206624942389","2026-04-30","False","43","10:45","5","False"
"1、交易计算表4月.xls","2026-04","苏州市轨道交通集团有限公司","3206624942389","2026-04-30","False","44","11:00","1","False"
"1、交易计算表4月.xls","2026-04","苏州市轨道交通集团有限公司","3206624942389","2026-04-30","False","45","11:15","4","False"
"1、交易计算表4月.xls","2026-04","苏州市轨道交通集团有限公司","3206624942389","2026-04-30","False","46","11:30","1","False"
"1、交易计算表4月.xls","2026-04","苏州市轨道交通集团有限公司","3206624942389","2026-04-30","False","47","11:45","1","False"
"1、交易计算表4月.xls","2026-04","苏州市轨道交通集团有限公司","3206624942389","2026-04-30","False","48","12:00","1","False"
"1、交易计算表4月.xls","2026-04","苏州市轨道交通集团有限公司","3206624942389","2026-04-30","False","49","12:15","1","False"
"1、交易计算表4月.xls","2026-04","苏州市轨道交通集团有限公司","3206624942389","2026-04-30","False","50","12:30","2","False"
"1、交易计算表4月.xls","2026-04","苏州市轨道交通集团有限公司","3206624942389","2026-04-30","False","51","12:45","1","False"
"1、交易计算表4月.xls","2026-04","苏州市轨道交通集团有限公司","3206624942389","2026-04-30","False","52","13:00","1","False"
"1、交易计算表4月.xls","2026-04","苏州市轨道交通集团有限公司","3206624942389","2026-04-30","False","53","13:15","1","False"
"1、交易计算表4月.xls","2026-04","苏州市轨道交通集团有限公司","3206624942389","2026-04-30","False","54","13:30","2","False"
"1、交易计算表4月.xls","2026-04","苏州市轨道交通集团有限公司","3206624942389","2026-04-30","False","55","13:45","0","False"
"1、交易计算表4月.xls","2026-04","苏州市轨道交通集团有限公司","3206624942389","2026-04-30","False","56","14:00","2","False"
"1、交易计算表4月.xls","2026-04","苏州市轨道交通集团有限公司","3206624942389","2026-04-30","False","57","14:15","1","False"
"1、交易计算表4月.xls","2026-04","苏州市轨道交通集团有限公司","3206624942389","2026-04-30","False","58","14:30","1","False"
"1、交易计算表4月.xls","2026-04","苏州市轨道交通集团有限公司","3206624942389","2026-04-30","False","59","14:45","0","False"
"1、交易计算表4月.xls","2026-04","苏州市轨道交通集团有限公司","3206624942389","2026-04-30","False","60","15:00","1","False"
"1、交易计算表4月.xls","2026-04","苏州市轨道交通集团有限公司","3206624942389","2026-04-30","False","61","15:15","1","False"
"1、交易计算表4月.xls","2026-04","苏州市轨道交通集团有限公司","3206624942389","2026-04-30","False","62","15:30","2","False"
"1、交易计算表4月.xls","2026-04","苏州市轨道交通集团有限公司","3206624942389","2026-04-30","False","63","15:45","1","False"
"1、交易计算表4月.xls","2026-04","苏州市轨道交通集团有限公司","3206624942389","2026-04-30","False","64","16:00","2","False"
"1、交易计算表4月.xls","2026-04","苏州市轨道交通集团有限公司","3206624942389","2026-04-30","False","65","16:15","1","False"
"1、交易计算表4月.xls","2026-04","苏州市轨道交通集团有限公司","3206624942389","2026-04-30","False","66","16:30","3","False"
"1、交易计算表4月.xls","2026-04","苏州市轨道交通集团有限公司","3206624942389","2026-04-30","False","67","16:45","1","False"
"1、交易计算表4月.xls","2026-04","苏州市轨道交通集团有限公司","3206624942389","2026-04-30","False","68","17:00","2","False"
"1、交易计算表4月.xls","2026-04","苏州市轨道交通集团有限公司","3206624942389","2026-04-30","False","69","17:15","1","False"
"1、交易计算表4月.xls","2026-04","苏州市轨道交通集团有限公司","3206624942389","2026-04-30","False","70","17:30","2","False"
"1、交易计算表4月.xls","2026-04","苏州市轨道交通集团有限公司","3206624942389","2026-04-30","False","71","17:45","1","False"
"1、交易计算表4月.xls","2026-04","苏州市轨道交通集团有限公司","3206624942389","2026-04-30","False","72","18:00","2","False"
"1、交易计算表4月.xls","2026-04","苏州市轨道交通集团有限公司","3206624942389","2026-04-30","False","73","18:15","1","False"
"1、交易计算表4月.xls","2026-04","苏州市轨道交通集团有限公司","3206624942389","2026-04-30","False","74","18:30","2","False"
"1、交易计算表4月.xls","2026-04","苏州市轨道交通集团有限公司","3206624942389","2026-04-30","False","75","18:45","1","False"
"1、交易计算表4月.xls","2026-04","苏州市轨道交通集团有限公司","3206624942389","2026-04-30","False","76","19:00","1","False"
"1、交易计算表4月.xls","2026-04","苏州市轨道交通集团有限公司","3206624942389","2026-04-30","False","77","19:15","1","False"
"1、交易计算表4月.xls","2026-04","苏州市轨道交通集团有限公司","3206624942389","2026-04-30","False","78","19:30","1","False"
"1、交易计算表4月.xls","2026-04","苏州市轨道交通集团有限公司","3206624942389","2026-04-30","False","79","19:45","1","False"
"1、交易计算表4月.xls","2026-04","苏州市轨道交通集团有限公司","3206624942389","2026-04-30","False","80","20:00","3","False"
"1、交易计算表4月.xls","2026-04","苏州市轨道交通集团有限公司","3206624942389","2026-04-30","False","81","20:15","2","False"
"1、交易计算表4月.xls","2026-04","苏州市轨道交通集团有限公司","3206624942389","2026-04-30","False","82","20:30","4","False"
"1、交易计算表4月.xls","2026-04","苏州市轨道交通集团有限公司","3206624942389","2026-04-30","False","83","20:45","2","False"
"1、交易计算表4月.xls","2026-04","苏州市轨道交通集团有限公司","3206624942389","2026-04-30","False","84","21:00","3","False"
"1、交易计算表4月.xls","2026-04","苏州市轨道交通集团有限公司","3206624942389","2026-04-30","False","85","21:15","2","False"
"1、交易计算表4月.xls","2026-04","苏州市轨道交通集团有限公司","3206624942389","2026-04-30","False","86","21:30","3","False"
"1、交易计算表4月.xls","2026-04","苏州市轨道交通集团有限公司","3206624942389","2026-04-30","False","87","21:45","3","False"
"1、交易计算表4月.xls","2026-04","苏州市轨道交通集团有限公司","3206624942389","2026-04-30","False","88","22:00","3","False"
"1、交易计算表4月.xls","2026-04","苏州市轨道交通集团有限公司","3206624942389","2026-04-30","False","89","22:15","4","False"
"1、交易计算表4月.xls","2026-04","苏州市轨道交通集团有限公司","3206624942389","2026-04-30","False","90","22:30","2","False"
"1、交易计算表4月.xls","2026-04","苏州市轨道交通集团有限公司","3206624942389","2026-04-30","False","91","22:45","4","False"
"1、交易计算表4月.xls","2026-04","苏州市轨道交通集团有限公司","3206624942389","2026-04-30","False","92","23:00","2","False"
"1、交易计算表4月.xls","2026-04","苏州市轨道交通集团有限公司","3206624942389","2026-04-30","False","93","23:15","3","False"
"1、交易计算表4月.xls","2026-04","苏州市轨道交通集团有限公司","3206624942389","2026-04-30","False","94","23:30","3","False"
"1、交易计算表4月.xls","2026-04","苏州市轨道交通集团有限公司","3206624942389","2026-04-30","False","95","23:45","3","False"
"1、交易计算表4月.xls","2026-04","苏州市轨道交通集团有限公司","3206624942389","2026-04-30","False","96","24:00","6","False"
"1、交易计算表4月.xls","2026-04","苏州市轨道交通集团有限公司","3203080388854","2026-04-30","False","1","00:15","247","False"
"1、交易计算表4月.xls","2026-04","苏州市轨道交通集团有限公司","3203080388854","2026-04-30","False","2","00:30","248","False"
"1、交易计算表4月.xls","2026-04","苏州市轨道交通集团有限公司","3203080388854","2026-04-30","False","3","00:45","220","False"
"1、交易计算表4月.xls","2026-04","苏州市轨道交通集团有限公司","3203080388854","2026-04-30","False","4","01:00","220","False"
"1、交易计算表4月.xls","2026-04","苏州市轨道交通集团有限公司","3203080388854","2026-04-30","False","5","01:15","247","False"
"1、交易计算表4月.xls","2026-04","苏州市轨道交通集团有限公司","3203080388854","2026-04-30","False","6","01:30","247","False"
"1、交易计算表4月.xls","2026-04","苏州市轨道交通集团有限公司","3203080388854","2026-04-30","False","7","01:45","248","False"
"1、交易计算表4月.xls","2026-04","苏州市轨道交通集团有限公司","3203080388854","2026-04-30","False","8","02:00","220","False"
"1、交易计算表4月.xls","2026-04","苏州市轨道交通集团有限公司","3203080388854","2026-04-30","False","9","02:15","220","False"
"1、交易计算表4月.xls","2026-04","苏州市轨道交通集团有限公司","3203080388854","2026-04-30","False","10","02:30","220","False"
"1、交易计算表4月.xls","2026-04","苏州市轨道交通集团有限公司","3203080388854","2026-04-30","False","11","02:45","220","False"
"1、交易计算表4月.xls","2026-04","苏州市轨道交通集团有限公司","3203080388854","2026-04-30","False","12","03:00","249","False"
"1、交易计算表4月.xls","2026-04","苏州市轨道交通集团有限公司","3203080388854","2026-04-30","False","13","03:15","192","False"
"1、交易计算表4月.xls","2026-04","苏州市轨道交通集团有限公司","3203080388854","2026-04-30","False","14","03:30","220","False"
"1、交易计算表4月.xls","2026-04","苏州市轨道交通集团有限公司","3203080388854","2026-04-30","False","15","03:45","247","False"
"1、交易计算表4月.xls","2026-04","苏州市轨道交通集团有限公司","3203080388854","2026-04-30","False","16","04:00","193","False"
"1、交易计算表4月.xls","2026-04","苏州市轨道交通集团有限公司","3203080388854","2026-04-30","False","17","04:15","220","False"
"1、交易计算表4月.xls","2026-04","苏州市轨道交通集团有限公司","3203080388854","2026-04-30","False","18","04:30","220","False"
"1、交易计算表4月.xls","2026-04","苏州市轨道交通集团有限公司","3203080388854","2026-04-30","False","19","04:45","248","False"
"1、交易计算表4月.xls","2026-04","苏州市轨道交通集团有限公司","3203080388854","2026-04-30","False","20","05:00","193","False"
"1、交易计算表4月.xls","2026-04","苏州市轨道交通集团有限公司","3203080388854","2026-04-30","False","21","05:15","303","False"
"1、交易计算表4月.xls","2026-04","苏州市轨道交通集团有限公司","3203080388854","2026-04-30","False","22","05:30","357","False"
"1、交易计算表4月.xls","2026-04","苏州市轨道交通集团有限公司","3203080388854","2026-04-30","False","23","05:45","413","False"
"1、交易计算表4月.xls","2026-04","苏州市轨道交通集团有限公司","3203080388854","2026-04-30","False","24","06:00","386","False"
"1、交易计算表4月.xls","2026-04","苏州市轨道交通集团有限公司","3203080388854","2026-04-30","False","25","06:15","522","False"
"1、交易计算表4月.xls","2026-04","苏州市轨道交通集团有限公司","3203080388854","2026-04-30","False","26","06:30","495","False"
"1、交易计算表4月.xls","2026-04","苏州市轨道交通集团有限公司","3203080388854","2026-04-30","False","27","06:45","605","False"
"1、交易计算表4月.xls","2026-04","苏州市轨道交通集团有限公司","3203080388854","2026-04-30","False","28","07:00","661","False"
"1、交易计算表4月.xls","2026-04","苏州市轨道交通集团有限公司","3203080388854","2026-04-30","False","29","07:15","688","False"
"1、交易计算表4月.xls","2026-04","苏州市轨道交通集团有限公司","3203080388854","2026-04-30","False","30","07:30","688","False"
"1、交易计算表4月.xls","2026-04","苏州市轨道交通集团有限公司","3203080388854","2026-04-30","False","31","07:45","689","False"
"1、交易计算表4月.xls","2026-04","苏州市轨道交通集团有限公司","3203080388854","2026-04-30","False","32","08:00","687","False"
"1、交易计算表4月.xls","2026-04","苏州市轨道交通集团有限公司","3203080388854","2026-04-30","False","33","08:15","687","False"
"1、交易计算表4月.xls","2026-04","苏州市轨道交通集团有限公司","3203080388854","2026-04-30","False","34","08:30","744","False"
"1、交易计算表4月.xls","2026-04","苏州市轨道交通集团有限公司","3203080388854","2026-04-30","False","35","08:45","715","False"
"1、交易计算表4月.xls","2026-04","苏州市轨道交通集团有限公司","3203080388854","2026-04-30","False","36","09:00","743","False"
"1、交易计算表4月.xls","2026-04","苏州市轨道交通集团有限公司","3203080388854","2026-04-30","False","37","09:15","769","False"
"1、交易计算表4月.xls","2026-04","苏州市轨道交通集团有限公司","3203080388854","2026-04-30","False","38","09:30","717","False"
"1、交易计算表4月.xls","2026-04","苏州市轨道交通集团有限公司","3203080388854","2026-04-30","False","39","09:45","688","False"
"1、交易计算表4月.xls","2026-04","苏州市轨道交通集团有限公司","3203080388854","2026-04-30","False","40","10:00","660","False"
"1、交易计算表4月.xls","2026-04","苏州市轨道交通集团有限公司","3203080388854","2026-04-30","False","41","10:15","716","False"
"1、交易计算表4月.xls","2026-04","苏州市轨道交通集团有限公司","3203080388854","2026-04-30","False","42","10:30","632","False"
"1、交易计算表4月.xls","2026-04","苏州市轨道交通集团有限公司","3203080388854","2026-04-30","False","43","10:45","688","False"
"1、交易计算表4月.xls","2026-04","苏州市轨道交通集团有限公司","3203080388854","2026-04-30","False","44","11:00","715","False"
"1、交易计算表4月.xls","2026-04","苏州市轨道交通集团有限公司","3203080388854","2026-04-30","False","45","11:15","690","False"
"1、交易计算表4月.xls","2026-04","苏州市轨道交通集团有限公司","3203080388854","2026-04-30","False","46","11:30","687","False"
"1、交易计算表4月.xls","2026-04","苏州市轨道交通集团有限公司","3203080388854","2026-04-30","False","47","11:45","715","False"
"1、交易计算表4月.xls","2026-04","苏州市轨道交通集团有限公司","3203080388854","2026-04-30","False","48","12:00","688","False"
"1、交易计算表4月.xls","2026-04","苏州市轨道交通集团有限公司","3203080388854","2026-04-30","False","49","12:15","688","False"
"1、交易计算表4月.xls","2026-04","苏州市轨道交通集团有限公司","3203080388854","2026-04-30","False","50","12:30","688","False"
"1、交易计算表4月.xls","2026-04","苏州市轨道交通集团有限公司","3203080388854","2026-04-30","False","51","12:45","714","False"
"1、交易计算表4月.xls","2026-04","苏州市轨道交通集团有限公司","3203080388854","2026-04-30","False","52","13:00","690","False"
"1、交易计算表4月.xls","2026-04","苏州市轨道交通集团有限公司","3203080388854","2026-04-30","False","53","13:15","687","False"
"1、交易计算表4月.xls","2026-04","苏州市轨道交通集团有限公司","3203080388854","2026-04-30","False","54","13:30","715","False"
"1、交易计算表4月.xls","2026-04","苏州市轨道交通集团有限公司","3203080388854","2026-04-30","False","55","13:45","688","False"
"1、交易计算表4月.xls","2026-04","苏州市轨道交通集团有限公司","3203080388854","2026-04-30","False","56","14:00","716","False"
"1、交易计算表4月.xls","2026-04","苏州市轨道交通集团有限公司","3203080388854","2026-04-30","False","57","14:15","688","False"
"1、交易计算表4月.xls","2026-04","苏州市轨道交通集团有限公司","3203080388854","2026-04-30","False","58","14:30","687","False"
"1、交易计算表4月.xls","2026-04","苏州市轨道交通集团有限公司","3203080388854","2026-04-30","False","59","14:45","690","False"
"1、交易计算表4月.xls","2026-04","苏州市轨道交通集团有限公司","3203080388854","2026-04-30","False","60","15:00","687","False"
"1、交易计算表4月.xls","2026-04","苏州市轨道交通集团有限公司","3203080388854","2026-04-30","False","61","15:15","688","False"
"1、交易计算表4月.xls","2026-04","苏州市轨道交通集团有限公司","3203080388854","2026-04-30","False","62","15:30","714","False"
"1、交易计算表4月.xls","2026-04","苏州市轨道交通集团有限公司","3203080388854","2026-04-30","False","63","15:45","689","False"
"1、交易计算表4月.xls","2026-04","苏州市轨道交通集团有限公司","3203080388854","2026-04-30","False","64","16:00","688","False"
"1、交易计算表4月.xls","2026-04","苏州市轨道交通集团有限公司","3203080388854","2026-04-30","False","65","16:15","714","False"
"1、交易计算表4月.xls","2026-04","苏州市轨道交通集团有限公司","3203080388854","2026-04-30","False","66","16:30","690","False"
"1、交易计算表4月.xls","2026-04","苏州市轨道交通集团有限公司","3203080388854","2026-04-30","False","67","16:45","742","False"
"1、交易计算表4月.xls","2026-04","苏州市轨道交通集团有限公司","3203080388854","2026-04-30","False","68","17:00","743","False"
"1、交易计算表4月.xls","2026-04","苏州市轨道交通集团有限公司","3203080388854","2026-04-30","False","69","17:15","771","False"
"1、交易计算表4月.xls","2026-04","苏州市轨道交通集团有限公司","3203080388854","2026-04-30","False","70","17:30","742","False"
"1、交易计算表4月.xls","2026-04","苏州市轨道交通集团有限公司","3203080388854","2026-04-30","False","71","17:45","770","False"
"1、交易计算表4月.xls","2026-04","苏州市轨道交通集团有限公司","3203080388854","2026-04-30","False","72","18:00","743","False"
"1、交易计算表4月.xls","2026-04","苏州市轨道交通集团有限公司","3203080388854","2026-04-30","False","73","18:15","717","False"
"1、交易计算表4月.xls","2026-04","苏州市轨道交通集团有限公司","3203080388854","2026-04-30","False","74","18:30","743","False"
"1、交易计算表4月.xls","2026-04","苏州市轨道交通集团有限公司","3203080388854","2026-04-30","False","75","18:45","714","False"
"1、交易计算表4月.xls","2026-04","苏州市轨道交通集团有限公司","3203080388854","2026-04-30","False","76","19:00","689","False"
"1、交易计算表4月.xls","2026-04","苏州市轨道交通集团有限公司","3203080388854","2026-04-30","False","77","19:15","688","False"
"1、交易计算表4月.xls","2026-04","苏州市轨道交通集团有限公司","3203080388854","2026-04-30","False","78","19:30","660","False"
"1、交易计算表4月.xls","2026-04","苏州市轨道交通集团有限公司","3203080388854","2026-04-30","False","79","19:45","687","False"
"1、交易计算表4月.xls","2026-04","苏州市轨道交通集团有限公司","3203080388854","2026-04-30","False","80","20:00","717","False"
"1、交易计算表4月.xls","2026-04","苏州市轨道交通集团有限公司","3203080388854","2026-04-30","False","81","20:15","660","False"
"1、交易计算表4月.xls","2026-04","苏州市轨道交通集团有限公司","3203080388854","2026-04-30","False","82","20:30","715","False"
"1、交易计算表4月.xls","2026-04","苏州市轨道交通集团有限公司","3203080388854","2026-04-30","False","83","20:45","660","False"
"1、交易计算表4月.xls","2026-04","苏州市轨道交通集团有限公司","3203080388854","2026-04-30","False","84","21:00","661","False"
"1、交易计算表4月.xls","2026-04","苏州市轨道交通集团有限公司","3203080388854","2026-04-30","False","85","21:15","660","False"
"1、交易计算表4月.xls","2026-04","苏州市轨道交通集团有限公司","3203080388854","2026-04-30","False","86","21:30","633","False"
"1、交易计算表4月.xls","2026-04","苏州市轨道交通集团有限公司","3203080388854","2026-04-30","False","87","21:45","606","False"
"1、交易计算表4月.xls","2026-04","苏州市轨道交通集团有限公司","3203080388854","2026-04-30","False","88","22:00","578","False"
"1、交易计算表4月.xls","2026-04","苏州市轨道交通集团有限公司","3203080388854","2026-04-30","False","89","22:15","605","False"
"1、交易计算表4月.xls","2026-04","苏州市轨道交通集团有限公司","3203080388854","2026-04-30","False","90","22:30","577","False"
"1、交易计算表4月.xls","2026-04","苏州市轨道交通集团有限公司","3203080388854","2026-04-30","False","91","22:45","550","False"
"1、交易计算表4月.xls","2026-04","苏州市轨道交通集团有限公司","3203080388854","2026-04-30","False","92","23:00","497","False"
"1、交易计算表4月.xls","2026-04","苏州市轨道交通集团有限公司","3203080388854","2026-04-30","False","93","23:15","522","False"
"1、交易计算表4月.xls","2026-04","苏州市轨道交通集团有限公司","3203080388854","2026-04-30","False","94","23:30","495","False"
"1、交易计算表4月.xls","2026-04","苏州市轨道交通集团有限公司","3203080388854","2026-04-30","False","95","23:45","550","False"
"1、交易计算表4月.xls","2026-04","苏州市轨道交通集团有限公司","3203080388854","2026-04-30","False","96","24:00","526","False"
"1、交易计算表4月.xls","2026-04","苏州市轨道交通集团有限公司","3206622203295","2026-04-30","False","1","00:15","528","False"
"1、交易计算表4月.xls","2026-04","苏州市轨道交通集团有限公司","3206622203295","2026-04-30","False","2","00:30","484","False"
"1、交易计算表4月.xls","2026-04","苏州市轨道交通集团有限公司","3206622203295","2026-04-30","False","3","00:45","484","False"
"1、交易计算表4月.xls","2026-04","苏州市轨道交通集团有限公司","3206622203295","2026-04-30","False","4","01:00","484","False"
"1、交易计算表4月.xls","2026-04","苏州市轨道交通集团有限公司","3206622203295","2026-04-30","False","5","01:15","485","False"
"1、交易计算表4月.xls","2026-04","苏州市轨道交通集团有限公司","3206622203295","2026-04-30","False","6","01:30","440","False"
"1、交易计算表4月.xls","2026-04","苏州市轨道交通集团有限公司","3206622203295","2026-04-30","False","7","01:45","484","False"
"1、交易计算表4月.xls","2026-04","苏州市轨道交通集团有限公司","3206622203295","2026-04-30","False","8","02:00","4801","False"
"1、交易计算表4月.xls","2026-04","苏州市轨道交通集团有限公司","3206622203295","2026-04-30","False","9","02:15","440","False"
"1、交易计算表4月.xls","2026-04","苏州市轨道交通集团有限公司","3206622203295","2026-04-30","False","10","02:30","440","False"
"1、交易计算表4月.xls","2026-04","苏州市轨道交通集团有限公司","3206622203295","2026-04-30","False","11","02:45","440","False"
"1、交易计算表4月.xls","2026-04","苏州市轨道交通集团有限公司","3206622203295","2026-04-30","False","12","03:00","396","False"
"1、交易计算表4月.xls","2026-04","苏州市轨道交通集团有限公司","3206622203295","2026-04-30","False","13","03:15","440","False"
"1、交易计算表4月.xls","2026-04","苏州市轨道交通集团有限公司","3206622203295","2026-04-30","False","14","03:30","440","False"
"1、交易计算表4月.xls","2026-04","苏州市轨道交通集团有限公司","3206622203295","2026-04-30","False","15","03:45","441","False"
"1、交易计算表4月.xls","2026-04","苏州市轨道交通集团有限公司","3206622203295","2026-04-30","False","16","04:00","4846","False"
"1、交易计算表4月.xls","2026-04","苏州市轨道交通集团有限公司","3206622203295","2026-04-30","False","17","04:15","440","False"
"1、交易计算表4月.xls","2026-04","苏州市轨道交通集团有限公司","3206622203295","2026-04-30","False","18","04:30","484","False"
"1、交易计算表4月.xls","2026-04","苏州市轨道交通集团有限公司","3206622203295","2026-04-30","False","19","04:45","572","False"
"1、交易计算表4月.xls","2026-04","苏州市轨道交通集团有限公司","3206622203295","2026-04-30","False","20","05:00","573","False"
"1、交易计算表4月.xls","2026-04","苏州市轨道交通集团有限公司","3206622203295","2026-04-30","False","21","05:15","616","False"
"1、交易计算表4月.xls","2026-04","苏州市轨道交通集团有限公司","3206622203295","2026-04-30","False","22","05:30","617","False"
"1、交易计算表4月.xls","2026-04","苏州市轨道交通集团有限公司","3206622203295","2026-04-30","False","23","05:45","5067","False"
"1、交易计算表4月.xls","2026-04","苏州市轨道交通集团有限公司","3206622203295","2026-04-30","False","24","06:00","793","False"
"1、交易计算表4月.xls","2026-04","苏州市轨道交通集团有限公司","3206622203295","2026-04-30","False","25","06:15","969","False"
"1、交易计算表4月.xls","2026-04","苏州市轨道交通集团有限公司","3206622203295","2026-04-30","False","26","06:30","1013","False"
"1、交易计算表4月.xls","2026-04","苏州市轨道交通集团有限公司","3206622203295","2026-04-30","False","27","06:45","5417","False"
"1、交易计算表4月.xls","2026-04","苏州市轨道交通集团有限公司","3206622203295","2026-04-30","False","28","07:00","1057","False"
"1、交易计算表4月.xls","2026-04","苏州市轨道交通集团有限公司","3206622203295","2026-04-30","False","29","07:15","1100","False"
"1、交易计算表4月.xls","2026-04","苏州市轨道交通集团有限公司","3206622203295","2026-04-30","False","30","07:30","1145","False"
"1、交易计算表4月.xls","2026-04","苏州市轨道交通集团有限公司","3206622203295","2026-04-30","False","31","07:45","5684","False"
"1、交易计算表4月.xls","2026-04","苏州市轨道交通集团有限公司","3206622203295","2026-04-30","False","32","08:00","1321","False"
"1、交易计算表4月.xls","2026-04","苏州市轨道交通集团有限公司","3206622203295","2026-04-30","False","33","08:15","1321","False"
"1、交易计算表4月.xls","2026-04","苏州市轨道交通集团有限公司","3206622203295","2026-04-30","False","34","08:30","5772","False"
"1、交易计算表4月.xls","2026-04","苏州市轨道交通集团有限公司","3206622203295","2026-04-30","False","35","08:45","1321","False"
"1、交易计算表4月.xls","2026-04","苏州市轨道交通集团有限公司","3206622203295","2026-04-30","False","36","09:00","1321","False"
"1、交易计算表4月.xls","2026-04","苏州市轨道交通集团有限公司","3206622203295","2026-04-30","False","37","09:15","5816","False"
"1、交易计算表4月.xls","2026-04","苏州市轨道交通集团有限公司","3206622203295","2026-04-30","False","38","09:30","1409","False"
"1、交易计算表4月.xls","2026-04","苏州市轨道交通集团有限公司","3206622203295","2026-04-30","False","39","09:45","1366","False"
"1、交易计算表4月.xls","2026-04","苏州市轨道交通集团有限公司","3206622203295","2026-04-30","False","40","10:00","1321","False"
"1、交易计算表4月.xls","2026-04","苏州市轨道交通集团有限公司","3206622203295","2026-04-30","False","41","10:15","5726","False"
"1、交易计算表4月.xls","2026-04","苏州市轨道交通集团有限公司","3206622203295","2026-04-30","False","42","10:30","1233","False"
"1、交易计算表4月.xls","2026-04","苏州市轨道交通集团有限公司","3206622203295","2026-04-30","False","43","10:45","1233","False"
"1、交易计算表4月.xls","2026-04","苏州市轨道交通集团有限公司","3206622203295","2026-04-30","False","44","11:00","5595","False"
"1、交易计算表4月.xls","2026-04","苏州市轨道交通集团有限公司","3206622203295","2026-04-30","False","45","11:15","1189","False"
"1、交易计算表4月.xls","2026-04","苏州市轨道交通集团有限公司","3206622203295","2026-04-30","False","46","11:30","1145","False"
"1、交易计算表4月.xls","2026-04","苏州市轨道交通集团有限公司","3206622203295","2026-04-30","False","47","11:45","1145","False"
"1、交易计算表4月.xls","2026-04","苏州市轨道交通集团有限公司","3206622203295","2026-04-30","False","48","12:00","5551","False"
"1、交易计算表4月.xls","2026-04","苏州市轨道交通集团有限公司","3206622203295","2026-04-30","False","49","12:15","1057","False"
"1、交易计算表4月.xls","2026-04","苏州市轨道交通集团有限公司","3206622203295","2026-04-30","False","50","12:30","1145","False"
"1、交易计算表4月.xls","2026-04","苏州市轨道交通集团有限公司","3206622203295","2026-04-30","False","51","12:45","5506","False"
"1、交易计算表4月.xls","2026-04","苏州市轨道交通集团有限公司","3206622203295","2026-04-30","False","52","13:00","1189","False"
"1、交易计算表4月.xls","2026-04","苏州市轨道交通集团有限公司","3206622203295","2026-04-30","False","53","13:15","1145","False"
"1、交易计算表4月.xls","2026-04","苏州市轨道交通集团有限公司","3206622203295","2026-04-30","False","54","13:30","1145","False"
"1、交易计算表4月.xls","2026-04","苏州市轨道交通集团有限公司","3206622203295","2026-04-30","False","55","13:45","5550","False"
"1、交易计算表4月.xls","2026-04","苏州市轨道交通集团有限公司","3206622203295","2026-04-30","False","56","14:00","1189","False"
"1、交易计算表4月.xls","2026-04","苏州市轨道交通集团有限公司","3206622203295","2026-04-30","False","57","14:15","1145","False"
"1、交易计算表4月.xls","2026-04","苏州市轨道交通集团有限公司","3206622203295","2026-04-30","False","58","14:30","5595","False"
"1、交易计算表4月.xls","2026-04","苏州市轨道交通集团有限公司","3206622203295","2026-04-30","False","59","14:45","1145","False"
"1、交易计算表4月.xls","2026-04","苏州市轨道交通集团有限公司","3206622203295","2026-04-30","False","60","15:00","1189","False"
"1、交易计算表4月.xls","2026-04","苏州市轨道交通集团有限公司","3206622203295","2026-04-30","False","61","15:15","1188","False"
"1、交易计算表4月.xls","2026-04","苏州市轨道交通集团有限公司","3206622203295","2026-04-30","False","62","15:30","5595","False"
"1、交易计算表4月.xls","2026-04","苏州市轨道交通集团有限公司","3206622203295","2026-04-30","False","63","15:45","1189","False"
"1、交易计算表4月.xls","2026-04","苏州市轨道交通集团有限公司","3206622203295","2026-04-30","False","64","16:00","1234","False"
"1、交易计算表4月.xls","2026-04","苏州市轨道交通集团有限公司","3206622203295","2026-04-30","False","65","16:15","5594","False"
"1、交易计算表4月.xls","2026-04","苏州市轨道交通集团有限公司","3206622203295","2026-04-30","False","66","16:30","1234","False"
"1、交易计算表4月.xls","2026-04","苏州市轨道交通集团有限公司","3206622203295","2026-04-30","False","67","16:45","1277","False"
"1、交易计算表4月.xls","2026-04","苏州市轨道交通集团有限公司","3206622203295","2026-04-30","False","68","17:00","1277","False"
"1、交易计算表4月.xls","2026-04","苏州市轨道交通集团有限公司","3206622203295","2026-04-30","False","69","17:15","5638","False"
"1、交易计算表4月.xls","2026-04","苏州市轨道交通集团有限公司","3206622203295","2026-04-30","False","70","17:30","1321","False"
"1、交易计算表4月.xls","2026-04","苏州市轨道交通集团有限公司","3206622203295","2026-04-30","False","71","17:45","1322","False"
"1、交易计算表4月.xls","2026-04","苏州市轨道交通集团有限公司","3206622203295","2026-04-30","False","72","18:00","5727","False"
"1、交易计算表4月.xls","2026-04","苏州市轨道交通集团有限公司","3206622203295","2026-04-30","False","73","18:15","1365","False"
"1、交易计算表4月.xls","2026-04","苏州市轨道交通集团有限公司","3206622203295","2026-04-30","False","74","18:30","1366","False"
"1、交易计算表4月.xls","2026-04","苏州市轨道交通集团有限公司","3206622203295","2026-04-30","False","75","18:45","5639","False"
"1、交易计算表4月.xls","2026-04","苏州市轨道交通集团有限公司","3206622203295","2026-04-30","False","76","19:00","1277","False"
"1、交易计算表4月.xls","2026-04","苏州市轨道交通集团有限公司","3206622203295","2026-04-30","False","77","19:15","1145","False"
"1、交易计算表4月.xls","2026-04","苏州市轨道交通集团有限公司","3206622203295","2026-04-30","False","78","19:30","5507","False"
"1、交易计算表4月.xls","2026-04","苏州市轨道交通集团有限公司","3206622203295","2026-04-30","False","79","19:45","1100","False"
"1、交易计算表4月.xls","2026-04","苏州市轨道交通集团有限公司","3206622203295","2026-04-30","False","80","20:00","1013","False"
"1、交易计算表4月.xls","2026-04","苏州市轨道交通集团有限公司","3206622203295","2026-04-30","False","81","20:15","1057","False"
"1、交易计算表4月.xls","2026-04","苏州市轨道交通集团有限公司","3206622203295","2026-04-30","False","82","20:30","5374","False"
"1、交易计算表4月.xls","2026-04","苏州市轨道交通集团有限公司","3206622203295","2026-04-30","False","83","20:45","970","False"
"1、交易计算表4月.xls","2026-04","苏州市轨道交通集团有限公司","3206622203295","2026-04-30","False","84","21:00","1012","False"
"1、交易计算表4月.xls","2026-04","苏州市轨道交通集团有限公司","3206622203295","2026-04-30","False","85","21:15","5331","False"
"1、交易计算表4月.xls","2026-04","苏州市轨道交通集团有限公司","3206622203295","2026-04-30","False","86","21:30","882","False"
"1、交易计算表4月.xls","2026-04","苏州市轨道交通集团有限公司","3206622203295","2026-04-30","False","87","21:45","925","False"
"1、交易计算表4月.xls","2026-04","苏州市轨道交通集团有限公司","3206622203295","2026-04-30","False","88","22:00","881","False"
"1、交易计算表4月.xls","2026-04","苏州市轨道交通集团有限公司","3206622203295","2026-04-30","False","89","22:15","5331","False"
"1、交易计算表4月.xls","2026-04","苏州市轨道交通集团有限公司","3206622203295","2026-04-30","False","90","22:30","882","False"
"1、交易计算表4月.xls","2026-04","苏州市轨道交通集团有限公司","3206622203295","2026-04-30","False","91","22:45","969","False"
"1、交易计算表4月.xls","2026-04","苏州市轨道交通集团有限公司","3206622203295","2026-04-30","False","92","23:00","881","False"
"1、交易计算表4月.xls","2026-04","苏州市轨道交通集团有限公司","3206622203295","2026-04-30","False","93","23:15","5243","False"
"1、交易计算表4月.xls","2026-04","苏州市轨道交通集团有限公司","3206622203295","2026-04-30","False","94","23:30","837","False"
"1、交易计算表4月.xls","2026-04","苏州市轨道交通集团有限公司","3206622203295","2026-04-30","False","95","23:45","793","False"
"1、交易计算表4月.xls","2026-04","苏州市轨道交通集团有限公司","3206622203295","2026-04-30","False","96","24:00","862","False"
"1、交易计算表4月.xls","2026-04","总","","2026-04-30","True","1","00:15","11717","False"
"1、交易计算表4月.xls","2026-04","总","","2026-04-30","True","2","00:30","5025","False"
"1、交易计算表4月.xls","2026-04","总","","2026-04-30","True","3","00:45","1719","False"
"1、交易计算表4月.xls","2026-04","总","","2026-04-30","True","4","01:00","6064","False"
"1、交易计算表4月.xls","2026-04","总","","2026-04-30","True","5","01:15","13247","False"
"1、交易计算表4月.xls","2026-04","总","","2026-04-30","True","6","01:30","12642","False"
"1、交易计算表4月.xls","2026-04","总","","2026-04-30","True","7","01:45","9386","False"
"1、交易计算表4月.xls","2026-04","总","","2026-04-30","True","8","02:00","5927","False"
"1、交易计算表4月.xls","2026-04","总","","2026-04-30","True","9","02:15","6496","False"
"1、交易计算表4月.xls","2026-04","总","","2026-04-30","True","10","02:30","7596","False"
"1、交易计算表4月.xls","2026-04","总","","2026-04-30","True","11","02:45","9246","False"
"1、交易计算表4月.xls","2026-04","总","","2026-04-30","True","12","03:00","3694","False"
"1、交易计算表4月.xls","2026-04","总","","2026-04-30","True","13","03:15","1536","False"
"1、交易计算表4月.xls","2026-04","总","","2026-04-30","True","14","03:30","9255","False"
"1、交易计算表4月.xls","2026-04","总","","2026-04-30","True","15","03:45","7781","False"
"1、交易计算表4月.xls","2026-04","总","","2026-04-30","True","16","04:00","18171","False"
"1、交易计算表4月.xls","2026-04","总","","2026-04-30","True","17","04:15","6154","False"
"1、交易计算表4月.xls","2026-04","总","","2026-04-30","True","18","04:30","5691","False"
"1、交易计算表4月.xls","2026-04","总","","2026-04-30","True","19","04:45","7427","False"
"1、交易计算表4月.xls","2026-04","总","","2026-04-30","True","20","05:00","11225","False"
"1、交易计算表4月.xls","2026-04","总","","2026-04-30","True","21","05:15","2088","False"
"1、交易计算表4月.xls","2026-04","总","","2026-04-30","True","22","05:30","14341","False"
"1、交易计算表4月.xls","2026-04","总","","2026-04-30","True","23","05:45","23441","False"
"1、交易计算表4月.xls","2026-04","总","","2026-04-30","True","24","06:00","8398","False"
"1、交易计算表4月.xls","2026-04","总","","2026-04-30","True","25","06:15","14513","False"
"1、交易计算表4月.xls","2026-04","总","","2026-04-30","True","26","06:30","15742","False"
"1、交易计算表4月.xls","2026-04","总","","2026-04-30","True","27","06:45","21553","False"
"1、交易计算表4月.xls","2026-04","总","","2026-04-30","True","28","07:00","22802","False"
"1、交易计算表4月.xls","2026-04","总","","2026-04-30","True","29","07:15","25121","False"
"1、交易计算表4月.xls","2026-04","总","","2026-04-30","True","30","07:30","15818","False"
"1、交易计算表4月.xls","2026-04","总","","2026-04-30","True","31","07:45","24226","False"
"1、交易计算表4月.xls","2026-04","总","","2026-04-30","True","32","08:00","25883","False"
"1、交易计算表4月.xls","2026-04","总","","2026-04-30","True","33","08:15","21483","False"
"1、交易计算表4月.xls","2026-04","总","","2026-04-30","True","34","08:30","23208","False"
"1、交易计算表4月.xls","2026-04","总","","2026-04-30","True","35","08:45","28614","False"
"1、交易计算表4月.xls","2026-04","总","","2026-04-30","True","36","09:00","17642","False"
"1、交易计算表4月.xls","2026-04","总","","2026-04-30","True","37","09:15","29866","False"
"1、交易计算表4月.xls","2026-04","总","","2026-04-30","True","38","09:30","16067","False"
"1、交易计算表4月.xls","2026-04","总","","2026-04-30","True","39","09:45","20864","False"
"1、交易计算表4月.xls","2026-04","总","","2026-04-30","True","40","10:00","28006","False"
"1、交易计算表4月.xls","2026-04","总","","2026-04-30","True","41","10:15","16966","False"
"1、交易计算表4月.xls","2026-04","总","","2026-04-30","True","42","10:30","24003","False"
"1、交易计算表4月.xls","2026-04","总","","2026-04-30","True","43","10:45","16796","False"
"1、交易计算表4月.xls","2026-04","总","","2026-04-30","True","44","11:00","26224","False"
"1、交易计算表4月.xls","2026-04","总","","2026-04-30","True","45","11:15","17433","False"
"1、交易计算表4月.xls","2026-04","总","","2026-04-30","True","46","11:30","15636","False"
"1、交易计算表4月.xls","2026-04","总","","2026-04-30","True","47","11:45","23981","False"
"1、交易计算表4月.xls","2026-04","总","","2026-04-30","True","48","12:00","21672","False"
"1、交易计算表4月.xls","2026-04","总","","2026-04-30","True","49","12:15","24941","False"
"1、交易计算表4月.xls","2026-04","总","","2026-04-30","True","50","12:30","8459","False"
"1、交易计算表4月.xls","2026-04","总","","2026-04-30","True","51","12:45","36005","False"
"1、交易计算表4月.xls","2026-04","总","","2026-04-30","True","52","13:00","9068","False"
"1、交易计算表4月.xls","2026-04","总","","2026-04-30","True","53","13:15","24937","False"
"1、交易计算表4月.xls","2026-04","总","","2026-04-30","True","54","13:30","14004","False"
"1、交易计算表4月.xls","2026-04","总","","2026-04-30","True","55","13:45","30979","False"
"1、交易计算表4月.xls","2026-04","总","","2026-04-30","True","56","14:00","13518","False"
"1、交易计算表4月.xls","2026-04","总","","2026-04-30","True","57","14:15","19965","False"
"1、交易计算表4月.xls","2026-04","总","","2026-04-30","True","58","14:30","20667","False"
"1、交易计算表4月.xls","2026-04","总","","2026-04-30","True","59","14:45","18408","False"
"1、交易计算表4月.xls","2026-04","总","","2026-04-30","True","60","15:00","24488","False"
"1、交易计算表4月.xls","2026-04","总","","2026-04-30","True","61","15:15","11848","False"
"1、交易计算表4月.xls","2026-04","总","","2026-04-30","True","62","15:30","28975","False"
"1、交易计算表4月.xls","2026-04","总","","2026-04-30","True","63","15:45","20125","False"
"1、交易计算表4月.xls","2026-04","总","","2026-04-30","True","64","16:00","20735","False"
"1、交易计算表4月.xls","2026-04","总","","2026-04-30","True","65","16:15","21818","False"
"1、交易计算表4月.xls","2026-04","总","","2026-04-30","True","66","16:30","16943","False"
"1、交易计算表4月.xls","2026-04","总","","2026-04-30","True","67","16:45","30225","False"
"1、交易计算表4月.xls","2026-04","总","","2026-04-30","True","68","17:00","13261","False"
"1、交易计算表4月.xls","2026-04","总","","2026-04-30","True","69","17:15","28104","False"
"1、交易计算表4月.xls","2026-04","总","","2026-04-30","True","70","17:30","22748","False"
"1、交易计算表4月.xls","2026-04","总","","2026-04-30","True","71","17:45","20572","False"
"1、交易计算表4月.xls","2026-04","总","","2026-04-30","True","72","18:00","29863","False"
"1、交易计算表4月.xls","2026-04","总","","2026-04-30","True","73","18:15","17226","False"
"1、交易计算表4月.xls","2026-04","总","","2026-04-30","True","74","18:30","29407","False"
"1、交易计算表4月.xls","2026-04","总","","2026-04-30","True","75","18:45","24766","False"
"1、交易计算表4月.xls","2026-04","总","","2026-04-30","True","76","19:00","23741","False"
"1、交易计算表4月.xls","2026-04","总","","2026-04-30","True","77","19:15","21952","False"
"1、交易计算表4月.xls","2026-04","总","","2026-04-30","True","78","19:30","23482","False"
"1、交易计算表4月.xls","2026-04","总","","2026-04-30","True","79","19:45","16921","False"
"1、交易计算表4月.xls","2026-04","总","","2026-04-30","True","80","20:00","23914","False"
"1、交易计算表4月.xls","2026-04","总","","2026-04-30","True","81","20:15","20616","False"
"1、交易计算表4月.xls","2026-04","总","","2026-04-30","True","82","20:30","23903","False"
"1、交易计算表4月.xls","2026-04","总","","2026-04-30","True","83","20:45","19418","False"
"1、交易计算表4月.xls","2026-04","总","","2026-04-30","True","84","21:00","22764","False"
"1、交易计算表4月.xls","2026-04","总","","2026-04-30","True","85","21:15","22632","False"
"1、交易计算表4月.xls","2026-04","总","","2026-04-30","True","86","21:30","20330","False"
"1、交易计算表4月.xls","2026-04","总","","2026-04-30","True","87","21:45","14832","False"
"1、交易计算表4月.xls","2026-04","总","","2026-04-30","True","88","22:00","19148","False"
"1、交易计算表4月.xls","2026-04","总","","2026-04-30","True","89","22:15","21359","False"
"1、交易计算表4月.xls","2026-04","总","","2026-04-30","True","90","22:30","22427","False"
"1、交易计算表4月.xls","2026-04","总","","2026-04-30","True","91","22:45","19169","False"
"1、交易计算表4月.xls","2026-04","总","","2026-04-30","True","92","23:00","14542","False"
"1、交易计算表4月.xls","2026-04","总","","2026-04-30","True","93","23:15","16141","False"
"1、交易计算表4月.xls","2026-04","总","","2026-04-30","True","94","23:30","29346","False"
"1、交易计算表4月.xls","2026-04","总","","2026-04-30","True","95","23:45","12256","False"
"1、交易计算表4月.xls","2026-04","总","","2026-04-30","True","96","24:00","3467","False"
"1、交易计算表5月.xls","2026-05","苏州市轨道交通集团有限公司","3203079167484","2026-05-05","False","1","00:15","572","False"
"1、交易计算表5月.xls","2026-05","苏州市轨道交通集团有限公司","3203079167484","2026-05-05","False","2","00:30","418","False"
"1、交易计算表5月.xls","2026-05","苏州市轨道交通集团有限公司","3203079167484","2026-05-05","False","3","00:45","352","False"
"1、交易计算表5月.xls","2026-05","苏州市轨道交通集团有限公司","3203079167484","2026-05-05","False","4","01:00","2530","False"
"1、交易计算表5月.xls","2026-05","苏州市轨道交通集团有限公司","3203079167484","2026-05-05","False","5","01:15","352","False"
"1、交易计算表5月.xls","2026-05","苏州市轨道交通集团有限公司","3203079167484","2026-05-05","False","6","01:30","352","False"
"1、交易计算表5月.xls","2026-05","苏州市轨道交通集团有限公司","3203079167484","2026-05-05","False","7","01:45","352","False"
"1、交易计算表5月.xls","2026-05","苏州市轨道交通集团有限公司","3203079167484","2026-05-05","False","8","02:00","330","False"
"1、交易计算表5月.xls","2026-05","苏州市轨道交通集团有限公司","3203079167484","2026-05-05","False","9","02:15","2508","False"
"1、交易计算表5月.xls","2026-05","苏州市轨道交通集团有限公司","3203079167484","2026-05-05","False","10","02:30","308","False"
"1、交易计算表5月.xls","2026-05","苏州市轨道交通集团有限公司","3203079167484","2026-05-05","False","11","02:45","286","False"
"1、交易计算表5月.xls","2026-05","苏州市轨道交通集团有限公司","3203079167484","2026-05-05","False","12","03:00","308","False"
"1、交易计算表5月.xls","2026-05","苏州市轨道交通集团有限公司","3203079167484","2026-05-05","False","13","03:15","308","False"
"1、交易计算表5月.xls","2026-05","苏州市轨道交通集团有限公司","3203079167484","2026-05-05","False","14","03:30","308","False"
"1、交易计算表5月.xls","2026-05","苏州市轨道交通集团有限公司","3203079167484","2026-05-05","False","15","03:45","2486","False"
"1、交易计算表5月.xls","2026-05","苏州市轨道交通集团有限公司","3203079167484","2026-05-05","False","16","04:00","331","False"
"1、交易计算表5月.xls","2026-05","苏州市轨道交通集团有限公司","3203079167484","2026-05-05","False","17","04:15","418","False"
"1、交易计算表5月.xls","2026-05","苏州市轨道交通集团有限公司","3203079167484","2026-05-05","False","18","04:30","418","False"
"1、交易计算表5月.xls","2026-05","苏州市轨道交通集团有限公司","3203079167484","2026-05-05","False","19","04:45","440","False"
"1、交易计算表5月.xls","2026-05","苏州市轨道交通集团有限公司","3203079167484","2026-05-05","False","20","05:00","2596","False"
"1、交易计算表5月.xls","2026-05","苏州市轨道交通集团有限公司","3203079167484","2026-05-05","False","21","05:15","440","False"
"1、交易计算表5月.xls","2026-05","苏州市轨道交通集团有限公司","3203079167484","2026-05-05","False","22","05:30","506","False"
"1、交易计算表5月.xls","2026-05","苏州市轨道交通集团有限公司","3203079167484","2026-05-05","False","23","05:45","2750","False"
"1、交易计算表5月.xls","2026-05","苏州市轨道交通集团有限公司","3203079167484","2026-05-05","False","24","06:00","594","False"
"1、交易计算表5月.xls","2026-05","苏州市轨道交通集团有限公司","3203079167484","2026-05-05","False","25","06:15","704","False"
"1、交易计算表5月.xls","2026-05","苏州市轨道交通集团有限公司","3203079167484","2026-05-05","False","26","06:30","2904","False"
"1、交易计算表5月.xls","2026-05","苏州市轨道交通集团有限公司","3203079167484","2026-05-05","False","27","06:45","793","False"
"1、交易计算表5月.xls","2026-05","苏州市轨道交通集团有限公司","3203079167484","2026-05-05","False","28","07:00","3014","False"
"1、交易计算表5月.xls","2026-05","苏州市轨道交通集团有限公司","3203079167484","2026-05-05","False","29","07:15","792","False"
"1、交易计算表5月.xls","2026-05","苏州市轨道交通集团有限公司","3203079167484","2026-05-05","False","30","07:30","3036","False"
"1、交易计算表5月.xls","2026-05","苏州市轨道交通集团有限公司","3203079167484","2026-05-05","False","31","07:45","792","False"
"1、交易计算表5月.xls","2026-05","苏州市轨道交通集团有限公司","3203079167484","2026-05-05","False","32","08:00","2970","False"
"1、交易计算表5月.xls","2026-05","苏州市轨道交通集团有限公司","3203079167484","2026-05-05","False","33","08:15","748","False"
"1、交易计算表5月.xls","2026-05","苏州市轨道交通集团有限公司","3203079167484","2026-05-05","False","34","08:30","2927","False"
"1、交易计算表5月.xls","2026-05","苏州市轨道交通集团有限公司","3203079167484","2026-05-05","False","35","08:45","748","False"
"1、交易计算表5月.xls","2026-05","苏州市轨道交通集团有限公司","3203079167484","2026-05-05","False","36","09:00","726","False"
"1、交易计算表5月.xls","2026-05","苏州市轨道交通集团有限公司","3203079167484","2026-05-05","False","37","09:15","2904","False"
"1、交易计算表5月.xls","2026-05","苏州市轨道交通集团有限公司","3203079167484","2026-05-05","False","38","09:30","748","False"
"1、交易计算表5月.xls","2026-05","苏州市轨道交通集团有限公司","3203079167484","2026-05-05","False","39","09:45","2926","False"
"1、交易计算表5月.xls","2026-05","苏州市轨道交通集团有限公司","3203079167484","2026-05-05","False","40","10:00","748","False"
"1、交易计算表5月.xls","2026-05","苏州市轨道交通集团有限公司","3203079167484","2026-05-05","False","41","10:15","2949","False"
"1、交易计算表5月.xls","2026-05","苏州市轨道交通集团有限公司","3203079167484","2026-05-05","False","42","10:30","2948","False"
"1、交易计算表5月.xls","2026-05","苏州市轨道交通集团有限公司","3203079167484","2026-05-05","False","43","10:45","748","False"
"1、交易计算表5月.xls","2026-05","苏州市轨道交通集团有限公司","3203079167484","2026-05-05","False","44","11:00","2992","False"
"1、交易计算表5月.xls","2026-05","苏州市轨道交通集团有限公司","3203079167484","2026-05-05","False","45","11:15","748","False"
"1、交易计算表5月.xls","2026-05","苏州市轨道交通集团有限公司","3203079167484","2026-05-05","False","46","11:30","2992","False"
"1、交易计算表5月.xls","2026-05","苏州市轨道交通集团有限公司","3203079167484","2026-05-05","False","47","11:45","836","False"
"1、交易计算表5月.xls","2026-05","苏州市轨道交通集团有限公司","3203079167484","2026-05-05","False","48","12:00","2993","False"
"1、交易计算表5月.xls","2026-05","苏州市轨道交通集团有限公司","3203079167484","2026-05-05","False","49","12:15","792","False"
"1、交易计算表5月.xls","2026-05","苏州市轨道交通集团有限公司","3203079167484","2026-05-05","False","50","12:30","3014","False"
"1、交易计算表5月.xls","2026-05","苏州市轨道交通集团有限公司","3203079167484","2026-05-05","False","51","12:45","792","False"
"1、交易计算表5月.xls","2026-05","苏州市轨道交通集团有限公司","3203079167484","2026-05-05","False","52","13:00","2992","False"
"1、交易计算表5月.xls","2026-05","苏州市轨道交通集团有限公司","3203079167484","2026-05-05","False","53","13:15","792","False"
"1、交易计算表5月.xls","2026-05","苏州市轨道交通集团有限公司","3203079167484","2026-05-05","False","54","13:30","3037","False"
"1、交易计算表5月.xls","2026-05","苏州市轨道交通集团有限公司","3203079167484","2026-05-05","False","55","13:45","815","False"
"1、交易计算表5月.xls","2026-05","苏州市轨道交通集团有限公司","3203079167484","2026-05-05","False","56","14:00","814","False"
"1、交易计算表5月.xls","2026-05","苏州市轨道交通集团有限公司","3203079167484","2026-05-05","False","57","14:15","2992","False"
"1、交易计算表5月.xls","2026-05","苏州市轨道交通集团有限公司","3203079167484","2026-05-05","False","58","14:30","836","False"
"1、交易计算表5月.xls","2026-05","苏州市轨道交通集团有限公司","3203079167484","2026-05-05","False","59","14:45","3014","False"
"1、交易计算表5月.xls","2026-05","苏州市轨道交通集团有限公司","3203079167484","2026-05-05","False","60","15:00","792","False"
"1、交易计算表5月.xls","2026-05","苏州市轨道交通集团有限公司","3203079167484","2026-05-05","False","61","15:15","2992","False"
"1、交易计算表5月.xls","2026-05","苏州市轨道交通集团有限公司","3203079167484","2026-05-05","False","62","15:30","793","False"
"1、交易计算表5月.xls","2026-05","苏州市轨道交通集团有限公司","3203079167484","2026-05-05","False","63","15:45","2992","False"
"1、交易计算表5月.xls","2026-05","苏州市轨道交通集团有限公司","3203079167484","2026-05-05","False","64","16:00","770","False"
"1、交易计算表5月.xls","2026-05","苏州市轨道交通集团有限公司","3203079167484","2026-05-05","False","65","16:15","2948","False"
"1、交易计算表5月.xls","2026-05","苏州市轨道交通集团有限公司","3203079167484","2026-05-05","False","66","16:30","748","False"
"1、交易计算表5月.xls","2026-05","苏州市轨道交通集团有限公司","3203079167484","2026-05-05","False","67","16:45","2948","False"
"1、交易计算表5月.xls","2026-05","苏州市轨道交通集团有限公司","3203079167484","2026-05-05","False","68","17:00","814","False"
"1、交易计算表5月.xls","2026-05","苏州市轨道交通集团有限公司","3203079167484","2026-05-05","False","69","17:15","3037","False"
"1、交易计算表5月.xls","2026-05","苏州市轨道交通集团有限公司","3203079167484","2026-05-05","False","70","17:30","792","False"
"1、交易计算表5月.xls","2026-05","苏州市轨道交通集团有限公司","3203079167484","2026-05-05","False","71","17:45","2992","False"
"1、交易计算表5月.xls","2026-05","苏州市轨道交通集团有限公司","3203079167484","2026-05-05","False","72","18:00","814","False"
"1、交易计算表5月.xls","2026-05","苏州市轨道交通集团有限公司","3203079167484","2026-05-05","False","73","18:15","2992","False"
"1、交易计算表5月.xls","2026-05","苏州市轨道交通集团有限公司","3203079167484","2026-05-05","False","74","18:30","3014","False"
"1、交易计算表5月.xls","2026-05","苏州市轨道交通集团有限公司","3203079167484","2026-05-05","False","75","18:45","792","False"
"1、交易计算表5月.xls","2026-05","苏州市轨道交通集团有限公司","3203079167484","2026-05-05","False","76","19:00","2971","False"
"1、交易计算表5月.xls","2026-05","苏州市轨道交通集团有限公司","3203079167484","2026-05-05","False","77","19:15","770","False"
"1、交易计算表5月.xls","2026-05","苏州市轨道交通集团有限公司","3203079167484","2026-05-05","False","78","19:30","2948","False"
"1、交易计算表5月.xls","2026-05","苏州市轨道交通集团有限公司","3203079167484","2026-05-05","False","79","19:45","814","False"
"1、交易计算表5月.xls","2026-05","苏州市轨道交通集团有限公司","3203079167484","2026-05-05","False","80","20:00","3036","False"
"1、交易计算表5月.xls","2026-05","苏州市轨道交通集团有限公司","3203079167484","2026-05-05","False","81","20:15","880","False"
"1、交易计算表5月.xls","2026-05","苏州市轨道交通集团有限公司","3203079167484","2026-05-05","False","82","20:30","3080","False"
"1、交易计算表5月.xls","2026-05","苏州市轨道交通集团有限公司","3203079167484","2026-05-05","False","83","20:45","859","False"
"1、交易计算表5月.xls","2026-05","苏州市轨道交通集团有限公司","3203079167484","2026-05-05","False","84","21:00","3058","False"
"1、交易计算表5月.xls","2026-05","苏州市轨道交通集团有限公司","3203079167484","2026-05-05","False","85","21:15","858","False"
"1、交易计算表5月.xls","2026-05","苏州市轨道交通集团有限公司","3203079167484","2026-05-05","False","86","21:30","3036","False"
"1、交易计算表5月.xls","2026-05","苏州市轨道交通集团有限公司","3203079167484","2026-05-05","False","87","21:45","858","False"
"1、交易计算表5月.xls","2026-05","苏州市轨道交通集团有限公司","3203079167484","2026-05-05","False","88","22:00","858","False"
"1、交易计算表5月.xls","2026-05","苏州市轨道交通集团有限公司","3203079167484","2026-05-05","False","89","22:15","3037","False"
"1、交易计算表5月.xls","2026-05","苏州市轨道交通集团有限公司","3203079167484","2026-05-05","False","90","22:30","836","False"
"1、交易计算表5月.xls","2026-05","苏州市轨道交通集团有限公司","3203079167484","2026-05-05","False","91","22:45","3036","False"
"1、交易计算表5月.xls","2026-05","苏州市轨道交通集团有限公司","3203079167484","2026-05-05","False","92","23:00","814","False"
"1、交易计算表5月.xls","2026-05","苏州市轨道交通集团有限公司","3203079167484","2026-05-05","False","93","23:15","2948","False"
"1、交易计算表5月.xls","2026-05","苏州市轨道交通集团有限公司","3203079167484","2026-05-05","False","94","23:30","726","False"
"1、交易计算表5月.xls","2026-05","苏州市轨道交通集团有限公司","3203079167484","2026-05-05","False","95","23:45","682","False"
"1、交易计算表5月.xls","2026-05","苏州市轨道交通集团有限公司","3203079167484","2026-05-05","False","96","24:00","2840","False"
"1、交易计算表5月.xls","2026-05","苏州市轨道交通集团有限公司","3206622511667","2026-05-05","False","1","00:15","2201","False"
"1、交易计算表5月.xls","2026-05","苏州市轨道交通集团有限公司","3206622511667","2026-05-05","False","2","00:30","2201","False"
"1、交易计算表5月.xls","2026-05","苏州市轨道交通集团有限公司","3206622511667","2026-05-05","False","3","00:45","0","False"
"1、交易计算表5月.xls","2026-05","苏州市轨道交通集团有限公司","3206622511667","2026-05-05","False","4","01:00","0","False"
"1、交易计算表5月.xls","2026-05","苏州市轨道交通集团有限公司","3206622511667","2026-05-05","False","5","01:15","0","False"
"1、交易计算表5月.xls","2026-05","苏州市轨道交通集团有限公司","3206622511667","2026-05-05","False","6","01:30","0","False"
"1、交易计算表5月.xls","2026-05","苏州市轨道交通集团有限公司","3206622511667","2026-05-05","False","7","01:45","0","False"
"1、交易计算表5月.xls","2026-05","苏州市轨道交通集团有限公司","3206622511667","2026-05-05","False","8","02:00","0","False"
"1、交易计算表5月.xls","2026-05","苏州市轨道交通集团有限公司","3206622511667","2026-05-05","False","9","02:15","0","False"
"1、交易计算表5月.xls","2026-05","苏州市轨道交通集团有限公司","3206622511667","2026-05-05","False","10","02:30","2202","False"
"1、交易计算表5月.xls","2026-05","苏州市轨道交通集团有限公司","3206622511667","2026-05-05","False","11","02:45","2202","False"
"1、交易计算表5月.xls","2026-05","苏州市轨道交通集团有限公司","3206622511667","2026-05-05","False","12","03:00","0","False"
"1、交易计算表5月.xls","2026-05","苏州市轨道交通集团有限公司","3206622511667","2026-05-05","False","13","03:15","0","False"
"1、交易计算表5月.xls","2026-05","苏州市轨道交通集团有限公司","3206622511667","2026-05-05","False","14","03:30","0","False"
"1、交易计算表5月.xls","2026-05","苏州市轨道交通集团有限公司","3206622511667","2026-05-05","False","15","03:45","0","False"
"1、交易计算表5月.xls","2026-05","苏州市轨道交通集团有限公司","3206622511667","2026-05-05","False","16","04:00","0","False"
"1、交易计算表5月.xls","2026-05","苏州市轨道交通集团有限公司","3206622511667","2026-05-05","False","17","04:15","0","False"
"1、交易计算表5月.xls","2026-05","苏州市轨道交通集团有限公司","3206622511667","2026-05-05","False","18","04:30","0","False"
"1、交易计算表5月.xls","2026-05","苏州市轨道交通集团有限公司","3206622511667","2026-05-05","False","19","04:45","2202","False"
"1、交易计算表5月.xls","2026-05","苏州市轨道交通集团有限公司","3206622511667","2026-05-05","False","20","05:00","2202","False"
"1、交易计算表5月.xls","2026-05","苏州市轨道交通集团有限公司","3206622511667","2026-05-05","False","21","05:15","0","False"
"1、交易计算表5月.xls","2026-05","苏州市轨道交通集团有限公司","3206622511667","2026-05-05","False","22","05:30","0","False"
"1、交易计算表5月.xls","2026-05","苏州市轨道交通集团有限公司","3206622511667","2026-05-05","False","23","05:45","0","False"
"1、交易计算表5月.xls","2026-05","苏州市轨道交通集团有限公司","3206622511667","2026-05-05","False","24","06:00","0","False"
"1、交易计算表5月.xls","2026-05","苏州市轨道交通集团有限公司","3206622511667","2026-05-05","False","25","06:15","4404","False"
"1、交易计算表5月.xls","2026-05","苏州市轨道交通集团有限公司","3206622511667","2026-05-05","False","26","06:30","0","False"
"1、交易计算表5月.xls","2026-05","苏州市轨道交通集团有限公司","3206622511667","2026-05-05","False","27","06:45","0","False"
"1、交易计算表5月.xls","2026-05","苏州市轨道交通集团有限公司","3206622511667","2026-05-05","False","28","07:00","0","False"
"1、交易计算表5月.xls","2026-05","苏州市轨道交通集团有限公司","3206622511667","2026-05-05","False","29","07:15","2202","False"
"1、交易计算表5月.xls","2026-05","苏州市轨道交通集团有限公司","3206622511667","2026-05-05","False","30","07:30","2202","False"
"1、交易计算表5月.xls","2026-05","苏州市轨道交通集团有限公司","3206622511667","2026-05-05","False","31","07:45","0","False"
"1、交易计算表5月.xls","2026-05","苏州市轨道交通集团有限公司","3206622511667","2026-05-05","False","32","08:00","2202","False"
"1、交易计算表5月.xls","2026-05","苏州市轨道交通集团有限公司","3206622511667","2026-05-05","False","33","08:15","2202","False"
"1、交易计算表5月.xls","2026-05","苏州市轨道交通集团有限公司","3206622511667","2026-05-05","False","34","08:30","0","False"
"1、交易计算表5月.xls","2026-05","苏州市轨道交通集团有限公司","3206622511667","2026-05-05","False","35","08:45","2202","False"
"1、交易计算表5月.xls","2026-05","苏州市轨道交通集团有限公司","3206622511667","2026-05-05","False","36","09:00","0","False"
"1、交易计算表5月.xls","2026-05","苏州市轨道交通集团有限公司","3206622511667","2026-05-05","False","37","09:15","2202","False"
"1、交易计算表5月.xls","2026-05","苏州市轨道交通集团有限公司","3206622511667","2026-05-05","False","38","09:30","2202","False"
"1、交易计算表5月.xls","2026-05","苏州市轨道交通集团有限公司","3206622511667","2026-05-05","False","39","09:45","0","False"
"1、交易计算表5月.xls","2026-05","苏州市轨道交通集团有限公司","3206622511667","2026-05-05","False","40","10:00","4404","False"
"1、交易计算表5月.xls","2026-05","苏州市轨道交通集团有限公司","3206622511667","2026-05-05","False","41","10:15","0","False"
"1、交易计算表5月.xls","2026-05","苏州市轨道交通集团有限公司","3206622511667","2026-05-05","False","42","10:30","0","False"
"1、交易计算表5月.xls","2026-05","苏州市轨道交通集团有限公司","3206622511667","2026-05-05","False","43","10:45","4404","False"
"1、交易计算表5月.xls","2026-05","苏州市轨道交通集团有限公司","3206622511667","2026-05-05","False","44","11:00","0","False"
"1、交易计算表5月.xls","2026-05","苏州市轨道交通集团有限公司","3206622511667","2026-05-05","False","45","11:15","2202","False"
"1、交易计算表5月.xls","2026-05","苏州市轨道交通集团有限公司","3206622511667","2026-05-05","False","46","11:30","2202","False"
"1、交易计算表5月.xls","2026-05","苏州市轨道交通集团有限公司","3206622511667","2026-05-05","False","47","11:45","0","False"
"1、交易计算表5月.xls","2026-05","苏州市轨道交通集团有限公司","3206622511667","2026-05-05","False","48","12:00","2202","False"
"1、交易计算表5月.xls","2026-05","苏州市轨道交通集团有限公司","3206622511667","2026-05-05","False","49","12:15","2202","False"
"1、交易计算表5月.xls","2026-05","苏州市轨道交通集团有限公司","3206622511667","2026-05-05","False","50","12:30","0","False"
"1、交易计算表5月.xls","2026-05","苏州市轨道交通集团有限公司","3206622511667","2026-05-05","False","51","12:45","4404","False"
"1、交易计算表5月.xls","2026-05","苏州市轨道交通集团有限公司","3206622511667","2026-05-05","False","52","13:00","0","False"
"1、交易计算表5月.xls","2026-05","苏州市轨道交通集团有限公司","3206622511667","2026-05-05","False","53","13:15","0","False"
"1、交易计算表5月.xls","2026-05","苏州市轨道交通集团有限公司","3206622511667","2026-05-05","False","54","13:30","4404","False"
"1、交易计算表5月.xls","2026-05","苏州市轨道交通集团有限公司","3206622511667","2026-05-05","False","55","13:45","0","False"
"1、交易计算表5月.xls","2026-05","苏州市轨道交通集团有限公司","3206622511667","2026-05-05","False","56","14:00","0","False"
"1、交易计算表5月.xls","2026-05","苏州市轨道交通集团有限公司","3206622511667","2026-05-05","False","57","14:15","4404","False"
"1、交易计算表5月.xls","2026-05","苏州市轨道交通集团有限公司","3206622511667","2026-05-05","False","58","14:30","0","False"
"1、交易计算表5月.xls","2026-05","苏州市轨道交通集团有限公司","3206622511667","2026-05-05","False","59","14:45","4404","False"
"1、交易计算表5月.xls","2026-05","苏州市轨道交通集团有限公司","3206622511667","2026-05-05","False","60","15:00","0","False"
"1、交易计算表5月.xls","2026-05","苏州市轨道交通集团有限公司","3206622511667","2026-05-05","False","61","15:15","0","False"
"1、交易计算表5月.xls","2026-05","苏州市轨道交通集团有限公司","3206622511667","2026-05-05","False","62","15:30","4404","False"
"1、交易计算表5月.xls","2026-05","苏州市轨道交通集团有限公司","3206622511667","2026-05-05","False","63","15:45","0","False"
"1、交易计算表5月.xls","2026-05","苏州市轨道交通集团有限公司","3206622511667","2026-05-05","False","64","16:00","0","False"
"1、交易计算表5月.xls","2026-05","苏州市轨道交通集团有限公司","3206622511667","2026-05-05","False","65","16:15","4404","False"
"1、交易计算表5月.xls","2026-05","苏州市轨道交通集团有限公司","3206622511667","2026-05-05","False","66","16:30","0","False"
"1、交易计算表5月.xls","2026-05","苏州市轨道交通集团有限公司","3206622511667","2026-05-05","False","67","16:45","2202","False"
"1、交易计算表5月.xls","2026-05","苏州市轨道交通集团有限公司","3206622511667","2026-05-05","False","68","17:00","2202","False"
"1、交易计算表5月.xls","2026-05","苏州市轨道交通集团有限公司","3206622511667","2026-05-05","False","69","17:15","0","False"
"1、交易计算表5月.xls","2026-05","苏州市轨道交通集团有限公司","3206622511667","2026-05-05","False","70","17:30","4404","False"
"1、交易计算表5月.xls","2026-05","苏州市轨道交通集团有限公司","3206622511667","2026-05-05","False","71","17:45","0","False"
"1、交易计算表5月.xls","2026-05","苏州市轨道交通集团有限公司","3206622511667","2026-05-05","False","72","18:00","0","False"
"1、交易计算表5月.xls","2026-05","苏州市轨道交通集团有限公司","3206622511667","2026-05-05","False","73","18:15","4404","False"
"1、交易计算表5月.xls","2026-05","苏州市轨道交通集团有限公司","3206622511667","2026-05-05","False","74","18:30","0","False"
"1、交易计算表5月.xls","2026-05","苏州市轨道交通集团有限公司","3206622511667","2026-05-05","False","75","18:45","0","False"
"1、交易计算表5月.xls","2026-05","苏州市轨道交通集团有限公司","3206622511667","2026-05-05","False","76","19:00","4404","False"
"1、交易计算表5月.xls","2026-05","苏州市轨道交通集团有限公司","3206622511667","2026-05-05","False","77","19:15","0","False"
"1、交易计算表5月.xls","2026-05","苏州市轨道交通集团有限公司","3206622511667","2026-05-05","False","78","19:30","2202","False"
"1、交易计算表5月.xls","2026-05","苏州市轨道交通集团有限公司","3206622511667","2026-05-05","False","79","19:45","2202","False"
"1、交易计算表5月.xls","2026-05","苏州市轨道交通集团有限公司","3206622511667","2026-05-05","False","80","20:00","0","False"
"1、交易计算表5月.xls","2026-05","苏州市轨道交通集团有限公司","3206622511667","2026-05-05","False","81","20:15","2202","False"
"1、交易计算表5月.xls","2026-05","苏州市轨道交通集团有限公司","3206622511667","2026-05-05","False","82","20:30","2202","False"
"1、交易计算表5月.xls","2026-05","苏州市轨道交通集团有限公司","3206622511667","2026-05-05","False","83","20:45","0","False"
"1、交易计算表5月.xls","2026-05","苏州市轨道交通集团有限公司","3206622511667","2026-05-05","False","84","21:00","2202","False"
"1、交易计算表5月.xls","2026-05","苏州市轨道交通集团有限公司","3206622511667","2026-05-05","False","85","21:15","2202","False"
"1、交易计算表5月.xls","2026-05","苏州市轨道交通集团有限公司","3206622511667","2026-05-05","False","86","21:30","0","False"
"1、交易计算表5月.xls","2026-05","苏州市轨道交通集团有限公司","3206622511667","2026-05-05","False","87","21:45","2202","False"
"1、交易计算表5月.xls","2026-05","苏州市轨道交通集团有限公司","3206622511667","2026-05-05","False","88","22:00","2202","False"
"1、交易计算表5月.xls","2026-05","苏州市轨道交通集团有限公司","3206622511667","2026-05-05","False","89","22:15","0","False"
"1、交易计算表5月.xls","2026-05","苏州市轨道交通集团有限公司","3206622511667","2026-05-05","False","90","22:30","2202","False"
"1、交易计算表5月.xls","2026-05","苏州市轨道交通集团有限公司","3206622511667","2026-05-05","False","91","22:45","2202","False"
"1、交易计算表5月.xls","2026-05","苏州市轨道交通集团有限公司","3206622511667","2026-05-05","False","92","23:00","0","False"
"1、交易计算表5月.xls","2026-05","苏州市轨道交通集团有限公司","3206622511667","2026-05-05","False","93","23:15","2202","False"
"1、交易计算表5月.xls","2026-05","苏州市轨道交通集团有限公司","3206622511667","2026-05-05","False","94","23:30","0","False"
"1、交易计算表5月.xls","2026-05","苏州市轨道交通集团有限公司","3206622511667","2026-05-05","False","95","23:45","2202","False"
"1、交易计算表5月.xls","2026-05","苏州市轨道交通集团有限公司","3206622511667","2026-05-05","False","96","24:00","2202","False"
"1、交易计算表5月.xls","2026-05","苏州市轨道交通集团有限公司","3206622512416","2026-05-05","False","1","00:15","0","False"
"1、交易计算表5月.xls","2026-05","苏州市轨道交通集团有限公司","3206622512416","2026-05-05","False","2","00:30","0","False"
"1、交易计算表5月.xls","2026-05","苏州市轨道交通集团有限公司","3206622512416","2026-05-05","False","3","00:45","1651","False"
"1、交易计算表5月.xls","2026-05","苏州市轨道交通集团有限公司","3206622512416","2026-05-05","False","4","01:00","0","False"
"1、交易计算表5月.xls","2026-05","苏州市轨道交通集团有限公司","3206622512416","2026-05-05","False","5","01:15","1650","False"
"1、交易计算表5月.xls","2026-05","苏州市轨道交通集团有限公司","3206622512416","2026-05-05","False","6","01:30","0","False"
"1、交易计算表5月.xls","2026-05","苏州市轨道交通集团有限公司","3206622512416","2026-05-05","False","7","01:45","0","False"
"1、交易计算表5月.xls","2026-05","苏州市轨道交通集团有限公司","3206622512416","2026-05-05","False","8","02:00","0","False"
"1、交易计算表5月.xls","2026-05","苏州市轨道交通集团有限公司","3206622512416","2026-05-05","False","9","02:15","1652","False"
"1、交易计算表5月.xls","2026-05","苏州市轨道交通集团有限公司","3206622512416","2026-05-05","False","10","02:30","0","False"
"1、交易计算表5月.xls","2026-05","苏州市轨道交通集团有限公司","3206622512416","2026-05-05","False","11","02:45","0","False"
"1、交易计算表5月.xls","2026-05","苏州市轨道交通集团有限公司","3206622512416","2026-05-05","False","12","03:00","0","False"
"1、交易计算表5月.xls","2026-05","苏州市轨道交通集团有限公司","3206622512416","2026-05-05","False","13","03:15","0","False"
"1、交易计算表5月.xls","2026-05","苏州市轨道交通集团有限公司","3206622512416","2026-05-05","False","14","03:30","1650","False"
"1、交易计算表5月.xls","2026-05","苏州市轨道交通集团有限公司","3206622512416","2026-05-05","False","15","03:45","1651","False"
"1、交易计算表5月.xls","2026-05","苏州市轨道交通集团有限公司","3206622512416","2026-05-05","False","16","04:00","0","False"
"1、交易计算表5月.xls","2026-05","苏州市轨道交通集团有限公司","3206622512416","2026-05-05","False","17","04:15","0","False"
"1、交易计算表5月.xls","2026-05","苏州市轨道交通集团有限公司","3206622512416","2026-05-05","False","18","04:30","0","False"
"1、交易计算表5月.xls","2026-05","苏州市轨道交通集团有限公司","3206622512416","2026-05-05","False","19","04:45","0","False"
"1、交易计算表5月.xls","2026-05","苏州市轨道交通集团有限公司","3206622512416","2026-05-05","False","20","05:00","0","False"
"1、交易计算表5月.xls","2026-05","苏州市轨道交通集团有限公司","3206622512416","2026-05-05","False","21","05:15","1652","False"
"1、交易计算表5月.xls","2026-05","苏州市轨道交通集团有限公司","3206622512416","2026-05-05","False","22","05:30","0","False"
"1、交易计算表5月.xls","2026-05","苏州市轨道交通集团有限公司","3206622512416","2026-05-05","False","23","05:45","1651","False"
"1、交易计算表5月.xls","2026-05","苏州市轨道交通集团有限公司","3206622512416","2026-05-05","False","24","06:00","0","False"
"1、交易计算表5月.xls","2026-05","苏州市轨道交通集团有限公司","3206622512416","2026-05-05","False","25","06:15","1651","False"
"1、交易计算表5月.xls","2026-05","苏州市轨道交通集团有限公司","3206622512416","2026-05-05","False","26","06:30","0","False"
"1、交易计算表5月.xls","2026-05","苏州市轨道交通集团有限公司","3206622512416","2026-05-05","False","27","06:45","1650","False"
"1、交易计算表5月.xls","2026-05","苏州市轨道交通集团有限公司","3206622512416","2026-05-05","False","28","07:00","0","False"
"1、交易计算表5月.xls","2026-05","苏州市轨道交通集团有限公司","3206622512416","2026-05-05","False","29","07:15","1652","False"
"1、交易计算表5月.xls","2026-05","苏州市轨道交通集团有限公司","3206622512416","2026-05-05","False","30","07:30","0","False"
"1、交易计算表5月.xls","2026-05","苏州市轨道交通集团有限公司","3206622512416","2026-05-05","False","31","07:45","0","False"
"1、交易计算表5月.xls","2026-05","苏州市轨道交通集团有限公司","3206622512416","2026-05-05","False","32","08:00","3302","False"
"1、交易计算表5月.xls","2026-05","苏州市轨道交通集团有限公司","3206622512416","2026-05-05","False","33","08:15","0","False"
"1、交易计算表5月.xls","2026-05","苏州市轨道交通集团有限公司","3206622512416","2026-05-05","False","34","08:30","0","False"
"1、交易计算表5月.xls","2026-05","苏州市轨道交通集团有限公司","3206622512416","2026-05-05","False","35","08:45","1652","False"
"1、交易计算表5月.xls","2026-05","苏州市轨道交通集团有限公司","3206622512416","2026-05-05","False","36","09:00","0","False"
"1、交易计算表5月.xls","2026-05","苏州市轨道交通集团有限公司","3206622512416","2026-05-05","False","37","09:15","1650","False"
"1、交易计算表5月.xls","2026-05","苏州市轨道交通集团有限公司","3206622512416","2026-05-05","False","38","09:30","0","False"
"1、交易计算表5月.xls","2026-05","苏州市轨道交通集团有限公司","3206622512416","2026-05-05","False","39","09:45","1651","False"
"1、交易计算表5月.xls","2026-05","苏州市轨道交通集团有限公司","3206622512416","2026-05-05","False","40","10:00","0","False"
"1、交易计算表5月.xls","2026-05","苏州市轨道交通集团有限公司","3206622512416","2026-05-05","False","41","10:15","0","False"
"1、交易计算表5月.xls","2026-05","苏州市轨道交通集团有限公司","3206622512416","2026-05-05","False","42","10:30","1652","False"
"1、交易计算表5月.xls","2026-05","苏州市轨道交通集团有限公司","3206622512416","2026-05-05","False","43","10:45","0","False"
"1、交易计算表5月.xls","2026-05","苏州市轨道交通集团有限公司","3206622512416","2026-05-05","False","44","11:00","1651","False"
"1、交易计算表5月.xls","2026-05","苏州市轨道交通集团有限公司","3206622512416","2026-05-05","False","45","11:15","1651","False"
"1、交易计算表5月.xls","2026-05","苏州市轨道交通集团有限公司","3206622512416","2026-05-05","False","46","11:30","0","False"
"1、交易计算表5月.xls","2026-05","苏州市轨道交通集团有限公司","3206622512416","2026-05-05","False","47","11:45","0","False"
"1、交易计算表5月.xls","2026-05","苏州市轨道交通集团有限公司","3206622512416","2026-05-05","False","48","12:00","1652","False"
"1、交易计算表5月.xls","2026-05","苏州市轨道交通集团有限公司","3206622512416","2026-05-05","False","49","12:15","0","False"
"1、交易计算表5月.xls","2026-05","苏州市轨道交通集团有限公司","3206622512416","2026-05-05","False","50","12:30","1651","False"
"1、交易计算表5月.xls","2026-05","苏州市轨道交通集团有限公司","3206622512416","2026-05-05","False","51","12:45","0","False"
"1、交易计算表5月.xls","2026-05","苏州市轨道交通集团有限公司","3206622512416","2026-05-05","False","52","13:00","1650","False"
"1、交易计算表5月.xls","2026-05","苏州市轨道交通集团有限公司","3206622512416","2026-05-05","False","53","13:15","1652","False"
"1、交易计算表5月.xls","2026-05","苏州市轨道交通集团有限公司","3206622512416","2026-05-05","False","54","13:30","0","False"
"1、交易计算表5月.xls","2026-05","苏州市轨道交通集团有限公司","3206622512416","2026-05-05","False","55","13:45","0","False"
"1、交易计算表5月.xls","2026-05","苏州市轨道交通集团有限公司","3206622512416","2026-05-05","False","56","14:00","1651","False"
"1、交易计算表5月.xls","2026-05","苏州市轨道交通集团有限公司","3206622512416","2026-05-05","False","57","14:15","0","False"
"1、交易计算表5月.xls","2026-05","苏州市轨道交通集团有限公司","3206622512416","2026-05-05","False","58","14:30","0","False"
"1、交易计算表5月.xls","2026-05","苏州市轨道交通集团有限公司","3206622512416","2026-05-05","False","59","14:45","3303","False"
"1、交易计算表5月.xls","2026-05","苏州市轨道交通集团有限公司","3206622512416","2026-05-05","False","60","15:00","0","False"
"1、交易计算表5月.xls","2026-05","苏州市轨道交通集团有限公司","3206622512416","2026-05-05","False","61","15:15","0","False"
"1、交易计算表5月.xls","2026-05","苏州市轨道交通集团有限公司","3206622512416","2026-05-05","False","62","15:30","1651","False"
"1、交易计算表5月.xls","2026-05","苏州市轨道交通集团有限公司","3206622512416","2026-05-05","False","63","15:45","0","False"
"1、交易计算表5月.xls","2026-05","苏州市轨道交通集团有限公司","3206622512416","2026-05-05","False","64","16:00","1650","False"
"1、交易计算表5月.xls","2026-05","苏州市轨道交通集团有限公司","3206622512416","2026-05-05","False","65","16:15","1652","False"
"1、交易计算表5月.xls","2026-05","苏州市轨道交通集团有限公司","3206622512416","2026-05-05","False","66","16:30","0","False"
"1、交易计算表5月.xls","2026-05","苏州市轨道交通集团有限公司","3206622512416","2026-05-05","False","67","16:45","0","False"
"1、交易计算表5月.xls","2026-05","苏州市轨道交通集团有限公司","3206622512416","2026-05-05","False","68","17:00","3302","False"
"1、交易计算表5月.xls","2026-05","苏州市轨道交通集团有限公司","3206622512416","2026-05-05","False","69","17:15","0","False"
"1、交易计算表5月.xls","2026-05","苏州市轨道交通集团有限公司","3206622512416","2026-05-05","False","70","17:30","0","False"
"1、交易计算表5月.xls","2026-05","苏州市轨道交通集团有限公司","3206622512416","2026-05-05","False","71","17:45","3302","False"
"1、交易计算表5月.xls","2026-05","苏州市轨道交通集团有限公司","3206622512416","2026-05-05","False","72","18:00","0","False"
"1、交易计算表5月.xls","2026-05","苏州市轨道交通集团有限公司","3206622512416","2026-05-05","False","73","18:15","1651","False"
"1、交易计算表5月.xls","2026-05","苏州市轨道交通集团有限公司","3206622512416","2026-05-05","False","74","18:30","1651","False"
"1、交易计算表5月.xls","2026-05","苏州市轨道交通集团有限公司","3206622512416","2026-05-05","False","75","18:45","0","False"
"1、交易计算表5月.xls","2026-05","苏州市轨道交通集团有限公司","3206622512416","2026-05-05","False","76","19:00","1650","False"
"1、交易计算表5月.xls","2026-05","苏州市轨道交通集团有限公司","3206622512416","2026-05-05","False","77","19:15","1652","False"
"1、交易计算表5月.xls","2026-05","苏州市轨道交通集团有限公司","3206622512416","2026-05-05","False","78","19:30","1651","False"
"1、交易计算表5月.xls","2026-05","苏州市轨道交通集团有限公司","3206622512416","2026-05-05","False","79","19:45","0","False"
"1、交易计算表5月.xls","2026-05","苏州市轨道交通集团有限公司","3206622512416","2026-05-05","False","80","20:00","1651","False"
"1、交易计算表5月.xls","2026-05","苏州市轨道交通集团有限公司","3206622512416","2026-05-05","False","81","20:15","1650","False"
"1、交易计算表5月.xls","2026-05","苏州市轨道交通集团有限公司","3206622512416","2026-05-05","False","82","20:30","1652","False"
"1、交易计算表5月.xls","2026-05","苏州市轨道交通集团有限公司","3206622512416","2026-05-05","False","83","20:45","0","False"
"1、交易计算表5月.xls","2026-05","苏州市轨道交通集团有限公司","3206622512416","2026-05-05","False","84","21:00","1651","False"
"1、交易计算表5月.xls","2026-05","苏州市轨道交通集团有限公司","3206622512416","2026-05-05","False","85","21:15","1651","False"
"1、交易计算表5月.xls","2026-05","苏州市轨道交通集团有限公司","3206622512416","2026-05-05","False","86","21:30","1650","False"
"1、交易计算表5月.xls","2026-05","苏州市轨道交通集团有限公司","3206622512416","2026-05-05","False","87","21:45","0","False"
"1、交易计算表5月.xls","2026-05","苏州市轨道交通集团有限公司","3206622512416","2026-05-05","False","88","22:00","1652","False"
"1、交易计算表5月.xls","2026-05","苏州市轨道交通集团有限公司","3206622512416","2026-05-05","False","89","22:15","1651","False"
"1、交易计算表5月.xls","2026-05","苏州市轨道交通集团有限公司","3206622512416","2026-05-05","False","90","22:30","0","False"
"1、交易计算表5月.xls","2026-05","苏州市轨道交通集团有限公司","3206622512416","2026-05-05","False","91","22:45","0","False"
"1、交易计算表5月.xls","2026-05","苏州市轨道交通集团有限公司","3206622512416","2026-05-05","False","92","23:00","3301","False"
"1、交易计算表5月.xls","2026-05","苏州市轨道交通集团有限公司","3206622512416","2026-05-05","False","93","23:15","0","False"
"1、交易计算表5月.xls","2026-05","苏州市轨道交通集团有限公司","3206622512416","2026-05-05","False","94","23:30","0","False"
"1、交易计算表5月.xls","2026-05","苏州市轨道交通集团有限公司","3206622512416","2026-05-05","False","95","23:45","1652","False"
"1、交易计算表5月.xls","2026-05","苏州市轨道交通集团有限公司","3206622512416","2026-05-05","False","96","24:00","1651","False"
"1、交易计算表5月.xls","2026-05","苏州市轨道交通集团有限公司","3206619543230","2026-05-05","False","1","00:15","3301","False"
"1、交易计算表5月.xls","2026-05","苏州市轨道交通集团有限公司","3206619543230","2026-05-05","False","2","00:30","0","False"
"1、交易计算表5月.xls","2026-05","苏州市轨道交通集团有限公司","3206619543230","2026-05-05","False","3","00:45","3302","False"
"1、交易计算表5月.xls","2026-05","苏州市轨道交通集团有限公司","3206619543230","2026-05-05","False","4","01:00","3302","False"
"1、交易计算表5月.xls","2026-05","苏州市轨道交通集团有限公司","3206619543230","2026-05-05","False","5","01:15","0","False"
"1、交易计算表5月.xls","2026-05","苏州市轨道交通集团有限公司","3206619543230","2026-05-05","False","6","01:30","0","False"
"1、交易计算表5月.xls","2026-05","苏州市轨道交通集团有限公司","3206619543230","2026-05-05","False","7","01:45","0","False"
"1、交易计算表5月.xls","2026-05","苏州市轨道交通集团有限公司","3206619543230","2026-05-05","False","8","02:00","6604","False"
"1、交易计算表5月.xls","2026-05","苏州市轨道交通集团有限公司","3206619543230","2026-05-05","False","9","02:15","0","False"
"1、交易计算表5月.xls","2026-05","苏州市轨道交通集团有限公司","3206619543230","2026-05-05","False","10","02:30","0","False"
"1、交易计算表5月.xls","2026-05","苏州市轨道交通集团有限公司","3206619543230","2026-05-05","False","11","02:45","0","False"
"1、交易计算表5月.xls","2026-05","苏州市轨道交通集团有限公司","3206619543230","2026-05-05","False","12","03:00","3302","False"
"1、交易计算表5月.xls","2026-05","苏州市轨道交通集团有限公司","3206619543230","2026-05-05","False","13","03:15","3303","False"
"1、交易计算表5月.xls","2026-05","苏州市轨道交通集团有限公司","3206619543230","2026-05-05","False","14","03:30","0","False"
"1、交易计算表5月.xls","2026-05","苏州市轨道交通集团有限公司","3206619543230","2026-05-05","False","15","03:45","0","False"
"1、交易计算表5月.xls","2026-05","苏州市轨道交通集团有限公司","3206619543230","2026-05-05","False","16","04:00","3302","False"
"1、交易计算表5月.xls","2026-05","苏州市轨道交通集团有限公司","3206619543230","2026-05-05","False","17","04:15","0","False"
"1、交易计算表5月.xls","2026-05","苏州市轨道交通集团有限公司","3206619543230","2026-05-05","False","18","04:30","3303","False"
"1、交易计算表5月.xls","2026-05","苏州市轨道交通集团有限公司","3206619543230","2026-05-05","False","19","04:45","0","False"
"1、交易计算表5月.xls","2026-05","苏州市轨道交通集团有限公司","3206619543230","2026-05-05","False","20","05:00","3301","False"
"1、交易计算表5月.xls","2026-05","苏州市轨道交通集团有限公司","3206619543230","2026-05-05","False","21","05:15","0","False"
"1、交易计算表5月.xls","2026-05","苏州市轨道交通集团有限公司","3206619543230","2026-05-05","False","22","05:30","3303","False"
"1、交易计算表5月.xls","2026-05","苏州市轨道交通集团有限公司","3206619543230","2026-05-05","False","23","05:45","3302","False"
"1、交易计算表5月.xls","2026-05","苏州市轨道交通集团有限公司","3206619543230","2026-05-05","False","24","06:00","0","False"
"1、交易计算表5月.xls","2026-05","苏州市轨道交通集团有限公司","3206619543230","2026-05-05","False","25","06:15","3303","False"
"1、交易计算表5月.xls","2026-05","苏州市轨道交通集团有限公司","3206619543230","2026-05-05","False","26","06:30","3302","False"
"1、交易计算表5月.xls","2026-05","苏州市轨道交通集团有限公司","3206619543230","2026-05-05","False","27","06:45","3303","False"
"1、交易计算表5月.xls","2026-05","苏州市轨道交通集团有限公司","3206619543230","2026-05-05","False","28","07:00","6604","False"
"1、交易计算表5月.xls","2026-05","苏州市轨道交通集团有限公司","3206619543230","2026-05-05","False","29","07:15","0","False"
"1、交易计算表5月.xls","2026-05","苏州市轨道交通集团有限公司","3206619543230","2026-05-05","False","30","07:30","6605","False"
"1、交易计算表5月.xls","2026-05","苏州市轨道交通集团有限公司","3206619543230","2026-05-05","False","31","07:45","0","False"
"1、交易计算表5月.xls","2026-05","苏州市轨道交通集团有限公司","3206619543230","2026-05-05","False","32","08:00","6605","False"
"1、交易计算表5月.xls","2026-05","苏州市轨道交通集团有限公司","3206619543230","2026-05-05","False","33","08:15","0","False"
"1、交易计算表5月.xls","2026-05","苏州市轨道交通集团有限公司","3206619543230","2026-05-05","False","34","08:30","3303","False"
"1、交易计算表5月.xls","2026-05","苏州市轨道交通集团有限公司","3206619543230","2026-05-05","False","35","08:45","3301","False"
"1、交易计算表5月.xls","2026-05","苏州市轨道交通集团有限公司","3206619543230","2026-05-05","False","36","09:00","3303","False"
"1、交易计算表5月.xls","2026-05","苏州市轨道交通集团有限公司","3206619543230","2026-05-05","False","37","09:15","3302","False"
"1、交易计算表5月.xls","2026-05","苏州市轨道交通集团有限公司","3206619543230","2026-05-05","False","38","09:30","3303","False"
"1、交易计算表5月.xls","2026-05","苏州市轨道交通集团有限公司","3206619543230","2026-05-05","False","39","09:45","6604","False"
"1、交易计算表5月.xls","2026-05","苏州市轨道交通集团有限公司","3206619543230","2026-05-05","False","40","10:00","0","False"
"1、交易计算表5月.xls","2026-05","苏州市轨道交通集团有限公司","3206619543230","2026-05-05","False","41","10:15","6605","False"
"1、交易计算表5月.xls","2026-05","苏州市轨道交通集团有限公司","3206619543230","2026-05-05","False","42","10:30","0","False"
"1、交易计算表5月.xls","2026-05","苏州市轨道交通集团有限公司","3206619543230","2026-05-05","False","43","10:45","6605","False"
"1、交易计算表5月.xls","2026-05","苏州市轨道交通集团有限公司","3206619543230","2026-05-05","False","44","11:00","0","False"
"1、交易计算表5月.xls","2026-05","苏州市轨道交通集团有限公司","3206619543230","2026-05-05","False","45","11:15","6604","False"
"1、交易计算表5月.xls","2026-05","苏州市轨道交通集团有限公司","3206619543230","2026-05-05","False","46","11:30","3303","False"
"1、交易计算表5月.xls","2026-05","苏州市轨道交通集团有限公司","3206619543230","2026-05-05","False","47","11:45","0","False"
"1、交易计算表5月.xls","2026-05","苏州市轨道交通集团有限公司","3206619543230","2026-05-05","False","48","12:00","6605","False"
"1、交易计算表5月.xls","2026-05","苏州市轨道交通集团有限公司","3206619543230","2026-05-05","False","49","12:15","0","False"
"1、交易计算表5月.xls","2026-05","苏州市轨道交通集团有限公司","3206619543230","2026-05-05","False","50","12:30","6605","False"
"1、交易计算表5月.xls","2026-05","苏州市轨道交通集团有限公司","3206619543230","2026-05-05","False","51","12:45","3303","False"
"1、交易计算表5月.xls","2026-05","苏州市轨道交通集团有限公司","3206619543230","2026-05-05","False","52","13:00","3301","False"
"1、交易计算表5月.xls","2026-05","苏州市轨道交通集团有限公司","3206619543230","2026-05-05","False","53","13:15","3303","False"
"1、交易计算表5月.xls","2026-05","苏州市轨道交通集团有限公司","3206619543230","2026-05-05","False","54","13:30","3302","False"
"1、交易计算表5月.xls","2026-05","苏州市轨道交通集团有限公司","3206619543230","2026-05-05","False","55","13:45","3303","False"
"1、交易计算表5月.xls","2026-05","苏州市轨道交通集团有限公司","3206619543230","2026-05-05","False","56","14:00","0","False"
"1、交易计算表5月.xls","2026-05","苏州市轨道交通集团有限公司","3206619543230","2026-05-05","False","57","14:15","6605","False"
"1、交易计算表5月.xls","2026-05","苏州市轨道交通集团有限公司","3206619543230","2026-05-05","False","58","14:30","3303","False"
"1、交易计算表5月.xls","2026-05","苏州市轨道交通集团有限公司","3206619543230","2026-05-05","False","59","14:45","3301","False"
"1、交易计算表5月.xls","2026-05","苏州市轨道交通集团有限公司","3206619543230","2026-05-05","False","60","15:00","3303","False"
"1、交易计算表5月.xls","2026-05","苏州市轨道交通集团有限公司","3206619543230","2026-05-05","False","61","15:15","3302","False"
"1、交易计算表5月.xls","2026-05","苏州市轨道交通集团有限公司","3206619543230","2026-05-05","False","62","15:30","3303","False"
"1、交易计算表5月.xls","2026-05","苏州市轨道交通集团有限公司","3206619543230","2026-05-05","False","63","15:45","6605","False"
"1、交易计算表5月.xls","2026-05","苏州市轨道交通集团有限公司","3206619543230","2026-05-05","False","64","16:00","0","False"
"1、交易计算表5月.xls","2026-05","苏州市轨道交通集团有限公司","3206619543230","2026-05-05","False","65","16:15","6604","False"
"1、交易计算表5月.xls","2026-05","苏州市轨道交通集团有限公司","3206619543230","2026-05-05","False","66","16:30","0","False"
"1、交易计算表5月.xls","2026-05","苏州市轨道交通集团有限公司","3206619543230","2026-05-05","False","67","16:45","6605","False"
"1、交易计算表5月.xls","2026-05","苏州市轨道交通集团有限公司","3206619543230","2026-05-05","False","68","17:00","3303","False"
"1、交易计算表5月.xls","2026-05","苏州市轨道交通集团有限公司","3206619543230","2026-05-05","False","69","17:15","3301","False"
"1、交易计算表5月.xls","2026-05","苏州市轨道交通集团有限公司","3206619543230","2026-05-05","False","70","17:30","3303","False"
"1、交易计算表5月.xls","2026-05","苏州市轨道交通集团有限公司","3206619543230","2026-05-05","False","71","17:45","3302","False"
"1、交易计算表5月.xls","2026-05","苏州市轨道交通集团有限公司","3206619543230","2026-05-05","False","72","18:00","6605","False"
"1、交易计算表5月.xls","2026-05","苏州市轨道交通集团有限公司","3206619543230","2026-05-05","False","73","18:15","0","False"
"1、交易计算表5月.xls","2026-05","苏州市轨道交通集团有限公司","3206619543230","2026-05-05","False","74","18:30","6604","False"
"1、交易计算表5月.xls","2026-05","苏州市轨道交通集团有限公司","3206619543230","2026-05-05","False","75","18:45","3303","False"
"1、交易计算表5月.xls","2026-05","苏州市轨道交通集团有限公司","3206619543230","2026-05-05","False","76","19:00","3302","False"
"1、交易计算表5月.xls","2026-05","苏州市轨道交通集团有限公司","3206619543230","2026-05-05","False","77","19:15","6605","False"
"1、交易计算表5月.xls","2026-05","苏州市轨道交通集团有限公司","3206619543230","2026-05-05","False","78","19:30","0","False"
"1、交易计算表5月.xls","2026-05","苏州市轨道交通集团有限公司","3206619543230","2026-05-05","False","79","19:45","6604","False"
"1、交易计算表5月.xls","2026-05","苏州市轨道交通集团有限公司","3206619543230","2026-05-05","False","80","20:00","3303","False"
"1、交易计算表5月.xls","2026-05","苏州市轨道交通集团有限公司","3206619543230","2026-05-05","False","81","20:15","3302","False"
"1、交易计算表5月.xls","2026-05","苏州市轨道交通集团有限公司","3206619543230","2026-05-05","False","82","20:30","3303","False"
"1、交易计算表5月.xls","2026-05","苏州市轨道交通集团有限公司","3206619543230","2026-05-05","False","83","20:45","3302","False"
"1、交易计算表5月.xls","2026-05","苏州市轨道交通集团有限公司","3206619543230","2026-05-05","False","84","21:00","6604","False"
"1、交易计算表5月.xls","2026-05","苏州市轨道交通集团有限公司","3206619543230","2026-05-05","False","85","21:15","0","False"
"1、交易计算表5月.xls","2026-05","苏州市轨道交通集团有限公司","3206619543230","2026-05-05","False","86","21:30","6605","False"
"1、交易计算表5月.xls","2026-05","苏州市轨道交通集团有限公司","3206619543230","2026-05-05","False","87","21:45","3303","False"
"1、交易计算表5月.xls","2026-05","苏州市轨道交通集团有限公司","3206619543230","2026-05-05","False","88","22:00","3302","False"
"1、交易计算表5月.xls","2026-05","苏州市轨道交通集团有限公司","3206619543230","2026-05-05","False","89","22:15","3303","False"
"1、交易计算表5月.xls","2026-05","苏州市轨道交通集团有限公司","3206619543230","2026-05-05","False","90","22:30","3301","False"
"1、交易计算表5月.xls","2026-05","苏州市轨道交通集团有限公司","3206619543230","2026-05-05","False","91","22:45","3303","False"
"1、交易计算表5月.xls","2026-05","苏州市轨道交通集团有限公司","3206619543230","2026-05-05","False","92","23:00","3302","False"
"1、交易计算表5月.xls","2026-05","苏州市轨道交通集团有限公司","3206619543230","2026-05-05","False","93","23:15","3303","False"
"1、交易计算表5月.xls","2026-05","苏州市轨道交通集团有限公司","3206619543230","2026-05-05","False","94","23:30","3302","False"
"1、交易计算表5月.xls","2026-05","苏州市轨道交通集团有限公司","3206619543230","2026-05-05","False","95","23:45","3303","False"
"1、交易计算表5月.xls","2026-05","苏州市轨道交通集团有限公司","3206619543230","2026-05-05","False","96","24:00","0","False"
"1、交易计算表5月.xls","2026-05","苏州市轨道交通集团有限公司","3206618005424","2026-05-05","False","1","00:15","2200","False"
"1、交易计算表5月.xls","2026-05","苏州市轨道交通集团有限公司","3206618005424","2026-05-05","False","2","00:30","0","False"
"1、交易计算表5月.xls","2026-05","苏州市轨道交通集团有限公司","3206618005424","2026-05-05","False","3","00:45","0","False"
"1、交易计算表5月.xls","2026-05","苏州市轨道交通集团有限公司","3206618005424","2026-05-05","False","4","01:00","0","False"
"1、交易计算表5月.xls","2026-05","苏州市轨道交通集团有限公司","3206618005424","2026-05-05","False","5","01:15","4402","False"
"1、交易计算表5月.xls","2026-05","苏州市轨道交通集团有限公司","3206618005424","2026-05-05","False","6","01:30","0","False"
"1、交易计算表5月.xls","2026-05","苏州市轨道交通集团有限公司","3206618005424","2026-05-05","False","7","01:45","0","False"
"1、交易计算表5月.xls","2026-05","苏州市轨道交通集团有限公司","3206618005424","2026-05-05","False","8","02:00","0","False"
"1、交易计算表5月.xls","2026-05","苏州市轨道交通集团有限公司","3206618005424","2026-05-05","False","9","02:15","0","False"
"1、交易计算表5月.xls","2026-05","苏州市轨道交通集团有限公司","3206618005424","2026-05-05","False","10","02:30","2200","False"
"1、交易计算表5月.xls","2026-05","苏州市轨道交通集团有限公司","3206618005424","2026-05-05","False","11","02:45","0","False"
"1、交易计算表5月.xls","2026-05","苏州市轨道交通集团有限公司","3206618005424","2026-05-05","False","12","03:00","0","False"
"1、交易计算表5月.xls","2026-05","苏州市轨道交通集团有限公司","3206618005424","2026-05-05","False","13","03:15","0","False"
"1、交易计算表5月.xls","2026-05","苏州市轨道交通集团有限公司","3206618005424","2026-05-05","False","14","03:30","0","False"
"1、交易计算表5月.xls","2026-05","苏州市轨道交通集团有限公司","3206618005424","2026-05-05","False","15","03:45","0","False"
"1、交易计算表5月.xls","2026-05","苏州市轨道交通集团有限公司","3206618005424","2026-05-05","False","16","04:00","2201","False"
"1、交易计算表5月.xls","2026-05","苏州市轨道交通集团有限公司","3206618005424","2026-05-05","False","17","04:15","0","False"
"1、交易计算表5月.xls","2026-05","苏州市轨道交通集团有限公司","3206618005424","2026-05-05","False","18","04:30","0","False"
"1、交易计算表5月.xls","2026-05","苏州市轨道交通集团有限公司","3206618005424","2026-05-05","False","19","04:45","2202","False"
"1、交易计算表5月.xls","2026-05","苏州市轨道交通集团有限公司","3206618005424","2026-05-05","False","20","05:00","0","False"
"1、交易计算表5月.xls","2026-05","苏州市轨道交通集团有限公司","3206618005424","2026-05-05","False","21","05:15","2201","False"
"1、交易计算表5月.xls","2026-05","苏州市轨道交通集团有限公司","3206618005424","2026-05-05","False","22","05:30","0","False"
"1、交易计算表5月.xls","2026-05","苏州市轨道交通集团有限公司","3206618005424","2026-05-05","False","23","05:45","0","False"
"1、交易计算表5月.xls","2026-05","苏州市轨道交通集团有限公司","3206618005424","2026-05-05","False","24","06:00","2200","False"
"1、交易计算表5月.xls","2026-05","苏州市轨道交通集团有限公司","3206618005424","2026-05-05","False","25","06:15","0","False"
"1、交易计算表5月.xls","2026-05","苏州市轨道交通集团有限公司","3206618005424","2026-05-05","False","26","06:30","2201","False"
"1、交易计算表5月.xls","2026-05","苏州市轨道交通集团有限公司","3206618005424","2026-05-05","False","27","06:45","2201","False"
"1、交易计算表5月.xls","2026-05","苏州市轨道交通集团有限公司","3206618005424","2026-05-05","False","28","07:00","0","False"
"1、交易计算表5月.xls","2026-05","苏州市轨道交通集团有限公司","3206618005424","2026-05-05","False","29","07:15","4403","False"
"1、交易计算表5月.xls","2026-05","苏州市轨道交通集团有限公司","3206618005424","2026-05-05","False","30","07:30","0","False"
"1、交易计算表5月.xls","2026-05","苏州市轨道交通集团有限公司","3206618005424","2026-05-05","False","31","07:45","0","False"
"1、交易计算表5月.xls","2026-05","苏州市轨道交通集团有限公司","3206618005424","2026-05-05","False","32","08:00","2200","False"
"1、交易计算表5月.xls","2026-05","苏州市轨道交通集团有限公司","3206618005424","2026-05-05","False","33","08:15","2201","False"
"1、交易计算表5月.xls","2026-05","苏州市轨道交通集团有限公司","3206618005424","2026-05-05","False","34","08:30","2201","False"
"1、交易计算表5月.xls","2026-05","苏州市轨道交通集团有限公司","3206618005424","2026-05-05","False","35","08:45","0","False"
"1、交易计算表5月.xls","2026-05","苏州市轨道交通集团有限公司","3206618005424","2026-05-05","False","36","09:00","4403","False"
"1、交易计算表5月.xls","2026-05","苏州市轨道交通集团有限公司","3206618005424","2026-05-05","False","37","09:15","0","False"
"1、交易计算表5月.xls","2026-05","苏州市轨道交通集团有限公司","3206618005424","2026-05-05","False","38","09:30","2200","False"
"1、交易计算表5月.xls","2026-05","苏州市轨道交通集团有限公司","3206618005424","2026-05-05","False","39","09:45","2201","False"
"1、交易计算表5月.xls","2026-05","苏州市轨道交通集团有限公司","3206618005424","2026-05-05","False","40","10:00","2201","False"
"1、交易计算表5月.xls","2026-05","苏州市轨道交通集团有限公司","3206618005424","2026-05-05","False","41","10:15","2202","False"
"1、交易计算表5月.xls","2026-05","苏州市轨道交通集团有限公司","3206618005424","2026-05-05","False","42","10:30","2201","False"
"1、交易计算表5月.xls","2026-05","苏州市轨道交通集团有限公司","3206618005424","2026-05-05","False","43","10:45","0","False"
"1、交易计算表5月.xls","2026-05","苏州市轨道交通集团有限公司","3206618005424","2026-05-05","False","44","11:00","4401","False"
"1、交易计算表5月.xls","2026-05","苏州市轨道交通集团有限公司","3206618005424","2026-05-05","False","45","11:15","0","False"
"1、交易计算表5月.xls","2026-05","苏州市轨道交通集团有限公司","3206618005424","2026-05-05","False","46","11:30","2201","False"
"1、交易计算表5月.xls","2026-05","苏州市轨道交通集团有限公司","3206618005424","2026-05-05","False","47","11:45","2202","False"
"1、交易计算表5月.xls","2026-05","苏州市轨道交通集团有限公司","3206618005424","2026-05-05","False","48","12:00","2201","False"
"1、交易计算表5月.xls","2026-05","苏州市轨道交通集团有限公司","3206618005424","2026-05-05","False","49","12:15","2200","False"
"1、交易计算表5月.xls","2026-05","苏州市轨道交通集团有限公司","3206618005424","2026-05-05","False","50","12:30","2201","False"
"1、交易计算表5月.xls","2026-05","苏州市轨道交通集团有限公司","3206618005424","2026-05-05","False","51","12:45","2201","False"
"1、交易计算表5月.xls","2026-05","苏州市轨道交通集团有限公司","3206618005424","2026-05-05","False","52","13:00","4403","False"
"1、交易计算表5月.xls","2026-05","苏州市轨道交通集团有限公司","3206618005424","2026-05-05","False","53","13:15","0","False"
"1、交易计算表5月.xls","2026-05","苏州市轨道交通集团有限公司","3206618005424","2026-05-05","False","54","13:30","0","False"
"1、交易计算表5月.xls","2026-05","苏州市轨道交通集团有限公司","3206618005424","2026-05-05","False","55","13:45","4401","False"
"1、交易计算表5月.xls","2026-05","苏州市轨道交通集团有限公司","3206618005424","2026-05-05","False","56","14:00","0","False"
"1、交易计算表5月.xls","2026-05","苏州市轨道交通集团有限公司","3206618005424","2026-05-05","False","57","14:15","4403","False"
"1、交易计算表5月.xls","2026-05","苏州市轨道交通集团有限公司","3206618005424","2026-05-05","False","58","14:30","0","False"
"1、交易计算表5月.xls","2026-05","苏州市轨道交通集团有限公司","3206618005424","2026-05-05","False","59","14:45","4402","False"
"1、交易计算表5月.xls","2026-05","苏州市轨道交通集团有限公司","3206618005424","2026-05-05","False","60","15:00","2200","False"
"1、交易计算表5月.xls","2026-05","苏州市轨道交通集团有限公司","3206618005424","2026-05-05","False","61","15:15","2202","False"
"1、交易计算表5月.xls","2026-05","苏州市轨道交通集团有限公司","3206618005424","2026-05-05","False","62","15:30","2201","False"
"1、交易计算表5月.xls","2026-05","苏州市轨道交通集团有限公司","3206618005424","2026-05-05","False","63","15:45","2202","False"
"1、交易计算表5月.xls","2026-05","苏州市轨道交通集团有限公司","3206618005424","2026-05-05","False","64","16:00","2201","False"
"1、交易计算表5月.xls","2026-05","苏州市轨道交通集团有限公司","3206618005424","2026-05-05","False","65","16:15","2201","False"
"1、交易计算表5月.xls","2026-05","苏州市轨道交通集团有限公司","3206618005424","2026-05-05","False","66","16:30","2200","False"
"1、交易计算表5月.xls","2026-05","苏州市轨道交通集团有限公司","3206618005424","2026-05-05","False","67","16:45","0","False"
"1、交易计算表5月.xls","2026-05","苏州市轨道交通集团有限公司","3206618005424","2026-05-05","False","68","17:00","4403","False"
"1、交易计算表5月.xls","2026-05","苏州市轨道交通集团有限公司","3206618005424","2026-05-05","False","69","17:15","0","False"
"1、交易计算表5月.xls","2026-05","苏州市轨道交通集团有限公司","3206618005424","2026-05-05","False","70","17:30","4402","False"
"1、交易计算表5月.xls","2026-05","苏州市轨道交通集团有限公司","3206618005424","2026-05-05","False","71","17:45","0","False"
"1、交易计算表5月.xls","2026-05","苏州市轨道交通集团有限公司","3206618005424","2026-05-05","False","72","18:00","4402","False"
"1、交易计算表5月.xls","2026-05","苏州市轨道交通集团有限公司","3206618005424","2026-05-05","False","73","18:15","0","False"
"1、交易计算表5月.xls","2026-05","苏州市轨道交通集团有限公司","3206618005424","2026-05-05","False","74","18:30","4402","False"
"1、交易计算表5月.xls","2026-05","苏州市轨道交通集团有限公司","3206618005424","2026-05-05","False","75","18:45","2201","False"
"1、交易计算表5月.xls","2026-05","苏州市轨道交通集团有限公司","3206618005424","2026-05-05","False","76","19:00","2202","False"
"1、交易计算表5月.xls","2026-05","苏州市轨道交通集团有限公司","3206618005424","2026-05-05","False","77","19:15","2200","False"
"1、交易计算表5月.xls","2026-05","苏州市轨道交通集团有限公司","3206618005424","2026-05-05","False","78","19:30","2201","False"
"1、交易计算表5月.xls","2026-05","苏州市轨道交通集团有限公司","3206618005424","2026-05-05","False","79","19:45","2201","False"
"1、交易计算表5月.xls","2026-05","苏州市轨道交通集团有限公司","3206618005424","2026-05-05","False","80","20:00","0","False"
"1、交易计算表5月.xls","2026-05","苏州市轨道交通集团有限公司","3206618005424","2026-05-05","False","81","20:15","4403","False"
"1、交易计算表5月.xls","2026-05","苏州市轨道交通集团有限公司","3206618005424","2026-05-05","False","82","20:30","0","False"
"1、交易计算表5月.xls","2026-05","苏州市轨道交通集团有限公司","3206618005424","2026-05-05","False","83","20:45","4401","False"
"1、交易计算表5月.xls","2026-05","苏州市轨道交通集团有限公司","3206618005424","2026-05-05","False","84","21:00","0","False"
"1、交易计算表5月.xls","2026-05","苏州市轨道交通集团有限公司","3206618005424","2026-05-05","False","85","21:15","4403","False"
"1、交易计算表5月.xls","2026-05","苏州市轨道交通集团有限公司","3206618005424","2026-05-05","False","86","21:30","0","False"
"1、交易计算表5月.xls","2026-05","苏州市轨道交通集团有限公司","3206618005424","2026-05-05","False","87","21:45","4402","False"
"1、交易计算表5月.xls","2026-05","苏州市轨道交通集团有限公司","3206618005424","2026-05-05","False","88","22:00","0","False"
"1、交易计算表5月.xls","2026-05","苏州市轨道交通集团有限公司","3206618005424","2026-05-05","False","89","22:15","2200","False"
"1、交易计算表5月.xls","2026-05","苏州市轨道交通集团有限公司","3206618005424","2026-05-05","False","90","22:30","2202","False"
"1、交易计算表5月.xls","2026-05","苏州市轨道交通集团有限公司","3206618005424","2026-05-05","False","91","22:45","2201","False"
"1、交易计算表5月.xls","2026-05","苏州市轨道交通集团有限公司","3206618005424","2026-05-05","False","92","23:00","2202","False"
"1、交易计算表5月.xls","2026-05","苏州市轨道交通集团有限公司","3206618005424","2026-05-05","False","93","23:15","0","False"
"1、交易计算表5月.xls","2026-05","苏州市轨道交通集团有限公司","3206618005424","2026-05-05","False","94","23:30","2201","False"
"1、交易计算表5月.xls","2026-05","苏州市轨道交通集团有限公司","3206618005424","2026-05-05","False","95","23:45","0","False"
"1、交易计算表5月.xls","2026-05","苏州市轨道交通集团有限公司","3206618005424","2026-05-05","False","96","24:00","0","False"
"1、交易计算表5月.xls","2026-05","苏州市轨道交通集团有限公司","3206622203288","2026-05-05","False","1","00:15","4401","False"
"1、交易计算表5月.xls","2026-05","苏州市轨道交通集团有限公司","3206622203288","2026-05-05","False","2","00:30","0","False"
"1、交易计算表5月.xls","2026-05","苏州市轨道交通集团有限公司","3206622203288","2026-05-05","False","3","00:45","0","False"
"1、交易计算表5月.xls","2026-05","苏州市轨道交通集团有限公司","3206622203288","2026-05-05","False","4","01:00","0","False"
"1、交易计算表5月.xls","2026-05","苏州市轨道交通集团有限公司","3206622203288","2026-05-05","False","5","01:15","0","False"
"1、交易计算表5月.xls","2026-05","苏州市轨道交通集团有限公司","3206622203288","2026-05-05","False","6","01:30","0","False"
"1、交易计算表5月.xls","2026-05","苏州市轨道交通集团有限公司","3206622203288","2026-05-05","False","7","01:45","0","False"
"1、交易计算表5月.xls","2026-05","苏州市轨道交通集团有限公司","3206622203288","2026-05-05","False","8","02:00","0","False"
"1、交易计算表5月.xls","2026-05","苏州市轨道交通集团有限公司","3206622203288","2026-05-05","False","9","02:15","4400","False"
"1、交易计算表5月.xls","2026-05","苏州市轨道交通集团有限公司","3206622203288","2026-05-05","False","10","02:30","0","False"
"1、交易计算表5月.xls","2026-05","苏州市轨道交通集团有限公司","3206622203288","2026-05-05","False","11","02:45","4402","False"
"1、交易计算表5月.xls","2026-05","苏州市轨道交通集团有限公司","3206622203288","2026-05-05","False","12","03:00","0","False"
"1、交易计算表5月.xls","2026-05","苏州市轨道交通集团有限公司","3206622203288","2026-05-05","False","13","03:15","0","False"
"1、交易计算表5月.xls","2026-05","苏州市轨道交通集团有限公司","3206622203288","2026-05-05","False","14","03:30","0","False"
"1、交易计算表5月.xls","2026-05","苏州市轨道交通集团有限公司","3206622203288","2026-05-05","False","15","03:45","0","False"
"1、交易计算表5月.xls","2026-05","苏州市轨道交通集团有限公司","3206622203288","2026-05-05","False","16","04:00","0","False"
"1、交易计算表5月.xls","2026-05","苏州市轨道交通集团有限公司","3206622203288","2026-05-05","False","17","04:15","4400","False"
"1、交易计算表5月.xls","2026-05","苏州市轨道交通集团有限公司","3206622203288","2026-05-05","False","18","04:30","0","False"
"1、交易计算表5月.xls","2026-05","苏州市轨道交通集团有限公司","3206622203288","2026-05-05","False","19","04:45","0","False"
"1、交易计算表5月.xls","2026-05","苏州市轨道交通集团有限公司","3206622203288","2026-05-05","False","20","05:00","0","False"
"1、交易计算表5月.xls","2026-05","苏州市轨道交通集团有限公司","3206622203288","2026-05-05","False","21","05:15","4402","False"
"1、交易计算表5月.xls","2026-05","苏州市轨道交通集团有限公司","3206622203288","2026-05-05","False","22","05:30","0","False"
"1、交易计算表5月.xls","2026-05","苏州市轨道交通集团有限公司","3206622203288","2026-05-05","False","23","05:45","0","False"
"1、交易计算表5月.xls","2026-05","苏州市轨道交通集团有限公司","3206622203288","2026-05-05","False","24","06:00","0","False"
"1、交易计算表5月.xls","2026-05","苏州市轨道交通集团有限公司","3206622203288","2026-05-05","False","25","06:15","8802","False"
"1、交易计算表5月.xls","2026-05","苏州市轨道交通集团有限公司","3206622203288","2026-05-05","False","26","06:30","0","False"
"1、交易计算表5月.xls","2026-05","苏州市轨道交通集团有限公司","3206622203288","2026-05-05","False","27","06:45","0","False"
"1、交易计算表5月.xls","2026-05","苏州市轨道交通集团有限公司","3206622203288","2026-05-05","False","28","07:00","4401","False"
"1、交易计算表5月.xls","2026-05","苏州市轨道交通集团有限公司","3206622203288","2026-05-05","False","29","07:15","0","False"
"1、交易计算表5月.xls","2026-05","苏州市轨道交通集团有限公司","3206622203288","2026-05-05","False","30","07:30","4400","False"
"1、交易计算表5月.xls","2026-05","苏州市轨道交通集团有限公司","3206622203288","2026-05-05","False","31","07:45","4402","False"
"1、交易计算表5月.xls","2026-05","苏州市轨道交通集团有限公司","3206622203288","2026-05-05","False","32","08:00","0","False"
"1、交易计算表5月.xls","2026-05","苏州市轨道交通集团有限公司","3206622203288","2026-05-05","False","33","08:15","4402","False"
"1、交易计算表5月.xls","2026-05","苏州市轨道交通集团有限公司","3206622203288","2026-05-05","False","34","08:30","4400","False"
"1、交易计算表5月.xls","2026-05","苏州市轨道交通集团有限公司","3206622203288","2026-05-05","False","35","08:45","4402","False"
"1、交易计算表5月.xls","2026-05","苏州市轨道交通集团有限公司","3206622203288","2026-05-05","False","36","09:00","0","False"
"1、交易计算表5月.xls","2026-05","苏州市轨道交通集团有限公司","3206622203288","2026-05-05","False","37","09:15","8801","False"
"1、交易计算表5月.xls","2026-05","苏州市轨道交通集团有限公司","3206622203288","2026-05-05","False","38","09:30","0","False"
"1、交易计算表5月.xls","2026-05","苏州市轨道交通集团有限公司","3206622203288","2026-05-05","False","39","09:45","0","False"
"1、交易计算表5月.xls","2026-05","苏州市轨道交通集团有限公司","3206622203288","2026-05-05","False","40","10:00","4402","False"
"1、交易计算表5月.xls","2026-05","苏州市轨道交通集团有限公司","3206622203288","2026-05-05","False","41","10:15","4400","False"
"1、交易计算表5月.xls","2026-05","苏州市轨道交通集团有限公司","3206622203288","2026-05-05","False","42","10:30","4402","False"
"1、交易计算表5月.xls","2026-05","苏州市轨道交通集团有限公司","3206622203288","2026-05-05","False","43","10:45","0","False"
"1、交易计算表5月.xls","2026-05","苏州市轨道交通集团有限公司","3206622203288","2026-05-05","False","44","11:00","4402","False"
"1、交易计算表5月.xls","2026-05","苏州市轨道交通集团有限公司","3206622203288","2026-05-05","False","45","11:15","4401","False"
"1、交易计算表5月.xls","2026-05","苏州市轨道交通集团有限公司","3206622203288","2026-05-05","False","46","11:30","4402","False"
"1、交易计算表5月.xls","2026-05","苏州市轨道交通集团有限公司","3206622203288","2026-05-05","False","47","11:45","0","False"
"1、交易计算表5月.xls","2026-05","苏州市轨道交通集团有限公司","3206622203288","2026-05-05","False","48","12:00","8801","False"
"1、交易计算表5月.xls","2026-05","苏州市轨道交通集团有限公司","3206622203288","2026-05-05","False","49","12:15","0","False"
"1、交易计算表5月.xls","2026-05","苏州市轨道交通集团有限公司","3206622203288","2026-05-05","False","50","12:30","4402","False"
"1、交易计算表5月.xls","2026-05","苏州市轨道交通集团有限公司","3206622203288","2026-05-05","False","51","12:45","0","False"
"1、交易计算表5月.xls","2026-05","苏州市轨道交通集团有限公司","3206622203288","2026-05-05","False","52","13:00","8802","False"
"1、交易计算表5月.xls","2026-05","苏州市轨道交通集团有限公司","3206622203288","2026-05-05","False","53","13:15","0","False"
"1、交易计算表5月.xls","2026-05","苏州市轨道交通集团有限公司","3206622203288","2026-05-05","False","54","13:30","0","False"
"1、交易计算表5月.xls","2026-05","苏州市轨道交通集团有限公司","3206622203288","2026-05-05","False","55","13:45","4402","False"
"1、交易计算表5月.xls","2026-05","苏州市轨道交通集团有限公司","3206622203288","2026-05-05","False","56","14:00","4400","False"
"1、交易计算表5月.xls","2026-05","苏州市轨道交通集团有限公司","3206622203288","2026-05-05","False","57","14:15","4401","False"
"1、交易计算表5月.xls","2026-05","苏州市轨道交通集团有限公司","3206622203288","2026-05-05","False","58","14:30","0","False"
"1、交易计算表5月.xls","2026-05","苏州市轨道交通集团有限公司","3206622203288","2026-05-05","False","59","14:45","8802","False"
"1、交易计算表5月.xls","2026-05","苏州市轨道交通集团有限公司","3206622203288","2026-05-05","False","60","15:00","0","False"
"1、交易计算表5月.xls","2026-05","苏州市轨道交通集团有限公司","3206622203288","2026-05-05","False","61","15:15","4402","False"
"1、交易计算表5月.xls","2026-05","苏州市轨道交通集团有限公司","3206622203288","2026-05-05","False","62","15:30","0","False"
"1、交易计算表5月.xls","2026-05","苏州市轨道交通集团有限公司","3206622203288","2026-05-05","False","63","15:45","8802","False"
"1、交易计算表5月.xls","2026-05","苏州市轨道交通集团有限公司","3206622203288","2026-05-05","False","64","16:00","0","False"
"1、交易计算表5月.xls","2026-05","苏州市轨道交通集团有限公司","3206622203288","2026-05-05","False","65","16:15","4401","False"
"1、交易计算表5月.xls","2026-05","苏州市轨道交通集团有限公司","3206622203288","2026-05-05","False","66","16:30","0","False"
"1、交易计算表5月.xls","2026-05","苏州市轨道交通集团有限公司","3206622203288","2026-05-05","False","67","16:45","8802","False"
"1、交易计算表5月.xls","2026-05","苏州市轨道交通集团有限公司","3206622203288","2026-05-05","False","68","17:00","0","False"
"1、交易计算表5月.xls","2026-05","苏州市轨道交通集团有限公司","3206622203288","2026-05-05","False","69","17:15","4402","False"
"1、交易计算表5月.xls","2026-05","苏州市轨道交通集团有限公司","3206622203288","2026-05-05","False","70","17:30","4401","False"
"1、交易计算表5月.xls","2026-05","苏州市轨道交通集团有限公司","3206622203288","2026-05-05","False","71","17:45","4402","False"
"1、交易计算表5月.xls","2026-05","苏州市轨道交通集团有限公司","3206622203288","2026-05-05","False","72","18:00","0","False"
"1、交易计算表5月.xls","2026-05","苏州市轨道交通集团有限公司","3206622203288","2026-05-05","False","73","18:15","0","False"
"1、交易计算表5月.xls","2026-05","苏州市轨道交通集团有限公司","3206622203288","2026-05-05","False","74","18:30","8802","False"
"1、交易计算表5月.xls","2026-05","苏州市轨道交通集团有限公司","3206622203288","2026-05-05","False","75","18:45","0","False"
"1、交易计算表5月.xls","2026-05","苏州市轨道交通集团有限公司","3206622203288","2026-05-05","False","76","19:00","4401","False"
"1、交易计算表5月.xls","2026-05","苏州市轨道交通集团有限公司","3206622203288","2026-05-05","False","77","19:15","0","False"
"1、交易计算表5月.xls","2026-05","苏州市轨道交通集团有限公司","3206622203288","2026-05-05","False","78","19:30","8802","False"
"1、交易计算表5月.xls","2026-05","苏州市轨道交通集团有限公司","3206622203288","2026-05-05","False","79","19:45","0","False"
"1、交易计算表5月.xls","2026-05","苏州市轨道交通集团有限公司","3206622203288","2026-05-05","False","80","20:00","4402","False"
"1、交易计算表5月.xls","2026-05","苏州市轨道交通集团有限公司","3206622203288","2026-05-05","False","81","20:15","0","False"
"1、交易计算表5月.xls","2026-05","苏州市轨道交通集团有限公司","3206622203288","2026-05-05","False","82","20:30","4400","False"
"1、交易计算表5月.xls","2026-05","苏州市轨道交通集团有限公司","3206622203288","2026-05-05","False","83","20:45","4402","False"
"1、交易计算表5月.xls","2026-05","苏州市轨道交通集团有限公司","3206622203288","2026-05-05","False","84","21:00","0","False"
"1、交易计算表5月.xls","2026-05","苏州市轨道交通集团有限公司","3206622203288","2026-05-05","False","85","21:15","8801","False"
"1、交易计算表5月.xls","2026-05","苏州市轨道交通集团有限公司","3206622203288","2026-05-05","False","86","21:30","0","False"
"1、交易计算表5月.xls","2026-05","苏州市轨道交通集团有限公司","3206622203288","2026-05-05","False","87","21:45","4402","False"
"1、交易计算表5月.xls","2026-05","苏州市轨道交通集团有限公司","3206622203288","2026-05-05","False","88","22:00","0","False"
"1、交易计算表5月.xls","2026-05","苏州市轨道交通集团有限公司","3206622203288","2026-05-05","False","89","22:15","8802","False"
"1、交易计算表5月.xls","2026-05","苏州市轨道交通集团有限公司","3206622203288","2026-05-05","False","90","22:30","0","False"
"1、交易计算表5月.xls","2026-05","苏州市轨道交通集团有限公司","3206622203288","2026-05-05","False","91","22:45","0","False"
"1、交易计算表5月.xls","2026-05","苏州市轨道交通集团有限公司","3206622203288","2026-05-05","False","92","23:00","4402","False"
"1、交易计算表5月.xls","2026-05","苏州市轨道交通集团有限公司","3206622203288","2026-05-05","False","93","23:15","4401","False"
"1、交易计算表5月.xls","2026-05","苏州市轨道交通集团有限公司","3206622203288","2026-05-05","False","94","23:30","4402","False"
"1、交易计算表5月.xls","2026-05","苏州市轨道交通集团有限公司","3206622203288","2026-05-05","False","95","23:45","0","False"
"1、交易计算表5月.xls","2026-05","苏州市轨道交通集团有限公司","3206622203288","2026-05-05","False","96","24:00","0","False"
"1、交易计算表5月.xls","2026-05","苏州市轨道交通集团有限公司","3203079734109","2026-05-05","False","1","00:15","605","False"
"1、交易计算表5月.xls","2026-05","苏州市轨道交通集团有限公司","3203079734109","2026-05-05","False","2","00:30","506","False"
"1、交易计算表5月.xls","2026-05","苏州市轨道交通集团有限公司","3203079734109","2026-05-05","False","3","00:45","474","False"
"1、交易计算表5月.xls","2026-05","苏州市轨道交通集团有限公司","3203079734109","2026-05-05","False","4","01:00","462","False"
"1、交易计算表5月.xls","2026-05","苏州市轨道交通集团有限公司","3203079734109","2026-05-05","False","5","01:15","462","False"
"1、交易计算表5月.xls","2026-05","苏州市轨道交通集团有限公司","3203079734109","2026-05-05","False","6","01:30","453","False"
"1、交易计算表5月.xls","2026-05","苏州市轨道交通集团有限公司","3203079734109","2026-05-05","False","7","01:45","462","False"
"1、交易计算表5月.xls","2026-05","苏州市轨道交通集团有限公司","3203079734109","2026-05-05","False","8","02:00","451","False"
"1、交易计算表5月.xls","2026-05","苏州市轨道交通集团有限公司","3203079734109","2026-05-05","False","9","02:15","463","False"
"1、交易计算表5月.xls","2026-05","苏州市轨道交通集团有限公司","3203079734109","2026-05-05","False","10","02:30","451","False"
"1、交易计算表5月.xls","2026-05","苏州市轨道交通集团有限公司","3203079734109","2026-05-05","False","11","02:45","462","False"
"1、交易计算表5月.xls","2026-05","苏州市轨道交通集团有限公司","3203079734109","2026-05-05","False","12","03:00","452","False"
"1、交易计算表5月.xls","2026-05","苏州市轨道交通集团有限公司","3203079734109","2026-05-05","False","13","03:15","463","False"
"1、交易计算表5月.xls","2026-05","苏州市轨道交通集团有限公司","3203079734109","2026-05-05","False","14","03:30","462","False"
"1、交易计算表5月.xls","2026-05","苏州市轨道交通集团有限公司","3203079734109","2026-05-05","False","15","03:45","463","False"
"1、交易计算表5月.xls","2026-05","苏州市轨道交通集团有限公司","3203079734109","2026-05-05","False","16","04:00","495","False"
"1、交易计算表5月.xls","2026-05","苏州市轨道交通集团有限公司","3203079734109","2026-05-05","False","17","04:15","561","False"
"1、交易计算表5月.xls","2026-05","苏州市轨道交通集团有限公司","3203079734109","2026-05-05","False","18","04:30","562","False"
"1、交易计算表5月.xls","2026-05","苏州市轨道交通集团有限公司","3203079734109","2026-05-05","False","19","04:45","540","False"
"1、交易计算表5月.xls","2026-05","苏州市轨道交通集团有限公司","3203079734109","2026-05-05","False","20","05:00","562","False"
"1、交易计算表5月.xls","2026-05","苏州市轨道交通集团有限公司","3203079734109","2026-05-05","False","21","05:15","616","False"
"1、交易计算表5月.xls","2026-05","苏州市轨道交通集团有限公司","3203079734109","2026-05-05","False","22","05:30","726","False"
"1、交易计算表5月.xls","2026-05","苏州市轨道交通集团有限公司","3203079734109","2026-05-05","False","23","05:45","882","False"
"1、交易计算表5月.xls","2026-05","苏州市轨道交通集团有限公司","3203079734109","2026-05-05","False","24","06:00","924","False"
"1、交易计算表5月.xls","2026-05","苏州市轨道交通集团有限公司","3203079734109","2026-05-05","False","25","06:15","992","False"
"1、交易计算表5月.xls","2026-05","苏州市轨道交通集团有限公司","3203079734109","2026-05-05","False","26","06:30","1122","False"
"1、交易计算表5月.xls","2026-05","苏州市轨道交通集团有限公司","3203079734109","2026-05-05","False","27","06:45","1234","False"
"1、交易计算表5月.xls","2026-05","苏州市轨道交通集团有限公司","3203079734109","2026-05-05","False","28","07:00","1232","False"
"1、交易计算表5月.xls","2026-05","苏州市轨道交通集团有限公司","3203079734109","2026-05-05","False","29","07:15","1256","False"
"1、交易计算表5月.xls","2026-05","苏州市轨道交通集团有限公司","3203079734109","2026-05-05","False","30","07:30","1266","False"
"1、交易计算表5月.xls","2026-05","苏州市轨道交通集团有限公司","3203079734109","2026-05-05","False","31","07:45","1233","False"
"1、交易计算表5月.xls","2026-05","苏州市轨道交通集团有限公司","3203079734109","2026-05-05","False","32","08:00","1266","False"
"1、交易计算表5月.xls","2026-05","苏州市轨道交通集团有限公司","3203079734109","2026-05-05","False","33","08:15","1266","False"
"1、交易计算表5月.xls","2026-05","苏州市轨道交通集团有限公司","3203079734109","2026-05-05","False","34","08:30","1289","False"
"1、交易计算表5月.xls","2026-05","苏州市轨道交通集团有限公司","3203079734109","2026-05-05","False","35","08:45","1299","False"
"1、交易计算表5月.xls","2026-05","苏州市轨道交通集团有限公司","3203079734109","2026-05-05","False","36","09:00","1266","False"
"1、交易计算表5月.xls","2026-05","苏州市轨道交通集团有限公司","3203079734109","2026-05-05","False","37","09:15","1266","False"
"1、交易计算表5月.xls","2026-05","苏州市轨道交通集团有限公司","3203079734109","2026-05-05","False","38","09:30","1233","False"
"1、交易计算表5月.xls","2026-05","苏州市轨道交通集团有限公司","3203079734109","2026-05-05","False","39","09:45","1266","False"
"1、交易计算表5月.xls","2026-05","苏州市轨道交通集团有限公司","3203079734109","2026-05-05","False","40","10:00","1255","False"
"1、交易计算表5月.xls","2026-05","苏州市轨道交通集团有限公司","3203079734109","2026-05-05","False","41","10:15","1278","False"
"1、交易计算表5月.xls","2026-05","苏州市轨道交通集团有限公司","3203079734109","2026-05-05","False","42","10:30","1288","False"
"1、交易计算表5月.xls","2026-05","苏州市轨道交通集团有限公司","3203079734109","2026-05-05","False","43","10:45","1255","False"
"1、交易计算表5月.xls","2026-05","苏州市轨道交通集团有限公司","3203079734109","2026-05-05","False","44","11:00","1288","False"
"1、交易计算表5月.xls","2026-05","苏州市轨道交通集团有限公司","3203079734109","2026-05-05","False","45","11:15","1233","False"
"1、交易计算表5月.xls","2026-05","苏州市轨道交通集团有限公司","3203079734109","2026-05-05","False","46","11:30","1244","False"
"1、交易计算表5月.xls","2026-05","苏州市轨道交通集团有限公司","3203079734109","2026-05-05","False","47","11:45","1256","False"
"1、交易计算表5月.xls","2026-05","苏州市轨道交通集团有限公司","3203079734109","2026-05-05","False","48","12:00","1277","False"
"1、交易计算表5月.xls","2026-05","苏州市轨道交通集团有限公司","3203079734109","2026-05-05","False","49","12:15","1288","False"
"1、交易计算表5月.xls","2026-05","苏州市轨道交通集团有限公司","3203079734109","2026-05-05","False","50","12:30","1266","False"
"1、交易计算表5月.xls","2026-05","苏州市轨道交通集团有限公司","3203079734109","2026-05-05","False","51","12:45","1288","False"
"1、交易计算表5月.xls","2026-05","苏州市轨道交通集团有限公司","3203079734109","2026-05-05","False","52","13:00","1256","False"
"1、交易计算表5月.xls","2026-05","苏州市轨道交通集团有限公司","3203079734109","2026-05-05","False","53","13:15","1265","False"
"1、交易计算表5月.xls","2026-05","苏州市轨道交通集团有限公司","3203079734109","2026-05-05","False","54","13:30","1267","False"
"1、交易计算表5月.xls","2026-05","苏州市轨道交通集团有限公司","3203079734109","2026-05-05","False","55","13:45","1299","False"
"1、交易计算表5月.xls","2026-05","苏州市轨道交通集团有限公司","3203079734109","2026-05-05","False","56","14:00","1277","False"
"1、交易计算表5月.xls","2026-05","苏州市轨道交通集团有限公司","3203079734109","2026-05-05","False","57","14:15","1278","False"
"1、交易计算表5月.xls","2026-05","苏州市轨道交通集团有限公司","3203079734109","2026-05-05","False","58","14:30","1276","False"
"1、交易计算表5月.xls","2026-05","苏州市轨道交通集团有限公司","3203079734109","2026-05-05","False","59","14:45","1245","False"
"1、交易计算表5月.xls","2026-05","苏州市轨道交通集团有限公司","3203079734109","2026-05-05","False","60","15:00","1276","False"
"1、交易计算表5月.xls","2026-05","苏州市轨道交通集团有限公司","3203079734109","2026-05-05","False","61","15:15","1267","False"
"1、交易计算表5月.xls","2026-05","苏州市轨道交通集团有限公司","3203079734109","2026-05-05","False","62","15:30","1310","False"
"1、交易计算表5月.xls","2026-05","苏州市轨道交通集团有限公司","3203079734109","2026-05-05","False","63","15:45","1300","False"
"1、交易计算表5月.xls","2026-05","苏州市轨道交通集团有限公司","3203079734109","2026-05-05","False","64","16:00","1277","False"
"1、交易计算表5月.xls","2026-05","苏州市轨道交通集团有限公司","3203079734109","2026-05-05","False","65","16:15","1288","False"
"1、交易计算表5月.xls","2026-05","苏州市轨道交通集团有限公司","3203079734109","2026-05-05","False","66","16:30","1278","False"
"1、交易计算表5月.xls","2026-05","苏州市轨道交通集团有限公司","3203079734109","2026-05-05","False","67","16:45","1265","False"
"1、交易计算表5月.xls","2026-05","苏州市轨道交通集团有限公司","3203079734109","2026-05-05","False","68","17:00","1267","False"
"1、交易计算表5月.xls","2026-05","苏州市轨道交通集团有限公司","3203079734109","2026-05-05","False","69","17:15","1288","False"
"1、交易计算表5月.xls","2026-05","苏州市轨道交通集团有限公司","3203079734109","2026-05-05","False","70","17:30","1300","False"
"1、交易计算表5月.xls","2026-05","苏州市轨道交通集团有限公司","3203079734109","2026-05-05","False","71","17:45","1265","False"
"1、交易计算表5月.xls","2026-05","苏州市轨道交通集团有限公司","3203079734109","2026-05-05","False","72","18:00","1289","False"
"1、交易计算表5月.xls","2026-05","苏州市轨道交通集团有限公司","3203079734109","2026-05-05","False","73","18:15","1277","False"
"1、交易计算表5月.xls","2026-05","苏州市轨道交通集团有限公司","3203079734109","2026-05-05","False","74","18:30","1289","False"
"1、交易计算表5月.xls","2026-05","苏州市轨道交通集团有限公司","3203079734109","2026-05-05","False","75","18:45","1331","False"
"1、交易计算表5月.xls","2026-05","苏州市轨道交通集团有限公司","3203079734109","2026-05-05","False","76","19:00","1311","False"
"1、交易计算表5月.xls","2026-05","苏州市轨道交通集团有限公司","3203079734109","2026-05-05","False","77","19:15","1398","False"
"1、交易计算表5月.xls","2026-05","苏州市轨道交通集团有限公司","3203079734109","2026-05-05","False","78","19:30","1344","False"
"1、交易计算表5月.xls","2026-05","苏州市轨道交通集团有限公司","3203079734109","2026-05-05","False","79","19:45","1408","False"
"1、交易计算表5月.xls","2026-05","苏州市轨道交通集团有限公司","3203079734109","2026-05-05","False","80","20:00","1377","False"
"1、交易计算表5月.xls","2026-05","苏州市轨道交通集团有限公司","3203079734109","2026-05-05","False","81","20:15","1421","False"
"1、交易计算表5月.xls","2026-05","苏州市轨道交通集团有限公司","3203079734109","2026-05-05","False","82","20:30","1365","False"
"1、交易计算表5月.xls","2026-05","苏州市轨道交通集团有限公司","3203079734109","2026-05-05","False","83","20:45","1410","False"
"1、交易计算表5月.xls","2026-05","苏州市轨道交通集团有限公司","3203079734109","2026-05-05","False","84","21:00","1364","False"
"1、交易计算表5月.xls","2026-05","苏州市轨道交通集团有限公司","3203079734109","2026-05-05","False","85","21:15","1421","False"
"1、交易计算表5月.xls","2026-05","苏州市轨道交通集团有限公司","3203079734109","2026-05-05","False","86","21:30","1365","False"
"1、交易计算表5月.xls","2026-05","苏州市轨道交通集团有限公司","3203079734109","2026-05-05","False","87","21:45","1388","False"
"1、交易计算表5月.xls","2026-05","苏州市轨道交通集团有限公司","3203079734109","2026-05-05","False","88","22:00","1332","False"
"1、交易计算表5月.xls","2026-05","苏州市轨道交通集团有限公司","3203079734109","2026-05-05","False","89","22:15","1299","False"
"1、交易计算表5月.xls","2026-05","苏州市轨道交通集团有限公司","3203079734109","2026-05-05","False","90","22:30","1278","False"
"1、交易计算表5月.xls","2026-05","苏州市轨道交通集团有限公司","3203079734109","2026-05-05","False","91","22:45","1244","False"
"1、交易计算表5月.xls","2026-05","苏州市轨道交通集团有限公司","3203079734109","2026-05-05","False","92","23:00","1211","False"
"1、交易计算表5月.xls","2026-05","苏州市轨道交通集团有限公司","3203079734109","2026-05-05","False","93","23:15","1211","False"
"1、交易计算表5月.xls","2026-05","苏州市轨道交通集团有限公司","3203079734109","2026-05-05","False","94","23:30","1211","False"
"1、交易计算表5月.xls","2026-05","苏州市轨道交通集团有限公司","3203079734109","2026-05-05","False","95","23:45","1068","False"
"1、交易计算表5月.xls","2026-05","苏州市轨道交通集团有限公司","3203079734109","2026-05-05","False","96","24:00","849","False"
"1、交易计算表5月.xls","2026-05","苏州市轨道交通集团有限公司","3203079324608","2026-05-05","False","1","00:15","132","False"
"1、交易计算表5月.xls","2026-05","苏州市轨道交通集团有限公司","3203079324608","2026-05-05","False","2","00:30","110","False"
"1、交易计算表5月.xls","2026-05","苏州市轨道交通集团有限公司","3203079324608","2026-05-05","False","3","00:45","110","False"
"1、交易计算表5月.xls","2026-05","苏州市轨道交通集团有限公司","3203079324608","2026-05-05","False","4","01:00","110","False"
"1、交易计算表5月.xls","2026-05","苏州市轨道交通集团有限公司","3203079324608","2026-05-05","False","5","01:15","110","False"
"1、交易计算表5月.xls","2026-05","苏州市轨道交通集团有限公司","3203079324608","2026-05-05","False","6","01:30","132","False"
"1、交易计算表5月.xls","2026-05","苏州市轨道交通集团有限公司","3203079324608","2026-05-05","False","7","01:45","88","False"
"1、交易计算表5月.xls","2026-05","苏州市轨道交通集团有限公司","3203079324608","2026-05-05","False","8","02:00","132","False"
"1、交易计算表5月.xls","2026-05","苏州市轨道交通集团有限公司","3203079324608","2026-05-05","False","9","02:15","88","False"
"1、交易计算表5月.xls","2026-05","苏州市轨道交通集团有限公司","3203079324608","2026-05-05","False","10","02:30","110","False"
"1、交易计算表5月.xls","2026-05","苏州市轨道交通集团有限公司","3203079324608","2026-05-05","False","11","02:45","132","False"
"1、交易计算表5月.xls","2026-05","苏州市轨道交通集团有限公司","3203079324608","2026-05-05","False","12","03:00","88","False"
"1、交易计算表5月.xls","2026-05","苏州市轨道交通集团有限公司","3203079324608","2026-05-05","False","13","03:15","110","False"
"1、交易计算表5月.xls","2026-05","苏州市轨道交通集团有限公司","3203079324608","2026-05-05","False","14","03:30","132","False"
"1、交易计算表5月.xls","2026-05","苏州市轨道交通集团有限公司","3203079324608","2026-05-05","False","15","03:45","88","False"
"1、交易计算表5月.xls","2026-05","苏州市轨道交通集团有限公司","3203079324608","2026-05-05","False","16","04:00","132","False"
"1、交易计算表5月.xls","2026-05","苏州市轨道交通集团有限公司","3203079324608","2026-05-05","False","17","04:15","110","False"
"1、交易计算表5月.xls","2026-05","苏州市轨道交通集团有限公司","3203079324608","2026-05-05","False","18","04:30","132","False"
"1、交易计算表5月.xls","2026-05","苏州市轨道交通集团有限公司","3203079324608","2026-05-05","False","19","04:45","89","False"
"1、交易计算表5月.xls","2026-05","苏州市轨道交通集团有限公司","3203079324608","2026-05-05","False","20","05:00","110","False"
"1、交易计算表5月.xls","2026-05","苏州市轨道交通集团有限公司","3203079324608","2026-05-05","False","21","05:15","132","False"
"1、交易计算表5月.xls","2026-05","苏州市轨道交通集团有限公司","3203079324608","2026-05-05","False","22","05:30","88","False"
"1、交易计算表5月.xls","2026-05","苏州市轨道交通集团有限公司","3203079324608","2026-05-05","False","23","05:45","110","False"
"1、交易计算表5月.xls","2026-05","苏州市轨道交通集团有限公司","3203079324608","2026-05-05","False","24","06:00","132","False"
"1、交易计算表5月.xls","2026-05","苏州市轨道交通集团有限公司","3203079324608","2026-05-05","False","25","06:15","88","False"
"1、交易计算表5月.xls","2026-05","苏州市轨道交通集团有限公司","3203079324608","2026-05-05","False","26","06:30","110","False"
"1、交易计算表5月.xls","2026-05","苏州市轨道交通集团有限公司","3203079324608","2026-05-05","False","27","06:45","110","False"
"1、交易计算表5月.xls","2026-05","苏州市轨道交通集团有限公司","3203079324608","2026-05-05","False","28","07:00","110","False"
"1、交易计算表5月.xls","2026-05","苏州市轨道交通集团有限公司","3203079324608","2026-05-05","False","29","07:15","110","False"
"1、交易计算表5月.xls","2026-05","苏州市轨道交通集团有限公司","3203079324608","2026-05-05","False","30","07:30","88","False"
"1、交易计算表5月.xls","2026-05","苏州市轨道交通集团有限公司","3203079324608","2026-05-05","False","31","07:45","110","False"
"1、交易计算表5月.xls","2026-05","苏州市轨道交通集团有限公司","3203079324608","2026-05-05","False","32","08:00","110","False"
"1、交易计算表5月.xls","2026-05","苏州市轨道交通集团有限公司","3203079324608","2026-05-05","False","33","08:15","88","False"
"1、交易计算表5月.xls","2026-05","苏州市轨道交通集团有限公司","3203079324608","2026-05-05","False","34","08:30","132","False"
"1、交易计算表5月.xls","2026-05","苏州市轨道交通集团有限公司","3203079324608","2026-05-05","False","35","08:45","88","False"
"1、交易计算表5月.xls","2026-05","苏州市轨道交通集团有限公司","3203079324608","2026-05-05","False","36","09:00","132","False"
"1、交易计算表5月.xls","2026-05","苏州市轨道交通集团有限公司","3203079324608","2026-05-05","False","37","09:15","110","False"
"1、交易计算表5月.xls","2026-05","苏州市轨道交通集团有限公司","3203079324608","2026-05-05","False","38","09:30","111","False"
"1、交易计算表5月.xls","2026-05","苏州市轨道交通集团有限公司","3203079324608","2026-05-05","False","39","09:45","110","False"
"1、交易计算表5月.xls","2026-05","苏州市轨道交通集团有限公司","3203079324608","2026-05-05","False","40","10:00","88","False"
"1、交易计算表5月.xls","2026-05","苏州市轨道交通集团有限公司","3203079324608","2026-05-05","False","41","10:15","110","False"
"1、交易计算表5月.xls","2026-05","苏州市轨道交通集团有限公司","3203079324608","2026-05-05","False","42","10:30","110","False"
"1、交易计算表5月.xls","2026-05","苏州市轨道交通集团有限公司","3203079324608","2026-05-05","False","43","10:45","110","False"
"1、交易计算表5月.xls","2026-05","苏州市轨道交通集团有限公司","3203079324608","2026-05-05","False","44","11:00","110","False"
"1、交易计算表5月.xls","2026-05","苏州市轨道交通集团有限公司","3203079324608","2026-05-05","False","45","11:15","88","False"
"1、交易计算表5月.xls","2026-05","苏州市轨道交通集团有限公司","3203079324608","2026-05-05","False","46","11:30","132","False"
"1、交易计算表5月.xls","2026-05","苏州市轨道交通集团有限公司","3203079324608","2026-05-05","False","47","11:45","88","False"
"1、交易计算表5月.xls","2026-05","苏州市轨道交通集团有限公司","3203079324608","2026-05-05","False","48","12:00","132","False"
"1、交易计算表5月.xls","2026-05","苏州市轨道交通集团有限公司","3203079324608","2026-05-05","False","49","12:15","89","False"
"1、交易计算表5月.xls","2026-05","苏州市轨道交通集团有限公司","3203079324608","2026-05-05","False","50","12:30","110","False"
"1、交易计算表5月.xls","2026-05","苏州市轨道交通集团有限公司","3203079324608","2026-05-05","False","51","12:45","110","False"
"1、交易计算表5月.xls","2026-05","苏州市轨道交通集团有限公司","3203079324608","2026-05-05","False","52","13:00","88","False"
"1、交易计算表5月.xls","2026-05","苏州市轨道交通集团有限公司","3203079324608","2026-05-05","False","53","13:15","132","False"
"1、交易计算表5月.xls","2026-05","苏州市轨道交通集团有限公司","3203079324608","2026-05-05","False","54","13:30","88","False"
"1、交易计算表5月.xls","2026-05","苏州市轨道交通集团有限公司","3203079324608","2026-05-05","False","55","13:45","88","False"
"1、交易计算表5月.xls","2026-05","苏州市轨道交通集团有限公司","3203079324608","2026-05-05","False","56","14:00","132","False"
"1、交易计算表5月.xls","2026-05","苏州市轨道交通集团有限公司","3203079324608","2026-05-05","False","57","14:15","88","False"
"1、交易计算表5月.xls","2026-05","苏州市轨道交通集团有限公司","3203079324608","2026-05-05","False","58","14:30","132","False"
"1、交易计算表5月.xls","2026-05","苏州市轨道交通集团有限公司","3203079324608","2026-05-05","False","59","14:45","89","False"
"1、交易计算表5月.xls","2026-05","苏州市轨道交通集团有限公司","3203079324608","2026-05-05","False","60","15:00","88","False"
"1、交易计算表5月.xls","2026-05","苏州市轨道交通集团有限公司","3203079324608","2026-05-05","False","61","15:15","132","False"
"1、交易计算表5月.xls","2026-05","苏州市轨道交通集团有限公司","3203079324608","2026-05-05","False","62","15:30","88","False"
"1、交易计算表5月.xls","2026-05","苏州市轨道交通集团有限公司","3203079324608","2026-05-05","False","63","15:45","110","False"
"1、交易计算表5月.xls","2026-05","苏州市轨道交通集团有限公司","3203079324608","2026-05-05","False","64","16:00","110","False"
"1、交易计算表5月.xls","2026-05","苏州市轨道交通集团有限公司","3203079324608","2026-05-05","False","65","16:15","88","False"
"1、交易计算表5月.xls","2026-05","苏州市轨道交通集团有限公司","3203079324608","2026-05-05","False","66","16:30","132","False"
"1、交易计算表5月.xls","2026-05","苏州市轨道交通集团有限公司","3203079324608","2026-05-05","False","67","16:45","88","False"
"1、交易计算表5月.xls","2026-05","苏州市轨道交通集团有限公司","3203079324608","2026-05-05","False","68","17:00","88","False"
"1、交易计算表5月.xls","2026-05","苏州市轨道交通集团有限公司","3203079324608","2026-05-05","False","69","17:15","132","False"
"1、交易计算表5月.xls","2026-05","苏州市轨道交通集团有限公司","3203079324608","2026-05-05","False","70","17:30","110","False"
"1、交易计算表5月.xls","2026-05","苏州市轨道交通集团有限公司","3203079324608","2026-05-05","False","71","17:45","88","False"
"1、交易计算表5月.xls","2026-05","苏州市轨道交通集团有限公司","3203079324608","2026-05-05","False","72","18:00","132","False"
"1、交易计算表5月.xls","2026-05","苏州市轨道交通集团有限公司","3203079324608","2026-05-05","False","73","18:15","110","False"
"1、交易计算表5月.xls","2026-05","苏州市轨道交通集团有限公司","3203079324608","2026-05-05","False","74","18:30","110","False"
"1、交易计算表5月.xls","2026-05","苏州市轨道交通集团有限公司","3203079324608","2026-05-05","False","75","18:45","110","False"
"1、交易计算表5月.xls","2026-05","苏州市轨道交通集团有限公司","3203079324608","2026-05-05","False","76","19:00","88","False"
"1、交易计算表5月.xls","2026-05","苏州市轨道交通集团有限公司","3203079324608","2026-05-05","False","77","19:15","132","False"
"1、交易计算表5月.xls","2026-05","苏州市轨道交通集团有限公司","3203079324608","2026-05-05","False","78","19:30","111","False"
"1、交易计算表5月.xls","2026-05","苏州市轨道交通集团有限公司","3203079324608","2026-05-05","False","79","19:45","132","False"
"1、交易计算表5月.xls","2026-05","苏州市轨道交通集团有限公司","3203079324608","2026-05-05","False","80","20:00","88","False"
"1、交易计算表5月.xls","2026-05","苏州市轨道交通集团有限公司","3203079324608","2026-05-05","False","81","20:15","132","False"
"1、交易计算表5月.xls","2026-05","苏州市轨道交通集团有限公司","3203079324608","2026-05-05","False","82","20:30","110","False"
"1、交易计算表5月.xls","2026-05","苏州市轨道交通集团有限公司","3203079324608","2026-05-05","False","83","20:45","132","False"
"1、交易计算表5月.xls","2026-05","苏州市轨道交通集团有限公司","3203079324608","2026-05-05","False","84","21:00","88","False"
"1、交易计算表5月.xls","2026-05","苏州市轨道交通集团有限公司","3203079324608","2026-05-05","False","85","21:15","132","False"
"1、交易计算表5月.xls","2026-05","苏州市轨道交通集团有限公司","3203079324608","2026-05-05","False","86","21:30","110","False"
"1、交易计算表5月.xls","2026-05","苏州市轨道交通集团有限公司","3203079324608","2026-05-05","False","87","21:45","132","False"
"1、交易计算表5月.xls","2026-05","苏州市轨道交通集团有限公司","3203079324608","2026-05-05","False","88","22:00","88","False"
"1、交易计算表5月.xls","2026-05","苏州市轨道交通集团有限公司","3203079324608","2026-05-05","False","89","22:15","132","False"
"1、交易计算表5月.xls","2026-05","苏州市轨道交通集团有限公司","3203079324608","2026-05-05","False","90","22:30","110","False"
"1、交易计算表5月.xls","2026-05","苏州市轨道交通集团有限公司","3203079324608","2026-05-05","False","91","22:45","110","False"
"1、交易计算表5月.xls","2026-05","苏州市轨道交通集团有限公司","3203079324608","2026-05-05","False","92","23:00","110","False"
"1、交易计算表5月.xls","2026-05","苏州市轨道交通集团有限公司","3203079324608","2026-05-05","False","93","23:15","110","False"
"1、交易计算表5月.xls","2026-05","苏州市轨道交通集团有限公司","3203079324608","2026-05-05","False","94","23:30","132","False"
"1、交易计算表5月.xls","2026-05","苏州市轨道交通集团有限公司","3203079324608","2026-05-05","False","95","23:45","110","False"
"1、交易计算表5月.xls","2026-05","苏州市轨道交通集团有限公司","3203079324608","2026-05-05","False","96","24:00","112","False"
"1、交易计算表5月.xls","2026-05","苏州市轨道交通集团有限公司","3206624778403","2026-05-05","False","1","00:15","8806","False"
"1、交易计算表5月.xls","2026-05","苏州市轨道交通集团有限公司","3206624778403","2026-05-05","False","2","00:30","0","False"
"1、交易计算表5月.xls","2026-05","苏州市轨道交通集团有限公司","3206624778403","2026-05-05","False","3","00:45","0","False"
"1、交易计算表5月.xls","2026-05","苏州市轨道交通集团有限公司","3206624778403","2026-05-05","False","4","01:00","0","False"
"1、交易计算表5月.xls","2026-05","苏州市轨道交通集团有限公司","3206624778403","2026-05-05","False","5","01:15","0","False"
"1、交易计算表5月.xls","2026-05","苏州市轨道交通集团有限公司","3206624778403","2026-05-05","False","6","01:30","0","False"
"1、交易计算表5月.xls","2026-05","苏州市轨道交通集团有限公司","3206624778403","2026-05-05","False","7","01:45","8807","False"
"1、交易计算表5月.xls","2026-05","苏州市轨道交通集团有限公司","3206624778403","2026-05-05","False","8","02:00","0","False"
"1、交易计算表5月.xls","2026-05","苏州市轨道交通集团有限公司","3206624778403","2026-05-05","False","9","02:15","0","False"
"1、交易计算表5月.xls","2026-05","苏州市轨道交通集团有限公司","3206624778403","2026-05-05","False","10","02:30","0","False"
"1、交易计算表5月.xls","2026-05","苏州市轨道交通集团有限公司","3206624778403","2026-05-05","False","11","02:45","0","False"
"1、交易计算表5月.xls","2026-05","苏州市轨道交通集团有限公司","3206624778403","2026-05-05","False","12","03:00","0","False"
"1、交易计算表5月.xls","2026-05","苏州市轨道交通集团有限公司","3206624778403","2026-05-05","False","13","03:15","4402","False"
"1、交易计算表5月.xls","2026-05","苏州市轨道交通集团有限公司","3206624778403","2026-05-05","False","14","03:30","4405","False"
"1、交易计算表5月.xls","2026-05","苏州市轨道交通集团有限公司","3206624778403","2026-05-05","False","15","03:45","0","False"
"1、交易计算表5月.xls","2026-05","苏州市轨道交通集团有限公司","3206624778403","2026-05-05","False","16","04:00","0","False"
"1、交易计算表5月.xls","2026-05","苏州市轨道交通集团有限公司","3206624778403","2026-05-05","False","17","04:15","0","False"
"1、交易计算表5月.xls","2026-05","苏州市轨道交通集团有限公司","3206624778403","2026-05-05","False","18","04:30","0","False"
"1、交易计算表5月.xls","2026-05","苏州市轨道交通集团有限公司","3206624778403","2026-05-05","False","19","04:45","4402","False"
"1、交易计算表5月.xls","2026-05","苏州市轨道交通集团有限公司","3206624778403","2026-05-05","False","20","05:00","0","False"
"1、交易计算表5月.xls","2026-05","苏州市轨道交通集团有限公司","3206624778403","2026-05-05","False","21","05:15","0","False"
"1、交易计算表5月.xls","2026-05","苏州市轨道交通集团有限公司","3206624778403","2026-05-05","False","22","05:30","4405","False"
"1、交易计算表5月.xls","2026-05","苏州市轨道交通集团有限公司","3206624778403","2026-05-05","False","23","05:45","0","False"
"1、交易计算表5月.xls","2026-05","苏州市轨道交通集团有限公司","3206624778403","2026-05-05","False","24","06:00","4402","False"
"1、交易计算表5月.xls","2026-05","苏州市轨道交通集团有限公司","3206624778403","2026-05-05","False","25","06:15","0","False"
"1、交易计算表5月.xls","2026-05","苏州市轨道交通集团有限公司","3206624778403","2026-05-05","False","26","06:30","4405","False"
"1、交易计算表5月.xls","2026-05","苏州市轨道交通集团有限公司","3206624778403","2026-05-05","False","27","06:45","0","False"
"1、交易计算表5月.xls","2026-05","苏州市轨道交通集团有限公司","3206624778403","2026-05-05","False","28","07:00","4402","False"
"1、交易计算表5月.xls","2026-05","苏州市轨道交通集团有限公司","3206624778403","2026-05-05","False","29","07:15","4405","False"
"1、交易计算表5月.xls","2026-05","苏州市轨道交通集团有限公司","3206624778403","2026-05-05","False","30","07:30","4402","False"
"1、交易计算表5月.xls","2026-05","苏州市轨道交通集团有限公司","3206624778403","2026-05-05","False","31","07:45","4405","False"
"1、交易计算表5月.xls","2026-05","苏州市轨道交通集团有限公司","3206624778403","2026-05-05","False","32","08:00","0","False"
"1、交易计算表5月.xls","2026-05","苏州市轨道交通集团有限公司","3206624778403","2026-05-05","False","33","08:15","4402","False"
"1、交易计算表5月.xls","2026-05","苏州市轨道交通集团有限公司","3206624778403","2026-05-05","False","34","08:30","4405","False"
"1、交易计算表5月.xls","2026-05","苏州市轨道交通集团有限公司","3206624778403","2026-05-05","False","35","08:45","0","False"
"1、交易计算表5月.xls","2026-05","苏州市轨道交通集团有限公司","3206624778403","2026-05-05","False","36","09:00","8807","False"
"1、交易计算表5月.xls","2026-05","苏州市轨道交通集团有限公司","3206624778403","2026-05-05","False","37","09:15","0","False"
"1、交易计算表5月.xls","2026-05","苏州市轨道交通集团有限公司","3206624778403","2026-05-05","False","38","09:30","8807","False"
"1、交易计算表5月.xls","2026-05","苏州市轨道交通集团有限公司","3206624778403","2026-05-05","False","39","09:45","0","False"
"1、交易计算表5月.xls","2026-05","苏州市轨道交通集团有限公司","3206624778403","2026-05-05","False","40","10:00","0","False"
"1、交易计算表5月.xls","2026-05","苏州市轨道交通集团有限公司","3206624778403","2026-05-05","False","41","10:15","8807","False"
"1、交易计算表5月.xls","2026-05","苏州市轨道交通集团有限公司","3206624778403","2026-05-05","False","42","10:30","0","False"
"1、交易计算表5月.xls","2026-05","苏州市轨道交通集团有限公司","3206624778403","2026-05-05","False","43","10:45","4405","False"
"1、交易计算表5月.xls","2026-05","苏州市轨道交通集团有限公司","3206624778403","2026-05-05","False","44","11:00","4402","False"
"1、交易计算表5月.xls","2026-05","苏州市轨道交通集团有限公司","3206624778403","2026-05-05","False","45","11:15","4405","False"
"1、交易计算表5月.xls","2026-05","苏州市轨道交通集团有限公司","3206624778403","2026-05-05","False","46","11:30","4402","False"
"1、交易计算表5月.xls","2026-05","苏州市轨道交通集团有限公司","3206624778403","2026-05-05","False","47","11:45","4405","False"
"1、交易计算表5月.xls","2026-05","苏州市轨道交通集团有限公司","3206624778403","2026-05-05","False","48","12:00","0","False"
"1、交易计算表5月.xls","2026-05","苏州市轨道交通集团有限公司","3206624778403","2026-05-05","False","49","12:15","4402","False"
"1、交易计算表5月.xls","2026-05","苏州市轨道交通集团有限公司","3206624778403","2026-05-05","False","50","12:30","4405","False"
"1、交易计算表5月.xls","2026-05","苏州市轨道交通集团有限公司","3206624778403","2026-05-05","False","51","12:45","0","False"
"1、交易计算表5月.xls","2026-05","苏州市轨道交通集团有限公司","3206624778403","2026-05-05","False","52","13:00","8807","False"
"1、交易计算表5月.xls","2026-05","苏州市轨道交通集团有限公司","3206624778403","2026-05-05","False","53","13:15","0","False"
"1、交易计算表5月.xls","2026-05","苏州市轨道交通集团有限公司","3206624778403","2026-05-05","False","54","13:30","8807","False"
"1、交易计算表5月.xls","2026-05","苏州市轨道交通集团有限公司","3206624778403","2026-05-05","False","55","13:45","0","False"
"1、交易计算表5月.xls","2026-05","苏州市轨道交通集团有限公司","3206624778403","2026-05-05","False","56","14:00","4405","False"
"1、交易计算表5月.xls","2026-05","苏州市轨道交通集团有限公司","3206624778403","2026-05-05","False","57","14:15","4403","False"
"1、交易计算表5月.xls","2026-05","苏州市轨道交通集团有限公司","3206624778403","2026-05-05","False","58","14:30","0","False"
"1、交易计算表5月.xls","2026-05","苏州市轨道交通集团有限公司","3206624778403","2026-05-05","False","59","14:45","8807","False"
"1、交易计算表5月.xls","2026-05","苏州市轨道交通集团有限公司","3206624778403","2026-05-05","False","60","15:00","0","False"
"1、交易计算表5月.xls","2026-05","苏州市轨道交通集团有限公司","3206624778403","2026-05-05","False","61","15:15","4405","False"
"1、交易计算表5月.xls","2026-05","苏州市轨道交通集团有限公司","3206624778403","2026-05-05","False","62","15:30","4402","False"
"1、交易计算表5月.xls","2026-05","苏州市轨道交通集团有限公司","3206624778403","2026-05-05","False","63","15:45","4405","False"
"1、交易计算表5月.xls","2026-05","苏州市轨道交通集团有限公司","3206624778403","2026-05-05","False","64","16:00","4402","False"
"1、交易计算表5月.xls","2026-05","苏州市轨道交通集团有限公司","3206624778403","2026-05-05","False","65","16:15","0","False"
"1、交易计算表5月.xls","2026-05","苏州市轨道交通集团有限公司","3206624778403","2026-05-05","False","66","16:30","4405","False"
"1、交易计算表5月.xls","2026-05","苏州市轨道交通集团有限公司","3206624778403","2026-05-05","False","67","16:45","4402","False"
"1、交易计算表5月.xls","2026-05","苏州市轨道交通集团有限公司","3206624778403","2026-05-05","False","68","17:00","4405","False"
"1、交易计算表5月.xls","2026-05","苏州市轨道交通集团有限公司","3206624778403","2026-05-05","False","69","17:15","4402","False"
"1、交易计算表5月.xls","2026-05","苏州市轨道交通集团有限公司","3206624778403","2026-05-05","False","70","17:30","0","False"
"1、交易计算表5月.xls","2026-05","苏州市轨道交通集团有限公司","3206624778403","2026-05-05","False","71","17:45","8807","False"
"1、交易计算表5月.xls","2026-05","苏州市轨道交通集团有限公司","3206624778403","2026-05-05","False","72","18:00","0","False"
"1、交易计算表5月.xls","2026-05","苏州市轨道交通集团有限公司","3206624778403","2026-05-05","False","73","18:15","8807","False"
"1、交易计算表5月.xls","2026-05","苏州市轨道交通集团有限公司","3206624778403","2026-05-05","False","74","18:30","0","False"
"1、交易计算表5月.xls","2026-05","苏州市轨道交通集团有限公司","3206624778403","2026-05-05","False","75","18:45","4405","False"
"1、交易计算表5月.xls","2026-05","苏州市轨道交通集团有限公司","3206624778403","2026-05-05","False","76","19:00","4402","False"
"1、交易计算表5月.xls","2026-05","苏州市轨道交通集团有限公司","3206624778403","2026-05-05","False","77","19:15","0","False"
"1、交易计算表5月.xls","2026-05","苏州市轨道交通集团有限公司","3206624778403","2026-05-05","False","78","19:30","8807","False"
"1、交易计算表5月.xls","2026-05","苏州市轨道交通集团有限公司","3206624778403","2026-05-05","False","79","19:45","0","False"
"1、交易计算表5月.xls","2026-05","苏州市轨道交通集团有限公司","3206624778403","2026-05-05","False","80","20:00","8807","False"
"1、交易计算表5月.xls","2026-05","苏州市轨道交通集团有限公司","3206624778403","2026-05-05","False","81","20:15","0","False"
"1、交易计算表5月.xls","2026-05","苏州市轨道交通集团有限公司","3206624778403","2026-05-05","False","82","20:30","4402","False"
"1、交易计算表5月.xls","2026-05","苏州市轨道交通集团有限公司","3206624778403","2026-05-05","False","83","20:45","4405","False"
"1、交易计算表5月.xls","2026-05","苏州市轨道交通集团有限公司","3206624778403","2026-05-05","False","84","21:00","0","False"
"1、交易计算表5月.xls","2026-05","苏州市轨道交通集团有限公司","3206624778403","2026-05-05","False","85","21:15","8807","False"
"1、交易计算表5月.xls","2026-05","苏州市轨道交通集团有限公司","3206624778403","2026-05-05","False","86","21:30","0","False"
"1、交易计算表5月.xls","2026-05","苏州市轨道交通集团有限公司","3206624778403","2026-05-05","False","87","21:45","4402","False"
"1、交易计算表5月.xls","2026-05","苏州市轨道交通集团有限公司","3206624778403","2026-05-05","False","88","22:00","4405","False"
"1、交易计算表5月.xls","2026-05","苏州市轨道交通集团有限公司","3206624778403","2026-05-05","False","89","22:15","4402","False"
"1、交易计算表5月.xls","2026-05","苏州市轨道交通集团有限公司","3206624778403","2026-05-05","False","90","22:30","4405","False"
"1、交易计算表5月.xls","2026-05","苏州市轨道交通集团有限公司","3206624778403","2026-05-05","False","91","22:45","0","False"
"1、交易计算表5月.xls","2026-05","苏州市轨道交通集团有限公司","3206624778403","2026-05-05","False","92","23:00","4402","False"
"1、交易计算表5月.xls","2026-05","苏州市轨道交通集团有限公司","3206624778403","2026-05-05","False","93","23:15","4405","False"
"1、交易计算表5月.xls","2026-05","苏州市轨道交通集团有限公司","3206624778403","2026-05-05","False","94","23:30","4403","False"
"1、交易计算表5月.xls","2026-05","苏州市轨道交通集团有限公司","3206624778403","2026-05-05","False","95","23:45","0","False"
"1、交易计算表5月.xls","2026-05","苏州市轨道交通集团有限公司","3206624778403","2026-05-05","False","96","24:00","4405","False"
"1、交易计算表5月.xls","2026-05","苏州市轨道交通集团有限公司","3206624942389","2026-05-05","False","1","00:15","2","False"
"1、交易计算表5月.xls","2026-05","苏州市轨道交通集团有限公司","3206624942389","2026-05-05","False","2","00:30","0","False"
"1、交易计算表5月.xls","2026-05","苏州市轨道交通集团有限公司","3206624942389","2026-05-05","False","3","00:45","1","False"
"1、交易计算表5月.xls","2026-05","苏州市轨道交通集团有限公司","3206624942389","2026-05-05","False","4","01:00","1","False"
"1、交易计算表5月.xls","2026-05","苏州市轨道交通集团有限公司","3206624942389","2026-05-05","False","5","01:15","2","False"
"1、交易计算表5月.xls","2026-05","苏州市轨道交通集团有限公司","3206624942389","2026-05-05","False","6","01:30","1","False"
"1、交易计算表5月.xls","2026-05","苏州市轨道交通集团有限公司","3206624942389","2026-05-05","False","7","01:45","1","False"
"1、交易计算表5月.xls","2026-05","苏州市轨道交通集团有限公司","3206624942389","2026-05-05","False","8","02:00","2","False"
"1、交易计算表5月.xls","2026-05","苏州市轨道交通集团有限公司","3206624942389","2026-05-05","False","9","02:15","3","False"
"1、交易计算表5月.xls","2026-05","苏州市轨道交通集团有限公司","3206624942389","2026-05-05","False","10","02:30","2","False"
"1、交易计算表5月.xls","2026-05","苏州市轨道交通集团有限公司","3206624942389","2026-05-05","False","11","02:45","4","False"
"1、交易计算表5月.xls","2026-05","苏州市轨道交通集团有限公司","3206624942389","2026-05-05","False","12","03:00","2","False"
"1、交易计算表5月.xls","2026-05","苏州市轨道交通集团有限公司","3206624942389","2026-05-05","False","13","03:15","2","False"
"1、交易计算表5月.xls","2026-05","苏州市轨道交通集团有限公司","3206624942389","2026-05-05","False","14","03:30","4","False"
"1、交易计算表5月.xls","2026-05","苏州市轨道交通集团有限公司","3206624942389","2026-05-05","False","15","03:45","2","False"
"1、交易计算表5月.xls","2026-05","苏州市轨道交通集团有限公司","3206624942389","2026-05-05","False","16","04:00","3","False"
"1、交易计算表5月.xls","2026-05","苏州市轨道交通集团有限公司","3206624942389","2026-05-05","False","17","04:15","2","False"
"1、交易计算表5月.xls","2026-05","苏州市轨道交通集团有限公司","3206624942389","2026-05-05","False","18","04:30","3","False"
"1、交易计算表5月.xls","2026-05","苏州市轨道交通集团有限公司","3206624942389","2026-05-05","False","19","04:45","2","False"
"1、交易计算表5月.xls","2026-05","苏州市轨道交通集团有限公司","3206624942389","2026-05-05","False","20","05:00","1","False"
"1、交易计算表5月.xls","2026-05","苏州市轨道交通集团有限公司","3206624942389","2026-05-05","False","21","05:15","1","False"
"1、交易计算表5月.xls","2026-05","苏州市轨道交通集团有限公司","3206624942389","2026-05-05","False","22","05:30","1","False"
"1、交易计算表5月.xls","2026-05","苏州市轨道交通集团有限公司","3206624942389","2026-05-05","False","23","05:45","3","False"
"1、交易计算表5月.xls","2026-05","苏州市轨道交通集团有限公司","3206624942389","2026-05-05","False","24","06:00","0","False"
"1、交易计算表5月.xls","2026-05","苏州市轨道交通集团有限公司","3206624942389","2026-05-05","False","25","06:15","1","False"
"1、交易计算表5月.xls","2026-05","苏州市轨道交通集团有限公司","3206624942389","2026-05-05","False","26","06:30","1","False"
"1、交易计算表5月.xls","2026-05","苏州市轨道交通集团有限公司","3206624942389","2026-05-05","False","27","06:45","3","False"
"1、交易计算表5月.xls","2026-05","苏州市轨道交通集团有限公司","3206624942389","2026-05-05","False","28","07:00","2","False"
"1、交易计算表5月.xls","2026-05","苏州市轨道交通集团有限公司","3206624942389","2026-05-05","False","29","07:15","1","False"
"1、交易计算表5月.xls","2026-05","苏州市轨道交通集团有限公司","3206624942389","2026-05-05","False","30","07:30","1","False"
"1、交易计算表5月.xls","2026-05","苏州市轨道交通集团有限公司","3206624942389","2026-05-05","False","31","07:45","2","False"
"1、交易计算表5月.xls","2026-05","苏州市轨道交通集团有限公司","3206624942389","2026-05-05","False","32","08:00","2","False"
"1、交易计算表5月.xls","2026-05","苏州市轨道交通集团有限公司","3206624942389","2026-05-05","False","33","08:15","1","False"
"1、交易计算表5月.xls","2026-05","苏州市轨道交通集团有限公司","3206624942389","2026-05-05","False","34","08:30","1","False"
"1、交易计算表5月.xls","2026-05","苏州市轨道交通集团有限公司","3206624942389","2026-05-05","False","35","08:45","1","False"
"1、交易计算表5月.xls","2026-05","苏州市轨道交通集团有限公司","3206624942389","2026-05-05","False","36","09:00","2","False"
"1、交易计算表5月.xls","2026-05","苏州市轨道交通集团有限公司","3206624942389","2026-05-05","False","37","09:15","0","False"
"1、交易计算表5月.xls","2026-05","苏州市轨道交通集团有限公司","3206624942389","2026-05-05","False","38","09:30","2","False"
"1、交易计算表5月.xls","2026-05","苏州市轨道交通集团有限公司","3206624942389","2026-05-05","False","39","09:45","2","False"
"1、交易计算表5月.xls","2026-05","苏州市轨道交通集团有限公司","3206624942389","2026-05-05","False","40","10:00","3","False"
"1、交易计算表5月.xls","2026-05","苏州市轨道交通集团有限公司","3206624942389","2026-05-05","False","41","10:15","2","False"
"1、交易计算表5月.xls","2026-05","苏州市轨道交通集团有限公司","3206624942389","2026-05-05","False","42","10:30","4","False"
"1、交易计算表5月.xls","2026-05","苏州市轨道交通集团有限公司","3206624942389","2026-05-05","False","43","10:45","3","False"
"1、交易计算表5月.xls","2026-05","苏州市轨道交通集团有限公司","3206624942389","2026-05-05","False","44","11:00","3","False"
"1、交易计算表5月.xls","2026-05","苏州市轨道交通集团有限公司","3206624942389","2026-05-05","False","45","11:15","1","False"
"1、交易计算表5月.xls","2026-05","苏州市轨道交通集团有限公司","3206624942389","2026-05-05","False","46","11:30","1","False"
"1、交易计算表5月.xls","2026-05","苏州市轨道交通集团有限公司","3206624942389","2026-05-05","False","47","11:45","2","False"
"1、交易计算表5月.xls","2026-05","苏州市轨道交通集团有限公司","3206624942389","2026-05-05","False","48","12:00","2","False"
"1、交易计算表5月.xls","2026-05","苏州市轨道交通集团有限公司","3206624942389","2026-05-05","False","49","12:15","1","False"
"1、交易计算表5月.xls","2026-05","苏州市轨道交通集团有限公司","3206624942389","2026-05-05","False","50","12:30","2","False"
"1、交易计算表5月.xls","2026-05","苏州市轨道交通集团有限公司","3206624942389","2026-05-05","False","51","12:45","1","False"
"1、交易计算表5月.xls","2026-05","苏州市轨道交通集团有限公司","3206624942389","2026-05-05","False","52","13:00","2","False"
"1、交易计算表5月.xls","2026-05","苏州市轨道交通集团有限公司","3206624942389","2026-05-05","False","53","13:15","1","False"
"1、交易计算表5月.xls","2026-05","苏州市轨道交通集团有限公司","3206624942389","2026-05-05","False","54","13:30","1","False"
"1、交易计算表5月.xls","2026-05","苏州市轨道交通集团有限公司","3206624942389","2026-05-05","False","55","13:45","1","False"
"1、交易计算表5月.xls","2026-05","苏州市轨道交通集团有限公司","3206624942389","2026-05-05","False","56","14:00","1","False"
"1、交易计算表5月.xls","2026-05","苏州市轨道交通集团有限公司","3206624942389","2026-05-05","False","57","14:15","3","False"
"1、交易计算表5月.xls","2026-05","苏州市轨道交通集团有限公司","3206624942389","2026-05-05","False","58","14:30","1","False"
"1、交易计算表5月.xls","2026-05","苏州市轨道交通集团有限公司","3206624942389","2026-05-05","False","59","14:45","1","False"
"1、交易计算表5月.xls","2026-05","苏州市轨道交通集团有限公司","3206624942389","2026-05-05","False","60","15:00","0","False"
"1、交易计算表5月.xls","2026-05","苏州市轨道交通集团有限公司","3206624942389","2026-05-05","False","61","15:15","3","False"
"1、交易计算表5月.xls","2026-05","苏州市轨道交通集团有限公司","3206624942389","2026-05-05","False","62","15:30","0","False"
"1、交易计算表5月.xls","2026-05","苏州市轨道交通集团有限公司","3206624942389","2026-05-05","False","63","15:45","2","False"
"1、交易计算表5月.xls","2026-05","苏州市轨道交通集团有限公司","3206624942389","2026-05-05","False","64","16:00","3","False"
"1、交易计算表5月.xls","2026-05","苏州市轨道交通集团有限公司","3206624942389","2026-05-05","False","65","16:15","1","False"
"1、交易计算表5月.xls","2026-05","苏州市轨道交通集团有限公司","3206624942389","2026-05-05","False","66","16:30","1","False"
"1、交易计算表5月.xls","2026-05","苏州市轨道交通集团有限公司","3206624942389","2026-05-05","False","67","16:45","3","False"
"1、交易计算表5月.xls","2026-05","苏州市轨道交通集团有限公司","3206624942389","2026-05-05","False","68","17:00","1","False"
"1、交易计算表5月.xls","2026-05","苏州市轨道交通集团有限公司","3206624942389","2026-05-05","False","69","17:15","1","False"
"1、交易计算表5月.xls","2026-05","苏州市轨道交通集团有限公司","3206624942389","2026-05-05","False","70","17:30","3","False"
"1、交易计算表5月.xls","2026-05","苏州市轨道交通集团有限公司","3206624942389","2026-05-05","False","71","17:45","1","False"
"1、交易计算表5月.xls","2026-05","苏州市轨道交通集团有限公司","3206624942389","2026-05-05","False","72","18:00","1","False"
"1、交易计算表5月.xls","2026-05","苏州市轨道交通集团有限公司","3206624942389","2026-05-05","False","73","18:15","2","False"
"1、交易计算表5月.xls","2026-05","苏州市轨道交通集团有限公司","3206624942389","2026-05-05","False","74","18:30","2","False"
"1、交易计算表5月.xls","2026-05","苏州市轨道交通集团有限公司","3206624942389","2026-05-05","False","75","18:45","2","False"
"1、交易计算表5月.xls","2026-05","苏州市轨道交通集团有限公司","3206624942389","2026-05-05","False","76","19:00","2","False"
"1、交易计算表5月.xls","2026-05","苏州市轨道交通集团有限公司","3206624942389","2026-05-05","False","77","19:15","1","False"
"1、交易计算表5月.xls","2026-05","苏州市轨道交通集团有限公司","3206624942389","2026-05-05","False","78","19:30","2","False"
"1、交易计算表5月.xls","2026-05","苏州市轨道交通集团有限公司","3206624942389","2026-05-05","False","79","19:45","1","False"
"1、交易计算表5月.xls","2026-05","苏州市轨道交通集团有限公司","3206624942389","2026-05-05","False","80","20:00","1","False"
"1、交易计算表5月.xls","2026-05","苏州市轨道交通集团有限公司","3206624942389","2026-05-05","False","81","20:15","1","False"
"1、交易计算表5月.xls","2026-05","苏州市轨道交通集团有限公司","3206624942389","2026-05-05","False","82","20:30","3","False"
"1、交易计算表5月.xls","2026-05","苏州市轨道交通集团有限公司","3206624942389","2026-05-05","False","83","20:45","1","False"
"1、交易计算表5月.xls","2026-05","苏州市轨道交通集团有限公司","3206624942389","2026-05-05","False","84","21:00","1","False"
"1、交易计算表5月.xls","2026-05","苏州市轨道交通集团有限公司","3206624942389","2026-05-05","False","85","21:15","2","False"
"1、交易计算表5月.xls","2026-05","苏州市轨道交通集团有限公司","3206624942389","2026-05-05","False","86","21:30","4","False"
"1、交易计算表5月.xls","2026-05","苏州市轨道交通集团有限公司","3206624942389","2026-05-05","False","87","21:45","1","False"
"1、交易计算表5月.xls","2026-05","苏州市轨道交通集团有限公司","3206624942389","2026-05-05","False","88","22:00","1","False"
"1、交易计算表5月.xls","2026-05","苏州市轨道交通集团有限公司","3206624942389","2026-05-05","False","89","22:15","1","False"
"1、交易计算表5月.xls","2026-05","苏州市轨道交通集团有限公司","3206624942389","2026-05-05","False","90","22:30","2","False"
"1、交易计算表5月.xls","2026-05","苏州市轨道交通集团有限公司","3206624942389","2026-05-05","False","91","22:45","1","False"
"1、交易计算表5月.xls","2026-05","苏州市轨道交通集团有限公司","3206624942389","2026-05-05","False","92","23:00","1","False"
"1、交易计算表5月.xls","2026-05","苏州市轨道交通集团有限公司","3206624942389","2026-05-05","False","93","23:15","1","False"
"1、交易计算表5月.xls","2026-05","苏州市轨道交通集团有限公司","3206624942389","2026-05-05","False","94","23:30","3","False"
"1、交易计算表5月.xls","2026-05","苏州市轨道交通集团有限公司","3206624942389","2026-05-05","False","95","23:45","2","False"
"1、交易计算表5月.xls","2026-05","苏州市轨道交通集团有限公司","3206624942389","2026-05-05","False","96","24:00","5","False"
"1、交易计算表5月.xls","2026-05","苏州市轨道交通集团有限公司","3203080388854","2026-05-05","False","1","00:15","275","False"
"1、交易计算表5月.xls","2026-05","苏州市轨道交通集团有限公司","3203080388854","2026-05-05","False","2","00:30","247","False"
"1、交易计算表5月.xls","2026-05","苏州市轨道交通集团有限公司","3203080388854","2026-05-05","False","3","00:45","220","False"
"1、交易计算表5月.xls","2026-05","苏州市轨道交通集团有限公司","3203080388854","2026-05-05","False","4","01:00","220","False"
"1、交易计算表5月.xls","2026-05","苏州市轨道交通集团有限公司","3203080388854","2026-05-05","False","5","01:15","220","False"
"1、交易计算表5月.xls","2026-05","苏州市轨道交通集团有限公司","3203080388854","2026-05-05","False","6","01:30","192","False"
"1、交易计算表5月.xls","2026-05","苏州市轨道交通集团有限公司","3203080388854","2026-05-05","False","7","01:45","220","False"
"1、交易计算表5月.xls","2026-05","苏州市轨道交通集团有限公司","3203080388854","2026-05-05","False","8","02:00","220","False"
"1、交易计算表5月.xls","2026-05","苏州市轨道交通集团有限公司","3203080388854","2026-05-05","False","9","02:15","193","False"
"1、交易计算表5月.xls","2026-05","苏州市轨道交通集团有限公司","3203080388854","2026-05-05","False","10","02:30","193","False"
"1、交易计算表5月.xls","2026-05","苏州市轨道交通集团有限公司","3203080388854","2026-05-05","False","11","02:45","220","False"
"1、交易计算表5月.xls","2026-05","苏州市轨道交通集团有限公司","3203080388854","2026-05-05","False","12","03:00","192","False"
"1、交易计算表5月.xls","2026-05","苏州市轨道交通集团有限公司","3203080388854","2026-05-05","False","13","03:15","221","False"
"1、交易计算表5月.xls","2026-05","苏州市轨道交通集团有限公司","3203080388854","2026-05-05","False","14","03:30","192","False"
"1、交易计算表5月.xls","2026-05","苏州市轨道交通集团有限公司","3203080388854","2026-05-05","False","15","03:45","193","False"
"1、交易计算表5月.xls","2026-05","苏州市轨道交通集团有限公司","3203080388854","2026-05-05","False","16","04:00","220","False"
"1、交易计算表5月.xls","2026-05","苏州市轨道交通集团有限公司","3203080388854","2026-05-05","False","17","04:15","220","False"
"1、交易计算表5月.xls","2026-05","苏州市轨道交通集团有限公司","3203080388854","2026-05-05","False","18","04:30","248","False"
"1、交易计算表5月.xls","2026-05","苏州市轨道交通集团有限公司","3203080388854","2026-05-05","False","19","04:45","220","False"
"1、交易计算表5月.xls","2026-05","苏州市轨道交通集团有限公司","3203080388854","2026-05-05","False","20","05:00","248","False"
"1、交易计算表5月.xls","2026-05","苏州市轨道交通集团有限公司","3203080388854","2026-05-05","False","21","05:15","303","False"
"1、交易计算表5月.xls","2026-05","苏州市轨道交通集团有限公司","3203080388854","2026-05-05","False","22","05:30","330","False"
"1、交易计算表5月.xls","2026-05","苏州市轨道交通集团有限公司","3203080388854","2026-05-05","False","23","05:45","358","False"
"1、交易计算表5月.xls","2026-05","苏州市轨道交通集团有限公司","3203080388854","2026-05-05","False","24","06:00","413","False"
"1、交易计算表5月.xls","2026-05","苏州市轨道交通集团有限公司","3203080388854","2026-05-05","False","25","06:15","494","False"
"1、交易计算表5月.xls","2026-05","苏州市轨道交通集团有限公司","3203080388854","2026-05-05","False","26","06:30","495","False"
"1、交易计算表5月.xls","2026-05","苏州市轨道交通集团有限公司","3203080388854","2026-05-05","False","27","06:45","633","False"
"1、交易计算表5月.xls","2026-05","苏州市轨道交通集团有限公司","3203080388854","2026-05-05","False","28","07:00","634","False"
"1、交易计算表5月.xls","2026-05","苏州市轨道交通集团有限公司","3203080388854","2026-05-05","False","29","07:15","687","False"
"1、交易计算表5月.xls","2026-05","苏州市轨道交通集团有限公司","3203080388854","2026-05-05","False","30","07:30","660","False"
"1、交易计算表5月.xls","2026-05","苏州市轨道交通集团有限公司","3203080388854","2026-05-05","False","31","07:45","688","False"
"1、交易计算表5月.xls","2026-05","苏州市轨道交通集团有限公司","3203080388854","2026-05-05","False","32","08:00","634","False"
"1、交易计算表5月.xls","2026-05","苏州市轨道交通集团有限公司","3203080388854","2026-05-05","False","33","08:15","688","False"
"1、交易计算表5月.xls","2026-05","苏州市轨道交通集团有限公司","3203080388854","2026-05-05","False","34","08:30","633","False"
"1、交易计算表5月.xls","2026-05","苏州市轨道交通集团有限公司","3203080388854","2026-05-05","False","35","08:45","632","False"
"1、交易计算表5月.xls","2026-05","苏州市轨道交通集团有限公司","3203080388854","2026-05-05","False","36","09:00","661","False"
"1、交易计算表5月.xls","2026-05","苏州市轨道交通集团有限公司","3203080388854","2026-05-05","False","37","09:15","687","False"
"1、交易计算表5月.xls","2026-05","苏州市轨道交通集团有限公司","3203080388854","2026-05-05","False","38","09:30","689","False"
"1、交易计算表5月.xls","2026-05","苏州市轨道交通集团有限公司","3203080388854","2026-05-05","False","39","09:45","687","False"
"1、交易计算表5月.xls","2026-05","苏州市轨道交通集团有限公司","3203080388854","2026-05-05","False","40","10:00","689","False"
"1、交易计算表5月.xls","2026-05","苏州市轨道交通集团有限公司","3203080388854","2026-05-05","False","41","10:15","661","False"
"1、交易计算表5月.xls","2026-05","苏州市轨道交通集团有限公司","3203080388854","2026-05-05","False","42","10:30","687","False"
"1、交易计算表5月.xls","2026-05","苏州市轨道交通集团有限公司","3203080388854","2026-05-05","False","43","10:45","660","False"
"1、交易计算表5月.xls","2026-05","苏州市轨道交通集团有限公司","3203080388854","2026-05-05","False","44","11:00","688","False"
"1、交易计算表5月.xls","2026-05","苏州市轨道交通集团有限公司","3203080388854","2026-05-05","False","45","11:15","660","False"
"1、交易计算表5月.xls","2026-05","苏州市轨道交通集团有限公司","3203080388854","2026-05-05","False","46","11:30","688","False"
"1、交易计算表5月.xls","2026-05","苏州市轨道交通集团有限公司","3203080388854","2026-05-05","False","47","11:45","716","False"
"1、交易计算表5月.xls","2026-05","苏州市轨道交通集团有限公司","3203080388854","2026-05-05","False","48","12:00","689","False"
"1、交易计算表5月.xls","2026-05","苏州市轨道交通集团有限公司","3203080388854","2026-05-05","False","49","12:15","660","False"
"1、交易计算表5月.xls","2026-05","苏州市轨道交通集团有限公司","3203080388854","2026-05-05","False","50","12:30","687","False"
"1、交易计算表5月.xls","2026-05","苏州市轨道交通集团有限公司","3203080388854","2026-05-05","False","51","12:45","660","False"
"1、交易计算表5月.xls","2026-05","苏州市轨道交通集团有限公司","3203080388854","2026-05-05","False","52","13:00","661","False"
"1、交易计算表5月.xls","2026-05","苏州市轨道交通集团有限公司","3203080388854","2026-05-05","False","53","13:15","687","False"
"1、交易计算表5月.xls","2026-05","苏州市轨道交通集团有限公司","3203080388854","2026-05-05","False","54","13:30","660","False"
"1、交易计算表5月.xls","2026-05","苏州市轨道交通集团有限公司","3203080388854","2026-05-05","False","55","13:45","716","False"
"1、交易计算表5月.xls","2026-05","苏州市轨道交通集团有限公司","3203080388854","2026-05-05","False","56","14:00","662","False"
"1、交易计算表5月.xls","2026-05","苏州市轨道交通集团有限公司","3203080388854","2026-05-05","False","57","14:15","687","False"
"1、交易计算表5月.xls","2026-05","苏州市轨道交通集团有限公司","3203080388854","2026-05-05","False","58","14:30","688","False"
"1、交易计算表5月.xls","2026-05","苏州市轨道交通集团有限公司","3203080388854","2026-05-05","False","59","14:45","661","False"
"1、交易计算表5月.xls","2026-05","苏州市轨道交通集团有限公司","3203080388854","2026-05-05","False","60","15:00","687","False"
"1、交易计算表5月.xls","2026-05","苏州市轨道交通集团有限公司","3203080388854","2026-05-05","False","61","15:15","688","False"
"1、交易计算表5月.xls","2026-05","苏州市轨道交通集团有限公司","3203080388854","2026-05-05","False","62","15:30","688","False"
"1、交易计算表5月.xls","2026-05","苏州市轨道交通集团有限公司","3203080388854","2026-05-05","False","63","15:45","689","False"
"1、交易计算表5月.xls","2026-05","苏州市轨道交通集团有限公司","3203080388854","2026-05-05","False","64","16:00","659","False"
"1、交易计算表5月.xls","2026-05","苏州市轨道交通集团有限公司","3203080388854","2026-05-05","False","65","16:15","688","False"
"1、交易计算表5月.xls","2026-05","苏州市轨道交通集团有限公司","3203080388854","2026-05-05","False","66","16:30","634","False"
"1、交易计算表5月.xls","2026-05","苏州市轨道交通集团有限公司","3203080388854","2026-05-05","False","67","16:45","687","False"
"1、交易计算表5月.xls","2026-05","苏州市轨道交通集团有限公司","3203080388854","2026-05-05","False","68","17:00","687","False"
"1、交易计算表5月.xls","2026-05","苏州市轨道交通集团有限公司","3203080388854","2026-05-05","False","69","17:15","688","False"
"1、交易计算表5月.xls","2026-05","苏州市轨道交通集团有限公司","3203080388854","2026-05-05","False","70","17:30","661","False"
"1、交易计算表5月.xls","2026-05","苏州市轨道交通集团有限公司","3203080388854","2026-05-05","False","71","17:45","688","False"
"1、交易计算表5月.xls","2026-05","苏州市轨道交通集团有限公司","3203080388854","2026-05-05","False","72","18:00","716","False"
"1、交易计算表5月.xls","2026-05","苏州市轨道交通集团有限公司","3203080388854","2026-05-05","False","73","18:15","633","False"
"1、交易计算表5月.xls","2026-05","苏州市轨道交通集团有限公司","3203080388854","2026-05-05","False","74","18:30","687","False"
"1、交易计算表5月.xls","2026-05","苏州市轨道交通集团有限公司","3203080388854","2026-05-05","False","75","18:45","688","False"
"1、交易计算表5月.xls","2026-05","苏州市轨道交通集团有限公司","3203080388854","2026-05-05","False","76","19:00","687","False"
"1、交易计算表5月.xls","2026-05","苏州市轨道交通集团有限公司","3203080388854","2026-05-05","False","77","19:15","661","False"
"1、交易计算表5月.xls","2026-05","苏州市轨道交通集团有限公司","3203080388854","2026-05-05","False","78","19:30","662","False"
"1、交易计算表5月.xls","2026-05","苏州市轨道交通集团有限公司","3203080388854","2026-05-05","False","79","19:45","632","False"
"1、交易计算表5月.xls","2026-05","苏州市轨道交通集团有限公司","3203080388854","2026-05-05","False","80","20:00","661","False"
"1、交易计算表5月.xls","2026-05","苏州市轨道交通集团有限公司","3203080388854","2026-05-05","False","81","20:15","660","False"
"1、交易计算表5月.xls","2026-05","苏州市轨道交通集团有限公司","3203080388854","2026-05-05","False","82","20:30","688","False"
"1、交易计算表5月.xls","2026-05","苏州市轨道交通集团有限公司","3203080388854","2026-05-05","False","83","20:45","687","False"
"1、交易计算表5月.xls","2026-05","苏州市轨道交通集团有限公司","3203080388854","2026-05-05","False","84","21:00","633","False"
"1、交易计算表5月.xls","2026-05","苏州市轨道交通集团有限公司","3203080388854","2026-05-05","False","85","21:15","660","False"
"1、交易计算表5月.xls","2026-05","苏州市轨道交通集团有限公司","3203080388854","2026-05-05","False","86","21:30","661","False"
"1、交易计算表5月.xls","2026-05","苏州市轨道交通集团有限公司","3203080388854","2026-05-05","False","87","21:45","606","False"
"1、交易计算表5月.xls","2026-05","苏州市轨道交通集团有限公司","3203080388854","2026-05-05","False","88","22:00","605","False"
"1、交易计算表5月.xls","2026-05","苏州市轨道交通集团有限公司","3203080388854","2026-05-05","False","89","22:15","606","False"
"1、交易计算表5月.xls","2026-05","苏州市轨道交通集团有限公司","3203080388854","2026-05-05","False","90","22:30","550","False"
"1、交易计算表5月.xls","2026-05","苏州市轨道交通集团有限公司","3203080388854","2026-05-05","False","91","22:45","549","False"
"1、交易计算表5月.xls","2026-05","苏州市轨道交通集团有限公司","3203080388854","2026-05-05","False","92","23:00","497","False"
"1、交易计算表5月.xls","2026-05","苏州市轨道交通集团有限公司","3203080388854","2026-05-05","False","93","23:15","467","False"
"1、交易计算表5月.xls","2026-05","苏州市轨道交通集团有限公司","3203080388854","2026-05-05","False","94","23:30","522","False"
"1、交易计算表5月.xls","2026-05","苏州市轨道交通集团有限公司","3203080388854","2026-05-05","False","95","23:45","440","False"
"1、交易计算表5月.xls","2026-05","苏州市轨道交通集团有限公司","3203080388854","2026-05-05","False","96","24:00","388","False"
"1、交易计算表5月.xls","2026-05","苏州市轨道交通集团有限公司","3206622203295","2026-05-05","False","1","00:15","704","False"
"1、交易计算表5月.xls","2026-05","苏州市轨道交通集团有限公司","3206622203295","2026-05-05","False","2","00:30","5067","False"
"1、交易计算表5月.xls","2026-05","苏州市轨道交通集团有限公司","3206622203295","2026-05-05","False","3","00:45","528","False"
"1、交易计算表5月.xls","2026-05","苏州市轨道交通集团有限公司","3206622203295","2026-05-05","False","4","01:00","529","False"
"1、交易计算表5月.xls","2026-05","苏州市轨道交通集团有限公司","3206622203295","2026-05-05","False","5","01:15","528","False"
"1、交易计算表5月.xls","2026-05","苏州市轨道交通集团有限公司","3206622203295","2026-05-05","False","6","01:30","484","False"
"1、交易计算表5月.xls","2026-05","苏州市轨道交通集团有限公司","3206622203295","2026-05-05","False","7","01:45","528","False"
"1、交易计算表5月.xls","2026-05","苏州市轨道交通集团有限公司","3206622203295","2026-05-05","False","8","02:00","529","False"
"1、交易计算表5月.xls","2026-05","苏州市轨道交通集团有限公司","3206622203295","2026-05-05","False","9","02:15","440","False"
"1、交易计算表5月.xls","2026-05","苏州市轨道交通集团有限公司","3206622203295","2026-05-05","False","10","02:30","4847","False"
"1、交易计算表5月.xls","2026-05","苏州市轨道交通集团有限公司","3206622203295","2026-05-05","False","11","02:45","484","False"
"1、交易计算表5月.xls","2026-05","苏州市轨道交通集团有限公司","3206622203295","2026-05-05","False","12","03:00","440","False"
"1、交易计算表5月.xls","2026-05","苏州市轨道交通集团有限公司","3206622203295","2026-05-05","False","13","03:15","440","False"
"1、交易计算表5月.xls","2026-05","苏州市轨道交通集团有限公司","3206622203295","2026-05-05","False","14","03:30","440","False"
"1、交易计算表5月.xls","2026-05","苏州市轨道交通集团有限公司","3206622203295","2026-05-05","False","15","03:45","485","False"
"1、交易计算表5月.xls","2026-05","苏州市轨道交通集团有限公司","3206622203295","2026-05-05","False","16","04:00","440","False"
"1、交易计算表5月.xls","2026-05","苏州市轨道交通集团有限公司","3206622203295","2026-05-05","False","17","04:15","528","False"
"1、交易计算表5月.xls","2026-05","苏州市轨道交通集团有限公司","3206622203295","2026-05-05","False","18","04:30","4935","False"
"1、交易计算表5月.xls","2026-05","苏州市轨道交通集团有限公司","3206622203295","2026-05-05","False","19","04:45","617","False"
"1、交易计算表5月.xls","2026-05","苏州市轨道交通集团有限公司","3206622203295","2026-05-05","False","20","05:00","616","False"
"1、交易计算表5月.xls","2026-05","苏州市轨道交通集团有限公司","3206622203295","2026-05-05","False","21","05:15","617","False"
"1、交易计算表5月.xls","2026-05","苏州市轨道交通集团有限公司","3206622203295","2026-05-05","False","22","05:30","528","False"
"1、交易计算表5月.xls","2026-05","苏州市轨道交通集团有限公司","3206622203295","2026-05-05","False","23","05:45","661","False"
"1、交易计算表5月.xls","2026-05","苏州市轨道交通集团有限公司","3206622203295","2026-05-05","False","24","06:00","5155","False"
"1、交易计算表5月.xls","2026-05","苏州市轨道交通集团有限公司","3206622203295","2026-05-05","False","25","06:15","837","False"
"1、交易计算表5月.xls","2026-05","苏州市轨道交通集团有限公司","3206622203295","2026-05-05","False","26","06:30","881","False"
"1、交易计算表5月.xls","2026-05","苏州市轨道交通集团有限公司","3206622203295","2026-05-05","False","27","06:45","970","False"
"1、交易计算表5月.xls","2026-05","苏州市轨道交通集团有限公司","3206622203295","2026-05-05","False","28","07:00","969","False"
"1、交易计算表5月.xls","2026-05","苏州市轨道交通集团有限公司","3206622203295","2026-05-05","False","29","07:15","5376","False"
"1、交易计算表5月.xls","2026-05","苏州市轨道交通集团有限公司","3206622203295","2026-05-05","False","30","07:30","970","False"
"1、交易计算表5月.xls","2026-05","苏州市轨道交通集团有限公司","3206622203295","2026-05-05","False","31","07:45","1057","False"
"1、交易计算表5月.xls","2026-05","苏州市轨道交通集团有限公司","3206622203295","2026-05-05","False","32","08:00","5509","False"
"1、交易计算表5月.xls","2026-05","苏州市轨道交通集团有限公司","3206622203295","2026-05-05","False","33","08:15","1146","False"
"1、交易计算表5月.xls","2026-05","苏州市轨道交通集团有限公司","3206622203295","2026-05-05","False","34","08:30","1189","False"
"1、交易计算表5月.xls","2026-05","苏州市轨道交通集团有限公司","3206622203295","2026-05-05","False","35","08:45","1189","False"
"1、交易计算表5月.xls","2026-05","苏州市轨道交通集团有限公司","3206622203295","2026-05-05","False","36","09:00","5553","False"
"1、交易计算表5月.xls","2026-05","苏州市轨道交通集团有限公司","3206622203295","2026-05-05","False","37","09:15","1277","False"
"1、交易计算表5月.xls","2026-05","苏州市轨道交通集团有限公司","3206622203295","2026-05-05","False","38","09:30","1321","False"
"1、交易计算表5月.xls","2026-05","苏州市轨道交通集团有限公司","3206622203295","2026-05-05","False","39","09:45","1278","False"
"1、交易计算表5月.xls","2026-05","苏州市轨道交通集团有限公司","3206622203295","2026-05-05","False","40","10:00","5683","False"
"1、交易计算表5月.xls","2026-05","苏州市轨道交通集团有限公司","3206622203295","2026-05-05","False","41","10:15","1365","False"
"1、交易计算表5月.xls","2026-05","苏州市轨道交通集团有限公司","3206622203295","2026-05-05","False","42","10:30","1410","False"
"1、交易计算表5月.xls","2026-05","苏州市轨道交通集团有限公司","3206622203295","2026-05-05","False","43","10:45","5728","False"
"1、交易计算表5月.xls","2026-05","苏州市轨道交通集团有限公司","3206622203295","2026-05-05","False","44","11:00","1321","False"
"1、交易计算表5月.xls","2026-05","苏州市轨道交通集团有限公司","3206622203295","2026-05-05","False","45","11:15","1366","False"
"1、交易计算表5月.xls","2026-05","苏州市轨道交通集团有限公司","3206622203295","2026-05-05","False","46","11:30","1365","False"
"1、交易计算表5月.xls","2026-05","苏州市轨道交通集团有限公司","3206622203295","2026-05-05","False","47","11:45","5728","False"
"1、交易计算表5月.xls","2026-05","苏州市轨道交通集团有限公司","3206622203295","2026-05-05","False","48","12:00","1322","False"
"1、交易计算表5月.xls","2026-05","苏州市轨道交通集团有限公司","3206622203295","2026-05-05","False","49","12:15","1321","False"
"1、交易计算表5月.xls","2026-05","苏州市轨道交通集团有限公司","3206622203295","2026-05-05","False","50","12:30","5728","False"
"1、交易计算表5月.xls","2026-05","苏州市轨道交通集团有限公司","3206622203295","2026-05-05","False","51","12:45","1366","False"
"1、交易计算表5月.xls","2026-05","苏州市轨道交通集团有限公司","3206622203295","2026-05-05","False","52","13:00","1321","False"
"1、交易计算表5月.xls","2026-05","苏州市轨道交通集团有限公司","3206622203295","2026-05-05","False","53","13:15","5727","False"
"1、交易计算表5月.xls","2026-05","苏州市轨道交通集团有限公司","3206622203295","2026-05-05","False","54","13:30","1278","False"
"1、交易计算表5月.xls","2026-05","苏州市轨道交通集团有限公司","3206622203295","2026-05-05","False","55","13:45","1277","False"
"1、交易计算表5月.xls","2026-05","苏州市轨道交通集团有限公司","3206622203295","2026-05-05","False","56","14:00","1321","False"
"1、交易计算表5月.xls","2026-05","苏州市轨道交通集团有限公司","3206622203295","2026-05-05","False","57","14:15","5728","False"
"1、交易计算表5月.xls","2026-05","苏州市轨道交通集团有限公司","3206622203295","2026-05-05","False","58","14:30","1322","False"
"1、交易计算表5月.xls","2026-05","苏州市轨道交通集团有限公司","3206622203295","2026-05-05","False","59","14:45","1365","False"
"1、交易计算表5月.xls","2026-05","苏州市轨道交通集团有限公司","3206622203295","2026-05-05","False","60","15:00","5817","False"
"1、交易计算表5月.xls","2026-05","苏州市轨道交通集团有限公司","3206622203295","2026-05-05","False","61","15:15","1365","False"
"1、交易计算表5月.xls","2026-05","苏州市轨道交通集团有限公司","3206622203295","2026-05-05","False","62","15:30","1410","False"
"1、交易计算表5月.xls","2026-05","苏州市轨道交通集团有限公司","3206622203295","2026-05-05","False","63","15:45","5816","False"
"1、交易计算表5月.xls","2026-05","苏州市轨道交通集团有限公司","3206622203295","2026-05-05","False","64","16:00","1410","False"
"1、交易计算表5月.xls","2026-05","苏州市轨道交通集团有限公司","3206622203295","2026-05-05","False","65","16:15","1453","False"
"1、交易计算表5月.xls","2026-05","苏州市轨道交通集团有限公司","3206622203295","2026-05-05","False","66","16:30","1410","False"
"1、交易计算表5月.xls","2026-05","苏州市轨道交通集团有限公司","3206622203295","2026-05-05","False","67","16:45","5815","False"
"1、交易计算表5月.xls","2026-05","苏州市轨道交通集团有限公司","3206622203295","2026-05-05","False","68","17:00","1454","False"
"1、交易计算表5月.xls","2026-05","苏州市轨道交通集团有限公司","3206622203295","2026-05-05","False","69","17:15","1321","False"
"1、交易计算表5月.xls","2026-05","苏州市轨道交通集团有限公司","3206622203295","2026-05-05","False","70","17:30","5817","False"
"1、交易计算表5月.xls","2026-05","苏州市轨道交通集团有限公司","3206622203295","2026-05-05","False","71","17:45","1409","False"
"1、交易计算表5月.xls","2026-05","苏州市轨道交通集团有限公司","3206622203295","2026-05-05","False","72","18:00","1366","False"
"1、交易计算表5月.xls","2026-05","苏州市轨道交通集团有限公司","3206622203295","2026-05-05","False","73","18:15","1409","False"
"1、交易计算表5月.xls","2026-05","苏州市轨道交通集团有限公司","3206622203295","2026-05-05","False","74","18:30","5817","False"
"1、交易计算表5月.xls","2026-05","苏州市轨道交通集团有限公司","3206622203295","2026-05-05","False","75","18:45","1409","False"
"1、交易计算表5月.xls","2026-05","苏州市轨道交通集团有限公司","3206622203295","2026-05-05","False","76","19:00","1366","False"
"1、交易计算表5月.xls","2026-05","苏州市轨道交通集团有限公司","3206622203295","2026-05-05","False","77","19:15","5728","False"
"1、交易计算表5月.xls","2026-05","苏州市轨道交通集团有限公司","3206622203295","2026-05-05","False","78","19:30","1321","False"
"1、交易计算表5月.xls","2026-05","苏州市轨道交通集团有限公司","3206622203295","2026-05-05","False","79","19:45","1277","False"
"1、交易计算表5月.xls","2026-05","苏州市轨道交通集团有限公司","3206622203295","2026-05-05","False","80","20:00","1234","False"
"1、交易计算表5月.xls","2026-05","苏州市轨道交通集团有限公司","3206622203295","2026-05-05","False","81","20:15","5683","False"
"1、交易计算表5月.xls","2026-05","苏州市轨道交通集团有限公司","3206622203295","2026-05-05","False","82","20:30","1189","False"
"1、交易计算表5月.xls","2026-05","苏州市轨道交通集团有限公司","3206622203295","2026-05-05","False","83","20:45","1233","False"
"1、交易计算表5月.xls","2026-05","苏州市轨道交通集团有限公司","3206622203295","2026-05-05","False","84","21:00","1146","False"
"1、交易计算表5月.xls","2026-05","苏州市轨道交通集团有限公司","3206622203295","2026-05-05","False","85","21:15","5640","False"
"1、交易计算表5月.xls","2026-05","苏州市轨道交通集团有限公司","3206622203295","2026-05-05","False","86","21:30","1189","False"
"1、交易计算表5月.xls","2026-05","苏州市轨道交通集团有限公司","3206622203295","2026-05-05","False","87","21:45","1189","False"
"1、交易计算表5月.xls","2026-05","苏州市轨道交通集团有限公司","3206622203295","2026-05-05","False","88","22:00","1146","False"
"1、交易计算表5月.xls","2026-05","苏州市轨道交通集团有限公司","3206622203295","2026-05-05","False","89","22:15","5552","False"
"1、交易计算表5月.xls","2026-05","苏州市轨道交通集团有限公司","3206622203295","2026-05-05","False","90","22:30","1146","False"
"1、交易计算表5月.xls","2026-05","苏州市轨道交通集团有限公司","3206622203295","2026-05-05","False","91","22:45","1102","False"
"1、交易计算表5月.xls","2026-05","苏州市轨道交通集团有限公司","3206622203295","2026-05-05","False","92","23:00","1014","False"
"1、交易计算表5月.xls","2026-05","苏州市轨道交通集团有限公司","3206622203295","2026-05-05","False","93","23:15","5376","False"
"1、交易计算表5月.xls","2026-05","苏州市轨道交通集团有限公司","3206622203295","2026-05-05","False","94","23:30","881","False"
"1、交易计算表5月.xls","2026-05","苏州市轨道交通集团有限公司","3206622203295","2026-05-05","False","95","23:45","881","False"
"1、交易计算表5月.xls","2026-05","苏州市轨道交通集团有限公司","3206622203295","2026-05-05","False","96","24:00","858","False"
"1、交易计算表5月.xls","2026-05","总","","2026-05-05","True","1","00:15","23199","False"
"1、交易计算表5月.xls","2026-05","总","","2026-05-05","True","2","00:30","8549","False"
"1、交易计算表5月.xls","2026-05","总","","2026-05-05","True","3","00:45","6638","False"
"1、交易计算表5月.xls","2026-05","总","","2026-05-05","True","4","01:00","7154","False"
"1、交易计算表5月.xls","2026-05","总","","2026-05-05","True","5","01:15","7726","False"
"1、交易计算表5月.xls","2026-05","总","","2026-05-05","True","6","01:30","1614","False"
"1、交易计算表5月.xls","2026-05","总","","2026-05-05","True","7","01:45","10458","False"
"1、交易计算表5月.xls","2026-05","总","","2026-05-05","True","8","02:00","8268","False"
"1、交易计算表5月.xls","2026-05","总","","2026-05-05","True","9","02:15","9747","False"
"1、交易计算表5月.xls","2026-05","总","","2026-05-05","True","10","02:30","10313","False"
"1、交易计算表5月.xls","2026-05","总","","2026-05-05","True","11","02:45","8192","False"
"1、交易计算表5月.xls","2026-05","总","","2026-05-05","True","12","03:00","4784","False"
"1、交易计算表5月.xls","2026-05","总","","2026-05-05","True","13","03:15","9249","False"
"1、交易计算表5月.xls","2026-05","总","","2026-05-05","True","14","03:30","7593","False"
"1、交易计算表5月.xls","2026-05","总","","2026-05-05","True","15","03:45","5368","False"
"1、交易计算表5月.xls","2026-05","总","","2026-05-05","True","16","04:00","7124","False"
"1、交易计算表5月.xls","2026-05","总","","2026-05-05","True","17","04:15","6239","False"
"1、交易计算表5月.xls","2026-05","总","","2026-05-05","True","18","04:30","9601","False"
"1、交易计算表5月.xls","2026-05","总","","2026-05-05","True","19","04:45","10714","False"
"1、交易计算表5月.xls","2026-05","总","","2026-05-05","True","20","05:00","9636","False"
"1、交易计算表5月.xls","2026-05","总","","2026-05-05","True","21","05:15","10364","False"
"1、交易计算表5月.xls","2026-05","总","","2026-05-05","True","22","05:30","9887","False"
"1、交易计算表5月.xls","2026-05","总","","2026-05-05","True","23","05:45","9717","False"
"1、交易计算表5月.xls","2026-05","总","","2026-05-05","True","24","06:00","13820","False"
"1、交易计算表5月.xls","2026-05","总","","2026-05-05","True","25","06:15","21276","False"
"1、交易计算表5月.xls","2026-05","总","","2026-05-05","True","26","06:30","15421","False"
"1、交易计算表5月.xls","2026-05","总","","2026-05-05","True","27","06:45","10897","False"
"1、交易计算表5月.xls","2026-05","总","","2026-05-05","True","28","07:00","21368","False"
"1、交易计算表5月.xls","2026-05","总","","2026-05-05","True","29","07:15","20884","False"
"1、交易计算表5月.xls","2026-05","总","","2026-05-05","True","30","07:30","23630","False"
"1、交易计算表5月.xls","2026-05","总","","2026-05-05","True","31","07:45","12689","False"
"1、交易计算表5月.xls","2026-05","总","","2026-05-05","True","32","08:00","24800","False"
"1、交易计算表5月.xls","2026-05","总","","2026-05-05","True","33","08:15","17144","False"
"1、交易计算表5月.xls","2026-05","总","","2026-05-05","True","34","08:30","20480","False"
"1、交易计算表5月.xls","2026-05","总","","2026-05-05","True","35","08:45","15514","False"
"1、交易计算表5月.xls","2026-05","总","","2026-05-05","True","36","09:00","24853","False"
"1、交易计算表5月.xls","2026-05","总","","2026-05-05","True","37","09:15","22199","False"
"1、交易计算表5月.xls","2026-05","总","","2026-05-05","True","38","09:30","20616","False"
"1、交易计算表5月.xls","2026-05","总","","2026-05-05","True","39","09:45","16725","False"
"1、交易计算表5月.xls","2026-05","总","","2026-05-05","True","40","10:00","19473","False"
"1、交易计算表5月.xls","2026-05","总","","2026-05-05","True","41","10:15","28379","False"
"1、交易计算表5月.xls","2026-05","总","","2026-05-05","True","42","10:30","14702","False"
"1、交易计算表5月.xls","2026-05","总","","2026-05-05","True","43","10:45","23918","False"
"1、交易计算表5月.xls","2026-05","总","","2026-05-05","True","44","11:00","21258","False"
"1、交易计算表5月.xls","2026-05","总","","2026-05-05","True","45","11:15","23359","False"
"1、交易计算表5月.xls","2026-05","总","","2026-05-05","True","46","11:30","22932","False"
"1、交易计算表5月.xls","2026-05","总","","2026-05-05","True","47","11:45","15233","False"
"1、交易计算表5月.xls","2026-05","总","","2026-05-05","True","48","12:00","27876","False"
"1、交易计算表5月.xls","2026-05","总","","2026-05-05","True","49","12:15","12955","False"
"1、交易计算表5月.xls","2026-05","总","","2026-05-05","True","50","12:30","30071","False"
"1、交易计算表5月.xls","2026-05","总","","2026-05-05","True","51","12:45","14125","False"
"1、交易计算表5月.xls","2026-05","总","","2026-05-05","True","52","13:00","33283","False"
"1、交易计算表5月.xls","2026-05","总","","2026-05-05","True","53","13:15","13559","False"
"1、交易计算表5月.xls","2026-05","总","","2026-05-05","True","54","13:30","22844","False"
"1、交易计算表5月.xls","2026-05","总","","2026-05-05","True","55","13:45","16302","False"
"1、交易计算表5月.xls","2026-05","总","","2026-05-05","True","56","14:00","14663","False"
"1、交易计算表5月.xls","2026-05","总","","2026-05-05","True","57","14:15","34992","False"
"1、交易计算表5月.xls","2026-05","总","","2026-05-05","True","58","14:30","7558","False"
"1、交易计算表5月.xls","2026-05","总","","2026-05-05","True","59","14:45","39394","False"
"1、交易计算表5月.xls","2026-05","总","","2026-05-05","True","60","15:00","14163","False"
"1、交易计算表5月.xls","2026-05","总","","2026-05-05","True","61","15:15","20758","False"
"1、交易计算表5月.xls","2026-05","总","","2026-05-05","True","62","15:30","20250","False"
"1、交易计算表5月.xls","2026-05","总","","2026-05-05","True","63","15:45","32923","False"
"1、交易计算表5月.xls","2026-05","总","","2026-05-05","True","64","16:00","12482","False"
"1、交易计算表5月.xls","2026-05","总","","2026-05-05","True","65","16:15","25728","False"
"1、交易计算表5月.xls","2026-05","总","","2026-05-05","True","66","16:30","10808","False"
"1、交易计算表5月.xls","2026-05","总","","2026-05-05","True","67","16:45","32817","False"
"1、交易计算表5月.xls","2026-05","总","","2026-05-05","True","68","17:00","21926","False"
"1、交易计算表5月.xls","2026-05","总","","2026-05-05","True","69","17:15","18572","False"
"1、交易计算表5月.xls","2026-05","总","","2026-05-05","True","70","17:30","25193","False"
"1、交易计算表5月.xls","2026-05","总","","2026-05-05","True","71","17:45","26256","False"
"1、交易计算表5月.xls","2026-05","总","","2026-05-05","True","72","18:00","15325","False"
"1、交易计算表5月.xls","2026-05","总","","2026-05-05","True","73","18:15","21285","False"
"1、交易计算表5月.xls","2026-05","总","","2026-05-05","True","74","18:30","32378","False"
"1、交易计算表5月.xls","2026-05","总","","2026-05-05","True","75","18:45","14241","False"
"1、交易计算表5月.xls","2026-05","总","","2026-05-05","True","76","19:00","26786","False"
"1、交易计算表5月.xls","2026-05","总","","2026-05-05","True","77","19:15","19147","False"
"1、交易计算表5月.xls","2026-05","总","","2026-05-05","True","78","19:30","30051","False"
"1、交易计算表5月.xls","2026-05","总","","2026-05-05","True","79","19:45","15271","False"
"1、交易计算表5月.xls","2026-05","总","","2026-05-05","True","80","20:00","24560","False"
"1、交易计算表5月.xls","2026-05","总","","2026-05-05","True","81","20:15","20334","False"
"1、交易计算表5月.xls","2026-05","总","","2026-05-05","True","82","20:30","22394","False"
"1、交易计算表5月.xls","2026-05","总","","2026-05-05","True","83","20:45","20832","False"
"1、交易计算表5月.xls","2026-05","总","","2026-05-05","True","84","21:00","16747","False"
"1、交易计算表5月.xls","2026-05","总","","2026-05-05","True","85","21:15","34577","False"
"1、交易计算表5月.xls","2026-05","总","","2026-05-05","True","86","21:30","14620","False"
"1、交易计算表5月.xls","2026-05","总","","2026-05-05","True","87","21:45","22885","False"
"1、交易计算表5月.xls","2026-05","总","","2026-05-05","True","88","22:00","15591","False"
"1、交易计算表5月.xls","2026-05","总","","2026-05-05","True","89","22:15","30985","False"
"1、交易计算表5月.xls","2026-05","总","","2026-05-05","True","90","22:30","16032","False"
"1、交易计算表5月.xls","2026-05","总","","2026-05-05","True","91","22:45","13748","False"
"1、交易计算表5月.xls","2026-05","总","","2026-05-05","True","92","23:00","21256","False"
"1、交易计算表5月.xls","2026-05","总","","2026-05-05","True","93","23:15","24424","False"
"1、交易计算表5月.xls","2026-05","总","","2026-05-05","True","94","23:30","17783","False"
"1、交易计算表5月.xls","2026-05","总","","2026-05-05","True","95","23:45","10340","False"
"1、交易计算表5月.xls","2026-05","总","","2026-05-05","True","96","24:00","13310","False"
