"source_file","export_month","trade_date","hour_index","hour_window","raw_value","raw_unit_label","contains_credentials"
"1、交易计算表1月.xls","2026-01","2026-01-31","1","00:00-01:00","47036","原表标题写“兆瓦时”，但日行数值疑似 kWh 级别，未自动换算","False"
"1、交易计算表1月.xls","2026-01","2026-01-31","2","01:00-02:00","34461","原表标题写“兆瓦时”，但日行数值疑似 kWh 级别，未自动换算","False"
"1、交易计算表1月.xls","2026-01","2026-01-31","3","02:00-03:00","28925","原表标题写“兆瓦时”，但日行数值疑似 kWh 级别，未自动换算","False"
"1、交易计算表1月.xls","2026-01","2026-01-31","4","03:00-04:00","29964","原表标题写“兆瓦时”，但日行数值疑似 kWh 级别，未自动换算","False"
"1、交易计算表1月.xls","2026-01","2026-01-31","5","04:00-05:00","36172","原表标题写“兆瓦时”，但日行数值疑似 kWh 级别，未自动换算","False"
"1、交易计算表1月.xls","2026-01","2026-01-31","6","05:00-06:00","53876","原表标题写“兆瓦时”，但日行数值疑似 kWh 级别，未自动换算","False"
"1、交易计算表1月.xls","2026-01","2026-01-31","7","06:00-07:00","63156","原表标题写“兆瓦时”，但日行数值疑似 kWh 级别，未自动换算","False"
"1、交易计算表1月.xls","2026-01","2026-01-31","8","07:00-08:00","95302","原表标题写“兆瓦时”，但日行数值疑似 kWh 级别，未自动换算","False"
"1、交易计算表1月.xls","2026-01","2026-01-31","9","08:00-09:00","69908","原表标题写“兆瓦时”，但日行数值疑似 kWh 级别，未自动换算","False"
"1、交易计算表1月.xls","2026-01","2026-01-31","10","09:00-10:00","88971","原表标题写“兆瓦时”，但日行数值疑似 kWh 级别，未自动换算","False"
"1、交易计算表1月.xls","2026-01","2026-01-31","11","10:00-11:00","83975","原表标题写“兆瓦时”，但日行数值疑似 kWh 级别，未自动换算","False"
"1、交易计算表1月.xls","2026-01","2026-01-31","12","11:00-12:00","83263","原表标题写“兆瓦时”，但日行数值疑似 kWh 级别，未自动换算","False"
"1、交易计算表1月.xls","2026-01","2026-01-31","13","12:00-13:00","83841","原表标题写“兆瓦时”，但日行数值疑似 kWh 级别，未自动换算","False"
"1、交易计算表1月.xls","2026-01","2026-01-31","14","13:00-14:00","91999","原表标题写“兆瓦时”，但日行数值疑似 kWh 级别，未自动换算","False"
"1、交易计算表1月.xls","2026-01","2026-01-31","15","14:00-15:00","78798","原表标题写“兆瓦时”，但日行数值疑似 kWh 级别，未自动换算","False"
"1、交易计算表1月.xls","2026-01","2026-01-31","16","15:00-16:00","88181","原表标题写“兆瓦时”，但日行数值疑似 kWh 级别，未自动换算","False"
"1、交易计算表1月.xls","2026-01","2026-01-31","17","16:00-17:00","88047","原表标题写“兆瓦时”，但日行数值疑似 kWh 级别，未自动换算","False"
"1、交易计算表1月.xls","2026-01","2026-01-31","18","17:00-18:00","90317","原表标题写“兆瓦时”，但日行数值疑似 kWh 级别，未自动换算","False"
"1、交易计算表1月.xls","2026-01","2026-01-31","19","18:00-19:00","88355","原表标题写“兆瓦时”，但日行数值疑似 kWh 级别，未自动换算","False"
"1、交易计算表1月.xls","2026-01","2026-01-31","20","19:00-20:00","81510","原表标题写“兆瓦时”，但日行数值疑似 kWh 级别，未自动换算","False"
"1、交易计算表1月.xls","2026-01","2026-01-31","21","20:00-21:00","89756","原表标题写“兆瓦时”，但日行数值疑似 kWh 级别，未自动换算","False"
"1、交易计算表1月.xls","2026-01","2026-01-31","22","21:00-22:00","77594","原表标题写“兆瓦时”，但日行数值疑似 kWh 级别，未自动换算","False"
"1、交易计算表1月.xls","2026-01","2026-01-31","23","22:00-23:00","82090","原表标题写“兆瓦时”，但日行数值疑似 kWh 级别，未自动换算","False"
"1、交易计算表1月.xls","2026-01","2026-01-31","24","23:00-24:00","62040","原表标题写“兆瓦时”，但日行数值疑似 kWh 级别，未自动换算","False"
"1、交易计算表1月.xls","2026-01","2026-01-30","1","00:00-01:00","33253","原表标题写“兆瓦时”，但日行数值疑似 kWh 级别，未自动换算","False"
"1、交易计算表1月.xls","2026-01","2026-01-30","2","01:00-02:00","35110","原表标题写“兆瓦时”，但日行数值疑似 kWh 级别，未自动换算","False"
"1、交易计算表1月.xls","2026-01","2026-01-30","3","02:00-03:00","25414","原表标题写“兆瓦时”，但日行数值疑似 kWh 级别，未自动换算","False"
"1、交易计算表1月.xls","2026-01","2026-01-30","4","03:00-04:00","40406","原表标题写“兆瓦时”，但日行数值疑似 kWh 级别，未自动换算","False"
"1、交易计算表1月.xls","2026-01","2026-01-30","5","04:00-05:00","29726","原表标题写“兆瓦时”，但日行数值疑似 kWh 级别，未自动换算","False"
"1、交易计算表1月.xls","2026-01","2026-01-30","6","05:00-06:00","57375","原表标题写“兆瓦时”，但日行数值疑似 kWh 级别，未自动换算","False"
"1、交易计算表1月.xls","2026-01","2026-01-30","7","06:00-07:00","78000","原表标题写“兆瓦时”，但日行数值疑似 kWh 级别，未自动换算","False"
"1、交易计算表1月.xls","2026-01","2026-01-30","8","07:00-08:00","87615","原表标题写“兆瓦时”，但日行数值疑似 kWh 级别，未自动换算","False"
"1、交易计算表1月.xls","2026-01","2026-01-30","9","08:00-09:00","94963","原表标题写“兆瓦时”，但日行数值疑似 kWh 级别，未自动换算","False"
"1、交易计算表1月.xls","2026-01","2026-01-30","10","09:00-10:00","87548","原表标题写“兆瓦时”，但日行数值疑似 kWh 级别，未自动换算","False"
"1、交易计算表1月.xls","2026-01","2026-01-30","11","10:00-11:00","85432","原表标题写“兆瓦时”，但日行数值疑似 kWh 级别，未自动换算","False"
"1、交易计算表1月.xls","2026-01","2026-01-30","12","11:00-12:00","92150","原表标题写“兆瓦时”，但日行数值疑似 kWh 级别，未自动换算","False"
"1、交易计算表1月.xls","2026-01","2026-01-30","13","12:00-13:00","83547","原表标题写“兆瓦时”，但日行数值疑似 kWh 级别，未自动换算","False"
"1、交易计算表1月.xls","2026-01","2026-01-30","14","13:00-14:00","89614","原表标题写“兆瓦时”，但日行数值疑似 kWh 级别，未自动换算","False"
"1、交易计算表1月.xls","2026-01","2026-01-30","15","14:00-15:00","72600","原表标题写“兆瓦时”，但日行数值疑似 kWh 级别，未自动换算","False"
"1、交易计算表1月.xls","2026-01","2026-01-30","16","15:00-16:00","92567","原表标题写“兆瓦时”，但日行数值疑似 kWh 级别，未自动换算","False"
"1、交易计算表1月.xls","2026-01","2026-01-30","17","16:00-17:00","88882","原表标题写“兆瓦时”，但日行数值疑似 kWh 级别，未自动换算","False"
"1、交易计算表1月.xls","2026-01","2026-01-30","18","17:00-18:00","92091","原表标题写“兆瓦时”，但日行数值疑似 kWh 级别，未自动换算","False"
"1、交易计算表1月.xls","2026-01","2026-01-30","19","18:00-19:00","97280","原表标题写“兆瓦时”，但日行数值疑似 kWh 级别，未自动换算","False"
"1、交易计算表1月.xls","2026-01","2026-01-30","20","19:00-20:00","93015","原表标题写“兆瓦时”，但日行数值疑似 kWh 级别，未自动换算","False"
"1、交易计算表1月.xls","2026-01","2026-01-30","21","20:00-21:00","79192","原表标题写“兆瓦时”，但日行数值疑似 kWh 级别，未自动换算","False"
"1、交易计算表1月.xls","2026-01","2026-01-30","22","21:00-22:00","84008","原表标题写“兆瓦时”，但日行数值疑似 kWh 级别，未自动换算","False"
"1、交易计算表1月.xls","2026-01","2026-01-30","23","22:00-23:00","71850","原表标题写“兆瓦时”，但日行数值疑似 kWh 级别，未自动换算","False"
"1、交易计算表1月.xls","2026-01","2026-01-30","24","23:00-24:00","57112","原表标题写“兆瓦时”，但日行数值疑似 kWh 级别，未自动换算","False"
"1、交易计算表1月.xls","2026-01","2026-01-29","1","00:00-01:00","36781","原表标题写“兆瓦时”，但日行数值疑似 kWh 级别，未自动换算","False"
"1、交易计算表1月.xls","2026-01","2026-01-29","2","01:00-02:00","37039","原表标题写“兆瓦时”，但日行数值疑似 kWh 级别，未自动换算","False"
"1、交易计算表1月.xls","2026-01","2026-01-29","3","02:00-03:00","32083","原表标题写“兆瓦时”，但日行数值疑似 kWh 级别，未自动换算","False"
"1、交易计算表1月.xls","2026-01","2026-01-29","4","03:00-04:00","28539","原表标题写“兆瓦时”，但日行数值疑似 kWh 级别，未自动换算","False"
"1、交易计算表1月.xls","2026-01","2026-01-29","5","04:00-05:00","43638","原表标题写“兆瓦时”，但日行数值疑似 kWh 级别，未自动换算","False"
"1、交易计算表1月.xls","2026-01","2026-01-29","6","05:00-06:00","47760","原表标题写“兆瓦时”，但日行数值疑似 kWh 级别，未自动换算","False"
"1、交易计算表1月.xls","2026-01","2026-01-29","7","06:00-07:00","69908","原表标题写“兆瓦时”，但日行数值疑似 kWh 级别，未自动换算","False"
"1、交易计算表1月.xls","2026-01","2026-01-29","8","07:00-08:00","90913","原表标题写“兆瓦时”，但日行数值疑似 kWh 级别，未自动换算","False"
"1、交易计算表1月.xls","2026-01","2026-01-29","9","08:00-09:00","97711","原表标题写“兆瓦时”，但日行数值疑似 kWh 级别，未自动换算","False"
"1、交易计算表1月.xls","2026-01","2026-01-29","10","09:00-10:00","91609","原表标题写“兆瓦时”，但日行数值疑似 kWh 级别，未自动换算","False"
"1、交易计算表1月.xls","2026-01","2026-01-29","11","10:00-11:00","86902","原表标题写“兆瓦时”，但日行数值疑似 kWh 级别，未自动换算","False"
"1、交易计算表1月.xls","2026-01","2026-01-29","12","11:00-12:00","81855","原表标题写“兆瓦时”，但日行数值疑似 kWh 级别，未自动换算","False"
"1、交易计算表1月.xls","2026-01","2026-01-29","13","12:00-13:00","82374","原表标题写“兆瓦时”，但日行数值疑似 kWh 级别，未自动换算","False"
"1、交易计算表1月.xls","2026-01","2026-01-29","14","13:00-14:00","84950","原表标题写“兆瓦时”，但日行数值疑似 kWh 级别，未自动换算","False"
"1、交易计算表1月.xls","2026-01","2026-01-29","15","14:00-15:00","78420","原表标题写“兆瓦时”，但日行数值疑似 kWh 级别，未自动换算","False"
"1、交易计算表1月.xls","2026-01","2026-01-29","16","15:00-16:00","83597","原表标题写“兆瓦时”，但日行数值疑似 kWh 级别，未自动换算","False"
"1、交易计算表1月.xls","2026-01","2026-01-29","17","16:00-17:00","93209","原表标题写“兆瓦时”，但日行数值疑似 kWh 级别，未自动换算","False"
"1、交易计算表1月.xls","2026-01","2026-01-29","18","17:00-18:00","94181","原表标题写“兆瓦时”，但日行数值疑似 kWh 级别，未自动换算","False"
"1、交易计算表1月.xls","2026-01","2026-01-29","19","18:00-19:00","94807","原表标题写“兆瓦时”，但日行数值疑似 kWh 级别，未自动换算","False"
"1、交易计算表1月.xls","2026-01","2026-01-29","20","19:00-20:00","78541","原表标题写“兆瓦时”，但日行数值疑似 kWh 级别，未自动换算","False"
"1、交易计算表1月.xls","2026-01","2026-01-29","21","20:00-21:00","87092","原表标题写“兆瓦时”，但日行数值疑似 kWh 级别，未自动换算","False"
"1、交易计算表1月.xls","2026-01","2026-01-29","22","21:00-22:00","76598","原表标题写“兆瓦时”，但日行数值疑似 kWh 级别，未自动换算","False"
"1、交易计算表1月.xls","2026-01","2026-01-29","23","22:00-23:00","75570","原表标题写“兆瓦时”，但日行数值疑似 kWh 级别，未自动换算","False"
"1、交易计算表1月.xls","2026-01","2026-01-29","24","23:00-24:00","56112","原表标题写“兆瓦时”，但日行数值疑似 kWh 级别，未自动换算","False"
"1、交易计算表1月.xls","2026-01","2026-01-28","1","00:00-01:00","40224","原表标题写“兆瓦时”，但日行数值疑似 kWh 级别，未自动换算","False"
"1、交易计算表1月.xls","2026-01","2026-01-28","2","01:00-02:00","38511","原表标题写“兆瓦时”，但日行数值疑似 kWh 级别，未自动换算","False"
"1、交易计算表1月.xls","2026-01","2026-01-28","3","02:00-03:00","23779","原表标题写“兆瓦时”，但日行数值疑似 kWh 级别，未自动换算","False"
"1、交易计算表1月.xls","2026-01","2026-01-28","4","03:00-04:00","36206","原表标题写“兆瓦时”，但日行数值疑似 kWh 级别，未自动换算","False"
"1、交易计算表1月.xls","2026-01","2026-01-28","5","04:00-05:00","40230","原表标题写“兆瓦时”，但日行数值疑似 kWh 级别，未自动换算","False"
"1、交易计算表1月.xls","2026-01","2026-01-28","6","05:00-06:00","48068","原表标题写“兆瓦时”，但日行数值疑似 kWh 级别，未自动换算","False"
"1、交易计算表1月.xls","2026-01","2026-01-28","7","06:00-07:00","75530","原表标题写“兆瓦时”，但日行数值疑似 kWh 级别，未自动换算","False"
"1、交易计算表1月.xls","2026-01","2026-01-28","8","07:00-08:00","89192","原表标题写“兆瓦时”，但日行数值疑似 kWh 级别，未自动换算","False"
"1、交易计算表1月.xls","2026-01","2026-01-28","9","08:00-09:00","100181","原表标题写“兆瓦时”，但日行数值疑似 kWh 级别，未自动换算","False"
"1、交易计算表1月.xls","2026-01","2026-01-28","10","09:00-10:00","91438","原表标题写“兆瓦时”，但日行数值疑似 kWh 级别，未自动换算","False"
"1、交易计算表1月.xls","2026-01","2026-01-28","11","10:00-11:00","84112","原表标题写“兆瓦时”，但日行数值疑似 kWh 级别，未自动换算","False"
"1、交易计算表1月.xls","2026-01","2026-01-28","12","11:00-12:00","87776","原表标题写“兆瓦时”，但日行数值疑似 kWh 级别，未自动换算","False"
"1、交易计算表1月.xls","2026-01","2026-01-28","13","12:00-13:00","80177","原表标题写“兆瓦时”，但日行数值疑似 kWh 级别，未自动换算","False"
"1、交易计算表1月.xls","2026-01","2026-01-28","14","13:00-14:00","93682","原表标题写“兆瓦时”，但日行数值疑似 kWh 级别，未自动换算","False"
"1、交易计算表1月.xls","2026-01","2026-01-28","15","14:00-15:00","68142","原表标题写“兆瓦时”，但日行数值疑似 kWh 级别，未自动换算","False"
"1、交易计算表1月.xls","2026-01","2026-01-28","16","15:00-16:00","87610","原表标题写“兆瓦时”，但日行数值疑似 kWh 级别，未自动换算","False"
"1、交易计算表1月.xls","2026-01","2026-01-28","17","16:00-17:00","88041","原表标题写“兆瓦时”，但日行数值疑似 kWh 级别，未自动换算","False"
"1、交易计算表1月.xls","2026-01","2026-01-28","18","17:00-18:00","90932","原表标题写“兆瓦时”，但日行数值疑似 kWh 级别，未自动换算","False"
"1、交易计算表1月.xls","2026-01","2026-01-28","19","18:00-19:00","94197","原表标题写“兆瓦时”，但日行数值疑似 kWh 级别，未自动换算","False"
"1、交易计算表1月.xls","2026-01","2026-01-28","20","19:00-20:00","91335","原表标题写“兆瓦时”，但日行数值疑似 kWh 级别，未自动换算","False"
"1、交易计算表1月.xls","2026-01","2026-01-28","21","20:00-21:00","79193","原表标题写“兆瓦时”，但日行数值疑似 kWh 级别，未自动换算","False"
"1、交易计算表1月.xls","2026-01","2026-01-28","22","21:00-22:00","81270","原表标题写“兆瓦时”，但日行数值疑似 kWh 级别，未自动换算","False"
"1、交易计算表1月.xls","2026-01","2026-01-28","23","22:00-23:00","72595","原表标题写“兆瓦时”，但日行数值疑似 kWh 级别，未自动换算","False"
"1、交易计算表1月.xls","2026-01","2026-01-28","24","23:00-24:00","51385","原表标题写“兆瓦时”，但日行数值疑似 kWh 级别，未自动换算","False"
"1、交易计算表1月.xls","2026-01","2026-01-27","1","00:00-01:00","33354","原表标题写“兆瓦时”，但日行数值疑似 kWh 级别，未自动换算","False"
"1、交易计算表1月.xls","2026-01","2026-01-27","2","01:00-02:00","30816","原表标题写“兆瓦时”，但日行数值疑似 kWh 级别，未自动换算","False"
"1、交易计算表1月.xls","2026-01","2026-01-27","3","02:00-03:00","29746","原表标题写“兆瓦时”，但日行数值疑似 kWh 级别，未自动换算","False"
"1、交易计算表1月.xls","2026-01","2026-01-27","4","03:00-04:00","38169","原表标题写“兆瓦时”，但日行数值疑似 kWh 级别，未自动换算","False"
"1、交易计算表1月.xls","2026-01","2026-01-27","5","04:00-05:00","28975","原表标题写“兆瓦时”，但日行数值疑似 kWh 级别，未自动换算","False"
"1、交易计算表1月.xls","2026-01","2026-01-27","6","05:00-06:00","49454","原表标题写“兆瓦时”，但日行数值疑似 kWh 级别，未自动换算","False"
"1、交易计算表1月.xls","2026-01","2026-01-27","7","06:00-07:00","82814","原表标题写“兆瓦时”，但日行数值疑似 kWh 级别，未自动换算","False"
"1、交易计算表1月.xls","2026-01","2026-01-27","8","07:00-08:00","88041","原表标题写“兆瓦时”，但日行数值疑似 kWh 级别，未自动换算","False"
"1、交易计算表1月.xls","2026-01","2026-01-27","9","08:00-09:00","93625","原表标题写“兆瓦时”，但日行数值疑似 kWh 级别，未自动换算","False"
"1、交易计算表1月.xls","2026-01","2026-01-27","10","09:00-10:00","99243","原表标题写“兆瓦时”，但日行数值疑似 kWh 级别，未自动换算","False"
"1、交易计算表1月.xls","2026-01","2026-01-27","11","10:00-11:00","83579","原表标题写“兆瓦时”，但日行数值疑似 kWh 级别，未自动换算","False"
"1、交易计算表1月.xls","2026-01","2026-01-27","12","11:00-12:00","80862","原表标题写“兆瓦时”，但日行数值疑似 kWh 级别，未自动换算","False"
"1、交易计算表1月.xls","2026-01","2026-01-27","13","12:00-13:00","90789","原表标题写“兆瓦时”，但日行数值疑似 kWh 级别，未自动换算","False"
"1、交易计算表1月.xls","2026-01","2026-01-27","14","13:00-14:00","79350","原表标题写“兆瓦时”，但日行数值疑似 kWh 级别，未自动换算","False"
"1、交易计算表1月.xls","2026-01","2026-01-27","15","14:00-15:00","78331","原表标题写“兆瓦时”，但日行数值疑似 kWh 级别，未自动换算","False"
"1、交易计算表1月.xls","2026-01","2026-01-27","16","15:00-16:00","84887","原表标题写“兆瓦时”，但日行数值疑似 kWh 级别，未自动换算","False"
"1、交易计算表1月.xls","2026-01","2026-01-27","17","16:00-17:00","91095","原表标题写“兆瓦时”，但日行数值疑似 kWh 级别，未自动换算","False"
"1、交易计算表1月.xls","2026-01","2026-01-27","18","17:00-18:00","97332","原表标题写“兆瓦时”，但日行数值疑似 kWh 级别，未自动换算","False"
"1、交易计算表1月.xls","2026-01","2026-01-27","19","18:00-19:00","100351","原表标题写“兆瓦时”，但日行数值疑似 kWh 级别，未自动换算","False"
"1、交易计算表1月.xls","2026-01","2026-01-27","20","19:00-20:00","83424","原表标题写“兆瓦时”，但日行数值疑似 kWh 级别，未自动换算","False"
"1、交易计算表1月.xls","2026-01","2026-01-27","21","20:00-21:00","80544","原表标题写“兆瓦时”，但日行数值疑似 kWh 级别，未自动换算","False"
"1、交易计算表1月.xls","2026-01","2026-01-27","22","21:00-22:00","82681","原表标题写“兆瓦时”，但日行数值疑似 kWh 级别，未自动换算","False"
"1、交易计算表1月.xls","2026-01","2026-01-27","23","22:00-23:00","70619","原表标题写“兆瓦时”，但日行数值疑似 kWh 级别，未自动换算","False"
"1、交易计算表1月.xls","2026-01","2026-01-27","24","23:00-24:00","49990","原表标题写“兆瓦时”，但日行数值疑似 kWh 级别，未自动换算","False"
"1、交易计算表1月.xls","2026-01","2026-01-26","1","00:00-01:00","40837","原表标题写“兆瓦时”，但日行数值疑似 kWh 级别，未自动换算","False"
"1、交易计算表1月.xls","2026-01","2026-01-26","2","01:00-02:00","40118","原表标题写“兆瓦时”，但日行数值疑似 kWh 级别，未自动换算","False"
"1、交易计算表1月.xls","2026-01","2026-01-26","3","02:00-03:00","21466","原表标题写“兆瓦时”，但日行数值疑似 kWh 级别，未自动换算","False"
"1、交易计算表1月.xls","2026-01","2026-01-26","4","03:00-04:00","34507","原表标题写“兆瓦时”，但日行数值疑似 kWh 级别，未自动换算","False"
"1、交易计算表1月.xls","2026-01","2026-01-26","5","04:00-05:00","32944","原表标题写“兆瓦时”，但日行数值疑似 kWh 级别，未自动换算","False"
"1、交易计算表1月.xls","2026-01","2026-01-26","6","05:00-06:00","52803","原表标题写“兆瓦时”，但日行数值疑似 kWh 级别，未自动换算","False"
"1、交易计算表1月.xls","2026-01","2026-01-26","7","06:00-07:00","69803","原表标题写“兆瓦时”，但日行数值疑似 kWh 级别，未自动换算","False"
"1、交易计算表1月.xls","2026-01","2026-01-26","8","07:00-08:00","94713","原表标题写“兆瓦时”，但日行数值疑似 kWh 级别，未自动换算","False"
"1、交易计算表1月.xls","2026-01","2026-01-26","9","08:00-09:00","96987","原表标题写“兆瓦时”，但日行数值疑似 kWh 级别，未自动换算","False"
"1、交易计算表1月.xls","2026-01","2026-01-26","10","09:00-10:00","89223","原表标题写“兆瓦时”，但日行数值疑似 kWh 级别，未自动换算","False"
"1、交易计算表1月.xls","2026-01","2026-01-26","11","10:00-11:00","79004","原表标题写“兆瓦时”，但日行数值疑似 kWh 级别，未自动换算","False"
"1、交易计算表1月.xls","2026-01","2026-01-26","12","11:00-12:00","89534","原表标题写“兆瓦时”，但日行数值疑似 kWh 级别，未自动换算","False"
"1、交易计算表1月.xls","2026-01","2026-01-26","13","12:00-13:00","85216","原表标题写“兆瓦时”，但日行数值疑似 kWh 级别，未自动换算","False"
"1、交易计算表1月.xls","2026-01","2026-01-26","14","13:00-14:00","78134","原表标题写“兆瓦时”，但日行数值疑似 kWh 级别，未自动换算","False"
"1、交易计算表1月.xls","2026-01","2026-01-26","15","14:00-15:00","89159","原表标题写“兆瓦时”，但日行数值疑似 kWh 级别，未自动换算","False"
"1、交易计算表1月.xls","2026-01","2026-01-26","16","15:00-16:00","83950","原表标题写“兆瓦时”，但日行数值疑似 kWh 级别，未自动换算","False"
"1、交易计算表1月.xls","2026-01","2026-01-26","17","16:00-17:00","87794","原表标题写“兆瓦时”，但日行数值疑似 kWh 级别，未自动换算","False"
"1、交易计算表1月.xls","2026-01","2026-01-26","18","17:00-18:00","89678","原表标题写“兆瓦时”，但日行数值疑似 kWh 级别，未自动换算","False"
"1、交易计算表1月.xls","2026-01","2026-01-26","19","18:00-19:00","99721","原表标题写“兆瓦时”，但日行数值疑似 kWh 级别，未自动换算","False"
"1、交易计算表1月.xls","2026-01","2026-01-26","20","19:00-20:00","83401","原表标题写“兆瓦时”，但日行数值疑似 kWh 级别，未自动换算","False"
"1、交易计算表1月.xls","2026-01","2026-01-26","21","20:00-21:00","83796","原表标题写“兆瓦时”，但日行数值疑似 kWh 级别，未自动换算","False"
"1、交易计算表1月.xls","2026-01","2026-01-26","22","21:00-22:00","81523","原表标题写“兆瓦时”，但日行数值疑似 kWh 级别，未自动换算","False"
"1、交易计算表1月.xls","2026-01","2026-01-26","23","22:00-23:00","76919","原表标题写“兆瓦时”，但日行数值疑似 kWh 级别，未自动换算","False"
"1、交易计算表1月.xls","2026-01","2026-01-26","24","23:00-24:00","51803","原表标题写“兆瓦时”，但日行数值疑似 kWh 级别，未自动换算","False"
"1、交易计算表1月.xls","2026-01","2026-01-25","1","00:00-01:00","42959","原表标题写“兆瓦时”，但日行数值疑似 kWh 级别，未自动换算","False"
"1、交易计算表1月.xls","2026-01","2026-01-25","2","01:00-02:00","24741","原表标题写“兆瓦时”，但日行数值疑似 kWh 级别，未自动换算","False"
"1、交易计算表1月.xls","2026-01","2026-01-25","3","02:00-03:00","32070","原表标题写“兆瓦时”，但日行数值疑似 kWh 级别，未自动换算","False"
"1、交易计算表1月.xls","2026-01","2026-01-25","4","03:00-04:00","38426","原表标题写“兆瓦时”，但日行数值疑似 kWh 级别，未自动换算","False"
"1、交易计算表1月.xls","2026-01","2026-01-25","5","04:00-05:00","29471","原表标题写“兆瓦时”，但日行数值疑似 kWh 级别，未自动换算","False"
"1、交易计算表1月.xls","2026-01","2026-01-25","6","05:00-06:00","57266","原表标题写“兆瓦时”，但日行数值疑似 kWh 级别，未自动换算","False"
"1、交易计算表1月.xls","2026-01","2026-01-25","7","06:00-07:00","69845","原表标题写“兆瓦时”，但日行数值疑似 kWh 级别，未自动换算","False"
"1、交易计算表1月.xls","2026-01","2026-01-25","8","07:00-08:00","68477","原表标题写“兆瓦时”，但日行数值疑似 kWh 级别，未自动换算","False"
"1、交易计算表1月.xls","2026-01","2026-01-25","9","08:00-09:00","84758","原表标题写“兆瓦时”，但日行数值疑似 kWh 级别，未自动换算","False"
"1、交易计算表1月.xls","2026-01","2026-01-25","10","09:00-10:00","83064","原表标题写“兆瓦时”，但日行数值疑似 kWh 级别，未自动换算","False"
"1、交易计算表1月.xls","2026-01","2026-01-25","11","10:00-11:00","76791","原表标题写“兆瓦时”，但日行数值疑似 kWh 级别，未自动换算","False"
"1、交易计算表1月.xls","2026-01","2026-01-25","12","11:00-12:00","90591","原表标题写“兆瓦时”，但日行数值疑似 kWh 级别，未自动换算","False"
"1、交易计算表1月.xls","2026-01","2026-01-25","13","12:00-13:00","93159","原表标题写“兆瓦时”，但日行数值疑似 kWh 级别，未自动换算","False"
"1、交易计算表1月.xls","2026-01","2026-01-25","14","13:00-14:00","71832","原表标题写“兆瓦时”，但日行数值疑似 kWh 级别，未自动换算","False"
"1、交易计算表1月.xls","2026-01","2026-01-25","15","14:00-15:00","87002","原表标题写“兆瓦时”，但日行数值疑似 kWh 级别，未自动换算","False"
"1、交易计算表1月.xls","2026-01","2026-01-25","16","15:00-16:00","85568","原表标题写“兆瓦时”，但日行数值疑似 kWh 级别，未自动换算","False"
"1、交易计算表1月.xls","2026-01","2026-01-25","17","16:00-17:00","84544","原表标题写“兆瓦时”，但日行数值疑似 kWh 级别，未自动换算","False"
"1、交易计算表1月.xls","2026-01","2026-01-25","18","17:00-18:00","84229","原表标题写“兆瓦时”，但日行数值疑似 kWh 级别，未自动换算","False"
"1、交易计算表1月.xls","2026-01","2026-01-25","19","18:00-19:00","92237","原表标题写“兆瓦时”，但日行数值疑似 kWh 级别，未自动换算","False"
"1、交易计算表1月.xls","2026-01","2026-01-25","20","19:00-20:00","82805","原表标题写“兆瓦时”，但日行数值疑似 kWh 级别，未自动换算","False"
"1、交易计算表1月.xls","2026-01","2026-01-25","21","20:00-21:00","86645","原表标题写“兆瓦时”，但日行数值疑似 kWh 级别，未自动换算","False"
"1、交易计算表1月.xls","2026-01","2026-01-25","22","21:00-22:00","82846","原表标题写“兆瓦时”，但日行数值疑似 kWh 级别，未自动换算","False"
"1、交易计算表1月.xls","2026-01","2026-01-25","23","22:00-23:00","73910","原表标题写“兆瓦时”，但日行数值疑似 kWh 级别，未自动换算","False"
"1、交易计算表1月.xls","2026-01","2026-01-25","24","23:00-24:00","54538","原表标题写“兆瓦时”，但日行数值疑似 kWh 级别，未自动换算","False"
"1、交易计算表1月.xls","2026-01","2026-01-24","1","00:00-01:00","39058","原表标题写“兆瓦时”，但日行数值疑似 kWh 级别，未自动换算","False"
"1、交易计算表1月.xls","2026-01","2026-01-24","2","01:00-02:00","35061","原表标题写“兆瓦时”，但日行数值疑似 kWh 级别，未自动换算","False"
"1、交易计算表1月.xls","2026-01","2026-01-24","3","02:00-03:00","28830","原表标题写“兆瓦时”，但日行数值疑似 kWh 级别，未自动换算","False"
"1、交易计算表1月.xls","2026-01","2026-01-24","4","03:00-04:00","33955","原表标题写“兆瓦时”，但日行数值疑似 kWh 级别，未自动换算","False"
"1、交易计算表1月.xls","2026-01","2026-01-24","5","04:00-05:00","36247","原表标题写“兆瓦时”，但日行数值疑似 kWh 级别，未自动换算","False"
"1、交易计算表1月.xls","2026-01","2026-01-24","6","05:00-06:00","50435","原表标题写“兆瓦时”，但日行数值疑似 kWh 级别，未自动换算","False"
"1、交易计算表1月.xls","2026-01","2026-01-24","7","06:00-07:00","71482","原表标题写“兆瓦时”，但日行数值疑似 kWh 级别，未自动换算","False"
"1、交易计算表1月.xls","2026-01","2026-01-24","8","07:00-08:00","77058","原表标题写“兆瓦时”，但日行数值疑似 kWh 级别，未自动换算","False"
"1、交易计算表1月.xls","2026-01","2026-01-24","9","08:00-09:00","85358","原表标题写“兆瓦时”，但日行数值疑似 kWh 级别，未自动换算","False"
"1、交易计算表1月.xls","2026-01","2026-01-24","10","09:00-10:00","82982","原表标题写“兆瓦时”，但日行数值疑似 kWh 级别，未自动换算","False"
"1、交易计算表1月.xls","2026-01","2026-01-24","11","10:00-11:00","80853","原表标题写“兆瓦时”，但日行数值疑似 kWh 级别，未自动换算","False"
"1、交易计算表1月.xls","2026-01","2026-01-24","12","11:00-12:00","84773","原表标题写“兆瓦时”，但日行数值疑似 kWh 级别，未自动换算","False"
"1、交易计算表1月.xls","2026-01","2026-01-24","13","12:00-13:00","85184","原表标题写“兆瓦时”，但日行数值疑似 kWh 级别，未自动换算","False"
"1、交易计算表1月.xls","2026-01","2026-01-24","14","13:00-14:00","80202","原表标题写“兆瓦时”，但日行数值疑似 kWh 级别，未自动换算","False"
"1、交易计算表1月.xls","2026-01","2026-01-24","15","14:00-15:00","91566","原表标题写“兆瓦时”，但日行数值疑似 kWh 级别，未自动换算","False"
"1、交易计算表1月.xls","2026-01","2026-01-24","16","15:00-16:00","75790","原表标题写“兆瓦时”，但日行数值疑似 kWh 级别，未自动换算","False"
"1、交易计算表1月.xls","2026-01","2026-01-24","17","16:00-17:00","88678","原表标题写“兆瓦时”，但日行数值疑似 kWh 级别，未自动换算","False"
"1、交易计算表1月.xls","2026-01","2026-01-24","18","17:00-18:00","85620","原表标题写“兆瓦时”，但日行数值疑似 kWh 级别，未自动换算","False"
"1、交易计算表1月.xls","2026-01","2026-01-24","19","18:00-19:00","94745","原表标题写“兆瓦时”，但日行数值疑似 kWh 级别，未自动换算","False"
"1、交易计算表1月.xls","2026-01","2026-01-24","20","19:00-20:00","83997","原表标题写“兆瓦时”，但日行数值疑似 kWh 级别，未自动换算","False"
"1、交易计算表1月.xls","2026-01","2026-01-24","21","20:00-21:00","83824","原表标题写“兆瓦时”，但日行数值疑似 kWh 级别，未自动换算","False"
"1、交易计算表1月.xls","2026-01","2026-01-24","22","21:00-22:00","84581","原表标题写“兆瓦时”，但日行数值疑似 kWh 级别，未自动换算","False"
"1、交易计算表1月.xls","2026-01","2026-01-24","23","22:00-23:00","75184","原表标题写“兆瓦时”，但日行数值疑似 kWh 级别，未自动换算","False"
"1、交易计算表1月.xls","2026-01","2026-01-24","24","23:00-24:00","56121","原表标题写“兆瓦时”，但日行数值疑似 kWh 级别，未自动换算","False"
"1、交易计算表1月.xls","2026-01","2026-01-23","1","00:00-01:00","42012","原表标题写“兆瓦时”，但日行数值疑似 kWh 级别，未自动换算","False"
"1、交易计算表1月.xls","2026-01","2026-01-23","2","01:00-02:00","31344","原表标题写“兆瓦时”，但日行数值疑似 kWh 级别，未自动换算","False"
"1、交易计算表1月.xls","2026-01","2026-01-23","3","02:00-03:00","35073","原表标题写“兆瓦时”，但日行数值疑似 kWh 级别，未自动换算","False"
"1、交易计算表1月.xls","2026-01","2026-01-23","4","03:00-04:00","26615","原表标题写“兆瓦时”，但日行数值疑似 kWh 级别，未自动换算","False"
"1、交易计算表1月.xls","2026-01","2026-01-23","5","04:00-05:00","47286","原表标题写“兆瓦时”，但日行数值疑似 kWh 级别，未自动换算","False"
"1、交易计算表1月.xls","2026-01","2026-01-23","6","05:00-06:00","47651","原表标题写“兆瓦时”，但日行数值疑似 kWh 级别，未自动换算","False"
"1、交易计算表1月.xls","2026-01","2026-01-23","7","06:00-07:00","74605","原表标题写“兆瓦时”，但日行数值疑似 kWh 级别，未自动换算","False"
"1、交易计算表1月.xls","2026-01","2026-01-23","8","07:00-08:00","90826","原表标题写“兆瓦时”，但日行数值疑似 kWh 级别，未自动换算","False"
"1、交易计算表1月.xls","2026-01","2026-01-23","9","08:00-09:00","97835","原表标题写“兆瓦时”，但日行数值疑似 kWh 级别，未自动换算","False"
"1、交易计算表1月.xls","2026-01","2026-01-23","10","09:00-10:00","96764","原表标题写“兆瓦时”，但日行数值疑似 kWh 级别，未自动换算","False"
"1、交易计算表1月.xls","2026-01","2026-01-23","11","10:00-11:00","87557","原表标题写“兆瓦时”，但日行数值疑似 kWh 级别，未自动换算","False"
"1、交易计算表1月.xls","2026-01","2026-01-23","12","11:00-12:00","75276","原表标题写“兆瓦时”，但日行数值疑似 kWh 级别，未自动换算","False"
"1、交易计算表1月.xls","2026-01","2026-01-23","13","12:00-13:00","89141","原表标题写“兆瓦时”，但日行数值疑似 kWh 级别，未自动换算","False"
"1、交易计算表1月.xls","2026-01","2026-01-23","14","13:00-14:00","78423","原表标题写“兆瓦时”，但日行数值疑似 kWh 级别，未自动换算","False"
"1、交易计算表1月.xls","2026-01","2026-01-23","15","14:00-15:00","80605","原表标题写“兆瓦时”，但日行数值疑似 kWh 级别，未自动换算","False"
"1、交易计算表1月.xls","2026-01","2026-01-23","16","15:00-16:00","88678","原表标题写“兆瓦时”，但日行数值疑似 kWh 级别，未自动换算","False"
"1、交易计算表1月.xls","2026-01","2026-01-23","17","16:00-17:00","83289","原表标题写“兆瓦时”，但日行数值疑似 kWh 级别，未自动换算","False"
"1、交易计算表1月.xls","2026-01","2026-01-23","18","17:00-18:00","96830","原表标题写“兆瓦时”，但日行数值疑似 kWh 级别，未自动换算","False"
"1、交易计算表1月.xls","2026-01","2026-01-23","19","18:00-19:00","94298","原表标题写“兆瓦时”，但日行数值疑似 kWh 级别，未自动换算","False"
"1、交易计算表1月.xls","2026-01","2026-01-23","20","19:00-20:00","84593","原表标题写“兆瓦时”，但日行数值疑似 kWh 级别，未自动换算","False"
"1、交易计算表1月.xls","2026-01","2026-01-23","21","20:00-21:00","85933","原表标题写“兆瓦时”，但日行数值疑似 kWh 级别，未自动换算","False"
"1、交易计算表1月.xls","2026-01","2026-01-23","22","21:00-22:00","75843","原表标题写“兆瓦时”，但日行数值疑似 kWh 级别，未自动换算","False"
"1、交易计算表1月.xls","2026-01","2026-01-23","23","22:00-23:00","79145","原表标题写“兆瓦时”，但日行数值疑似 kWh 级别，未自动换算","False"
"1、交易计算表1月.xls","2026-01","2026-01-23","24","23:00-24:00","59626","原表标题写“兆瓦时”，但日行数值疑似 kWh 级别，未自动换算","False"
"1、交易计算表1月.xls","2026-01","2026-01-22","1","00:00-01:00","49762","原表标题写“兆瓦时”，但日行数值疑似 kWh 级别，未自动换算","False"
"1、交易计算表1月.xls","2026-01","2026-01-22","2","01:00-02:00","35590","原表标题写“兆瓦时”，但日行数值疑似 kWh 级别，未自动换算","False"
"1、交易计算表1月.xls","2026-01","2026-01-22","3","02:00-03:00","22839","原表标题写“兆瓦时”，但日行数值疑似 kWh 级别，未自动换算","False"
"1、交易计算表1月.xls","2026-01","2026-01-22","4","03:00-04:00","32356","原表标题写“兆瓦时”，但日行数值疑似 kWh 级别，未自动换算","False"
"1、交易计算表1月.xls","2026-01","2026-01-22","5","04:00-05:00","41089","原表标题写“兆瓦时”，但日行数值疑似 kWh 级别，未自动换算","False"
"1、交易计算表1月.xls","2026-01","2026-01-22","6","05:00-06:00","44727","原表标题写“兆瓦时”，但日行数值疑似 kWh 级别，未自动换算","False"
"1、交易计算表1月.xls","2026-01","2026-01-22","7","06:00-07:00","80328","原表标题写“兆瓦时”，但日行数值疑似 kWh 级别，未自动换算","False"
"1、交易计算表1月.xls","2026-01","2026-01-22","8","07:00-08:00","93544","原表标题写“兆瓦时”，但日行数值疑似 kWh 级别，未自动换算","False"
"1、交易计算表1月.xls","2026-01","2026-01-22","9","08:00-09:00","102545","原表标题写“兆瓦时”，但日行数值疑似 kWh 级别，未自动换算","False"
"1、交易计算表1月.xls","2026-01","2026-01-22","10","09:00-10:00","88102","原表标题写“兆瓦时”，但日行数值疑似 kWh 级别，未自动换算","False"
"1、交易计算表1月.xls","2026-01","2026-01-22","11","10:00-11:00","89981","原表标题写“兆瓦时”，但日行数值疑似 kWh 级别，未自动换算","False"
"1、交易计算表1月.xls","2026-01","2026-01-22","12","11:00-12:00","77801","原表标题写“兆瓦时”，但日行数值疑似 kWh 级别，未自动换算","False"
"1、交易计算表1月.xls","2026-01","2026-01-22","13","12:00-13:00","88915","原表标题写“兆瓦时”，但日行数值疑似 kWh 级别，未自动换算","False"
"1、交易计算表1月.xls","2026-01","2026-01-22","14","13:00-14:00","78342","原表标题写“兆瓦时”，但日行数值疑似 kWh 级别，未自动换算","False"
"1、交易计算表1月.xls","2026-01","2026-01-22","15","14:00-15:00","81266","原表标题写“兆瓦时”，但日行数值疑似 kWh 级别，未自动换算","False"
"1、交易计算表1月.xls","2026-01","2026-01-22","16","15:00-16:00","86354","原表标题写“兆瓦时”，但日行数值疑似 kWh 级别，未自动换算","False"
"1、交易计算表1月.xls","2026-01","2026-01-22","17","16:00-17:00","92459","原表标题写“兆瓦时”，但日行数值疑似 kWh 级别，未自动换算","False"
"1、交易计算表1月.xls","2026-01","2026-01-22","18","17:00-18:00","90038","原表标题写“兆瓦时”，但日行数值疑似 kWh 级别，未自动换算","False"
"1、交易计算表1月.xls","2026-01","2026-01-22","19","18:00-19:00","94253","原表标题写“兆瓦时”，但日行数值疑似 kWh 级别，未自动换算","False"
"1、交易计算表1月.xls","2026-01","2026-01-22","20","19:00-20:00","87016","原表标题写“兆瓦时”，但日行数值疑似 kWh 级别，未自动换算","False"
"1、交易计算表1月.xls","2026-01","2026-01-22","21","20:00-21:00","86344","原表标题写“兆瓦时”，但日行数值疑似 kWh 级别，未自动换算","False"
"1、交易计算表1月.xls","2026-01","2026-01-22","22","21:00-22:00","76357","原表标题写“兆瓦时”，但日行数值疑似 kWh 级别，未自动换算","False"
"1、交易计算表1月.xls","2026-01","2026-01-22","23","22:00-23:00","73073","原表标题写“兆瓦时”，但日行数值疑似 kWh 级别，未自动换算","False"
"1、交易计算表1月.xls","2026-01","2026-01-22","24","23:00-24:00","54248","原表标题写“兆瓦时”，但日行数值疑似 kWh 级别，未自动换算","False"
"1、交易计算表1月.xls","2026-01","2026-01-21","1","00:00-01:00","38977","原表标题写“兆瓦时”，但日行数值疑似 kWh 级别，未自动换算","False"
"1、交易计算表1月.xls","2026-01","2026-01-21","2","01:00-02:00","32448","原表标题写“兆瓦时”，但日行数值疑似 kWh 级别，未自动换算","False"
"1、交易计算表1月.xls","2026-01","2026-01-21","3","02:00-03:00","30883","原表标题写“兆瓦时”，但日行数值疑似 kWh 级别，未自动换算","False"
"1、交易计算表1月.xls","2026-01","2026-01-21","4","03:00-04:00","44210","原表标题写“兆瓦时”，但日行数值疑似 kWh 级别，未自动换算","False"
"1、交易计算表1月.xls","2026-01","2026-01-21","5","04:00-05:00","27269","原表标题写“兆瓦时”，但日行数值疑似 kWh 级别，未自动换算","False"
"1、交易计算表1月.xls","2026-01","2026-01-21","6","05:00-06:00","50444","原表标题写“兆瓦时”，但日行数值疑似 kWh 级别，未自动换算","False"
"1、交易计算表1月.xls","2026-01","2026-01-21","7","06:00-07:00","83069","原表标题写“兆瓦时”，但日行数值疑似 kWh 级别，未自动换算","False"
"1、交易计算表1月.xls","2026-01","2026-01-21","8","07:00-08:00","91816","原表标题写“兆瓦时”，但日行数值疑似 kWh 级别，未自动换算","False"
"1、交易计算表1月.xls","2026-01","2026-01-21","9","08:00-09:00","93623","原表标题写“兆瓦时”，但日行数值疑似 kWh 级别，未自动换算","False"
"1、交易计算表1月.xls","2026-01","2026-01-21","10","09:00-10:00","93622","原表标题写“兆瓦时”，但日行数值疑似 kWh 级别，未自动换算","False"
"1、交易计算表1月.xls","2026-01","2026-01-21","11","10:00-11:00","87699","原表标题写“兆瓦时”，但日行数值疑似 kWh 级别，未自动换算","False"
"1、交易计算表1月.xls","2026-01","2026-01-21","12","11:00-12:00","85498","原表标题写“兆瓦时”，但日行数值疑似 kWh 级别，未自动换算","False"
"1、交易计算表1月.xls","2026-01","2026-01-21","13","12:00-13:00","81208","原表标题写“兆瓦时”，但日行数值疑似 kWh 级别，未自动换算","False"
"1、交易计算表1月.xls","2026-01","2026-01-21","14","13:00-14:00","74992","原表标题写“兆瓦时”，但日行数值疑似 kWh 级别，未自动换算","False"
"1、交易计算表1月.xls","2026-01","2026-01-21","15","14:00-15:00","89346","原表标题写“兆瓦时”，但日行数值疑似 kWh 级别，未自动换算","False"
"1、交易计算表1月.xls","2026-01","2026-01-21","16","15:00-16:00","79657","原表标题写“兆瓦时”，但日行数值疑似 kWh 级别，未自动换算","False"
"1、交易计算表1月.xls","2026-01","2026-01-21","17","16:00-17:00","93681","原表标题写“兆瓦时”，但日行数值疑似 kWh 级别，未自动换算","False"
"1、交易计算表1月.xls","2026-01","2026-01-21","18","17:00-18:00","89541","原表标题写“兆瓦时”，但日行数值疑似 kWh 级别，未自动换算","False"
"1、交易计算表1月.xls","2026-01","2026-01-21","19","18:00-19:00","95683","原表标题写“兆瓦时”，但日行数值疑似 kWh 级别，未自动换算","False"
"1、交易计算表1月.xls","2026-01","2026-01-21","20","19:00-20:00","89398","原表标题写“兆瓦时”，但日行数值疑似 kWh 级别，未自动换算","False"
"1、交易计算表1月.xls","2026-01","2026-01-21","21","20:00-21:00","86425","原表标题写“兆瓦时”，但日行数值疑似 kWh 级别，未自动换算","False"
"1、交易计算表1月.xls","2026-01","2026-01-21","22","21:00-22:00","84148","原表标题写“兆瓦时”，但日行数值疑似 kWh 级别，未自动换算","False"
"1、交易计算表1月.xls","2026-01","2026-01-21","23","22:00-23:00","70381","原表标题写“兆瓦时”，但日行数值疑似 kWh 级别，未自动换算","False"
"1、交易计算表1月.xls","2026-01","2026-01-21","24","23:00-24:00","47591","原表标题写“兆瓦时”，但日行数值疑似 kWh 级别，未自动换算","False"
"1、交易计算表1月.xls","2026-01","2026-01-20","1","00:00-01:00","45397","原表标题写“兆瓦时”，但日行数值疑似 kWh 级别，未自动换算","False"
"1、交易计算表1月.xls","2026-01","2026-01-20","2","01:00-02:00","28965","原表标题写“兆瓦时”，但日行数值疑似 kWh 级别，未自动换算","False"
"1、交易计算表1月.xls","2026-01","2026-01-20","3","02:00-03:00","37319","原表标题写“兆瓦时”，但日行数值疑似 kWh 级别，未自动换算","False"
"1、交易计算表1月.xls","2026-01","2026-01-20","4","03:00-04:00","25370","原表标题写“兆瓦时”，但日行数值疑似 kWh 级别，未自动换算","False"
"1、交易计算表1月.xls","2026-01","2026-01-20","5","04:00-05:00","41836","原表标题写“兆瓦时”，但日行数值疑似 kWh 级别，未自动换算","False"
"1、交易计算表1月.xls","2026-01","2026-01-20","6","05:00-06:00","49998","原表标题写“兆瓦时”，但日行数值疑似 kWh 级别，未自动换算","False"
"1、交易计算表1月.xls","2026-01","2026-01-20","7","06:00-07:00","76228","原表标题写“兆瓦时”，但日行数值疑似 kWh 级别，未自动换算","False"
"1、交易计算表1月.xls","2026-01","2026-01-20","8","07:00-08:00","90840","原表标题写“兆瓦时”，但日行数值疑似 kWh 级别，未自动换算","False"
"1、交易计算表1月.xls","2026-01","2026-01-20","9","08:00-09:00","102353","原表标题写“兆瓦时”，但日行数值疑似 kWh 级别，未自动换算","False"
"1、交易计算表1月.xls","2026-01","2026-01-20","10","09:00-10:00","88405","原表标题写“兆瓦时”，但日行数值疑似 kWh 级别，未自动换算","False"
"1、交易计算表1月.xls","2026-01","2026-01-20","11","10:00-11:00","84324","原表标题写“兆瓦时”，但日行数值疑似 kWh 级别，未自动换算","False"
"1、交易计算表1月.xls","2026-01","2026-01-20","12","11:00-12:00","93127","原表标题写“兆瓦时”，但日行数值疑似 kWh 级别，未自动换算","False"
"1、交易计算表1月.xls","2026-01","2026-01-20","13","12:00-13:00","84998","原表标题写“兆瓦时”，但日行数值疑似 kWh 级别，未自动换算","False"
"1、交易计算表1月.xls","2026-01","2026-01-20","14","13:00-14:00","84190","原表标题写“兆瓦时”，但日行数值疑似 kWh 级别，未自动换算","False"
"1、交易计算表1月.xls","2026-01","2026-01-20","15","14:00-15:00","84171","原表标题写“兆瓦时”，但日行数值疑似 kWh 级别，未自动换算","False"
"1、交易计算表1月.xls","2026-01","2026-01-20","16","15:00-16:00","84899","原表标题写“兆瓦时”，但日行数值疑似 kWh 级别，未自动换算","False"
"1、交易计算表1月.xls","2026-01","2026-01-20","17","16:00-17:00","94092","原表标题写“兆瓦时”，但日行数值疑似 kWh 级别，未自动换算","False"
"1、交易计算表1月.xls","2026-01","2026-01-20","18","17:00-18:00","84289","原表标题写“兆瓦时”，但日行数值疑似 kWh 级别，未自动换算","False"
"1、交易计算表1月.xls","2026-01","2026-01-20","19","18:00-19:00","97055","原表标题写“兆瓦时”，但日行数值疑似 kWh 级别，未自动换算","False"
"1、交易计算表1月.xls","2026-01","2026-01-20","20","19:00-20:00","81890","原表标题写“兆瓦时”，但日行数值疑似 kWh 级别，未自动换算","False"
"1、交易计算表1月.xls","2026-01","2026-01-20","21","20:00-21:00","87981","原表标题写“兆瓦时”，但日行数值疑似 kWh 级别，未自动换算","False"
"1、交易计算表1月.xls","2026-01","2026-01-20","22","21:00-22:00","81899","原表标题写“兆瓦时”，但日行数值疑似 kWh 级别，未自动换算","False"
"1、交易计算表1月.xls","2026-01","2026-01-20","23","22:00-23:00","77551","原表标题写“兆瓦时”，但日行数值疑似 kWh 级别，未自动换算","False"
"1、交易计算表1月.xls","2026-01","2026-01-20","24","23:00-24:00","49291","原表标题写“兆瓦时”，但日行数值疑似 kWh 级别，未自动换算","False"
"1、交易计算表1月.xls","2026-01","2026-01-19","1","00:00-01:00","43034","原表标题写“兆瓦时”，但日行数值疑似 kWh 级别，未自动换算","False"
"1、交易计算表1月.xls","2026-01","2026-01-19","2","01:00-02:00","31816","原表标题写“兆瓦时”，但日行数值疑似 kWh 级别，未自动换算","False"
"1、交易计算表1月.xls","2026-01","2026-01-19","3","02:00-03:00","29571","原表标题写“兆瓦时”，但日行数值疑似 kWh 级别，未自动换算","False"
"1、交易计算表1月.xls","2026-01","2026-01-19","4","03:00-04:00","30065","原表标题写“兆瓦时”，但日行数值疑似 kWh 级别，未自动换算","False"
"1、交易计算表1月.xls","2026-01","2026-01-19","5","04:00-05:00","34897","原表标题写“兆瓦时”，但日行数值疑似 kWh 级别，未自动换算","False"
"1、交易计算表1月.xls","2026-01","2026-01-19","6","05:00-06:00","45958","原表标题写“兆瓦时”，但日行数值疑似 kWh 级别，未自动换算","False"
"1、交易计算表1月.xls","2026-01","2026-01-19","7","06:00-07:00","73696","原表标题写“兆瓦时”，但日行数值疑似 kWh 级别，未自动换算","False"
"1、交易计算表1月.xls","2026-01","2026-01-19","8","07:00-08:00","93533","原表标题写“兆瓦时”，但日行数值疑似 kWh 级别，未自动换算","False"
"1、交易计算表1月.xls","2026-01","2026-01-19","9","08:00-09:00","93233","原表标题写“兆瓦时”，但日行数值疑似 kWh 级别，未自动换算","False"
"1、交易计算表1月.xls","2026-01","2026-01-19","10","09:00-10:00","89164","原表标题写“兆瓦时”，但日行数值疑似 kWh 级别，未自动换算","False"
"1、交易计算表1月.xls","2026-01","2026-01-19","11","10:00-11:00","86544","原表标题写“兆瓦时”，但日行数值疑似 kWh 级别，未自动换算","False"
"1、交易计算表1月.xls","2026-01","2026-01-19","12","11:00-12:00","86810","原表标题写“兆瓦时”，但日行数值疑似 kWh 级别，未自动换算","False"
"1、交易计算表1月.xls","2026-01","2026-01-19","13","12:00-13:00","82014","原表标题写“兆瓦时”，但日行数值疑似 kWh 级别，未自动换算","False"
"1、交易计算表1月.xls","2026-01","2026-01-19","14","13:00-14:00","83425","原表标题写“兆瓦时”，但日行数值疑似 kWh 级别，未自动换算","False"
"1、交易计算表1月.xls","2026-01","2026-01-19","15","14:00-15:00","85647","原表标题写“兆瓦时”，但日行数值疑似 kWh 级别，未自动换算","False"
"1、交易计算表1月.xls","2026-01","2026-01-19","16","15:00-16:00","81620","原表标题写“兆瓦时”，但日行数值疑似 kWh 级别，未自动换算","False"
"1、交易计算表1月.xls","2026-01","2026-01-19","17","16:00-17:00","90578","原表标题写“兆瓦时”，但日行数值疑似 kWh 级别，未自动换算","False"
"1、交易计算表1月.xls","2026-01","2026-01-19","18","17:00-18:00","88800","原表标题写“兆瓦时”，但日行数值疑似 kWh 级别，未自动换算","False"
"1、交易计算表1月.xls","2026-01","2026-01-19","19","18:00-19:00","97305","原表标题写“兆瓦时”，但日行数值疑似 kWh 级别，未自动换算","False"
"1、交易计算表1月.xls","2026-01","2026-01-19","20","19:00-20:00","86154","原表标题写“兆瓦时”，但日行数值疑似 kWh 级别，未自动换算","False"
"1、交易计算表1月.xls","2026-01","2026-01-19","21","20:00-21:00","84722","原表标题写“兆瓦时”，但日行数值疑似 kWh 级别，未自动换算","False"
"1、交易计算表1月.xls","2026-01","2026-01-19","22","21:00-22:00","74598","原表标题写“兆瓦时”，但日行数值疑似 kWh 级别，未自动换算","False"
"1、交易计算表1月.xls","2026-01","2026-01-19","23","22:00-23:00","87314","原表标题写“兆瓦时”，但日行数值疑似 kWh 级别，未自动换算","False"
"1、交易计算表1月.xls","2026-01","2026-01-19","24","23:00-24:00","41517","原表标题写“兆瓦时”，但日行数值疑似 kWh 级别，未自动换算","False"
"1、交易计算表1月.xls","2026-01","2026-01-18","1","00:00-01:00","46081","原表标题写“兆瓦时”，但日行数值疑似 kWh 级别，未自动换算","False"
"1、交易计算表1月.xls","2026-01","2026-01-18","2","01:00-02:00","32807","原表标题写“兆瓦时”，但日行数值疑似 kWh 级别，未自动换算","False"
"1、交易计算表1月.xls","2026-01","2026-01-18","3","02:00-03:00","34550","原表标题写“兆瓦时”，但日行数值疑似 kWh 级别，未自动换算","False"
"1、交易计算表1月.xls","2026-01","2026-01-18","4","03:00-04:00","24599","原表标题写“兆瓦时”，但日行数值疑似 kWh 级别，未自动换算","False"
"1、交易计算表1月.xls","2026-01","2026-01-18","5","04:00-05:00","38734","原表标题写“兆瓦时”，但日行数值疑似 kWh 级别，未自动换算","False"
"1、交易计算表1月.xls","2026-01","2026-01-18","6","05:00-06:00","37915","原表标题写“兆瓦时”，但日行数值疑似 kWh 级别，未自动换算","False"
"1、交易计算表1月.xls","2026-01","2026-01-18","7","06:00-07:00","65571","原表标题写“兆瓦时”，但日行数值疑似 kWh 级别，未自动换算","False"
"1、交易计算表1月.xls","2026-01","2026-01-18","8","07:00-08:00","81803","原表标题写“兆瓦时”，但日行数值疑似 kWh 级别，未自动换算","False"
"1、交易计算表1月.xls","2026-01","2026-01-18","9","08:00-09:00","73904","原表标题写“兆瓦时”，但日行数值疑似 kWh 级别，未自动换算","False"
"1、交易计算表1月.xls","2026-01","2026-01-18","10","09:00-10:00","85755","原表标题写“兆瓦时”，但日行数值疑似 kWh 级别，未自动换算","False"
"1、交易计算表1月.xls","2026-01","2026-01-18","11","10:00-11:00","88304","原表标题写“兆瓦时”，但日行数值疑似 kWh 级别，未自动换算","False"
"1、交易计算表1月.xls","2026-01","2026-01-18","12","11:00-12:00","78896","原表标题写“兆瓦时”，但日行数值疑似 kWh 级别，未自动换算","False"
"1、交易计算表1月.xls","2026-01","2026-01-18","13","12:00-13:00","88834","原表标题写“兆瓦时”，但日行数值疑似 kWh 级别，未自动换算","False"
"1、交易计算表1月.xls","2026-01","2026-01-18","14","13:00-14:00","76089","原表标题写“兆瓦时”，但日行数值疑似 kWh 级别，未自动换算","False"
"1、交易计算表1月.xls","2026-01","2026-01-18","15","14:00-15:00","81037","原表标题写“兆瓦时”，但日行数值疑似 kWh 级别，未自动换算","False"
"1、交易计算表1月.xls","2026-01","2026-01-18","16","15:00-16:00","88698","原表标题写“兆瓦时”，但日行数值疑似 kWh 级别，未自动换算","False"
"1、交易计算表1月.xls","2026-01","2026-01-18","17","16:00-17:00","89382","原表标题写“兆瓦时”，但日行数值疑似 kWh 级别，未自动换算","False"
"1、交易计算表1月.xls","2026-01","2026-01-18","18","17:00-18:00","77080","原表标题写“兆瓦时”，但日行数值疑似 kWh 级别，未自动换算","False"
"1、交易计算表1月.xls","2026-01","2026-01-18","19","18:00-19:00","84330","原表标题写“兆瓦时”，但日行数值疑似 kWh 级别，未自动换算","False"
"1、交易计算表1月.xls","2026-01","2026-01-18","20","19:00-20:00","92514","原表标题写“兆瓦时”，但日行数值疑似 kWh 级别，未自动换算","False"
"1、交易计算表1月.xls","2026-01","2026-01-18","21","20:00-21:00","81474","原表标题写“兆瓦时”，但日行数值疑似 kWh 级别，未自动换算","False"
"1、交易计算表1月.xls","2026-01","2026-01-18","22","21:00-22:00","79414","原表标题写“兆瓦时”，但日行数值疑似 kWh 级别，未自动换算","False"
"1、交易计算表1月.xls","2026-01","2026-01-18","23","22:00-23:00","70645","原表标题写“兆瓦时”，但日行数值疑似 kWh 级别，未自动换算","False"
"1、交易计算表1月.xls","2026-01","2026-01-18","24","23:00-24:00","58460","原表标题写“兆瓦时”，但日行数值疑似 kWh 级别，未自动换算","False"
"1、交易计算表1月.xls","2026-01","2026-01-17","1","00:00-01:00","37979","原表标题写“兆瓦时”，但日行数值疑似 kWh 级别，未自动换算","False"
"1、交易计算表1月.xls","2026-01","2026-01-17","2","01:00-02:00","27747","原表标题写“兆瓦时”，但日行数值疑似 kWh 级别，未自动换算","False"
"1、交易计算表1月.xls","2026-01","2026-01-17","3","02:00-03:00","32840","原表标题写“兆瓦时”，但日行数值疑似 kWh 级别，未自动换算","False"
"1、交易计算表1月.xls","2026-01","2026-01-17","4","03:00-04:00","30793","原表标题写“兆瓦时”，但日行数值疑似 kWh 级别，未自动换算","False"
"1、交易计算表1月.xls","2026-01","2026-01-17","5","04:00-05:00","35740","原表标题写“兆瓦时”，但日行数值疑似 kWh 级别，未自动换算","False"
"1、交易计算表1月.xls","2026-01","2026-01-17","6","05:00-06:00","42395","原表标题写“兆瓦时”，但日行数值疑似 kWh 级别，未自动换算","False"
"1、交易计算表1月.xls","2026-01","2026-01-17","7","06:00-07:00","67484","原表标题写“兆瓦时”，但日行数值疑似 kWh 级别，未自动换算","False"
"1、交易计算表1月.xls","2026-01","2026-01-17","8","07:00-08:00","73301","原表标题写“兆瓦时”，但日行数值疑似 kWh 级别，未自动换算","False"
"1、交易计算表1月.xls","2026-01","2026-01-17","9","08:00-09:00","78864","原表标题写“兆瓦时”，但日行数值疑似 kWh 级别，未自动换算","False"
"1、交易计算表1月.xls","2026-01","2026-01-17","10","09:00-10:00","90720","原表标题写“兆瓦时”，但日行数值疑似 kWh 级别，未自动换算","False"
"1、交易计算表1月.xls","2026-01","2026-01-17","11","10:00-11:00","81120","原表标题写“兆瓦时”，但日行数值疑似 kWh 级别，未自动换算","False"
"1、交易计算表1月.xls","2026-01","2026-01-17","12","11:00-12:00","84951","原表标题写“兆瓦时”，但日行数值疑似 kWh 级别，未自动换算","False"
"1、交易计算表1月.xls","2026-01","2026-01-17","13","12:00-13:00","82042","原表标题写“兆瓦时”，但日行数值疑似 kWh 级别，未自动换算","False"
"1、交易计算表1月.xls","2026-01","2026-01-17","14","13:00-14:00","84960","原表标题写“兆瓦时”，但日行数值疑似 kWh 级别，未自动换算","False"
"1、交易计算表1月.xls","2026-01","2026-01-17","15","14:00-15:00","82596","原表标题写“兆瓦时”，但日行数值疑似 kWh 级别，未自动换算","False"
"1、交易计算表1月.xls","2026-01","2026-01-17","16","15:00-16:00","86037","原表标题写“兆瓦时”，但日行数值疑似 kWh 级别，未自动换算","False"
"1、交易计算表1月.xls","2026-01","2026-01-17","17","16:00-17:00","78964","原表标题写“兆瓦时”，但日行数值疑似 kWh 级别，未自动换算","False"
"1、交易计算表1月.xls","2026-01","2026-01-17","18","17:00-18:00","95445","原表标题写“兆瓦时”，但日行数值疑似 kWh 级别，未自动换算","False"
"1、交易计算表1月.xls","2026-01","2026-01-17","19","18:00-19:00","83616","原表标题写“兆瓦时”，但日行数值疑似 kWh 级别，未自动换算","False"
"1、交易计算表1月.xls","2026-01","2026-01-17","20","19:00-20:00","78892","原表标题写“兆瓦时”，但日行数值疑似 kWh 级别，未自动换算","False"
"1、交易计算表1月.xls","2026-01","2026-01-17","21","20:00-21:00","84518","原表标题写“兆瓦时”，但日行数值疑似 kWh 级别，未自动换算","False"
"1、交易计算表1月.xls","2026-01","2026-01-17","22","21:00-22:00","82893","原表标题写“兆瓦时”，但日行数值疑似 kWh 级别，未自动换算","False"
"1、交易计算表1月.xls","2026-01","2026-01-17","23","22:00-23:00","73363","原表标题写“兆瓦时”，但日行数值疑似 kWh 级别，未自动换算","False"
"1、交易计算表1月.xls","2026-01","2026-01-17","24","23:00-24:00","57450","原表标题写“兆瓦时”，但日行数值疑似 kWh 级别，未自动换算","False"
"1、交易计算表1月.xls","2026-01","2026-01-16","1","00:00-01:00","16329","原表标题写“兆瓦时”，但日行数值疑似 kWh 级别，未自动换算","False"
"1、交易计算表1月.xls","2026-01","2026-01-16","2","01:00-02:00","40595","原表标题写“兆瓦时”，但日行数值疑似 kWh 级别，未自动换算","False"
"1、交易计算表1月.xls","2026-01","2026-01-16","3","02:00-03:00","25921","原表标题写“兆瓦时”，但日行数值疑似 kWh 级别，未自动换算","False"
"1、交易计算表1月.xls","2026-01","2026-01-16","4","03:00-04:00","31718","原表标题写“兆瓦时”，但日行数值疑似 kWh 级别，未自动换算","False"
"1、交易计算表1月.xls","2026-01","2026-01-16","5","04:00-05:00","38153","原表标题写“兆瓦时”，但日行数值疑似 kWh 级别，未自动换算","False"
"1、交易计算表1月.xls","2026-01","2026-01-16","6","05:00-06:00","50276","原表标题写“兆瓦时”，但日行数值疑似 kWh 级别，未自动换算","False"
"1、交易计算表1月.xls","2026-01","2026-01-16","7","06:00-07:00","73074","原表标题写“兆瓦时”，但日行数值疑似 kWh 级别，未自动换算","False"
"1、交易计算表1月.xls","2026-01","2026-01-16","8","07:00-08:00","84680","原表标题写“兆瓦时”，但日行数值疑似 kWh 级别，未自动换算","False"
"1、交易计算表1月.xls","2026-01","2026-01-16","9","08:00-09:00","92893","原表标题写“兆瓦时”，但日行数值疑似 kWh 级别，未自动换算","False"
"1、交易计算表1月.xls","2026-01","2026-01-16","10","09:00-10:00","91831","原表标题写“兆瓦时”，但日行数值疑似 kWh 级别，未自动换算","False"
"1、交易计算表1月.xls","2026-01","2026-01-16","11","10:00-11:00","79298","原表标题写“兆瓦时”，但日行数值疑似 kWh 级别，未自动换算","False"
"1、交易计算表1月.xls","2026-01","2026-01-16","12","11:00-12:00","86575","原表标题写“兆瓦时”，但日行数值疑似 kWh 级别，未自动换算","False"
"1、交易计算表1月.xls","2026-01","2026-01-16","13","12:00-13:00","69062","原表标题写“兆瓦时”，但日行数值疑似 kWh 级别，未自动换算","False"
"1、交易计算表1月.xls","2026-01","2026-01-16","14","13:00-14:00","85486","原表标题写“兆瓦时”，但日行数值疑似 kWh 级别，未自动换算","False"
"1、交易计算表1月.xls","2026-01","2026-01-16","15","14:00-15:00","76723","原表标题写“兆瓦时”，但日行数值疑似 kWh 级别，未自动换算","False"
"1、交易计算表1月.xls","2026-01","2026-01-16","16","15:00-16:00","86289","原表标题写“兆瓦时”，但日行数值疑似 kWh 级别，未自动换算","False"
"1、交易计算表1月.xls","2026-01","2026-01-16","17","16:00-17:00","81849","原表标题写“兆瓦时”，但日行数值疑似 kWh 级别，未自动换算","False"
"1、交易计算表1月.xls","2026-01","2026-01-16","18","17:00-18:00","91552","原表标题写“兆瓦时”，但日行数值疑似 kWh 级别，未自动换算","False"
"1、交易计算表1月.xls","2026-01","2026-01-16","19","18:00-19:00","93227","原表标题写“兆瓦时”，但日行数值疑似 kWh 级别，未自动换算","False"
"1、交易计算表1月.xls","2026-01","2026-01-16","20","19:00-20:00","88940","原表标题写“兆瓦时”，但日行数值疑似 kWh 级别，未自动换算","False"
"1、交易计算表1月.xls","2026-01","2026-01-16","21","20:00-21:00","72360","原表标题写“兆瓦时”，但日行数值疑似 kWh 级别，未自动换算","False"
"1、交易计算表1月.xls","2026-01","2026-01-16","22","21:00-22:00","80387","原表标题写“兆瓦时”，但日行数值疑似 kWh 级别，未自动换算","False"
"1、交易计算表1月.xls","2026-01","2026-01-16","23","22:00-23:00","77743","原表标题写“兆瓦时”，但日行数值疑似 kWh 级别，未自动换算","False"
"1、交易计算表1月.xls","2026-01","2026-01-16","24","23:00-24:00","65883","原表标题写“兆瓦时”，但日行数值疑似 kWh 级别，未自动换算","False"
"1、交易计算表1月.xls","2026-01","2026-01-15","1","00:00-01:00","38675","原表标题写“兆瓦时”，但日行数值疑似 kWh 级别，未自动换算","False"
"1、交易计算表1月.xls","2026-01","2026-01-15","2","01:00-02:00","34429","原表标题写“兆瓦时”，但日行数值疑似 kWh 级别，未自动换算","False"
"1、交易计算表1月.xls","2026-01","2026-01-15","3","02:00-03:00","24963","原表标题写“兆瓦时”，但日行数值疑似 kWh 级别，未自动换算","False"
"1、交易计算表1月.xls","2026-01","2026-01-15","4","03:00-04:00","36955","原表标题写“兆瓦时”，但日行数值疑似 kWh 级别，未自动换算","False"
"1、交易计算表1月.xls","2026-01","2026-01-15","5","04:00-05:00","36210","原表标题写“兆瓦时”，但日行数值疑似 kWh 级别，未自动换算","False"
"1、交易计算表1月.xls","2026-01","2026-01-15","6","05:00-06:00","51988","原表标题写“兆瓦时”，但日行数值疑似 kWh 级别，未自动换算","False"
"1、交易计算表1月.xls","2026-01","2026-01-15","7","06:00-07:00","69166","原表标题写“兆瓦时”，但日行数值疑似 kWh 级别，未自动换算","False"
"1、交易计算表1月.xls","2026-01","2026-01-15","8","07:00-08:00","81720","原表标题写“兆瓦时”，但日行数值疑似 kWh 级别，未自动换算","False"
"1、交易计算表1月.xls","2026-01","2026-01-15","9","08:00-09:00","99193","原表标题写“兆瓦时”，但日行数值疑似 kWh 级别，未自动换算","False"
"1、交易计算表1月.xls","2026-01","2026-01-15","10","09:00-10:00","95342","原表标题写“兆瓦时”，但日行数值疑似 kWh 级别，未自动换算","False"
"1、交易计算表1月.xls","2026-01","2026-01-15","11","10:00-11:00","81292","原表标题写“兆瓦时”，但日行数值疑似 kWh 级别，未自动换算","False"
"1、交易计算表1月.xls","2026-01","2026-01-15","12","11:00-12:00","78010","原表标题写“兆瓦时”，但日行数值疑似 kWh 级别，未自动换算","False"
"1、交易计算表1月.xls","2026-01","2026-01-15","13","12:00-13:00","83061","原表标题写“兆瓦时”，但日行数值疑似 kWh 级别，未自动换算","False"
"1、交易计算表1月.xls","2026-01","2026-01-15","14","13:00-14:00","70371","原表标题写“兆瓦时”，但日行数值疑似 kWh 级别，未自动换算","False"
"1、交易计算表1月.xls","2026-01","2026-01-15","15","14:00-15:00","85326","原表标题写“兆瓦时”，但日行数值疑似 kWh 级别，未自动换算","False"
"1、交易计算表1月.xls","2026-01","2026-01-15","16","15:00-16:00","71748","原表标题写“兆瓦时”，但日行数值疑似 kWh 级别，未自动换算","False"
"1、交易计算表1月.xls","2026-01","2026-01-15","17","16:00-17:00","87162","原表标题写“兆瓦时”，但日行数值疑似 kWh 级别，未自动换算","False"
"1、交易计算表1月.xls","2026-01","2026-01-15","18","17:00-18:00","94994","原表标题写“兆瓦时”，但日行数值疑似 kWh 级别，未自动换算","False"
"1、交易计算表1月.xls","2026-01","2026-01-15","19","18:00-19:00","98572","原表标题写“兆瓦时”，但日行数值疑似 kWh 级别，未自动换算","False"
"1、交易计算表1月.xls","2026-01","2026-01-15","20","19:00-20:00","81697","原表标题写“兆瓦时”，但日行数值疑似 kWh 级别，未自动换算","False"
"1、交易计算表1月.xls","2026-01","2026-01-15","21","20:00-21:00","82306","原表标题写“兆瓦时”，但日行数值疑似 kWh 级别，未自动换算","False"
"1、交易计算表1月.xls","2026-01","2026-01-15","22","21:00-22:00","78239","原表标题写“兆瓦时”，但日行数值疑似 kWh 级别，未自动换算","False"
"1、交易计算表1月.xls","2026-01","2026-01-15","23","22:00-23:00","72887","原表标题写“兆瓦时”，但日行数值疑似 kWh 级别，未自动换算","False"
"1、交易计算表1月.xls","2026-01","2026-01-15","24","23:00-24:00","61290","原表标题写“兆瓦时”，但日行数值疑似 kWh 级别，未自动换算","False"
"1、交易计算表1月.xls","2026-01","2026-01-14","1","00:00-01:00","21803","原表标题写“兆瓦时”，但日行数值疑似 kWh 级别，未自动换算","False"
"1、交易计算表1月.xls","2026-01","2026-01-14","2","01:00-02:00","42829","原表标题写“兆瓦时”，但日行数值疑似 kWh 级别，未自动换算","False"
"1、交易计算表1月.xls","2026-01","2026-01-14","3","02:00-03:00","33048","原表标题写“兆瓦时”，但日行数值疑似 kWh 级别，未自动换算","False"
"1、交易计算表1月.xls","2026-01","2026-01-14","4","03:00-04:00","30135","原表标题写“兆瓦时”，但日行数值疑似 kWh 级别，未自动换算","False"
"1、交易计算表1月.xls","2026-01","2026-01-14","5","04:00-05:00","34170","原表标题写“兆瓦时”，但日行数值疑似 kWh 级别，未自动换算","False"
"1、交易计算表1月.xls","2026-01","2026-01-14","6","05:00-06:00","50889","原表标题写“兆瓦时”，但日行数值疑似 kWh 级别，未自动换算","False"
"1、交易计算表1月.xls","2026-01","2026-01-14","7","06:00-07:00","74734","原表标题写“兆瓦时”，但日行数值疑似 kWh 级别，未自动换算","False"
"1、交易计算表1月.xls","2026-01","2026-01-14","8","07:00-08:00","82168","原表标题写“兆瓦时”，但日行数值疑似 kWh 级别，未自动换算","False"
"1、交易计算表1月.xls","2026-01","2026-01-14","9","08:00-09:00","97102","原表标题写“兆瓦时”，但日行数值疑似 kWh 级别，未自动换算","False"
"1、交易计算表1月.xls","2026-01","2026-01-14","10","09:00-10:00","85764","原表标题写“兆瓦时”，但日行数值疑似 kWh 级别，未自动换算","False"
"1、交易计算表1月.xls","2026-01","2026-01-14","11","10:00-11:00","86378","原表标题写“兆瓦时”，但日行数值疑似 kWh 级别，未自动换算","False"
"1、交易计算表1月.xls","2026-01","2026-01-14","12","11:00-12:00","84181","原表标题写“兆瓦时”，但日行数值疑似 kWh 级别，未自动换算","False"
"1、交易计算表1月.xls","2026-01","2026-01-14","13","12:00-13:00","78273","原表标题写“兆瓦时”，但日行数值疑似 kWh 级别，未自动换算","False"
"1、交易计算表1月.xls","2026-01","2026-01-14","14","13:00-14:00","77484","原表标题写“兆瓦时”，但日行数值疑似 kWh 级别，未自动换算","False"
"1、交易计算表1月.xls","2026-01","2026-01-14","15","14:00-15:00","77444","原表标题写“兆瓦时”，但日行数值疑似 kWh 级别，未自动换算","False"
"1、交易计算表1月.xls","2026-01","2026-01-14","16","15:00-16:00","79954","原表标题写“兆瓦时”，但日行数值疑似 kWh 级别，未自动换算","False"
"1、交易计算表1月.xls","2026-01","2026-01-14","17","16:00-17:00","88344","原表标题写“兆瓦时”，但日行数值疑似 kWh 级别，未自动换算","False"
"1、交易计算表1月.xls","2026-01","2026-01-14","18","17:00-18:00","88375","原表标题写“兆瓦时”，但日行数值疑似 kWh 级别，未自动换算","False"
"1、交易计算表1月.xls","2026-01","2026-01-14","19","18:00-19:00","90174","原表标题写“兆瓦时”，但日行数值疑似 kWh 级别，未自动换算","False"
"1、交易计算表1月.xls","2026-01","2026-01-14","20","19:00-20:00","91868","原表标题写“兆瓦时”，但日行数值疑似 kWh 级别，未自动换算","False"
"1、交易计算表1月.xls","2026-01","2026-01-14","21","20:00-21:00","79457","原表标题写“兆瓦时”，但日行数值疑似 kWh 级别，未自动换算","False"
"1、交易计算表1月.xls","2026-01","2026-01-14","22","21:00-22:00","74389","原表标题写“兆瓦时”，但日行数值疑似 kWh 级别，未自动换算","False"
"1、交易计算表1月.xls","2026-01","2026-01-14","23","22:00-23:00","74107","原表标题写“兆瓦时”，但日行数值疑似 kWh 级别，未自动换算","False"
"1、交易计算表1月.xls","2026-01","2026-01-14","24","23:00-24:00","54538","原表标题写“兆瓦时”，但日行数值疑似 kWh 级别，未自动换算","False"
"1、交易计算表1月.xls","2026-01","2026-01-13","1","00:00-01:00","35085","原表标题写“兆瓦时”，但日行数值疑似 kWh 级别，未自动换算","False"
"1、交易计算表1月.xls","2026-01","2026-01-13","2","01:00-02:00","38449","原表标题写“兆瓦时”，但日行数值疑似 kWh 级别，未自动换算","False"
"1、交易计算表1月.xls","2026-01","2026-01-13","3","02:00-03:00","23720","原表标题写“兆瓦时”，但日行数值疑似 kWh 级别，未自动换算","False"
"1、交易计算表1月.xls","2026-01","2026-01-13","4","03:00-04:00","37805","原表标题写“兆瓦时”，但日行数值疑似 kWh 级别，未自动换算","False"
"1、交易计算表1月.xls","2026-01","2026-01-13","5","04:00-05:00","29711","原表标题写“兆瓦时”，但日行数值疑似 kWh 级别，未自动换算","False"
"1、交易计算表1月.xls","2026-01","2026-01-13","6","05:00-06:00","54519","原表标题写“兆瓦时”，但日行数值疑似 kWh 级别，未自动换算","False"
"1、交易计算表1月.xls","2026-01","2026-01-13","7","06:00-07:00","67972","原表标题写“兆瓦时”，但日行数值疑似 kWh 级别，未自动换算","False"
"1、交易计算表1月.xls","2026-01","2026-01-13","8","07:00-08:00","94045","原表标题写“兆瓦时”，但日行数值疑似 kWh 级别，未自动换算","False"
"1、交易计算表1月.xls","2026-01","2026-01-13","9","08:00-09:00","100706","原表标题写“兆瓦时”，但日行数值疑似 kWh 级别，未自动换算","False"
"1、交易计算表1月.xls","2026-01","2026-01-13","10","09:00-10:00","87174","原表标题写“兆瓦时”，但日行数值疑似 kWh 级别，未自动换算","False"
"1、交易计算表1月.xls","2026-01","2026-01-13","11","10:00-11:00","88091","原表标题写“兆瓦时”，但日行数值疑似 kWh 级别，未自动换算","False"
"1、交易计算表1月.xls","2026-01","2026-01-13","12","11:00-12:00","77052","原表标题写“兆瓦时”，但日行数值疑似 kWh 级别，未自动换算","False"
"1、交易计算表1月.xls","2026-01","2026-01-13","13","12:00-13:00","81735","原表标题写“兆瓦时”，但日行数值疑似 kWh 级别，未自动换算","False"
"1、交易计算表1月.xls","2026-01","2026-01-13","14","13:00-14:00","80483","原表标题写“兆瓦时”，但日行数值疑似 kWh 级别，未自动换算","False"
"1、交易计算表1月.xls","2026-01","2026-01-13","15","14:00-15:00","86002","原表标题写“兆瓦时”，但日行数值疑似 kWh 级别，未自动换算","False"
"1、交易计算表1月.xls","2026-01","2026-01-13","16","15:00-16:00","77809","原表标题写“兆瓦时”，但日行数值疑似 kWh 级别，未自动换算","False"
"1、交易计算表1月.xls","2026-01","2026-01-13","17","16:00-17:00","86576","原表标题写“兆瓦时”，但日行数值疑似 kWh 级别，未自动换算","False"
"1、交易计算表1月.xls","2026-01","2026-01-13","18","17:00-18:00","91676","原表标题写“兆瓦时”，但日行数值疑似 kWh 级别，未自动换算","False"
"1、交易计算表1月.xls","2026-01","2026-01-13","19","18:00-19:00","99409","原表标题写“兆瓦时”，但日行数值疑似 kWh 级别，未自动换算","False"
"1、交易计算表1月.xls","2026-01","2026-01-13","20","19:00-20:00","80840","原表标题写“兆瓦时”，但日行数值疑似 kWh 级别，未自动换算","False"
"1、交易计算表1月.xls","2026-01","2026-01-13","21","20:00-21:00","85420","原表标题写“兆瓦时”，但日行数值疑似 kWh 级别，未自动换算","False"
"1、交易计算表1月.xls","2026-01","2026-01-13","22","21:00-22:00","74335","原表标题写“兆瓦时”，但日行数值疑似 kWh 级别，未自动换算","False"
"1、交易计算表1月.xls","2026-01","2026-01-13","23","22:00-23:00","71967","原表标题写“兆瓦时”，但日行数值疑似 kWh 级别，未自动换算","False"
"1、交易计算表1月.xls","2026-01","2026-01-13","24","23:00-24:00","56433","原表标题写“兆瓦时”，但日行数值疑似 kWh 级别，未自动换算","False"
"1、交易计算表1月.xls","2026-01","2026-01-12","1","00:00-01:00","39820","原表标题写“兆瓦时”，但日行数值疑似 kWh 级别，未自动换算","False"
"1、交易计算表1月.xls","2026-01","2026-01-12","2","01:00-02:00","26158","原表标题写“兆瓦时”，但日行数值疑似 kWh 级别，未自动换算","False"
"1、交易计算表1月.xls","2026-01","2026-01-12","3","02:00-03:00","45951","原表标题写“兆瓦时”，但日行数值疑似 kWh 级别，未自动换算","False"
"1、交易计算表1月.xls","2026-01","2026-01-12","4","03:00-04:00","20260","原表标题写“兆瓦时”，但日行数值疑似 kWh 级别，未自动换算","False"
"1、交易计算表1月.xls","2026-01","2026-01-12","5","04:00-05:00","41803","原表标题写“兆瓦时”，但日行数值疑似 kWh 级别，未自动换算","False"
"1、交易计算表1月.xls","2026-01","2026-01-12","6","05:00-06:00","48242","原表标题写“兆瓦时”，但日行数值疑似 kWh 级别，未自动换算","False"
"1、交易计算表1月.xls","2026-01","2026-01-12","7","06:00-07:00","80199","原表标题写“兆瓦时”，但日行数值疑似 kWh 级别，未自动换算","False"
"1、交易计算表1月.xls","2026-01","2026-01-12","8","07:00-08:00","87617","原表标题写“兆瓦时”，但日行数值疑似 kWh 级别，未自动换算","False"
"1、交易计算表1月.xls","2026-01","2026-01-12","9","08:00-09:00","96414","原表标题写“兆瓦时”，但日行数值疑似 kWh 级别，未自动换算","False"
"1、交易计算表1月.xls","2026-01","2026-01-12","10","09:00-10:00","88403","原表标题写“兆瓦时”，但日行数值疑似 kWh 级别，未自动换算","False"
"1、交易计算表1月.xls","2026-01","2026-01-12","11","10:00-11:00","92274","原表标题写“兆瓦时”，但日行数值疑似 kWh 级别，未自动换算","False"
"1、交易计算表1月.xls","2026-01","2026-01-12","12","11:00-12:00","81576","原表标题写“兆瓦时”，但日行数值疑似 kWh 级别，未自动换算","False"
"1、交易计算表1月.xls","2026-01","2026-01-12","13","12:00-13:00","77664","原表标题写“兆瓦时”，但日行数值疑似 kWh 级别，未自动换算","False"
"1、交易计算表1月.xls","2026-01","2026-01-12","14","13:00-14:00","87378","原表标题写“兆瓦时”，但日行数值疑似 kWh 级别，未自动换算","False"
"1、交易计算表1月.xls","2026-01","2026-01-12","15","14:00-15:00","76928","原表标题写“兆瓦时”，但日行数值疑似 kWh 级别，未自动换算","False"
"1、交易计算表1月.xls","2026-01","2026-01-12","16","15:00-16:00","91461","原表标题写“兆瓦时”，但日行数值疑似 kWh 级别，未自动换算","False"
"1、交易计算表1月.xls","2026-01","2026-01-12","17","16:00-17:00","85924","原表标题写“兆瓦时”，但日行数值疑似 kWh 级别，未自动换算","False"
"1、交易计算表1月.xls","2026-01","2026-01-12","18","17:00-18:00","87756","原表标题写“兆瓦时”，但日行数值疑似 kWh 级别，未自动换算","False"
"1、交易计算表1月.xls","2026-01","2026-01-12","19","18:00-19:00","94390","原表标题写“兆瓦时”，但日行数值疑似 kWh 级别，未自动换算","False"
"1、交易计算表1月.xls","2026-01","2026-01-12","20","19:00-20:00","79721","原表标题写“兆瓦时”，但日行数值疑似 kWh 级别，未自动换算","False"
"1、交易计算表1月.xls","2026-01","2026-01-12","21","20:00-21:00","91236","原表标题写“兆瓦时”，但日行数值疑似 kWh 级别，未自动换算","False"
"1、交易计算表1月.xls","2026-01","2026-01-12","22","21:00-22:00","81870","原表标题写“兆瓦时”，但日行数值疑似 kWh 级别，未自动换算","False"
"1、交易计算表1月.xls","2026-01","2026-01-12","23","22:00-23:00","74058","原表标题写“兆瓦时”，但日行数值疑似 kWh 级别，未自动换算","False"
"1、交易计算表1月.xls","2026-01","2026-01-12","24","23:00-24:00","44873","原表标题写“兆瓦时”，但日行数值疑似 kWh 级别，未自动换算","False"
"1、交易计算表1月.xls","2026-01","2026-01-11","1","00:00-01:00","37398","原表标题写“兆瓦时”，但日行数值疑似 kWh 级别，未自动换算","False"
"1、交易计算表1月.xls","2026-01","2026-01-11","2","01:00-02:00","38397","原表标题写“兆瓦时”，但日行数值疑似 kWh 级别，未自动换算","False"
"1、交易计算表1月.xls","2026-01","2026-01-11","3","02:00-03:00","26688","原表标题写“兆瓦时”，但日行数值疑似 kWh 级别，未自动换算","False"
"1、交易计算表1月.xls","2026-01","2026-01-11","4","03:00-04:00","24964","原表标题写“兆瓦时”，但日行数值疑似 kWh 级别，未自动换算","False"
"1、交易计算表1月.xls","2026-01","2026-01-11","5","04:00-05:00","49086","原表标题写“兆瓦时”，但日行数值疑似 kWh 级别，未自动换算","False"
"1、交易计算表1月.xls","2026-01","2026-01-11","6","05:00-06:00","44694","原表标题写“兆瓦时”，但日行数值疑似 kWh 级别，未自动换算","False"
"1、交易计算表1月.xls","2026-01","2026-01-11","7","06:00-07:00","69211","原表标题写“兆瓦时”，但日行数值疑似 kWh 级别，未自动换算","False"
"1、交易计算表1月.xls","2026-01","2026-01-11","8","07:00-08:00","73106","原表标题写“兆瓦时”，但日行数值疑似 kWh 级别，未自动换算","False"
"1、交易计算表1月.xls","2026-01","2026-01-11","9","08:00-09:00","80564","原表标题写“兆瓦时”，但日行数值疑似 kWh 级别，未自动换算","False"
"1、交易计算表1月.xls","2026-01","2026-01-11","10","09:00-10:00","82169","原表标题写“兆瓦时”，但日行数值疑似 kWh 级别，未自动换算","False"
"1、交易计算表1月.xls","2026-01","2026-01-11","11","10:00-11:00","87521","原表标题写“兆瓦时”，但日行数值疑似 kWh 级别，未自动换算","False"
"1、交易计算表1月.xls","2026-01","2026-01-11","12","11:00-12:00","79191","原表标题写“兆瓦时”，但日行数值疑似 kWh 级别，未自动换算","False"
"1、交易计算表1月.xls","2026-01","2026-01-11","13","12:00-13:00","90173","原表标题写“兆瓦时”，但日行数值疑似 kWh 级别，未自动换算","False"
"1、交易计算表1月.xls","2026-01","2026-01-11","14","13:00-14:00","83603","原表标题写“兆瓦时”，但日行数值疑似 kWh 级别，未自动换算","False"
"1、交易计算表1月.xls","2026-01","2026-01-11","15","14:00-15:00","86721","原表标题写“兆瓦时”，但日行数值疑似 kWh 级别，未自动换算","False"
"1、交易计算表1月.xls","2026-01","2026-01-11","16","15:00-16:00","71467","原表标题写“兆瓦时”，但日行数值疑似 kWh 级别，未自动换算","False"
"1、交易计算表1月.xls","2026-01","2026-01-11","17","16:00-17:00","100188","原表标题写“兆瓦时”，但日行数值疑似 kWh 级别，未自动换算","False"
"1、交易计算表1月.xls","2026-01","2026-01-11","18","17:00-18:00","78774","原表标题写“兆瓦时”，但日行数值疑似 kWh 级别，未自动换算","False"
"1、交易计算表1月.xls","2026-01","2026-01-11","19","18:00-19:00","95472","原表标题写“兆瓦时”，但日行数值疑似 kWh 级别，未自动换算","False"
"1、交易计算表1月.xls","2026-01","2026-01-11","20","19:00-20:00","72700","原表标题写“兆瓦时”，但日行数值疑似 kWh 级别，未自动换算","False"
"1、交易计算表1月.xls","2026-01","2026-01-11","21","20:00-21:00","95993","原表标题写“兆瓦时”，但日行数值疑似 kWh 级别，未自动换算","False"
"1、交易计算表1月.xls","2026-01","2026-01-11","22","21:00-22:00","75493","原表标题写“兆瓦时”，但日行数值疑似 kWh 级别，未自动换算","False"
"1、交易计算表1月.xls","2026-01","2026-01-11","23","22:00-23:00","73259","原表标题写“兆瓦时”，但日行数值疑似 kWh 级别，未自动换算","False"
"1、交易计算表1月.xls","2026-01","2026-01-11","24","23:00-24:00","65869","原表标题写“兆瓦时”，但日行数值疑似 kWh 级别，未自动换算","False"
"1、交易计算表1月.xls","2026-01","2026-01-10","1","00:00-01:00","24490","原表标题写“兆瓦时”，但日行数值疑似 kWh 级别，未自动换算","False"
"1、交易计算表1月.xls","2026-01","2026-01-10","2","01:00-02:00","43692","原表标题写“兆瓦时”，但日行数值疑似 kWh 级别，未自动换算","False"
"1、交易计算表1月.xls","2026-01","2026-01-10","3","02:00-03:00","29268","原表标题写“兆瓦时”，但日行数值疑似 kWh 级别，未自动换算","False"
"1、交易计算表1月.xls","2026-01","2026-01-10","4","03:00-04:00","29884","原表标题写“兆瓦时”，但日行数值疑似 kWh 级别，未自动换算","False"
"1、交易计算表1月.xls","2026-01","2026-01-10","5","04:00-05:00","35359","原表标题写“兆瓦时”，但日行数值疑似 kWh 级别，未自动换算","False"
"1、交易计算表1月.xls","2026-01","2026-01-10","6","05:00-06:00","51015","原表标题写“兆瓦时”，但日行数值疑似 kWh 级别，未自动换算","False"
"1、交易计算表1月.xls","2026-01","2026-01-10","7","06:00-07:00","71058","原表标题写“兆瓦时”，但日行数值疑似 kWh 级别，未自动换算","False"
"1、交易计算表1月.xls","2026-01","2026-01-10","8","07:00-08:00","74575","原表标题写“兆瓦时”，但日行数值疑似 kWh 级别，未自动换算","False"
"1、交易计算表1月.xls","2026-01","2026-01-10","9","08:00-09:00","83326","原表标题写“兆瓦时”，但日行数值疑似 kWh 级别，未自动换算","False"
"1、交易计算表1月.xls","2026-01","2026-01-10","10","09:00-10:00","75853","原表标题写“兆瓦时”，但日行数值疑似 kWh 级别，未自动换算","False"
"1、交易计算表1月.xls","2026-01","2026-01-10","11","10:00-11:00","84708","原表标题写“兆瓦时”，但日行数值疑似 kWh 级别，未自动换算","False"
"1、交易计算表1月.xls","2026-01","2026-01-10","12","11:00-12:00","88456","原表标题写“兆瓦时”，但日行数值疑似 kWh 级别，未自动换算","False"
"1、交易计算表1月.xls","2026-01","2026-01-10","13","12:00-13:00","84784","原表标题写“兆瓦时”，但日行数值疑似 kWh 级别，未自动换算","False"
"1、交易计算表1月.xls","2026-01","2026-01-10","14","13:00-14:00","78503","原表标题写“兆瓦时”，但日行数值疑似 kWh 级别，未自动换算","False"
"1、交易计算表1月.xls","2026-01","2026-01-10","15","14:00-15:00","82223","原表标题写“兆瓦时”，但日行数值疑似 kWh 级别，未自动换算","False"
"1、交易计算表1月.xls","2026-01","2026-01-10","16","15:00-16:00","82736","原表标题写“兆瓦时”，但日行数值疑似 kWh 级别，未自动换算","False"
"1、交易计算表1月.xls","2026-01","2026-01-10","17","16:00-17:00","97238","原表标题写“兆瓦时”，但日行数值疑似 kWh 级别，未自动换算","False"
"1、交易计算表1月.xls","2026-01","2026-01-10","18","17:00-18:00","78897","原表标题写“兆瓦时”，但日行数值疑似 kWh 级别，未自动换算","False"
"1、交易计算表1月.xls","2026-01","2026-01-10","19","18:00-19:00","92404","原表标题写“兆瓦时”，但日行数值疑似 kWh 级别，未自动换算","False"
"1、交易计算表1月.xls","2026-01","2026-01-10","20","19:00-20:00","80551","原表标题写“兆瓦时”，但日行数值疑似 kWh 级别，未自动换算","False"
"1、交易计算表1月.xls","2026-01","2026-01-10","21","20:00-21:00","76899","原表标题写“兆瓦时”，但日行数值疑似 kWh 级别，未自动换算","False"
"1、交易计算表1月.xls","2026-01","2026-01-10","22","21:00-22:00","83590","原表标题写“兆瓦时”，但日行数值疑似 kWh 级别，未自动换算","False"
"1、交易计算表1月.xls","2026-01","2026-01-10","23","22:00-23:00","87917","原表标题写“兆瓦时”，但日行数值疑似 kWh 级别，未自动换算","False"
"1、交易计算表1月.xls","2026-01","2026-01-10","24","23:00-24:00","59883","原表标题写“兆瓦时”，但日行数值疑似 kWh 级别，未自动换算","False"
"1、交易计算表1月.xls","2026-01","2026-01-09","1","00:00-01:00","36936","原表标题写“兆瓦时”，但日行数值疑似 kWh 级别，未自动换算","False"
"1、交易计算表1月.xls","2026-01","2026-01-09","2","01:00-02:00","31068","原表标题写“兆瓦时”，但日行数值疑似 kWh 级别，未自动换算","False"
"1、交易计算表1月.xls","2026-01","2026-01-09","3","02:00-03:00","32232","原表标题写“兆瓦时”，但日行数值疑似 kWh 级别，未自动换算","False"
"1、交易计算表1月.xls","2026-01","2026-01-09","4","03:00-04:00","36457","原表标题写“兆瓦时”，但日行数值疑似 kWh 级别，未自动换算","False"
"1、交易计算表1月.xls","2026-01","2026-01-09","5","04:00-05:00","30279","原表标题写“兆瓦时”，但日行数值疑似 kWh 级别，未自动换算","False"
"1、交易计算表1月.xls","2026-01","2026-01-09","6","05:00-06:00","56342","原表标题写“兆瓦时”，但日行数值疑似 kWh 级别，未自动换算","False"
"1、交易计算表1月.xls","2026-01","2026-01-09","7","06:00-07:00","73640","原表标题写“兆瓦时”，但日行数值疑似 kWh 级别，未自动换算","False"
"1、交易计算表1月.xls","2026-01","2026-01-09","8","07:00-08:00","89183","原表标题写“兆瓦时”，但日行数值疑似 kWh 级别，未自动换算","False"
"1、交易计算表1月.xls","2026-01","2026-01-09","9","08:00-09:00","89994","原表标题写“兆瓦时”，但日行数值疑似 kWh 级别，未自动换算","False"
"1、交易计算表1月.xls","2026-01","2026-01-09","10","09:00-10:00","106348","原表标题写“兆瓦时”，但日行数值疑似 kWh 级别，未自动换算","False"
"1、交易计算表1月.xls","2026-01","2026-01-09","11","10:00-11:00","80777","原表标题写“兆瓦时”，但日行数值疑似 kWh 级别，未自动换算","False"
"1、交易计算表1月.xls","2026-01","2026-01-09","12","11:00-12:00","87564","原表标题写“兆瓦时”，但日行数值疑似 kWh 级别，未自动换算","False"
"1、交易计算表1月.xls","2026-01","2026-01-09","13","12:00-13:00","74244","原表标题写“兆瓦时”，但日行数值疑似 kWh 级别，未自动换算","False"
"1、交易计算表1月.xls","2026-01","2026-01-09","14","13:00-14:00","84665","原表标题写“兆瓦时”，但日行数值疑似 kWh 级别，未自动换算","False"
"1、交易计算表1月.xls","2026-01","2026-01-09","15","14:00-15:00","83074","原表标题写“兆瓦时”，但日行数值疑似 kWh 级别，未自动换算","False"
"1、交易计算表1月.xls","2026-01","2026-01-09","16","15:00-16:00","85441","原表标题写“兆瓦时”，但日行数值疑似 kWh 级别，未自动换算","False"
"1、交易计算表1月.xls","2026-01","2026-01-09","17","16:00-17:00","82252","原表标题写“兆瓦时”，但日行数值疑似 kWh 级别，未自动换算","False"
"1、交易计算表1月.xls","2026-01","2026-01-09","18","17:00-18:00","95711","原表标题写“兆瓦时”，但日行数值疑似 kWh 级别，未自动换算","False"
"1、交易计算表1月.xls","2026-01","2026-01-09","19","18:00-19:00","93407","原表标题写“兆瓦时”，但日行数值疑似 kWh 级别，未自动换算","False"
"1、交易计算表1月.xls","2026-01","2026-01-09","20","19:00-20:00","85890","原表标题写“兆瓦时”，但日行数值疑似 kWh 级别，未自动换算","False"
"1、交易计算表1月.xls","2026-01","2026-01-09","21","20:00-21:00","83191","原表标题写“兆瓦时”，但日行数值疑似 kWh 级别，未自动换算","False"
"1、交易计算表1月.xls","2026-01","2026-01-09","22","21:00-22:00","80276","原表标题写“兆瓦时”，但日行数值疑似 kWh 级别，未自动换算","False"
"1、交易计算表1月.xls","2026-01","2026-01-09","23","22:00-23:00","70194","原表标题写“兆瓦时”，但日行数值疑似 kWh 级别，未自动换算","False"
"1、交易计算表1月.xls","2026-01","2026-01-09","24","23:00-24:00","67824","原表标题写“兆瓦时”，但日行数值疑似 kWh 级别，未自动换算","False"
"1、交易计算表1月.xls","2026-01","2026-01-08","1","00:00-01:00","35466","原表标题写“兆瓦时”，但日行数值疑似 kWh 级别，未自动换算","False"
"1、交易计算表1月.xls","2026-01","2026-01-08","2","01:00-02:00","33419","原表标题写“兆瓦时”，但日行数值疑似 kWh 级别，未自动换算","False"
"1、交易计算表1月.xls","2026-01","2026-01-08","3","02:00-03:00","36059","原表标题写“兆瓦时”，但日行数值疑似 kWh 级别，未自动换算","False"
"1、交易计算表1月.xls","2026-01","2026-01-08","4","03:00-04:00","24016","原表标题写“兆瓦时”，但日行数值疑似 kWh 级别，未自动换算","False"
"1、交易计算表1月.xls","2026-01","2026-01-08","5","04:00-05:00","41917","原表标题写“兆瓦时”，但日行数值疑似 kWh 级别，未自动换算","False"
"1、交易计算表1月.xls","2026-01","2026-01-08","6","05:00-06:00","42912","原表标题写“兆瓦时”，但日行数值疑似 kWh 级别，未自动换算","False"
"1、交易计算表1月.xls","2026-01","2026-01-08","7","06:00-07:00","79141","原表标题写“兆瓦时”，但日行数值疑似 kWh 级别，未自动换算","False"
"1、交易计算表1月.xls","2026-01","2026-01-08","8","07:00-08:00","92141","原表标题写“兆瓦时”，但日行数值疑似 kWh 级别，未自动换算","False"
"1、交易计算表1月.xls","2026-01","2026-01-08","9","08:00-09:00","92598","原表标题写“兆瓦时”，但日行数值疑似 kWh 级别，未自动换算","False"
"1、交易计算表1月.xls","2026-01","2026-01-08","10","09:00-10:00","97587","原表标题写“兆瓦时”，但日行数值疑似 kWh 级别，未自动换算","False"
"1、交易计算表1月.xls","2026-01","2026-01-08","11","10:00-11:00","82853","原表标题写“兆瓦时”，但日行数值疑似 kWh 级别，未自动换算","False"
"1、交易计算表1月.xls","2026-01","2026-01-08","12","11:00-12:00","80051","原表标题写“兆瓦时”，但日行数值疑似 kWh 级别，未自动换算","False"
"1、交易计算表1月.xls","2026-01","2026-01-08","13","12:00-13:00","87103","原表标题写“兆瓦时”，但日行数值疑似 kWh 级别，未自动换算","False"
"1、交易计算表1月.xls","2026-01","2026-01-08","14","13:00-14:00","79169","原表标题写“兆瓦时”，但日行数值疑似 kWh 级别，未自动换算","False"
"1、交易计算表1月.xls","2026-01","2026-01-08","15","14:00-15:00","80550","原表标题写“兆瓦时”，但日行数值疑似 kWh 级别，未自动换算","False"
"1、交易计算表1月.xls","2026-01","2026-01-08","16","15:00-16:00","79053","原表标题写“兆瓦时”，但日行数值疑似 kWh 级别，未自动换算","False"
"1、交易计算表1月.xls","2026-01","2026-01-08","17","16:00-17:00","91286","原表标题写“兆瓦时”，但日行数值疑似 kWh 级别，未自动换算","False"
"1、交易计算表1月.xls","2026-01","2026-01-08","18","17:00-18:00","92422","原表标题写“兆瓦时”，但日行数值疑似 kWh 级别，未自动换算","False"
"1、交易计算表1月.xls","2026-01","2026-01-08","19","18:00-19:00","98528","原表标题写“兆瓦时”，但日行数值疑似 kWh 级别，未自动换算","False"
"1、交易计算表1月.xls","2026-01","2026-01-08","20","19:00-20:00","85442","原表标题写“兆瓦时”，但日行数值疑似 kWh 级别，未自动换算","False"
"1、交易计算表1月.xls","2026-01","2026-01-08","21","20:00-21:00","79754","原表标题写“兆瓦时”，但日行数值疑似 kWh 级别，未自动换算","False"
"1、交易计算表1月.xls","2026-01","2026-01-08","22","21:00-22:00","82608","原表标题写“兆瓦时”，但日行数值疑似 kWh 级别，未自动换算","False"
"1、交易计算表1月.xls","2026-01","2026-01-08","23","22:00-23:00","71208","原表标题写“兆瓦时”，但日行数值疑似 kWh 级别，未自动换算","False"
"1、交易计算表1月.xls","2026-01","2026-01-08","24","23:00-24:00","53973","原表标题写“兆瓦时”，但日行数值疑似 kWh 级别，未自动换算","False"
"1、交易计算表1月.xls","2026-01","2026-01-07","1","00:00-01:00","35432","原表标题写“兆瓦时”，但日行数值疑似 kWh 级别，未自动换算","False"
"1、交易计算表1月.xls","2026-01","2026-01-07","2","01:00-02:00","37079","原表标题写“兆瓦时”，但日行数值疑似 kWh 级别，未自动换算","False"
"1、交易计算表1月.xls","2026-01","2026-01-07","3","02:00-03:00","34419","原表标题写“兆瓦时”，但日行数值疑似 kWh 级别，未自动换算","False"
"1、交易计算表1月.xls","2026-01","2026-01-07","4","03:00-04:00","22930","原表标题写“兆瓦时”，但日行数值疑似 kWh 级别，未自动换算","False"
"1、交易计算表1月.xls","2026-01","2026-01-07","5","04:00-05:00","39042","原表标题写“兆瓦时”，但日行数值疑似 kWh 级别，未自动换算","False"
"1、交易计算表1月.xls","2026-01","2026-01-07","6","05:00-06:00","51557","原表标题写“兆瓦时”，但日行数值疑似 kWh 级别，未自动换算","False"
"1、交易计算表1月.xls","2026-01","2026-01-07","7","06:00-07:00","72471","原表标题写“兆瓦时”，但日行数值疑似 kWh 级别，未自动换算","False"
"1、交易计算表1月.xls","2026-01","2026-01-07","8","07:00-08:00","100987","原表标题写“兆瓦时”，但日行数值疑似 kWh 级别，未自动换算","False"
"1、交易计算表1月.xls","2026-01","2026-01-07","9","08:00-09:00","96579","原表标题写“兆瓦时”，但日行数值疑似 kWh 级别，未自动换算","False"
"1、交易计算表1月.xls","2026-01","2026-01-07","10","09:00-10:00","87763","原表标题写“兆瓦时”，但日行数值疑似 kWh 级别，未自动换算","False"
"1、交易计算表1月.xls","2026-01","2026-01-07","11","10:00-11:00","83570","原表标题写“兆瓦时”，但日行数值疑似 kWh 级别，未自动换算","False"
"1、交易计算表1月.xls","2026-01","2026-01-07","12","11:00-12:00","84227","原表标题写“兆瓦时”，但日行数值疑似 kWh 级别，未自动换算","False"
"1、交易计算表1月.xls","2026-01","2026-01-07","13","12:00-13:00","82667","原表标题写“兆瓦时”，但日行数值疑似 kWh 级别，未自动换算","False"
"1、交易计算表1月.xls","2026-01","2026-01-07","14","13:00-14:00","82801","原表标题写“兆瓦时”，但日行数值疑似 kWh 级别，未自动换算","False"
"1、交易计算表1月.xls","2026-01","2026-01-07","15","14:00-15:00","84693","原表标题写“兆瓦时”，但日行数值疑似 kWh 级别，未自动换算","False"
"1、交易计算表1月.xls","2026-01","2026-01-07","16","15:00-16:00","74974","原表标题写“兆瓦时”，但日行数值疑似 kWh 级别，未自动换算","False"
"1、交易计算表1月.xls","2026-01","2026-01-07","17","16:00-17:00","90720","原表标题写“兆瓦时”，但日行数值疑似 kWh 级别，未自动换算","False"
"1、交易计算表1月.xls","2026-01","2026-01-07","18","17:00-18:00","96016","原表标题写“兆瓦时”，但日行数值疑似 kWh 级别，未自动换算","False"
"1、交易计算表1月.xls","2026-01","2026-01-07","19","18:00-19:00","95649","原表标题写“兆瓦时”，但日行数值疑似 kWh 级别，未自动换算","False"
"1、交易计算表1月.xls","2026-01","2026-01-07","20","19:00-20:00","85923","原表标题写“兆瓦时”，但日行数值疑似 kWh 级别，未自动换算","False"
"1、交易计算表1月.xls","2026-01","2026-01-07","21","20:00-21:00","78585","原表标题写“兆瓦时”，但日行数值疑似 kWh 级别，未自动换算","False"
"1、交易计算表1月.xls","2026-01","2026-01-07","22","21:00-22:00","82872","原表标题写“兆瓦时”，但日行数值疑似 kWh 级别，未自动换算","False"
"1、交易计算表1月.xls","2026-01","2026-01-07","23","22:00-23:00","70211","原表标题写“兆瓦时”，但日行数值疑似 kWh 级别，未自动换算","False"
"1、交易计算表1月.xls","2026-01","2026-01-07","24","23:00-24:00","56395","原表标题写“兆瓦时”，但日行数值疑似 kWh 级别，未自动换算","False"
"1、交易计算表1月.xls","2026-01","2026-01-06","1","00:00-01:00","45755","原表标题写“兆瓦时”，但日行数值疑似 kWh 级别，未自动换算","False"
"1、交易计算表1月.xls","2026-01","2026-01-06","2","01:00-02:00","30527","原表标题写“兆瓦时”，但日行数值疑似 kWh 级别，未自动换算","False"
"1、交易计算表1月.xls","2026-01","2026-01-06","3","02:00-03:00","29961","原表标题写“兆瓦时”，但日行数值疑似 kWh 级别，未自动换算","False"
"1、交易计算表1月.xls","2026-01","2026-01-06","4","03:00-04:00","39419","原表标题写“兆瓦时”，但日行数值疑似 kWh 级别，未自动换算","False"
"1、交易计算表1月.xls","2026-01","2026-01-06","5","04:00-05:00","31320","原表标题写“兆瓦时”，但日行数值疑似 kWh 级别，未自动换算","False"
"1、交易计算表1月.xls","2026-01","2026-01-06","6","05:00-06:00","55949","原表标题写“兆瓦时”，但日行数值疑似 kWh 级别，未自动换算","False"
"1、交易计算表1月.xls","2026-01","2026-01-06","7","06:00-07:00","67547","原表标题写“兆瓦时”，但日行数值疑似 kWh 级别，未自动换算","False"
"1、交易计算表1月.xls","2026-01","2026-01-06","8","07:00-08:00","95846","原表标题写“兆瓦时”，但日行数值疑似 kWh 级别，未自动换算","False"
"1、交易计算表1月.xls","2026-01","2026-01-06","9","08:00-09:00","99801","原表标题写“兆瓦时”，但日行数值疑似 kWh 级别，未自动换算","False"
"1、交易计算表1月.xls","2026-01","2026-01-06","10","09:00-10:00","94535","原表标题写“兆瓦时”，但日行数值疑似 kWh 级别，未自动换算","False"
"1、交易计算表1月.xls","2026-01","2026-01-06","11","10:00-11:00","78035","原表标题写“兆瓦时”，但日行数值疑似 kWh 级别，未自动换算","False"
"1、交易计算表1月.xls","2026-01","2026-01-06","12","11:00-12:00","82585","原表标题写“兆瓦时”，但日行数值疑似 kWh 级别，未自动换算","False"
"1、交易计算表1月.xls","2026-01","2026-01-06","13","12:00-13:00","94226","原表标题写“兆瓦时”，但日行数值疑似 kWh 级别，未自动换算","False"
"1、交易计算表1月.xls","2026-01","2026-01-06","14","13:00-14:00","80334","原表标题写“兆瓦时”，但日行数值疑似 kWh 级别，未自动换算","False"
"1、交易计算表1月.xls","2026-01","2026-01-06","15","14:00-15:00","84186","原表标题写“兆瓦时”，但日行数值疑似 kWh 级别，未自动换算","False"
"1、交易计算表1月.xls","2026-01","2026-01-06","16","15:00-16:00","82825","原表标题写“兆瓦时”，但日行数值疑似 kWh 级别，未自动换算","False"
"1、交易计算表1月.xls","2026-01","2026-01-06","17","16:00-17:00","92335","原表标题写“兆瓦时”，但日行数值疑似 kWh 级别，未自动换算","False"
"1、交易计算表1月.xls","2026-01","2026-01-06","18","17:00-18:00","82009","原表标题写“兆瓦时”，但日行数值疑似 kWh 级别，未自动换算","False"
"1、交易计算表1月.xls","2026-01","2026-01-06","19","18:00-19:00","105561","原表标题写“兆瓦时”，但日行数值疑似 kWh 级别，未自动换算","False"
"1、交易计算表1月.xls","2026-01","2026-01-06","20","19:00-20:00","90596","原表标题写“兆瓦时”，但日行数值疑似 kWh 级别，未自动换算","False"
"1、交易计算表1月.xls","2026-01","2026-01-06","21","20:00-21:00","71768","原表标题写“兆瓦时”，但日行数值疑似 kWh 级别，未自动换算","False"
"1、交易计算表1月.xls","2026-01","2026-01-06","22","21:00-22:00","80405","原表标题写“兆瓦时”，但日行数值疑似 kWh 级别，未自动换算","False"
"1、交易计算表1月.xls","2026-01","2026-01-06","23","22:00-23:00","71001","原表标题写“兆瓦时”，但日行数值疑似 kWh 级别，未自动换算","False"
"1、交易计算表1月.xls","2026-01","2026-01-06","24","23:00-24:00","59299","原表标题写“兆瓦时”，但日行数值疑似 kWh 级别，未自动换算","False"
"1、交易计算表1月.xls","2026-01","2026-01-05","1","00:00-01:00","25559","原表标题写“兆瓦时”，但日行数值疑似 kWh 级别，未自动换算","False"
"1、交易计算表1月.xls","2026-01","2026-01-05","2","01:00-02:00","38214","原表标题写“兆瓦时”，但日行数值疑似 kWh 级别，未自动换算","False"
"1、交易计算表1月.xls","2026-01","2026-01-05","3","02:00-03:00","35282","原表标题写“兆瓦时”，但日行数值疑似 kWh 级别，未自动换算","False"
"1、交易计算表1月.xls","2026-01","2026-01-05","4","03:00-04:00","35916","原表标题写“兆瓦时”，但日行数值疑似 kWh 级别，未自动换算","False"
"1、交易计算表1月.xls","2026-01","2026-01-05","5","04:00-05:00","31354","原表标题写“兆瓦时”，但日行数值疑似 kWh 级别，未自动换算","False"
"1、交易计算表1月.xls","2026-01","2026-01-05","6","05:00-06:00","51623","原表标题写“兆瓦时”，但日行数值疑似 kWh 级别，未自动换算","False"
"1、交易计算表1月.xls","2026-01","2026-01-05","7","06:00-07:00","73832","原表标题写“兆瓦时”，但日行数值疑似 kWh 级别，未自动换算","False"
"1、交易计算表1月.xls","2026-01","2026-01-05","8","07:00-08:00","88894","原表标题写“兆瓦时”，但日行数值疑似 kWh 级别，未自动换算","False"
"1、交易计算表1月.xls","2026-01","2026-01-05","9","08:00-09:00","101996","原表标题写“兆瓦时”，但日行数值疑似 kWh 级别，未自动换算","False"
"1、交易计算表1月.xls","2026-01","2026-01-05","10","09:00-10:00","95116","原表标题写“兆瓦时”，但日行数值疑似 kWh 级别，未自动换算","False"
"1、交易计算表1月.xls","2026-01","2026-01-05","11","10:00-11:00","88180","原表标题写“兆瓦时”，但日行数值疑似 kWh 级别，未自动换算","False"
"1、交易计算表1月.xls","2026-01","2026-01-05","12","11:00-12:00","81131","原表标题写“兆瓦时”，但日行数值疑似 kWh 级别，未自动换算","False"
"1、交易计算表1月.xls","2026-01","2026-01-05","13","12:00-13:00","80901","原表标题写“兆瓦时”，但日行数值疑似 kWh 级别，未自动换算","False"
"1、交易计算表1月.xls","2026-01","2026-01-05","14","13:00-14:00","85061","原表标题写“兆瓦时”，但日行数值疑似 kWh 级别，未自动换算","False"
"1、交易计算表1月.xls","2026-01","2026-01-05","15","14:00-15:00","78421","原表标题写“兆瓦时”，但日行数值疑似 kWh 级别，未自动换算","False"
"1、交易计算表1月.xls","2026-01","2026-01-05","16","15:00-16:00","89769","原表标题写“兆瓦时”，但日行数值疑似 kWh 级别，未自动换算","False"
"1、交易计算表1月.xls","2026-01","2026-01-05","17","16:00-17:00","91337","原表标题写“兆瓦时”，但日行数值疑似 kWh 级别，未自动换算","False"
"1、交易计算表1月.xls","2026-01","2026-01-05","18","17:00-18:00","92301","原表标题写“兆瓦时”，但日行数值疑似 kWh 级别，未自动换算","False"
"1、交易计算表1月.xls","2026-01","2026-01-05","19","18:00-19:00","94913","原表标题写“兆瓦时”，但日行数值疑似 kWh 级别，未自动换算","False"
"1、交易计算表1月.xls","2026-01","2026-01-05","20","19:00-20:00","93309","原表标题写“兆瓦时”，但日行数值疑似 kWh 级别，未自动换算","False"
"1、交易计算表1月.xls","2026-01","2026-01-05","21","20:00-21:00","72314","原表标题写“兆瓦时”，但日行数值疑似 kWh 级别，未自动换算","False"
"1、交易计算表1月.xls","2026-01","2026-01-05","22","21:00-22:00","96418","原表标题写“兆瓦时”，但日行数值疑似 kWh 级别，未自动换算","False"
"1、交易计算表1月.xls","2026-01","2026-01-05","23","22:00-23:00","64554","原表标题写“兆瓦时”，但日行数值疑似 kWh 级别，未自动换算","False"
"1、交易计算表1月.xls","2026-01","2026-01-05","24","23:00-24:00","46820","原表标题写“兆瓦时”，但日行数值疑似 kWh 级别，未自动换算","False"
"1、交易计算表1月.xls","2026-01","2026-01-04","1","00:00-01:00","49670","原表标题写“兆瓦时”，但日行数值疑似 kWh 级别，未自动换算","False"
"1、交易计算表1月.xls","2026-01","2026-01-04","2","01:00-02:00","28648","原表标题写“兆瓦时”，但日行数值疑似 kWh 级别，未自动换算","False"
"1、交易计算表1月.xls","2026-01","2026-01-04","3","02:00-03:00","41449","原表标题写“兆瓦时”，但日行数值疑似 kWh 级别，未自动换算","False"
"1、交易计算表1月.xls","2026-01","2026-01-04","4","03:00-04:00","25317","原表标题写“兆瓦时”，但日行数值疑似 kWh 级别，未自动换算","False"
"1、交易计算表1月.xls","2026-01","2026-01-04","5","04:00-05:00","30708","原表标题写“兆瓦时”，但日行数值疑似 kWh 级别，未自动换算","False"
"1、交易计算表1月.xls","2026-01","2026-01-04","6","05:00-06:00","50442","原表标题写“兆瓦时”，但日行数值疑似 kWh 级别，未自动换算","False"
"1、交易计算表1月.xls","2026-01","2026-01-04","7","06:00-07:00","84058","原表标题写“兆瓦时”，但日行数值疑似 kWh 级别，未自动换算","False"
"1、交易计算表1月.xls","2026-01","2026-01-04","8","07:00-08:00","86293","原表标题写“兆瓦时”，但日行数值疑似 kWh 级别，未自动换算","False"
"1、交易计算表1月.xls","2026-01","2026-01-04","9","08:00-09:00","100471","原表标题写“兆瓦时”，但日行数值疑似 kWh 级别，未自动换算","False"
"1、交易计算表1月.xls","2026-01","2026-01-04","10","09:00-10:00","89471","原表标题写“兆瓦时”，但日行数值疑似 kWh 级别，未自动换算","False"
"1、交易计算表1月.xls","2026-01","2026-01-04","11","10:00-11:00","92317","原表标题写“兆瓦时”，但日行数值疑似 kWh 级别，未自动换算","False"
"1、交易计算表1月.xls","2026-01","2026-01-04","12","11:00-12:00","82652","原表标题写“兆瓦时”，但日行数值疑似 kWh 级别，未自动换算","False"
"1、交易计算表1月.xls","2026-01","2026-01-04","13","12:00-13:00","83757","原表标题写“兆瓦时”，但日行数值疑似 kWh 级别，未自动换算","False"
"1、交易计算表1月.xls","2026-01","2026-01-04","14","13:00-14:00","85835","原表标题写“兆瓦时”，但日行数值疑似 kWh 级别，未自动换算","False"
"1、交易计算表1月.xls","2026-01","2026-01-04","15","14:00-15:00","75430","原表标题写“兆瓦时”，但日行数值疑似 kWh 级别，未自动换算","False"
"1、交易计算表1月.xls","2026-01","2026-01-04","16","15:00-16:00","89555","原表标题写“兆瓦时”，但日行数值疑似 kWh 级别，未自动换算","False"
"1、交易计算表1月.xls","2026-01","2026-01-04","17","16:00-17:00","89057","原表标题写“兆瓦时”，但日行数值疑似 kWh 级别，未自动换算","False"
"1、交易计算表1月.xls","2026-01","2026-01-04","18","17:00-18:00","96455","原表标题写“兆瓦时”，但日行数值疑似 kWh 级别，未自动换算","False"
"1、交易计算表1月.xls","2026-01","2026-01-04","19","18:00-19:00","89656","原表标题写“兆瓦时”，但日行数值疑似 kWh 级别，未自动换算","False"
"1、交易计算表1月.xls","2026-01","2026-01-04","20","19:00-20:00","88690","原表标题写“兆瓦时”，但日行数值疑似 kWh 级别，未自动换算","False"
"1、交易计算表1月.xls","2026-01","2026-01-04","21","20:00-21:00","82962","原表标题写“兆瓦时”，但日行数值疑似 kWh 级别，未自动换算","False"
"1、交易计算表1月.xls","2026-01","2026-01-04","22","21:00-22:00","85822","原表标题写“兆瓦时”，但日行数值疑似 kWh 级别，未自动换算","False"
"1、交易计算表1月.xls","2026-01","2026-01-04","23","22:00-23:00","69693","原表标题写“兆瓦时”，但日行数值疑似 kWh 级别，未自动换算","False"
"1、交易计算表1月.xls","2026-01","2026-01-04","24","23:00-24:00","56200","原表标题写“兆瓦时”，但日行数值疑似 kWh 级别，未自动换算","False"
"1、交易计算表1月.xls","2026-01","2026-01-03","1","00:00-01:00","35039","原表标题写“兆瓦时”，但日行数值疑似 kWh 级别，未自动换算","False"
"1、交易计算表1月.xls","2026-01","2026-01-03","2","01:00-02:00","45756","原表标题写“兆瓦时”，但日行数值疑似 kWh 级别，未自动换算","False"
"1、交易计算表1月.xls","2026-01","2026-01-03","3","02:00-03:00","23029","原表标题写“兆瓦时”，但日行数值疑似 kWh 级别，未自动换算","False"
"1、交易计算表1月.xls","2026-01","2026-01-03","4","03:00-04:00","34191","原表标题写“兆瓦时”，但日行数值疑似 kWh 级别，未自动换算","False"
"1、交易计算表1月.xls","2026-01","2026-01-03","5","04:00-05:00","42057","原表标题写“兆瓦时”，但日行数值疑似 kWh 级别，未自动换算","False"
"1、交易计算表1月.xls","2026-01","2026-01-03","6","05:00-06:00","50200","原表标题写“兆瓦时”，但日行数值疑似 kWh 级别，未自动换算","False"
"1、交易计算表1月.xls","2026-01","2026-01-03","7","06:00-07:00","68402","原表标题写“兆瓦时”，但日行数值疑似 kWh 级别，未自动换算","False"
"1、交易计算表1月.xls","2026-01","2026-01-03","8","07:00-08:00","83502","原表标题写“兆瓦时”，但日行数值疑似 kWh 级别，未自动换算","False"
"1、交易计算表1月.xls","2026-01","2026-01-03","9","08:00-09:00","80620","原表标题写“兆瓦时”，但日行数值疑似 kWh 级别，未自动换算","False"
"1、交易计算表1月.xls","2026-01","2026-01-03","10","09:00-10:00","74961","原表标题写“兆瓦时”，但日行数值疑似 kWh 级别，未自动换算","False"
"1、交易计算表1月.xls","2026-01","2026-01-03","11","10:00-11:00","89186","原表标题写“兆瓦时”，但日行数值疑似 kWh 级别，未自动换算","False"
"1、交易计算表1月.xls","2026-01","2026-01-03","12","11:00-12:00","81891","原表标题写“兆瓦时”，但日行数值疑似 kWh 级别，未自动换算","False"
"1、交易计算表1月.xls","2026-01","2026-01-03","13","12:00-13:00","90730","原表标题写“兆瓦时”，但日行数值疑似 kWh 级别，未自动换算","False"
"1、交易计算表1月.xls","2026-01","2026-01-03","14","13:00-14:00","92208","原表标题写“兆瓦时”，但日行数值疑似 kWh 级别，未自动换算","False"
"1、交易计算表1月.xls","2026-01","2026-01-03","15","14:00-15:00","75236","原表标题写“兆瓦时”，但日行数值疑似 kWh 级别，未自动换算","False"
"1、交易计算表1月.xls","2026-01","2026-01-03","16","15:00-16:00","86970","原表标题写“兆瓦时”，但日行数值疑似 kWh 级别，未自动换算","False"
"1、交易计算表1月.xls","2026-01","2026-01-03","17","16:00-17:00","89986","原表标题写“兆瓦时”，但日行数值疑似 kWh 级别，未自动换算","False"
"1、交易计算表1月.xls","2026-01","2026-01-03","18","17:00-18:00","82121","原表标题写“兆瓦时”，但日行数值疑似 kWh 级别，未自动换算","False"
"1、交易计算表1月.xls","2026-01","2026-01-03","19","18:00-19:00","92735","原表标题写“兆瓦时”，但日行数值疑似 kWh 级别，未自动换算","False"
"1、交易计算表1月.xls","2026-01","2026-01-03","20","19:00-20:00","89176","原表标题写“兆瓦时”，但日行数值疑似 kWh 级别，未自动换算","False"
"1、交易计算表1月.xls","2026-01","2026-01-03","21","20:00-21:00","82011","原表标题写“兆瓦时”，但日行数值疑似 kWh 级别，未自动换算","False"
"1、交易计算表1月.xls","2026-01","2026-01-03","22","21:00-22:00","81643","原表标题写“兆瓦时”，但日行数值疑似 kWh 级别，未自动换算","False"
"1、交易计算表1月.xls","2026-01","2026-01-03","23","22:00-23:00","85496","原表标题写“兆瓦时”，但日行数值疑似 kWh 级别，未自动换算","False"
"1、交易计算表1月.xls","2026-01","2026-01-03","24","23:00-24:00","61281","原表标题写“兆瓦时”，但日行数值疑似 kWh 级别，未自动换算","False"
"1、交易计算表1月.xls","2026-01","2026-01-02","1","00:00-01:00","43888","原表标题写“兆瓦时”，但日行数值疑似 kWh 级别，未自动换算","False"
"1、交易计算表1月.xls","2026-01","2026-01-02","2","01:00-02:00","34307","原表标题写“兆瓦时”，但日行数值疑似 kWh 级别，未自动换算","False"
"1、交易计算表1月.xls","2026-01","2026-01-02","3","02:00-03:00","35910","原表标题写“兆瓦时”，但日行数值疑似 kWh 级别，未自动换算","False"
"1、交易计算表1月.xls","2026-01","2026-01-02","4","03:00-04:00","29643","原表标题写“兆瓦时”，但日行数值疑似 kWh 级别，未自动换算","False"
"1、交易计算表1月.xls","2026-01","2026-01-02","5","04:00-05:00","34920","原表标题写“兆瓦时”，但日行数值疑似 kWh 级别，未自动换算","False"
"1、交易计算表1月.xls","2026-01","2026-01-02","6","05:00-06:00","47185","原表标题写“兆瓦时”，但日行数值疑似 kWh 级别，未自动换算","False"
"1、交易计算表1月.xls","2026-01","2026-01-02","7","06:00-07:00","72633","原表标题写“兆瓦时”，但日行数值疑似 kWh 级别，未自动换算","False"
"1、交易计算表1月.xls","2026-01","2026-01-02","8","07:00-08:00","77443","原表标题写“兆瓦时”，但日行数值疑似 kWh 级别，未自动换算","False"
"1、交易计算表1月.xls","2026-01","2026-01-02","9","08:00-09:00","83868","原表标题写“兆瓦时”，但日行数值疑似 kWh 级别，未自动换算","False"
"1、交易计算表1月.xls","2026-01","2026-01-02","10","09:00-10:00","79369","原表标题写“兆瓦时”，但日行数值疑似 kWh 级别，未自动换算","False"
"1、交易计算表1月.xls","2026-01","2026-01-02","11","10:00-11:00","87915","原表标题写“兆瓦时”，但日行数值疑似 kWh 级别，未自动换算","False"
"1、交易计算表1月.xls","2026-01","2026-01-02","12","11:00-12:00","88623","原表标题写“兆瓦时”，但日行数值疑似 kWh 级别，未自动换算","False"
"1、交易计算表1月.xls","2026-01","2026-01-02","13","12:00-13:00","88094","原表标题写“兆瓦时”，但日行数值疑似 kWh 级别，未自动换算","False"
"1、交易计算表1月.xls","2026-01","2026-01-02","14","13:00-14:00","86903","原表标题写“兆瓦时”，但日行数值疑似 kWh 级别，未自动换算","False"
"1、交易计算表1月.xls","2026-01","2026-01-02","15","14:00-15:00","91865","原表标题写“兆瓦时”，但日行数值疑似 kWh 级别，未自动换算","False"
"1、交易计算表1月.xls","2026-01","2026-01-02","16","15:00-16:00","75499","原表标题写“兆瓦时”，但日行数值疑似 kWh 级别，未自动换算","False"
"1、交易计算表1月.xls","2026-01","2026-01-02","17","16:00-17:00","104272","原表标题写“兆瓦时”，但日行数值疑似 kWh 级别，未自动换算","False"
"1、交易计算表1月.xls","2026-01","2026-01-02","18","17:00-18:00","87838","原表标题写“兆瓦时”，但日行数值疑似 kWh 级别，未自动换算","False"
"1、交易计算表1月.xls","2026-01","2026-01-02","19","18:00-19:00","93901","原表标题写“兆瓦时”，但日行数值疑似 kWh 级别，未自动换算","False"
"1、交易计算表1月.xls","2026-01","2026-01-02","20","19:00-20:00","87328","原表标题写“兆瓦时”，但日行数值疑似 kWh 级别，未自动换算","False"
"1、交易计算表1月.xls","2026-01","2026-01-02","21","20:00-21:00","84059","原表标题写“兆瓦时”，但日行数值疑似 kWh 级别，未自动换算","False"
"1、交易计算表1月.xls","2026-01","2026-01-02","22","21:00-22:00","80342","原表标题写“兆瓦时”，但日行数值疑似 kWh 级别，未自动换算","False"
"1、交易计算表1月.xls","2026-01","2026-01-02","23","22:00-23:00","78256","原表标题写“兆瓦时”，但日行数值疑似 kWh 级别，未自动换算","False"
"1、交易计算表1月.xls","2026-01","2026-01-02","24","23:00-24:00","81307","原表标题写“兆瓦时”，但日行数值疑似 kWh 级别，未自动换算","False"
"1、交易计算表1月.xls","2026-01","2026-01-01","1","00:00-01:00","80678","原表标题写“兆瓦时”，但日行数值疑似 kWh 级别，未自动换算","False"
"1、交易计算表1月.xls","2026-01","2026-01-01","2","01:00-02:00","74003","原表标题写“兆瓦时”，但日行数值疑似 kWh 级别，未自动换算","False"
"1、交易计算表1月.xls","2026-01","2026-01-01","3","02:00-03:00","65531","原表标题写“兆瓦时”，但日行数值疑似 kWh 级别，未自动换算","False"
"1、交易计算表1月.xls","2026-01","2026-01-01","4","03:00-04:00","56483","原表标题写“兆瓦时”，但日行数值疑似 kWh 级别，未自动换算","False"
"1、交易计算表1月.xls","2026-01","2026-01-01","5","04:00-05:00","47075","原表标题写“兆瓦时”，但日行数值疑似 kWh 级别，未自动换算","False"
"1、交易计算表1月.xls","2026-01","2026-01-01","6","05:00-06:00","55413","原表标题写“兆瓦时”，但日行数值疑似 kWh 级别，未自动换算","False"
"1、交易计算表1月.xls","2026-01","2026-01-01","7","06:00-07:00","73172","原表标题写“兆瓦时”，但日行数值疑似 kWh 级别，未自动换算","False"
"1、交易计算表1月.xls","2026-01","2026-01-01","8","07:00-08:00","73525","原表标题写“兆瓦时”，但日行数值疑似 kWh 级别，未自动换算","False"
"1、交易计算表1月.xls","2026-01","2026-01-01","9","08:00-09:00","90713","原表标题写“兆瓦时”，但日行数值疑似 kWh 级别，未自动换算","False"
"1、交易计算表1月.xls","2026-01","2026-01-01","10","09:00-10:00","76746","原表标题写“兆瓦时”，但日行数值疑似 kWh 级别，未自动换算","False"
"1、交易计算表1月.xls","2026-01","2026-01-01","11","10:00-11:00","89294","原表标题写“兆瓦时”，但日行数值疑似 kWh 级别，未自动换算","False"
"1、交易计算表1月.xls","2026-01","2026-01-01","12","11:00-12:00","90955","原表标题写“兆瓦时”，但日行数值疑似 kWh 级别，未自动换算","False"
"1、交易计算表1月.xls","2026-01","2026-01-01","13","12:00-13:00","86645","原表标题写“兆瓦时”，但日行数值疑似 kWh 级别，未自动换算","False"
"1、交易计算表1月.xls","2026-01","2026-01-01","14","13:00-14:00","93652","原表标题写“兆瓦时”，但日行数值疑似 kWh 级别，未自动换算","False"
"1、交易计算表1月.xls","2026-01","2026-01-01","15","14:00-15:00","86070","原表标题写“兆瓦时”，但日行数值疑似 kWh 级别，未自动换算","False"
"1、交易计算表1月.xls","2026-01","2026-01-01","16","15:00-16:00","82306","原表标题写“兆瓦时”，但日行数值疑似 kWh 级别，未自动换算","False"
"1、交易计算表1月.xls","2026-01","2026-01-01","17","16:00-17:00","93193","原表标题写“兆瓦时”，但日行数值疑似 kWh 级别，未自动换算","False"
"1、交易计算表1月.xls","2026-01","2026-01-01","18","17:00-18:00","86724","原表标题写“兆瓦时”，但日行数值疑似 kWh 级别，未自动换算","False"
"1、交易计算表1月.xls","2026-01","2026-01-01","19","18:00-19:00","95700","原表标题写“兆瓦时”，但日行数值疑似 kWh 级别，未自动换算","False"
"1、交易计算表1月.xls","2026-01","2026-01-01","20","19:00-20:00","86144","原表标题写“兆瓦时”，但日行数值疑似 kWh 级别，未自动换算","False"
"1、交易计算表1月.xls","2026-01","2026-01-01","21","20:00-21:00","85221","原表标题写“兆瓦时”，但日行数值疑似 kWh 级别，未自动换算","False"
"1、交易计算表1月.xls","2026-01","2026-01-01","22","21:00-22:00","86875","原表标题写“兆瓦时”，但日行数值疑似 kWh 级别，未自动换算","False"
"1、交易计算表1月.xls","2026-01","2026-01-01","23","22:00-23:00","78014","原表标题写“兆瓦时”，但日行数值疑似 kWh 级别，未自动换算","False"
"1、交易计算表1月.xls","2026-01","2026-01-01","24","23:00-24:00","68703","原表标题写“兆瓦时”，但日行数值疑似 kWh 级别，未自动换算","False"
"1、交易计算表2月.xls","2026-02","2026-02-28","1","00:00-01:00","39370","原表标题写“兆瓦时”，但日行数值疑似 kWh 级别，未自动换算","False"
"1、交易计算表2月.xls","2026-02","2026-02-28","2","01:00-02:00","33633","原表标题写“兆瓦时”，但日行数值疑似 kWh 级别，未自动换算","False"
"1、交易计算表2月.xls","2026-02","2026-02-28","3","02:00-03:00","31889","原表标题写“兆瓦时”，但日行数值疑似 kWh 级别，未自动换算","False"
"1、交易计算表2月.xls","2026-02","2026-02-28","4","03:00-04:00","35764","原表标题写“兆瓦时”，但日行数值疑似 kWh 级别，未自动换算","False"
"1、交易计算表2月.xls","2026-02","2026-02-28","5","04:00-05:00","31603","原表标题写“兆瓦时”，但日行数值疑似 kWh 级别，未自动换算","False"
"1、交易计算表2月.xls","2026-02","2026-02-28","6","05:00-06:00","40750","原表标题写“兆瓦时”，但日行数值疑似 kWh 级别，未自动换算","False"
"1、交易计算表2月.xls","2026-02","2026-02-28","7","06:00-07:00","82885","原表标题写“兆瓦时”，但日行数值疑似 kWh 级别，未自动换算","False"
"1、交易计算表2月.xls","2026-02","2026-02-28","8","07:00-08:00","85893","原表标题写“兆瓦时”，但日行数值疑似 kWh 级别，未自动换算","False"
"1、交易计算表2月.xls","2026-02","2026-02-28","9","08:00-09:00","93578","原表标题写“兆瓦时”，但日行数值疑似 kWh 级别，未自动换算","False"
"1、交易计算表2月.xls","2026-02","2026-02-28","10","09:00-10:00","85195","原表标题写“兆瓦时”，但日行数值疑似 kWh 级别，未自动换算","False"
"1、交易计算表2月.xls","2026-02","2026-02-28","11","10:00-11:00","77492","原表标题写“兆瓦时”，但日行数值疑似 kWh 级别，未自动换算","False"
"1、交易计算表2月.xls","2026-02","2026-02-28","12","11:00-12:00","94338","原表标题写“兆瓦时”，但日行数值疑似 kWh 级别，未自动换算","False"
"1、交易计算表2月.xls","2026-02","2026-02-28","13","12:00-13:00","79135","原表标题写“兆瓦时”，但日行数值疑似 kWh 级别，未自动换算","False"
"1、交易计算表2月.xls","2026-02","2026-02-28","14","13:00-14:00","71169","原表标题写“兆瓦时”，但日行数值疑似 kWh 级别，未自动换算","False"
"1、交易计算表2月.xls","2026-02","2026-02-28","15","14:00-15:00","87840","原表标题写“兆瓦时”，但日行数值疑似 kWh 级别，未自动换算","False"
"1、交易计算表2月.xls","2026-02","2026-02-28","16","15:00-16:00","66827","原表标题写“兆瓦时”，但日行数值疑似 kWh 级别，未自动换算","False"
"1、交易计算表2月.xls","2026-02","2026-02-28","17","16:00-17:00","95369","原表标题写“兆瓦时”，但日行数值疑似 kWh 级别，未自动换算","False"
"1、交易计算表2月.xls","2026-02","2026-02-28","18","17:00-18:00","86801","原表标题写“兆瓦时”，但日行数值疑似 kWh 级别，未自动换算","False"
"1、交易计算表2月.xls","2026-02","2026-02-28","19","18:00-19:00","88041","原表标题写“兆瓦时”，但日行数值疑似 kWh 级别，未自动换算","False"
"1、交易计算表2月.xls","2026-02","2026-02-28","20","19:00-20:00","95703","原表标题写“兆瓦时”，但日行数值疑似 kWh 级别，未自动换算","False"
"1、交易计算表2月.xls","2026-02","2026-02-28","21","20:00-21:00","77659","原表标题写“兆瓦时”，但日行数值疑似 kWh 级别，未自动换算","False"
"1、交易计算表2月.xls","2026-02","2026-02-28","22","21:00-22:00","82530","原表标题写“兆瓦时”，但日行数值疑似 kWh 级别，未自动换算","False"
"1、交易计算表2月.xls","2026-02","2026-02-28","23","22:00-23:00","73262","原表标题写“兆瓦时”，但日行数值疑似 kWh 级别，未自动换算","False"
"1、交易计算表2月.xls","2026-02","2026-02-28","24","23:00-24:00","57524","原表标题写“兆瓦时”，但日行数值疑似 kWh 级别，未自动换算","False"
"1、交易计算表2月.xls","2026-02","2026-02-27","1","00:00-01:00","28658","原表标题写“兆瓦时”，但日行数值疑似 kWh 级别，未自动换算","False"
"1、交易计算表2月.xls","2026-02","2026-02-27","2","01:00-02:00","43451","原表标题写“兆瓦时”，但日行数值疑似 kWh 级别，未自动换算","False"
"1、交易计算表2月.xls","2026-02","2026-02-27","3","02:00-03:00","16505","原表标题写“兆瓦时”，但日行数值疑似 kWh 级别，未自动换算","False"
"1、交易计算表2月.xls","2026-02","2026-02-27","4","03:00-04:00","37911","原表标题写“兆瓦时”，但日行数值疑似 kWh 级别，未自动换算","False"
"1、交易计算表2月.xls","2026-02","2026-02-27","5","04:00-05:00","38633","原表标题写“兆瓦时”，但日行数值疑似 kWh 级别，未自动换算","False"
"1、交易计算表2月.xls","2026-02","2026-02-27","6","05:00-06:00","39846","原表标题写“兆瓦时”，但日行数值疑似 kWh 级别，未自动换算","False"
"1、交易计算表2月.xls","2026-02","2026-02-27","7","06:00-07:00","75495","原表标题写“兆瓦时”，但日行数值疑似 kWh 级别，未自动换算","False"
"1、交易计算表2月.xls","2026-02","2026-02-27","8","07:00-08:00","88589","原表标题写“兆瓦时”，但日行数值疑似 kWh 级别，未自动换算","False"
"1、交易计算表2月.xls","2026-02","2026-02-27","9","08:00-09:00","91373","原表标题写“兆瓦时”，但日行数值疑似 kWh 级别，未自动换算","False"
"1、交易计算表2月.xls","2026-02","2026-02-27","10","09:00-10:00","92856","原表标题写“兆瓦时”，但日行数值疑似 kWh 级别，未自动换算","False"
"1、交易计算表2月.xls","2026-02","2026-02-27","11","10:00-11:00","87598","原表标题写“兆瓦时”，但日行数值疑似 kWh 级别，未自动换算","False"
"1、交易计算表2月.xls","2026-02","2026-02-27","12","11:00-12:00","77733","原表标题写“兆瓦时”，但日行数值疑似 kWh 级别，未自动换算","False"
"1、交易计算表2月.xls","2026-02","2026-02-27","13","12:00-13:00","83325","原表标题写“兆瓦时”，但日行数值疑似 kWh 级别，未自动换算","False"
"1、交易计算表2月.xls","2026-02","2026-02-27","14","13:00-14:00","73376","原表标题写“兆瓦时”，但日行数值疑似 kWh 级别，未自动换算","False"
"1、交易计算表2月.xls","2026-02","2026-02-27","15","14:00-15:00","92295","原表标题写“兆瓦时”，但日行数值疑似 kWh 级别，未自动换算","False"
"1、交易计算表2月.xls","2026-02","2026-02-27","16","15:00-16:00","76651","原表标题写“兆瓦时”，但日行数值疑似 kWh 级别，未自动换算","False"
"1、交易计算表2月.xls","2026-02","2026-02-27","17","16:00-17:00","85832","原表标题写“兆瓦时”，但日行数值疑似 kWh 级别，未自动换算","False"
"1、交易计算表2月.xls","2026-02","2026-02-27","18","17:00-18:00","83655","原表标题写“兆瓦时”，但日行数值疑似 kWh 级别，未自动换算","False"
"1、交易计算表2月.xls","2026-02","2026-02-27","19","18:00-19:00","98443","原表标题写“兆瓦时”，但日行数值疑似 kWh 级别，未自动换算","False"
"1、交易计算表2月.xls","2026-02","2026-02-27","20","19:00-20:00","90377","原表标题写“兆瓦时”，但日行数值疑似 kWh 级别，未自动换算","False"
"1、交易计算表2月.xls","2026-02","2026-02-27","21","20:00-21:00","74183","原表标题写“兆瓦时”，但日行数值疑似 kWh 级别，未自动换算","False"
"1、交易计算表2月.xls","2026-02","2026-02-27","22","21:00-22:00","80179","原表标题写“兆瓦时”，但日行数值疑似 kWh 级别，未自动换算","False"
"1、交易计算表2月.xls","2026-02","2026-02-27","23","22:00-23:00","69873","原表标题写“兆瓦时”，但日行数值疑似 kWh 级别，未自动换算","False"
"1、交易计算表2月.xls","2026-02","2026-02-27","24","23:00-24:00","66409","原表标题写“兆瓦时”，但日行数值疑似 kWh 级别，未自动换算","False"
"1、交易计算表2月.xls","2026-02","2026-02-26","1","00:00-01:00","30964","原表标题写“兆瓦时”，但日行数值疑似 kWh 级别，未自动换算","False"
"1、交易计算表2月.xls","2026-02","2026-02-26","2","01:00-02:00","27494","原表标题写“兆瓦时”，但日行数值疑似 kWh 级别，未自动换算","False"
"1、交易计算表2月.xls","2026-02","2026-02-26","3","02:00-03:00","39959","原表标题写“兆瓦时”，但日行数值疑似 kWh 级别，未自动换算","False"
"1、交易计算表2月.xls","2026-02","2026-02-26","4","03:00-04:00","25480","原表标题写“兆瓦时”，但日行数值疑似 kWh 级别，未自动换算","False"
"1、交易计算表2月.xls","2026-02","2026-02-26","5","04:00-05:00","35546","原表标题写“兆瓦时”，但日行数值疑似 kWh 级别，未自动换算","False"
"1、交易计算表2月.xls","2026-02","2026-02-26","6","05:00-06:00","49712","原表标题写“兆瓦时”，但日行数值疑似 kWh 级别，未自动换算","False"
"1、交易计算表2月.xls","2026-02","2026-02-26","7","06:00-07:00","72864","原表标题写“兆瓦时”，但日行数值疑似 kWh 级别，未自动换算","False"
"1、交易计算表2月.xls","2026-02","2026-02-26","8","07:00-08:00","91415","原表标题写“兆瓦时”，但日行数值疑似 kWh 级别，未自动换算","False"
"1、交易计算表2月.xls","2026-02","2026-02-26","9","08:00-09:00","86539","原表标题写“兆瓦时”，但日行数值疑似 kWh 级别，未自动换算","False"
"1、交易计算表2月.xls","2026-02","2026-02-26","10","09:00-10:00","99273","原表标题写“兆瓦时”，但日行数值疑似 kWh 级别，未自动换算","False"
"1、交易计算表2月.xls","2026-02","2026-02-26","11","10:00-11:00","76988","原表标题写“兆瓦时”，但日行数值疑似 kWh 级别，未自动换算","False"
"1、交易计算表2月.xls","2026-02","2026-02-26","12","11:00-12:00","82990","原表标题写“兆瓦时”，但日行数值疑似 kWh 级别，未自动换算","False"
"1、交易计算表2月.xls","2026-02","2026-02-26","13","12:00-13:00","87004","原表标题写“兆瓦时”，但日行数值疑似 kWh 级别，未自动换算","False"
"1、交易计算表2月.xls","2026-02","2026-02-26","14","13:00-14:00","69738","原表标题写“兆瓦时”，但日行数值疑似 kWh 级别，未自动换算","False"
"1、交易计算表2月.xls","2026-02","2026-02-26","15","14:00-15:00","87986","原表标题写“兆瓦时”，但日行数值疑似 kWh 级别，未自动换算","False"
"1、交易计算表2月.xls","2026-02","2026-02-26","16","15:00-16:00","76958","原表标题写“兆瓦时”，但日行数值疑似 kWh 级别，未自动换算","False"
"1、交易计算表2月.xls","2026-02","2026-02-26","17","16:00-17:00","87087","原表标题写“兆瓦时”，但日行数值疑似 kWh 级别，未自动换算","False"
"1、交易计算表2月.xls","2026-02","2026-02-26","18","17:00-18:00","88348","原表标题写“兆瓦时”，但日行数值疑似 kWh 级别，未自动换算","False"
"1、交易计算表2月.xls","2026-02","2026-02-26","19","18:00-19:00","95261","原表标题写“兆瓦时”，但日行数值疑似 kWh 级别，未自动换算","False"
"1、交易计算表2月.xls","2026-02","2026-02-26","20","19:00-20:00","82243","原表标题写“兆瓦时”，但日行数值疑似 kWh 级别，未自动换算","False"
"1、交易计算表2月.xls","2026-02","2026-02-26","21","20:00-21:00","86058","原表标题写“兆瓦时”，但日行数值疑似 kWh 级别，未自动换算","False"
"1、交易计算表2月.xls","2026-02","2026-02-26","22","21:00-22:00","73033","原表标题写“兆瓦时”，但日行数值疑似 kWh 级别，未自动换算","False"
"1、交易计算表2月.xls","2026-02","2026-02-26","23","22:00-23:00","74697","原表标题写“兆瓦时”，但日行数值疑似 kWh 级别，未自动换算","False"
"1、交易计算表2月.xls","2026-02","2026-02-26","24","23:00-24:00","47654","原表标题写“兆瓦时”，但日行数值疑似 kWh 级别，未自动换算","False"
"1、交易计算表2月.xls","2026-02","2026-02-25","1","00:00-01:00","39369","原表标题写“兆瓦时”，但日行数值疑似 kWh 级别，未自动换算","False"
"1、交易计算表2月.xls","2026-02","2026-02-25","2","01:00-02:00","23547","原表标题写“兆瓦时”，但日行数值疑似 kWh 级别，未自动换算","False"
"1、交易计算表2月.xls","2026-02","2026-02-25","3","02:00-03:00","24361","原表标题写“兆瓦时”，但日行数值疑似 kWh 级别，未自动换算","False"
"1、交易计算表2月.xls","2026-02","2026-02-25","4","03:00-04:00","40467","原表标题写“兆瓦时”，但日行数值疑似 kWh 级别，未自动换算","False"
"1、交易计算表2月.xls","2026-02","2026-02-25","5","04:00-05:00","28595","原表标题写“兆瓦时”，但日行数值疑似 kWh 级别，未自动换算","False"
"1、交易计算表2月.xls","2026-02","2026-02-25","6","05:00-06:00","52372","原表标题写“兆瓦时”，但日行数值疑似 kWh 级别，未自动换算","False"
"1、交易计算表2月.xls","2026-02","2026-02-25","7","06:00-07:00","78280","原表标题写“兆瓦时”，但日行数值疑似 kWh 级别，未自动换算","False"
"1、交易计算表2月.xls","2026-02","2026-02-25","8","07:00-08:00","84718","原表标题写“兆瓦时”，但日行数值疑似 kWh 级别，未自动换算","False"
"1、交易计算表2月.xls","2026-02","2026-02-25","9","08:00-09:00","92918","原表标题写“兆瓦时”，但日行数值疑似 kWh 级别，未自动换算","False"
"1、交易计算表2月.xls","2026-02","2026-02-25","10","09:00-10:00","91268","原表标题写“兆瓦时”，但日行数值疑似 kWh 级别，未自动换算","False"
"1、交易计算表2月.xls","2026-02","2026-02-25","11","10:00-11:00","82276","原表标题写“兆瓦时”，但日行数值疑似 kWh 级别，未自动换算","False"
"1、交易计算表2月.xls","2026-02","2026-02-25","12","11:00-12:00","88080","原表标题写“兆瓦时”，但日行数值疑似 kWh 级别，未自动换算","False"
"1、交易计算表2月.xls","2026-02","2026-02-25","13","12:00-13:00","79095","原表标题写“兆瓦时”，但日行数值疑似 kWh 级别，未自动换算","False"
"1、交易计算表2月.xls","2026-02","2026-02-25","14","13:00-14:00","74241","原表标题写“兆瓦时”，但日行数值疑似 kWh 级别，未自动换算","False"
"1、交易计算表2月.xls","2026-02","2026-02-25","15","14:00-15:00","86067","原表标题写“兆瓦时”，但日行数值疑似 kWh 级别，未自动换算","False"
"1、交易计算表2月.xls","2026-02","2026-02-25","16","15:00-16:00","88671","原表标题写“兆瓦时”，但日行数值疑似 kWh 级别，未自动换算","False"
"1、交易计算表2月.xls","2026-02","2026-02-25","17","16:00-17:00","75636","原表标题写“兆瓦时”，但日行数值疑似 kWh 级别，未自动换算","False"
"1、交易计算表2月.xls","2026-02","2026-02-25","18","17:00-18:00","92013","原表标题写“兆瓦时”，但日行数值疑似 kWh 级别，未自动换算","False"
"1、交易计算表2月.xls","2026-02","2026-02-25","19","18:00-19:00","100442","原表标题写“兆瓦时”，但日行数值疑似 kWh 级别，未自动换算","False"
"1、交易计算表2月.xls","2026-02","2026-02-25","20","19:00-20:00","76650","原表标题写“兆瓦时”，但日行数值疑似 kWh 级别，未自动换算","False"
"1、交易计算表2月.xls","2026-02","2026-02-25","21","20:00-21:00","88190","原表标题写“兆瓦时”，但日行数值疑似 kWh 级别，未自动换算","False"
"1、交易计算表2月.xls","2026-02","2026-02-25","22","21:00-22:00","71285","原表标题写“兆瓦时”，但日行数值疑似 kWh 级别，未自动换算","False"
"1、交易计算表2月.xls","2026-02","2026-02-25","23","22:00-23:00","79818","原表标题写“兆瓦时”，但日行数值疑似 kWh 级别，未自动换算","False"
"1、交易计算表2月.xls","2026-02","2026-02-25","24","23:00-24:00","49783","原表标题写“兆瓦时”，但日行数值疑似 kWh 级别，未自动换算","False"
"1、交易计算表2月.xls","2026-02","2026-02-24","1","00:00-01:00","45310","原表标题写“兆瓦时”，但日行数值疑似 kWh 级别，未自动换算","False"
"1、交易计算表2月.xls","2026-02","2026-02-24","2","01:00-02:00","21460","原表标题写“兆瓦时”，但日行数值疑似 kWh 级别，未自动换算","False"
"1、交易计算表2月.xls","2026-02","2026-02-24","3","02:00-03:00","35120","原表标题写“兆瓦时”，但日行数值疑似 kWh 级别，未自动换算","False"
"1、交易计算表2月.xls","2026-02","2026-02-24","4","03:00-04:00","26826","原表标题写“兆瓦时”，但日行数值疑似 kWh 级别，未自动换算","False"
"1、交易计算表2月.xls","2026-02","2026-02-24","5","04:00-05:00","28786","原表标题写“兆瓦时”，但日行数值疑似 kWh 级别，未自动换算","False"
"1、交易计算表2月.xls","2026-02","2026-02-24","6","05:00-06:00","53147","原表标题写“兆瓦时”，但日行数值疑似 kWh 级别，未自动换算","False"
"1、交易计算表2月.xls","2026-02","2026-02-24","7","06:00-07:00","67191","原表标题写“兆瓦时”，但日行数值疑似 kWh 级别，未自动换算","False"
"1、交易计算表2月.xls","2026-02","2026-02-24","8","07:00-08:00","93344","原表标题写“兆瓦时”，但日行数值疑似 kWh 级别，未自动换算","False"
"1、交易计算表2月.xls","2026-02","2026-02-24","9","08:00-09:00","100877","原表标题写“兆瓦时”，但日行数值疑似 kWh 级别，未自动换算","False"
"1、交易计算表2月.xls","2026-02","2026-02-24","10","09:00-10:00","86838","原表标题写“兆瓦时”，但日行数值疑似 kWh 级别，未自动换算","False"
"1、交易计算表2月.xls","2026-02","2026-02-24","11","10:00-11:00","81131","原表标题写“兆瓦时”，但日行数值疑似 kWh 级别，未自动换算","False"
"1、交易计算表2月.xls","2026-02","2026-02-24","12","11:00-12:00","79277","原表标题写“兆瓦时”，但日行数值疑似 kWh 级别，未自动换算","False"
"1、交易计算表2月.xls","2026-02","2026-02-24","13","12:00-13:00","84461","原表标题写“兆瓦时”，但日行数值疑似 kWh 级别，未自动换算","False"
"1、交易计算表2月.xls","2026-02","2026-02-24","14","13:00-14:00","74930","原表标题写“兆瓦时”，但日行数值疑似 kWh 级别，未自动换算","False"
"1、交易计算表2月.xls","2026-02","2026-02-24","15","14:00-15:00","85937","原表标题写“兆瓦时”，但日行数值疑似 kWh 级别，未自动换算","False"
"1、交易计算表2月.xls","2026-02","2026-02-24","16","15:00-16:00","81016","原表标题写“兆瓦时”，但日行数值疑似 kWh 级别，未自动换算","False"
"1、交易计算表2月.xls","2026-02","2026-02-24","17","16:00-17:00","93223","原表标题写“兆瓦时”，但日行数值疑似 kWh 级别，未自动换算","False"
"1、交易计算表2月.xls","2026-02","2026-02-24","18","17:00-18:00","83594","原表标题写“兆瓦时”，但日行数值疑似 kWh 级别，未自动换算","False"
"1、交易计算表2月.xls","2026-02","2026-02-24","19","18:00-19:00","91238","原表标题写“兆瓦时”，但日行数值疑似 kWh 级别，未自动换算","False"
"1、交易计算表2月.xls","2026-02","2026-02-24","20","19:00-20:00","84089","原表标题写“兆瓦时”，但日行数值疑似 kWh 级别，未自动换算","False"
"1、交易计算表2月.xls","2026-02","2026-02-24","21","20:00-21:00","80838","原表标题写“兆瓦时”，但日行数值疑似 kWh 级别，未自动换算","False"
"1、交易计算表2月.xls","2026-02","2026-02-24","22","21:00-22:00","72543","原表标题写“兆瓦时”，但日行数值疑似 kWh 级别，未自动换算","False"
"1、交易计算表2月.xls","2026-02","2026-02-24","23","22:00-23:00","77234","原表标题写“兆瓦时”，但日行数值疑似 kWh 级别，未自动换算","False"
"1、交易计算表2月.xls","2026-02","2026-02-24","24","23:00-24:00","56785","原表标题写“兆瓦时”，但日行数值疑似 kWh 级别，未自动换算","False"
"1、交易计算表2月.xls","2026-02","2026-02-23","1","00:00-01:00","33026","原表标题写“兆瓦时”，但日行数值疑似 kWh 级别，未自动换算","False"
"1、交易计算表2月.xls","2026-02","2026-02-23","2","01:00-02:00","34898","原表标题写“兆瓦时”，但日行数值疑似 kWh 级别，未自动换算","False"
"1、交易计算表2月.xls","2026-02","2026-02-23","3","02:00-03:00","31333","原表标题写“兆瓦时”，但日行数值疑似 kWh 级别，未自动换算","False"
"1、交易计算表2月.xls","2026-02","2026-02-23","4","03:00-04:00","29037","原表标题写“兆瓦时”，但日行数值疑似 kWh 级别，未自动换算","False"
"1、交易计算表2月.xls","2026-02","2026-02-23","5","04:00-05:00","26487","原表标题写“兆瓦时”，但日行数值疑似 kWh 级别，未自动换算","False"
"1、交易计算表2月.xls","2026-02","2026-02-23","6","05:00-06:00","52921","原表标题写“兆瓦时”，但日行数值疑似 kWh 级别，未自动换算","False"
"1、交易计算表2月.xls","2026-02","2026-02-23","7","06:00-07:00","62475","原表标题写“兆瓦时”，但日行数值疑似 kWh 级别，未自动换算","False"
"1、交易计算表2月.xls","2026-02","2026-02-23","8","07:00-08:00","76372","原表标题写“兆瓦时”，但日行数值疑似 kWh 级别，未自动换算","False"
"1、交易计算表2月.xls","2026-02","2026-02-23","9","08:00-09:00","80603","原表标题写“兆瓦时”，但日行数值疑似 kWh 级别，未自动换算","False"
"1、交易计算表2月.xls","2026-02","2026-02-23","10","09:00-10:00","81700","原表标题写“兆瓦时”，但日行数值疑似 kWh 级别，未自动换算","False"
"1、交易计算表2月.xls","2026-02","2026-02-23","11","10:00-11:00","75765","原表标题写“兆瓦时”，但日行数值疑似 kWh 级别，未自动换算","False"
"1、交易计算表2月.xls","2026-02","2026-02-23","12","11:00-12:00","85509","原表标题写“兆瓦时”，但日行数值疑似 kWh 级别，未自动换算","False"
"1、交易计算表2月.xls","2026-02","2026-02-23","13","12:00-13:00","79963","原表标题写“兆瓦时”，但日行数值疑似 kWh 级别，未自动换算","False"
"1、交易计算表2月.xls","2026-02","2026-02-23","14","13:00-14:00","71707","原表标题写“兆瓦时”，但日行数值疑似 kWh 级别，未自动换算","False"
"1、交易计算表2月.xls","2026-02","2026-02-23","15","14:00-15:00","88140","原表标题写“兆瓦时”，但日行数值疑似 kWh 级别，未自动换算","False"
"1、交易计算表2月.xls","2026-02","2026-02-23","16","15:00-16:00","81075","原表标题写“兆瓦时”，但日行数值疑似 kWh 级别，未自动换算","False"
"1、交易计算表2月.xls","2026-02","2026-02-23","17","16:00-17:00","79507","原表标题写“兆瓦时”，但日行数值疑似 kWh 级别，未自动换算","False"
"1、交易计算表2月.xls","2026-02","2026-02-23","18","17:00-18:00","87694","原表标题写“兆瓦时”，但日行数值疑似 kWh 级别，未自动换算","False"
"1、交易计算表2月.xls","2026-02","2026-02-23","19","18:00-19:00","76729","原表标题写“兆瓦时”，但日行数值疑似 kWh 级别，未自动换算","False"
"1、交易计算表2月.xls","2026-02","2026-02-23","20","19:00-20:00","77251","原表标题写“兆瓦时”，但日行数值疑似 kWh 级别，未自动换算","False"
"1、交易计算表2月.xls","2026-02","2026-02-23","21","20:00-21:00","81765","原表标题写“兆瓦时”，但日行数值疑似 kWh 级别，未自动换算","False"
"1、交易计算表2月.xls","2026-02","2026-02-23","22","21:00-22:00","81188","原表标题写“兆瓦时”，但日行数值疑似 kWh 级别，未自动换算","False"
"1、交易计算表2月.xls","2026-02","2026-02-23","23","22:00-23:00","72061","原表标题写“兆瓦时”，但日行数值疑似 kWh 级别，未自动换算","False"
"1、交易计算表2月.xls","2026-02","2026-02-23","24","23:00-24:00","63520","原表标题写“兆瓦时”，但日行数值疑似 kWh 级别，未自动换算","False"
"1、交易计算表2月.xls","2026-02","2026-02-22","1","00:00-01:00","34991","原表标题写“兆瓦时”，但日行数值疑似 kWh 级别，未自动换算","False"
"1、交易计算表2月.xls","2026-02","2026-02-22","2","01:00-02:00","31730","原表标题写“兆瓦时”，但日行数值疑似 kWh 级别，未自动换算","False"
"1、交易计算表2月.xls","2026-02","2026-02-22","3","02:00-03:00","29565","原表标题写“兆瓦时”，但日行数值疑似 kWh 级别，未自动换算","False"
"1、交易计算表2月.xls","2026-02","2026-02-22","4","03:00-04:00","34184","原表标题写“兆瓦时”，但日行数值疑似 kWh 级别，未自动换算","False"
"1、交易计算表2月.xls","2026-02","2026-02-22","5","04:00-05:00","32884","原表标题写“兆瓦时”，但日行数值疑似 kWh 级别，未自动换算","False"
"1、交易计算表2月.xls","2026-02","2026-02-22","6","05:00-06:00","44165","原表标题写“兆瓦时”，但日行数值疑似 kWh 级别，未自动换算","False"
"1、交易计算表2月.xls","2026-02","2026-02-22","7","06:00-07:00","64282","原表标题写“兆瓦时”，但日行数值疑似 kWh 级别，未自动换算","False"
"1、交易计算表2月.xls","2026-02","2026-02-22","8","07:00-08:00","80557","原表标题写“兆瓦时”，但日行数值疑似 kWh 级别，未自动换算","False"
"1、交易计算表2月.xls","2026-02","2026-02-22","9","08:00-09:00","77024","原表标题写“兆瓦时”，但日行数值疑似 kWh 级别，未自动换算","False"
"1、交易计算表2月.xls","2026-02","2026-02-22","10","09:00-10:00","80761","原表标题写“兆瓦时”，但日行数值疑似 kWh 级别，未自动换算","False"
"1、交易计算表2月.xls","2026-02","2026-02-22","11","10:00-11:00","77790","原表标题写“兆瓦时”，但日行数值疑似 kWh 级别，未自动换算","False"
"1、交易计算表2月.xls","2026-02","2026-02-22","12","11:00-12:00","73314","原表标题写“兆瓦时”，但日行数值疑似 kWh 级别，未自动换算","False"
"1、交易计算表2月.xls","2026-02","2026-02-22","13","12:00-13:00","94205","原表标题写“兆瓦时”，但日行数值疑似 kWh 级别，未自动换算","False"
"1、交易计算表2月.xls","2026-02","2026-02-22","14","13:00-14:00","71174","原表标题写“兆瓦时”，但日行数值疑似 kWh 级别，未自动换算","False"
"1、交易计算表2月.xls","2026-02","2026-02-22","15","14:00-15:00","79442","原表标题写“兆瓦时”，但日行数值疑似 kWh 级别，未自动换算","False"
"1、交易计算表2月.xls","2026-02","2026-02-22","16","15:00-16:00","70973","原表标题写“兆瓦时”，但日行数值疑似 kWh 级别，未自动换算","False"
"1、交易计算表2月.xls","2026-02","2026-02-22","17","16:00-17:00","96061","原表标题写“兆瓦时”，但日行数值疑似 kWh 级别，未自动换算","False"
"1、交易计算表2月.xls","2026-02","2026-02-22","18","17:00-18:00","75777","原表标题写“兆瓦时”，但日行数值疑似 kWh 级别，未自动换算","False"
"1、交易计算表2月.xls","2026-02","2026-02-22","19","18:00-19:00","77063","原表标题写“兆瓦时”，但日行数值疑似 kWh 级别，未自动换算","False"
"1、交易计算表2月.xls","2026-02","2026-02-22","20","19:00-20:00","89582","原表标题写“兆瓦时”，但日行数值疑似 kWh 级别，未自动换算","False"
"1、交易计算表2月.xls","2026-02","2026-02-22","21","20:00-21:00","87022","原表标题写“兆瓦时”，但日行数值疑似 kWh 级别，未自动换算","False"
"1、交易计算表2月.xls","2026-02","2026-02-22","22","21:00-22:00","70147","原表标题写“兆瓦时”，但日行数值疑似 kWh 级别，未自动换算","False"
"1、交易计算表2月.xls","2026-02","2026-02-22","23","22:00-23:00","76640","原表标题写“兆瓦时”，但日行数值疑似 kWh 级别，未自动换算","False"
"1、交易计算表2月.xls","2026-02","2026-02-22","24","23:00-24:00","64873","原表标题写“兆瓦时”，但日行数值疑似 kWh 级别，未自动换算","False"
"1、交易计算表2月.xls","2026-02","2026-02-21","1","00:00-01:00","37882","原表标题写“兆瓦时”，但日行数值疑似 kWh 级别，未自动换算","False"
"1、交易计算表2月.xls","2026-02","2026-02-21","2","01:00-02:00","36905","原表标题写“兆瓦时”，但日行数值疑似 kWh 级别，未自动换算","False"
"1、交易计算表2月.xls","2026-02","2026-02-21","3","02:00-03:00","24021","原表标题写“兆瓦时”，但日行数值疑似 kWh 级别，未自动换算","False"
"1、交易计算表2月.xls","2026-02","2026-02-21","4","03:00-04:00","27277","原表标题写“兆瓦时”，但日行数值疑似 kWh 级别，未自动换算","False"
"1、交易计算表2月.xls","2026-02","2026-02-21","5","04:00-05:00","36852","原表标题写“兆瓦时”，但日行数值疑似 kWh 级别，未自动换算","False"
"1、交易计算表2月.xls","2026-02","2026-02-21","6","05:00-06:00","47703","原表标题写“兆瓦时”，但日行数值疑似 kWh 级别，未自动换算","False"
"1、交易计算表2月.xls","2026-02","2026-02-21","7","06:00-07:00","61392","原表标题写“兆瓦时”，但日行数值疑似 kWh 级别，未自动换算","False"
"1、交易计算表2月.xls","2026-02","2026-02-21","8","07:00-08:00","78324","原表标题写“兆瓦时”，但日行数值疑似 kWh 级别，未自动换算","False"
"1、交易计算表2月.xls","2026-02","2026-02-21","9","08:00-09:00","75126","原表标题写“兆瓦时”，但日行数值疑似 kWh 级别，未自动换算","False"
"1、交易计算表2月.xls","2026-02","2026-02-21","10","09:00-10:00","81108","原表标题写“兆瓦时”，但日行数值疑似 kWh 级别，未自动换算","False"
"1、交易计算表2月.xls","2026-02","2026-02-21","11","10:00-11:00","91663","原表标题写“兆瓦时”，但日行数值疑似 kWh 级别，未自动换算","False"
"1、交易计算表2月.xls","2026-02","2026-02-21","12","11:00-12:00","71791","原表标题写“兆瓦时”，但日行数值疑似 kWh 级别，未自动换算","False"
"1、交易计算表2月.xls","2026-02","2026-02-21","13","12:00-13:00","82243","原表标题写“兆瓦时”，但日行数值疑似 kWh 级别，未自动换算","False"
"1、交易计算表2月.xls","2026-02","2026-02-21","14","13:00-14:00","79035","原表标题写“兆瓦时”，但日行数值疑似 kWh 级别，未自动换算","False"
"1、交易计算表2月.xls","2026-02","2026-02-21","15","14:00-15:00","77870","原表标题写“兆瓦时”，但日行数值疑似 kWh 级别，未自动换算","False"
"1、交易计算表2月.xls","2026-02","2026-02-21","16","15:00-16:00","77233","原表标题写“兆瓦时”，但日行数值疑似 kWh 级别，未自动换算","False"
"1、交易计算表2月.xls","2026-02","2026-02-21","17","16:00-17:00","90258","原表标题写“兆瓦时”，但日行数值疑似 kWh 级别，未自动换算","False"
"1、交易计算表2月.xls","2026-02","2026-02-21","18","17:00-18:00","78537","原表标题写“兆瓦时”，但日行数值疑似 kWh 级别，未自动换算","False"
"1、交易计算表2月.xls","2026-02","2026-02-21","19","18:00-19:00","77432","原表标题写“兆瓦时”，但日行数值疑似 kWh 级别，未自动换算","False"
"1、交易计算表2月.xls","2026-02","2026-02-21","20","19:00-20:00","77406","原表标题写“兆瓦时”，但日行数值疑似 kWh 级别，未自动换算","False"
"1、交易计算表2月.xls","2026-02","2026-02-21","21","20:00-21:00","92426","原表标题写“兆瓦时”，但日行数值疑似 kWh 级别，未自动换算","False"
"1、交易计算表2月.xls","2026-02","2026-02-21","22","21:00-22:00","67796","原表标题写“兆瓦时”，但日行数值疑似 kWh 级别，未自动换算","False"
"1、交易计算表2月.xls","2026-02","2026-02-21","23","22:00-23:00","79803","原表标题写“兆瓦时”，但日行数值疑似 kWh 级别，未自动换算","False"
"1、交易计算表2月.xls","2026-02","2026-02-21","24","23:00-24:00","60479","原表标题写“兆瓦时”，但日行数值疑似 kWh 级别，未自动换算","False"
"1、交易计算表2月.xls","2026-02","2026-02-20","1","00:00-01:00","41029","原表标题写“兆瓦时”，但日行数值疑似 kWh 级别，未自动换算","False"
"1、交易计算表2月.xls","2026-02","2026-02-20","2","01:00-02:00","27360","原表标题写“兆瓦时”，但日行数值疑似 kWh 级别，未自动换算","False"
"1、交易计算表2月.xls","2026-02","2026-02-20","3","02:00-03:00","32236","原表标题写“兆瓦时”，但日行数值疑似 kWh 级别，未自动换算","False"
"1、交易计算表2月.xls","2026-02","2026-02-20","4","03:00-04:00","35884","原表标题写“兆瓦时”，但日行数值疑似 kWh 级别，未自动换算","False"
"1、交易计算表2月.xls","2026-02","2026-02-20","5","04:00-05:00","26717","原表标题写“兆瓦时”，但日行数值疑似 kWh 级别，未自动换算","False"
"1、交易计算表2月.xls","2026-02","2026-02-20","6","05:00-06:00","45680","原表标题写“兆瓦时”，但日行数值疑似 kWh 级别，未自动换算","False"
"1、交易计算表2月.xls","2026-02","2026-02-20","7","06:00-07:00","64891","原表标题写“兆瓦时”，但日行数值疑似 kWh 级别，未自动换算","False"
"1、交易计算表2月.xls","2026-02","2026-02-20","8","07:00-08:00","81854","原表标题写“兆瓦时”，但日行数值疑似 kWh 级别，未自动换算","False"
"1、交易计算表2月.xls","2026-02","2026-02-20","9","08:00-09:00","78424","原表标题写“兆瓦时”，但日行数值疑似 kWh 级别，未自动换算","False"
"1、交易计算表2月.xls","2026-02","2026-02-20","10","09:00-10:00","79713","原表标题写“兆瓦时”，但日行数值疑似 kWh 级别，未自动换算","False"
"1、交易计算表2月.xls","2026-02","2026-02-20","11","10:00-11:00","76466","原表标题写“兆瓦时”，但日行数值疑似 kWh 级别，未自动换算","False"
"1、交易计算表2月.xls","2026-02","2026-02-20","12","11:00-12:00","86351","原表标题写“兆瓦时”，但日行数值疑似 kWh 级别，未自动换算","False"
"1、交易计算表2月.xls","2026-02","2026-02-20","13","12:00-13:00","77278","原表标题写“兆瓦时”，但日行数值疑似 kWh 级别，未自动换算","False"
"1、交易计算表2月.xls","2026-02","2026-02-20","14","13:00-14:00","87234","原表标题写“兆瓦时”，但日行数值疑似 kWh 级别，未自动换算","False"
"1、交易计算表2月.xls","2026-02","2026-02-20","15","14:00-15:00","78403","原表标题写“兆瓦时”，但日行数值疑似 kWh 级别，未自动换算","False"
"1、交易计算表2月.xls","2026-02","2026-02-20","16","15:00-16:00","78709","原表标题写“兆瓦时”，但日行数值疑似 kWh 级别，未自动换算","False"
"1、交易计算表2月.xls","2026-02","2026-02-20","17","16:00-17:00","80379","原表标题写“兆瓦时”，但日行数值疑似 kWh 级别，未自动换算","False"
"1、交易计算表2月.xls","2026-02","2026-02-20","18","17:00-18:00","81493","原表标题写“兆瓦时”，但日行数值疑似 kWh 级别，未自动换算","False"
"1、交易计算表2月.xls","2026-02","2026-02-20","19","18:00-19:00","78204","原表标题写“兆瓦时”，但日行数值疑似 kWh 级别，未自动换算","False"
"1、交易计算表2月.xls","2026-02","2026-02-20","20","19:00-20:00","87423","原表标题写“兆瓦时”，但日行数值疑似 kWh 级别，未自动换算","False"
"1、交易计算表2月.xls","2026-02","2026-02-20","21","20:00-21:00","75456","原表标题写“兆瓦时”，但日行数值疑似 kWh 级别，未自动换算","False"
"1、交易计算表2月.xls","2026-02","2026-02-20","22","21:00-22:00","83748","原表标题写“兆瓦时”，但日行数值疑似 kWh 级别，未自动换算","False"
"1、交易计算表2月.xls","2026-02","2026-02-20","23","22:00-23:00","74007","原表标题写“兆瓦时”，但日行数值疑似 kWh 级别，未自动换算","False"
"1、交易计算表2月.xls","2026-02","2026-02-20","24","23:00-24:00","62617","原表标题写“兆瓦时”，但日行数值疑似 kWh 级别，未自动换算","False"
"1、交易计算表2月.xls","2026-02","2026-02-19","1","00:00-01:00","34478","原表标题写“兆瓦时”，但日行数值疑似 kWh 级别，未自动换算","False"
"1、交易计算表2月.xls","2026-02","2026-02-19","2","01:00-02:00","34464","原表标题写“兆瓦时”，但日行数值疑似 kWh 级别，未自动换算","False"
"1、交易计算表2月.xls","2026-02","2026-02-19","3","02:00-03:00","32939","原表标题写“兆瓦时”，但日行数值疑似 kWh 级别，未自动换算","False"
"1、交易计算表2月.xls","2026-02","2026-02-19","4","03:00-04:00","23001","原表标题写“兆瓦时”，但日行数值疑似 kWh 级别，未自动换算","False"
"1、交易计算表2月.xls","2026-02","2026-02-19","5","04:00-05:00","35355","原表标题写“兆瓦时”，但日行数值疑似 kWh 级别，未自动换算","False"
"1、交易计算表2月.xls","2026-02","2026-02-19","6","05:00-06:00","48830","原表标题写“兆瓦时”，但日行数值疑似 kWh 级别，未自动换算","False"
"1、交易计算表2月.xls","2026-02","2026-02-19","7","06:00-07:00","62394","原表标题写“兆瓦时”，但日行数值疑似 kWh 级别，未自动换算","False"
"1、交易计算表2月.xls","2026-02","2026-02-19","8","07:00-08:00","78574","原表标题写“兆瓦时”，但日行数值疑似 kWh 级别，未自动换算","False"
"1、交易计算表2月.xls","2026-02","2026-02-19","9","08:00-09:00","81732","原表标题写“兆瓦时”，但日行数值疑似 kWh 级别，未自动换算","False"
"1、交易计算表2月.xls","2026-02","2026-02-19","10","09:00-10:00","79503","原表标题写“兆瓦时”，但日行数值疑似 kWh 级别，未自动换算","False"
"1、交易计算表2月.xls","2026-02","2026-02-19","11","10:00-11:00","78650","原表标题写“兆瓦时”，但日行数值疑似 kWh 级别，未自动换算","False"
"1、交易计算表2月.xls","2026-02","2026-02-19","12","11:00-12:00","81983","原表标题写“兆瓦时”，但日行数值疑似 kWh 级别，未自动换算","False"
"1、交易计算表2月.xls","2026-02","2026-02-19","13","12:00-13:00","83561","原表标题写“兆瓦时”，但日行数值疑似 kWh 级别，未自动换算","False"
"1、交易计算表2月.xls","2026-02","2026-02-19","14","13:00-14:00","84087","原表标题写“兆瓦时”，但日行数值疑似 kWh 级别，未自动换算","False"
"1、交易计算表2月.xls","2026-02","2026-02-19","15","14:00-15:00","73642","原表标题写“兆瓦时”，但日行数值疑似 kWh 级别，未自动换算","False"
"1、交易计算表2月.xls","2026-02","2026-02-19","16","15:00-16:00","91282","原表标题写“兆瓦时”，但日行数值疑似 kWh 级别，未自动换算","False"
"1、交易计算表2月.xls","2026-02","2026-02-19","17","16:00-17:00","78027","原表标题写“兆瓦时”，但日行数值疑似 kWh 级别，未自动换算","False"
"1、交易计算表2月.xls","2026-02","2026-02-19","18","17:00-18:00","85121","原表标题写“兆瓦时”，但日行数值疑似 kWh 级别，未自动换算","False"
"1、交易计算表2月.xls","2026-02","2026-02-19","19","18:00-19:00","84092","原表标题写“兆瓦时”，但日行数值疑似 kWh 级别，未自动换算","False"
"1、交易计算表2月.xls","2026-02","2026-02-19","20","19:00-20:00","76444","原表标题写“兆瓦时”，但日行数值疑似 kWh 级别，未自动换算","False"
"1、交易计算表2月.xls","2026-02","2026-02-19","21","20:00-21:00","81477","原表标题写“兆瓦时”，但日行数值疑似 kWh 级别，未自动换算","False"
"1、交易计算表2月.xls","2026-02","2026-02-19","22","21:00-22:00","74550","原表标题写“兆瓦时”，但日行数值疑似 kWh 级别，未自动换算","False"
"1、交易计算表2月.xls","2026-02","2026-02-19","23","22:00-23:00","74647","原表标题写“兆瓦时”，但日行数值疑似 kWh 级别，未自动换算","False"
"1、交易计算表2月.xls","2026-02","2026-02-19","24","23:00-24:00","69814","原表标题写“兆瓦时”，但日行数值疑似 kWh 级别，未自动换算","False"
"1、交易计算表2月.xls","2026-02","2026-02-18","1","00:00-01:00","44266","原表标题写“兆瓦时”，但日行数值疑似 kWh 级别，未自动换算","False"
"1、交易计算表2月.xls","2026-02","2026-02-18","2","01:00-02:00","27153","原表标题写“兆瓦时”，但日行数值疑似 kWh 级别，未自动换算","False"
"1、交易计算表2月.xls","2026-02","2026-02-18","3","02:00-03:00","38435","原表标题写“兆瓦时”，但日行数值疑似 kWh 级别，未自动换算","False"
"1、交易计算表2月.xls","2026-02","2026-02-18","4","03:00-04:00","21666","原表标题写“兆瓦时”，但日行数值疑似 kWh 级别，未自动换算","False"
"1、交易计算表2月.xls","2026-02","2026-02-18","5","04:00-05:00","38358","原表标题写“兆瓦时”，但日行数值疑似 kWh 级别，未自动换算","False"
"1、交易计算表2月.xls","2026-02","2026-02-18","6","05:00-06:00","54601","原表标题写“兆瓦时”，但日行数值疑似 kWh 级别，未自动换算","False"
"1、交易计算表2月.xls","2026-02","2026-02-18","7","06:00-07:00","73104","原表标题写“兆瓦时”，但日行数值疑似 kWh 级别，未自动换算","False"
"1、交易计算表2月.xls","2026-02","2026-02-18","8","07:00-08:00","68172","原表标题写“兆瓦时”，但日行数值疑似 kWh 级别，未自动换算","False"
"1、交易计算表2月.xls","2026-02","2026-02-18","9","08:00-09:00","71237","原表标题写“兆瓦时”，但日行数值疑似 kWh 级别，未自动换算","False"
"1、交易计算表2月.xls","2026-02","2026-02-18","10","09:00-10:00","86741","原表标题写“兆瓦时”，但日行数值疑似 kWh 级别，未自动换算","False"
"1、交易计算表2月.xls","2026-02","2026-02-18","11","10:00-11:00","83723","原表标题写“兆瓦时”，但日行数值疑似 kWh 级别，未自动换算","False"
"1、交易计算表2月.xls","2026-02","2026-02-18","12","11:00-12:00","83025","原表标题写“兆瓦时”，但日行数值疑似 kWh 级别，未自动换算","False"
"1、交易计算表2月.xls","2026-02","2026-02-18","13","12:00-13:00","74149","原表标题写“兆瓦时”，但日行数值疑似 kWh 级别，未自动换算","False"
"1、交易计算表2月.xls","2026-02","2026-02-18","14","13:00-14:00","79592","原表标题写“兆瓦时”，但日行数值疑似 kWh 级别，未自动换算","False"
"1、交易计算表2月.xls","2026-02","2026-02-18","15","14:00-15:00","92028","原表标题写“兆瓦时”，但日行数值疑似 kWh 级别，未自动换算","False"
"1、交易计算表2月.xls","2026-02","2026-02-18","16","15:00-16:00","69203","原表标题写“兆瓦时”，但日行数值疑似 kWh 级别，未自动换算","False"
"1、交易计算表2月.xls","2026-02","2026-02-18","17","16:00-17:00","87625","原表标题写“兆瓦时”，但日行数值疑似 kWh 级别，未自动换算","False"
"1、交易计算表2月.xls","2026-02","2026-02-18","18","17:00-18:00","87443","原表标题写“兆瓦时”，但日行数值疑似 kWh 级别，未自动换算","False"
"1、交易计算表2月.xls","2026-02","2026-02-18","19","18:00-19:00","77881","原表标题写“兆瓦时”，但日行数值疑似 kWh 级别，未自动换算","False"
"1、交易计算表2月.xls","2026-02","2026-02-18","20","19:00-20:00","79228","原表标题写“兆瓦时”，但日行数值疑似 kWh 级别，未自动换算","False"
"1、交易计算表2月.xls","2026-02","2026-02-18","21","20:00-21:00","79972","原表标题写“兆瓦时”，但日行数值疑似 kWh 级别，未自动换算","False"
"1、交易计算表2月.xls","2026-02","2026-02-18","22","21:00-22:00","84880","原表标题写“兆瓦时”，但日行数值疑似 kWh 级别，未自动换算","False"
"1、交易计算表2月.xls","2026-02","2026-02-18","23","22:00-23:00","72538","原表标题写“兆瓦时”，但日行数值疑似 kWh 级别，未自动换算","False"
"1、交易计算表2月.xls","2026-02","2026-02-18","24","23:00-24:00","70040","原表标题写“兆瓦时”，但日行数值疑似 kWh 级别，未自动换算","False"
"1、交易计算表2月.xls","2026-02","2026-02-17","1","00:00-01:00","33275","原表标题写“兆瓦时”，但日行数值疑似 kWh 级别，未自动换算","False"
"1、交易计算表2月.xls","2026-02","2026-02-17","2","01:00-02:00","41543","原表标题写“兆瓦时”，但日行数值疑似 kWh 级别，未自动换算","False"
"1、交易计算表2月.xls","2026-02","2026-02-17","3","02:00-03:00","25273","原表标题写“兆瓦时”，但日行数值疑似 kWh 级别，未自动换算","False"
"1、交易计算表2月.xls","2026-02","2026-02-17","4","03:00-04:00","30499","原表标题写“兆瓦时”，但日行数值疑似 kWh 级别，未自动换算","False"
"1、交易计算表2月.xls","2026-02","2026-02-17","5","04:00-05:00","37079","原表标题写“兆瓦时”，但日行数值疑似 kWh 级别，未自动换算","False"
"1、交易计算表2月.xls","2026-02","2026-02-17","6","05:00-06:00","50424","原表标题写“兆瓦时”，但日行数值疑似 kWh 级别，未自动换算","False"
"1、交易计算表2月.xls","2026-02","2026-02-17","7","06:00-07:00","69132","原表标题写“兆瓦时”，但日行数值疑似 kWh 级别，未自动换算","False"
"1、交易计算表2月.xls","2026-02","2026-02-17","8","07:00-08:00","71268","原表标题写“兆瓦时”，但日行数值疑似 kWh 级别，未自动换算","False"
"1、交易计算表2月.xls","2026-02","2026-02-17","9","08:00-09:00","76616","原表标题写“兆瓦时”，但日行数值疑似 kWh 级别，未自动换算","False"
"1、交易计算表2月.xls","2026-02","2026-02-17","10","09:00-10:00","86143","原表标题写“兆瓦时”，但日行数值疑似 kWh 级别，未自动换算","False"
"1、交易计算表2月.xls","2026-02","2026-02-17","11","10:00-11:00","81985","原表标题写“兆瓦时”，但日行数值疑似 kWh 级别，未自动换算","False"
"1、交易计算表2月.xls","2026-02","2026-02-17","12","11:00-12:00","72274","原表标题写“兆瓦时”，但日行数值疑似 kWh 级别，未自动换算","False"
"1、交易计算表2月.xls","2026-02","2026-02-17","13","12:00-13:00","91923","原表标题写“兆瓦时”，但日行数值疑似 kWh 级别，未自动换算","False"
"1、交易计算表2月.xls","2026-02","2026-02-17","14","13:00-14:00","83005","原表标题写“兆瓦时”，但日行数值疑似 kWh 级别，未自动换算","False"
"1、交易计算表2月.xls","2026-02","2026-02-17","15","14:00-15:00","73653","原表标题写“兆瓦时”，但日行数值疑似 kWh 级别，未自动换算","False"
"1、交易计算表2月.xls","2026-02","2026-02-17","16","15:00-16:00","83956","原表标题写“兆瓦时”，但日行数值疑似 kWh 级别，未自动换算","False"
"1、交易计算表2月.xls","2026-02","2026-02-17","17","16:00-17:00","78954","原表标题写“兆瓦时”，但日行数值疑似 kWh 级别，未自动换算","False"
"1、交易计算表2月.xls","2026-02","2026-02-17","18","17:00-18:00","86318","原表标题写“兆瓦时”，但日行数值疑似 kWh 级别，未自动换算","False"
"1、交易计算表2月.xls","2026-02","2026-02-17","19","18:00-19:00","72762","原表标题写“兆瓦时”，但日行数值疑似 kWh 级别，未自动换算","False"
"1、交易计算表2月.xls","2026-02","2026-02-17","20","19:00-20:00","91960","原表标题写“兆瓦时”，但日行数值疑似 kWh 级别，未自动换算","False"
"1、交易计算表2月.xls","2026-02","2026-02-17","21","20:00-21:00","82843","原表标题写“兆瓦时”，但日行数值疑似 kWh 级别，未自动换算","False"
"1、交易计算表2月.xls","2026-02","2026-02-17","22","21:00-22:00","70186","原表标题写“兆瓦时”，但日行数值疑似 kWh 级别，未自动换算","False"
"1、交易计算表2月.xls","2026-02","2026-02-17","23","22:00-23:00","74527","原表标题写“兆瓦时”，但日行数值疑似 kWh 级别，未自动换算","False"
"1、交易计算表2月.xls","2026-02","2026-02-17","24","23:00-24:00","64471","原表标题写“兆瓦时”，但日行数值疑似 kWh 级别，未自动换算","False"
"1、交易计算表2月.xls","2026-02","2026-02-16","1","00:00-01:00","48951","原表标题写“兆瓦时”，但日行数值疑似 kWh 级别，未自动换算","False"
"1、交易计算表2月.xls","2026-02","2026-02-16","2","01:00-02:00","19815","原表标题写“兆瓦时”，但日行数值疑似 kWh 级别，未自动换算","False"
"1、交易计算表2月.xls","2026-02","2026-02-16","3","02:00-03:00","32175","原表标题写“兆瓦时”，但日行数值疑似 kWh 级别，未自动换算","False"
"1、交易计算表2月.xls","2026-02","2026-02-16","4","03:00-04:00","34120","原表标题写“兆瓦时”，但日行数值疑似 kWh 级别，未自动换算","False"
"1、交易计算表2月.xls","2026-02","2026-02-16","5","04:00-05:00","24144","原表标题写“兆瓦时”，但日行数值疑似 kWh 级别，未自动换算","False"
"1、交易计算表2月.xls","2026-02","2026-02-16","6","05:00-06:00","49128","原表标题写“兆瓦时”，但日行数值疑似 kWh 级别，未自动换算","False"
"1、交易计算表2月.xls","2026-02","2026-02-16","7","06:00-07:00","63987","原表标题写“兆瓦时”，但日行数值疑似 kWh 级别，未自动换算","False"
"1、交易计算表2月.xls","2026-02","2026-02-16","8","07:00-08:00","84938","原表标题写“兆瓦时”，但日行数值疑似 kWh 级别，未自动换算","False"
"1、交易计算表2月.xls","2026-02","2026-02-16","9","08:00-09:00","70203","原表标题写“兆瓦时”，但日行数值疑似 kWh 级别，未自动换算","False"
"1、交易计算表2月.xls","2026-02","2026-02-16","10","09:00-10:00","74604","原表标题写“兆瓦时”，但日行数值疑似 kWh 级别，未自动换算","False"
"1、交易计算表2月.xls","2026-02","2026-02-16","11","10:00-11:00","79427","原表标题写“兆瓦时”，但日行数值疑似 kWh 级别，未自动换算","False"
"1、交易计算表2月.xls","2026-02","2026-02-16","12","11:00-12:00","85474","原表标题写“兆瓦时”，但日行数值疑似 kWh 级别，未自动换算","False"
"1、交易计算表2月.xls","2026-02","2026-02-16","13","12:00-13:00","72752","原表标题写“兆瓦时”，但日行数值疑似 kWh 级别，未自动换算","False"
"1、交易计算表2月.xls","2026-02","2026-02-16","14","13:00-14:00","72797","原表标题写“兆瓦时”，但日行数值疑似 kWh 级别，未自动换算","False"
"1、交易计算表2月.xls","2026-02","2026-02-16","15","14:00-15:00","88625","原表标题写“兆瓦时”，但日行数值疑似 kWh 级别，未自动换算","False"
"1、交易计算表2月.xls","2026-02","2026-02-16","16","15:00-16:00","70708","原表标题写“兆瓦时”，但日行数值疑似 kWh 级别，未自动换算","False"
"1、交易计算表2月.xls","2026-02","2026-02-16","17","16:00-17:00","72782","原表标题写“兆瓦时”，但日行数值疑似 kWh 级别，未自动换算","False"
"1、交易计算表2月.xls","2026-02","2026-02-16","18","17:00-18:00","78748","原表标题写“兆瓦时”，但日行数值疑似 kWh 级别，未自动换算","False"
"1、交易计算表2月.xls","2026-02","2026-02-16","19","18:00-19:00","80568","原表标题写“兆瓦时”，但日行数值疑似 kWh 级别，未自动换算","False"
"1、交易计算表2月.xls","2026-02","2026-02-16","20","19:00-20:00","71958","原表标题写“兆瓦时”，但日行数值疑似 kWh 级别，未自动换算","False"
"1、交易计算表2月.xls","2026-02","2026-02-16","21","20:00-21:00","78991","原表标题写“兆瓦时”，但日行数值疑似 kWh 级别，未自动换算","False"
"1、交易计算表2月.xls","2026-02","2026-02-16","22","21:00-22:00","70592","原表标题写“兆瓦时”，但日行数值疑似 kWh 级别，未自动换算","False"
"1、交易计算表2月.xls","2026-02","2026-02-16","23","22:00-23:00","73923","原表标题写“兆瓦时”，但日行数值疑似 kWh 级别，未自动换算","False"
"1、交易计算表2月.xls","2026-02","2026-02-16","24","23:00-24:00","70844","原表标题写“兆瓦时”，但日行数值疑似 kWh 级别，未自动换算","False"
"1、交易计算表2月.xls","2026-02","2026-02-15","1","00:00-01:00","41338","原表标题写“兆瓦时”，但日行数值疑似 kWh 级别，未自动换算","False"
"1、交易计算表2月.xls","2026-02","2026-02-15","2","01:00-02:00","25046","原表标题写“兆瓦时”，但日行数值疑似 kWh 级别，未自动换算","False"
"1、交易计算表2月.xls","2026-02","2026-02-15","3","02:00-03:00","28852","原表标题写“兆瓦时”，但日行数值疑似 kWh 级别，未自动换算","False"
"1、交易计算表2月.xls","2026-02","2026-02-15","4","03:00-04:00","27304","原表标题写“兆瓦时”，但日行数值疑似 kWh 级别，未自动换算","False"
"1、交易计算表2月.xls","2026-02","2026-02-15","5","04:00-05:00","38807","原表标题写“兆瓦时”，但日行数值疑似 kWh 级别，未自动换算","False"
"1、交易计算表2月.xls","2026-02","2026-02-15","6","05:00-06:00","39399","原表标题写“兆瓦时”，但日行数值疑似 kWh 级别，未自动换算","False"
"1、交易计算表2月.xls","2026-02","2026-02-15","7","06:00-07:00","71216","原表标题写“兆瓦时”，但日行数值疑似 kWh 级别，未自动换算","False"
"1、交易计算表2月.xls","2026-02","2026-02-15","8","07:00-08:00","70063","原表标题写“兆瓦时”，但日行数值疑似 kWh 级别，未自动换算","False"
"1、交易计算表2月.xls","2026-02","2026-02-15","9","08:00-09:00","78411","原表标题写“兆瓦时”，但日行数值疑似 kWh 级别，未自动换算","False"
"1、交易计算表2月.xls","2026-02","2026-02-15","10","09:00-10:00","72891","原表标题写“兆瓦时”，但日行数值疑似 kWh 级别，未自动换算","False"
"1、交易计算表2月.xls","2026-02","2026-02-15","11","10:00-11:00","75659","原表标题写“兆瓦时”，但日行数值疑似 kWh 级别，未自动换算","False"
"1、交易计算表2月.xls","2026-02","2026-02-15","12","11:00-12:00","76152","原表标题写“兆瓦时”，但日行数值疑似 kWh 级别，未自动换算","False"
"1、交易计算表2月.xls","2026-02","2026-02-15","13","12:00-13:00","73998","原表标题写“兆瓦时”，但日行数值疑似 kWh 级别，未自动换算","False"
"1、交易计算表2月.xls","2026-02","2026-02-15","14","13:00-14:00","75613","原表标题写“兆瓦时”，但日行数值疑似 kWh 级别，未自动换算","False"
"1、交易计算表2月.xls","2026-02","2026-02-15","15","14:00-15:00","68201","原表标题写“兆瓦时”，但日行数值疑似 kWh 级别，未自动换算","False"
"1、交易计算表2月.xls","2026-02","2026-02-15","16","15:00-16:00","72865","原表标题写“兆瓦时”，但日行数值疑似 kWh 级别，未自动换算","False"
"1、交易计算表2月.xls","2026-02","2026-02-15","17","16:00-17:00","81163","原表标题写“兆瓦时”，但日行数值疑似 kWh 级别，未自动换算","False"
"1、交易计算表2月.xls","2026-02","2026-02-15","18","17:00-18:00","77213","原表标题写“兆瓦时”，但日行数值疑似 kWh 级别，未自动换算","False"
"1、交易计算表2月.xls","2026-02","2026-02-15","19","18:00-19:00","76418","原表标题写“兆瓦时”，但日行数值疑似 kWh 级别，未自动换算","False"
"1、交易计算表2月.xls","2026-02","2026-02-15","20","19:00-20:00","76897","原表标题写“兆瓦时”，但日行数值疑似 kWh 级别，未自动换算","False"
"1、交易计算表2月.xls","2026-02","2026-02-15","21","20:00-21:00","72516","原表标题写“兆瓦时”，但日行数值疑似 kWh 级别，未自动换算","False"
"1、交易计算表2月.xls","2026-02","2026-02-15","22","21:00-22:00","73873","原表标题写“兆瓦时”，但日行数值疑似 kWh 级别，未自动换算","False"
"1、交易计算表2月.xls","2026-02","2026-02-15","23","22:00-23:00","79189","原表标题写“兆瓦时”，但日行数值疑似 kWh 级别，未自动换算","False"
"1、交易计算表2月.xls","2026-02","2026-02-15","24","23:00-24:00","58447","原表标题写“兆瓦时”，但日行数值疑似 kWh 级别，未自动换算","False"
"1、交易计算表2月.xls","2026-02","2026-02-14","1","00:00-01:00","27910","原表标题写“兆瓦时”，但日行数值疑似 kWh 级别，未自动换算","False"
"1、交易计算表2月.xls","2026-02","2026-02-14","2","01:00-02:00","35912","原表标题写“兆瓦时”，但日行数值疑似 kWh 级别，未自动换算","False"
"1、交易计算表2月.xls","2026-02","2026-02-14","3","02:00-03:00","29462","原表标题写“兆瓦时”，但日行数值疑似 kWh 级别，未自动换算","False"
"1、交易计算表2月.xls","2026-02","2026-02-14","4","03:00-04:00","27703","原表标题写“兆瓦时”，但日行数值疑似 kWh 级别，未自动换算","False"
"1、交易计算表2月.xls","2026-02","2026-02-14","5","04:00-05:00","35066","原表标题写“兆瓦时”，但日行数值疑似 kWh 级别，未自动换算","False"
"1、交易计算表2月.xls","2026-02","2026-02-14","6","05:00-06:00","51283","原表标题写“兆瓦时”，但日行数值疑似 kWh 级别，未自动换算","False"
"1、交易计算表2月.xls","2026-02","2026-02-14","7","06:00-07:00","70803","原表标题写“兆瓦时”，但日行数值疑似 kWh 级别，未自动换算","False"
"1、交易计算表2月.xls","2026-02","2026-02-14","8","07:00-08:00","90304","原表标题写“兆瓦时”，但日行数值疑似 kWh 级别，未自动换算","False"
"1、交易计算表2月.xls","2026-02","2026-02-14","9","08:00-09:00","85323","原表标题写“兆瓦时”，但日行数值疑似 kWh 级别，未自动换算","False"
"1、交易计算表2月.xls","2026-02","2026-02-14","10","09:00-10:00","83971","原表标题写“兆瓦时”，但日行数值疑似 kWh 级别，未自动换算","False"
"1、交易计算表2月.xls","2026-02","2026-02-14","11","10:00-11:00","87479","原表标题写“兆瓦时”，但日行数值疑似 kWh 级别，未自动换算","False"
"1、交易计算表2月.xls","2026-02","2026-02-14","12","11:00-12:00","71059","原表标题写“兆瓦时”，但日行数值疑似 kWh 级别，未自动换算","False"
"1、交易计算表2月.xls","2026-02","2026-02-14","13","12:00-13:00","85737","原表标题写“兆瓦时”，但日行数值疑似 kWh 级别，未自动换算","False"
"1、交易计算表2月.xls","2026-02","2026-02-14","14","13:00-14:00","69369","原表标题写“兆瓦时”，但日行数值疑似 kWh 级别，未自动换算","False"
"1、交易计算表2月.xls","2026-02","2026-02-14","15","14:00-15:00","71722","原表标题写“兆瓦时”，但日行数值疑似 kWh 级别，未自动换算","False"
"1、交易计算表2月.xls","2026-02","2026-02-14","16","15:00-16:00","85033","原表标题写“兆瓦时”，但日行数值疑似 kWh 级别，未自动换算","False"
"1、交易计算表2月.xls","2026-02","2026-02-14","17","16:00-17:00","84521","原表标题写“兆瓦时”，但日行数值疑似 kWh 级别，未自动换算","False"
"1、交易计算表2月.xls","2026-02","2026-02-14","18","17:00-18:00","84840","原表标题写“兆瓦时”，但日行数值疑似 kWh 级别，未自动换算","False"
"1、交易计算表2月.xls","2026-02","2026-02-14","19","18:00-19:00","86571","原表标题写“兆瓦时”，但日行数值疑似 kWh 级别，未自动换算","False"
"1、交易计算表2月.xls","2026-02","2026-02-14","20","19:00-20:00","88938","原表标题写“兆瓦时”，但日行数值疑似 kWh 级别，未自动换算","False"
"1、交易计算表2月.xls","2026-02","2026-02-14","21","20:00-21:00","75506","原表标题写“兆瓦时”，但日行数值疑似 kWh 级别，未自动换算","False"
"1、交易计算表2月.xls","2026-02","2026-02-14","22","21:00-22:00","82199","原表标题写“兆瓦时”，但日行数值疑似 kWh 级别，未自动换算","False"
"1、交易计算表2月.xls","2026-02","2026-02-14","23","22:00-23:00","67982","原表标题写“兆瓦时”，但日行数值疑似 kWh 级别，未自动换算","False"
"1、交易计算表2月.xls","2026-02","2026-02-14","24","23:00-24:00","63507","原表标题写“兆瓦时”，但日行数值疑似 kWh 级别，未自动换算","False"
"1、交易计算表2月.xls","2026-02","2026-02-13","1","00:00-01:00","28148","原表标题写“兆瓦时”，但日行数值疑似 kWh 级别，未自动换算","False"
"1、交易计算表2月.xls","2026-02","2026-02-13","2","01:00-02:00","43660","原表标题写“兆瓦时”，但日行数值疑似 kWh 级别，未自动换算","False"
"1、交易计算表2月.xls","2026-02","2026-02-13","3","02:00-03:00","29196","原表标题写“兆瓦时”，但日行数值疑似 kWh 级别，未自动换算","False"
"1、交易计算表2月.xls","2026-02","2026-02-13","4","03:00-04:00","18350","原表标题写“兆瓦时”，但日行数值疑似 kWh 级别，未自动换算","False"
"1、交易计算表2月.xls","2026-02","2026-02-13","5","04:00-05:00","45079","原表标题写“兆瓦时”，但日行数值疑似 kWh 级别，未自动换算","False"
"1、交易计算表2月.xls","2026-02","2026-02-13","6","05:00-06:00","49672","原表标题写“兆瓦时”，但日行数值疑似 kWh 级别，未自动换算","False"
"1、交易计算表2月.xls","2026-02","2026-02-13","7","06:00-07:00","75936","原表标题写“兆瓦时”，但日行数值疑似 kWh 级别，未自动换算","False"
"1、交易计算表2月.xls","2026-02","2026-02-13","8","07:00-08:00","81394","原表标题写“兆瓦时”，但日行数值疑似 kWh 级别，未自动换算","False"
"1、交易计算表2月.xls","2026-02","2026-02-13","9","08:00-09:00","99125","原表标题写“兆瓦时”，但日行数值疑似 kWh 级别，未自动换算","False"
"1、交易计算表2月.xls","2026-02","2026-02-13","10","09:00-10:00","79475","原表标题写“兆瓦时”，但日行数值疑似 kWh 级别，未自动换算","False"
"1、交易计算表2月.xls","2026-02","2026-02-13","11","10:00-11:00","94552","原表标题写“兆瓦时”，但日行数值疑似 kWh 级别，未自动换算","False"
"1、交易计算表2月.xls","2026-02","2026-02-13","12","11:00-12:00","69753","原表标题写“兆瓦时”，但日行数值疑似 kWh 级别，未自动换算","False"
"1、交易计算表2月.xls","2026-02","2026-02-13","13","12:00-13:00","77113","原表标题写“兆瓦时”，但日行数值疑似 kWh 级别，未自动换算","False"
"1、交易计算表2月.xls","2026-02","2026-02-13","14","13:00-14:00","76725","原表标题写“兆瓦时”，但日行数值疑似 kWh 级别，未自动换算","False"
"1、交易计算表2月.xls","2026-02","2026-02-13","15","14:00-15:00","94879","原表标题写“兆瓦时”，但日行数值疑似 kWh 级别，未自动换算","False"
"1、交易计算表2月.xls","2026-02","2026-02-13","16","15:00-16:00","82264","原表标题写“兆瓦时”，但日行数值疑似 kWh 级别，未自动换算","False"
"1、交易计算表2月.xls","2026-02","2026-02-13","17","16:00-17:00","79931","原表标题写“兆瓦时”，但日行数值疑似 kWh 级别，未自动换算","False"
"1、交易计算表2月.xls","2026-02","2026-02-13","18","17:00-18:00","89336","原表标题写“兆瓦时”，但日行数值疑似 kWh 级别，未自动换算","False"
"1、交易计算表2月.xls","2026-02","2026-02-13","19","18:00-19:00","90279","原表标题写“兆瓦时”，但日行数值疑似 kWh 级别，未自动换算","False"
"1、交易计算表2月.xls","2026-02","2026-02-13","20","19:00-20:00","81696","原表标题写“兆瓦时”，但日行数值疑似 kWh 级别，未自动换算","False"
"1、交易计算表2月.xls","2026-02","2026-02-13","21","20:00-21:00","83423","原表标题写“兆瓦时”，但日行数值疑似 kWh 级别，未自动换算","False"
"1、交易计算表2月.xls","2026-02","2026-02-13","22","21:00-22:00","78992","原表标题写“兆瓦时”，但日行数值疑似 kWh 级别，未自动换算","False"
"1、交易计算表2月.xls","2026-02","2026-02-13","23","22:00-23:00","68050","原表标题写“兆瓦时”，但日行数值疑似 kWh 级别，未自动换算","False"
"1、交易计算表2月.xls","2026-02","2026-02-13","24","23:00-24:00","54889","原表标题写“兆瓦时”，但日行数值疑似 kWh 级别，未自动换算","False"
"1、交易计算表2月.xls","2026-02","2026-02-12","1","00:00-01:00","46628","原表标题写“兆瓦时”，但日行数值疑似 kWh 级别，未自动换算","False"
"1、交易计算表2月.xls","2026-02","2026-02-12","2","01:00-02:00","30112","原表标题写“兆瓦时”，但日行数值疑似 kWh 级别，未自动换算","False"
"1、交易计算表2月.xls","2026-02","2026-02-12","3","02:00-03:00","30258","原表标题写“兆瓦时”，但日行数值疑似 kWh 级别，未自动换算","False"
"1、交易计算表2月.xls","2026-02","2026-02-12","4","03:00-04:00","42636","原表标题写“兆瓦时”，但日行数值疑似 kWh 级别，未自动换算","False"
"1、交易计算表2月.xls","2026-02","2026-02-12","5","04:00-05:00","28424","原表标题写“兆瓦时”，但日行数值疑似 kWh 级别，未自动换算","False"
"1、交易计算表2月.xls","2026-02","2026-02-12","6","05:00-06:00","52030","原表标题写“兆瓦时”，但日行数值疑似 kWh 级别，未自动换算","False"
"1、交易计算表2月.xls","2026-02","2026-02-12","7","06:00-07:00","72453","原表标题写“兆瓦时”，但日行数值疑似 kWh 级别，未自动换算","False"
"1、交易计算表2月.xls","2026-02","2026-02-12","8","07:00-08:00","95979","原表标题写“兆瓦时”，但日行数值疑似 kWh 级别，未自动换算","False"
"1、交易计算表2月.xls","2026-02","2026-02-12","9","08:00-09:00","89865","原表标题写“兆瓦时”，但日行数值疑似 kWh 级别，未自动换算","False"
"1、交易计算表2月.xls","2026-02","2026-02-12","10","09:00-10:00","96959","原表标题写“兆瓦时”，但日行数值疑似 kWh 级别，未自动换算","False"
"1、交易计算表2月.xls","2026-02","2026-02-12","11","10:00-11:00","74762","原表标题写“兆瓦时”，但日行数值疑似 kWh 级别，未自动换算","False"
"1、交易计算表2月.xls","2026-02","2026-02-12","12","11:00-12:00","81729","原表标题写“兆瓦时”，但日行数值疑似 kWh 级别，未自动换算","False"
"1、交易计算表2月.xls","2026-02","2026-02-12","13","12:00-13:00","85206","原表标题写“兆瓦时”，但日行数值疑似 kWh 级别，未自动换算","False"
"1、交易计算表2月.xls","2026-02","2026-02-12","14","13:00-14:00","79646","原表标题写“兆瓦时”，但日行数值疑似 kWh 级别，未自动换算","False"
"1、交易计算表2月.xls","2026-02","2026-02-12","15","14:00-15:00","73086","原表标题写“兆瓦时”，但日行数值疑似 kWh 级别，未自动换算","False"
"1、交易计算表2月.xls","2026-02","2026-02-12","16","15:00-16:00","83066","原表标题写“兆瓦时”，但日行数值疑似 kWh 级别，未自动换算","False"
"1、交易计算表2月.xls","2026-02","2026-02-12","17","16:00-17:00","86464","原表标题写“兆瓦时”，但日行数值疑似 kWh 级别，未自动换算","False"
"1、交易计算表2月.xls","2026-02","2026-02-12","18","17:00-18:00","89443","原表标题写“兆瓦时”，但日行数值疑似 kWh 级别，未自动换算","False"
"1、交易计算表2月.xls","2026-02","2026-02-12","19","18:00-19:00","93723","原表标题写“兆瓦时”，但日行数值疑似 kWh 级别，未自动换算","False"
"1、交易计算表2月.xls","2026-02","2026-02-12","20","19:00-20:00","86149","原表标题写“兆瓦时”，但日行数值疑似 kWh 级别，未自动换算","False"
"1、交易计算表2月.xls","2026-02","2026-02-12","21","20:00-21:00","77865","原表标题写“兆瓦时”，但日行数值疑似 kWh 级别，未自动换算","False"
"1、交易计算表2月.xls","2026-02","2026-02-12","22","21:00-22:00","79044","原表标题写“兆瓦时”，但日行数值疑似 kWh 级别，未自动换算","False"
"1、交易计算表2月.xls","2026-02","2026-02-12","23","22:00-23:00","78167","原表标题写“兆瓦时”，但日行数值疑似 kWh 级别，未自动换算","False"
"1、交易计算表2月.xls","2026-02","2026-02-12","24","23:00-24:00","49363","原表标题写“兆瓦时”，但日行数值疑似 kWh 级别，未自动换算","False"
"1、交易计算表2月.xls","2026-02","2026-02-11","1","00:00-01:00","30615","原表标题写“兆瓦时”，但日行数值疑似 kWh 级别，未自动换算","False"
"1、交易计算表2月.xls","2026-02","2026-02-11","2","01:00-02:00","33379","原表标题写“兆瓦时”，但日行数值疑似 kWh 级别，未自动换算","False"
"1、交易计算表2月.xls","2026-02","2026-02-11","3","02:00-03:00","33977","原表标题写“兆瓦时”，但日行数值疑似 kWh 级别，未自动换算","False"
"1、交易计算表2月.xls","2026-02","2026-02-11","4","03:00-04:00","31542","原表标题写“兆瓦时”，但日行数值疑似 kWh 级别，未自动换算","False"
"1、交易计算表2月.xls","2026-02","2026-02-11","5","04:00-05:00","34127","原表标题写“兆瓦时”，但日行数值疑似 kWh 级别，未自动换算","False"
"1、交易计算表2月.xls","2026-02","2026-02-11","6","05:00-06:00","52212","原表标题写“兆瓦时”，但日行数值疑似 kWh 级别，未自动换算","False"
"1、交易计算表2月.xls","2026-02","2026-02-11","7","06:00-07:00","76388","原表标题写“兆瓦时”，但日行数值疑似 kWh 级别，未自动换算","False"
"1、交易计算表2月.xls","2026-02","2026-02-11","8","07:00-08:00","87211","原表标题写“兆瓦时”，但日行数值疑似 kWh 级别，未自动换算","False"
"1、交易计算表2月.xls","2026-02","2026-02-11","9","08:00-09:00","101823","原表标题写“兆瓦时”，但日行数值疑似 kWh 级别，未自动换算","False"
"1、交易计算表2月.xls","2026-02","2026-02-11","10","09:00-10:00","80464","原表标题写“兆瓦时”，但日行数值疑似 kWh 级别，未自动换算","False"
"1、交易计算表2月.xls","2026-02","2026-02-11","11","10:00-11:00","94413","原表标题写“兆瓦时”，但日行数值疑似 kWh 级别，未自动换算","False"
"1、交易计算表2月.xls","2026-02","2026-02-11","12","11:00-12:00","78998","原表标题写“兆瓦时”，但日行数值疑似 kWh 级别，未自动换算","False"
"1、交易计算表2月.xls","2026-02","2026-02-11","13","12:00-13:00","85138","原表标题写“兆瓦时”，但日行数值疑似 kWh 级别，未自动换算","False"
"1、交易计算表2月.xls","2026-02","2026-02-11","14","13:00-14:00","74382","原表标题写“兆瓦时”，但日行数值疑似 kWh 级别，未自动换算","False"
"1、交易计算表2月.xls","2026-02","2026-02-11","15","14:00-15:00","80637","原表标题写“兆瓦时”，但日行数值疑似 kWh 级别，未自动换算","False"
"1、交易计算表2月.xls","2026-02","2026-02-11","16","15:00-16:00","80380","原表标题写“兆瓦时”，但日行数值疑似 kWh 级别，未自动换算","False"
"1、交易计算表2月.xls","2026-02","2026-02-11","17","16:00-17:00","94150","原表标题写“兆瓦时”，但日行数值疑似 kWh 级别，未自动换算","False"
"1、交易计算表2月.xls","2026-02","2026-02-11","18","17:00-18:00","84991","原表标题写“兆瓦时”，但日行数值疑似 kWh 级别，未自动换算","False"
"1、交易计算表2月.xls","2026-02","2026-02-11","19","18:00-19:00","98576","原表标题写“兆瓦时”，但日行数值疑似 kWh 级别，未自动换算","False"
"1、交易计算表2月.xls","2026-02","2026-02-11","20","19:00-20:00","90983","原表标题写“兆瓦时”，但日行数值疑似 kWh 级别，未自动换算","False"
"1、交易计算表2月.xls","2026-02","2026-02-11","21","20:00-21:00","72806","原表标题写“兆瓦时”，但日行数值疑似 kWh 级别，未自动换算","False"
"1、交易计算表2月.xls","2026-02","2026-02-11","22","21:00-22:00","80520","原表标题写“兆瓦时”，但日行数值疑似 kWh 级别，未自动换算","False"
"1、交易计算表2月.xls","2026-02","2026-02-11","23","22:00-23:00","77891","原表标题写“兆瓦时”，但日行数值疑似 kWh 级别，未自动换算","False"
"1、交易计算表2月.xls","2026-02","2026-02-11","24","23:00-24:00","64660","原表标题写“兆瓦时”，但日行数值疑似 kWh 级别，未自动换算","False"
"1、交易计算表2月.xls","2026-02","2026-02-10","1","00:00-01:00","37182","原表标题写“兆瓦时”，但日行数值疑似 kWh 级别，未自动换算","False"
"1、交易计算表2月.xls","2026-02","2026-02-10","2","01:00-02:00","30324","原表标题写“兆瓦时”，但日行数值疑似 kWh 级别，未自动换算","False"
"1、交易计算表2月.xls","2026-02","2026-02-10","3","02:00-03:00","35903","原表标题写“兆瓦时”，但日行数值疑似 kWh 级别，未自动换算","False"
"1、交易计算表2月.xls","2026-02","2026-02-10","4","03:00-04:00","27941","原表标题写“兆瓦时”，但日行数值疑似 kWh 级别，未自动换算","False"
"1、交易计算表2月.xls","2026-02","2026-02-10","5","04:00-05:00","39703","原表标题写“兆瓦时”，但日行数值疑似 kWh 级别，未自动换算","False"
"1、交易计算表2月.xls","2026-02","2026-02-10","6","05:00-06:00","42848","原表标题写“兆瓦时”，但日行数值疑似 kWh 级别，未自动换算","False"
"1、交易计算表2月.xls","2026-02","2026-02-10","7","06:00-07:00","78500","原表标题写“兆瓦时”，但日行数值疑似 kWh 级别，未自动换算","False"
"1、交易计算表2月.xls","2026-02","2026-02-10","8","07:00-08:00","92431","原表标题写“兆瓦时”，但日行数值疑似 kWh 级别，未自动换算","False"
"1、交易计算表2月.xls","2026-02","2026-02-10","9","08:00-09:00","93672","原表标题写“兆瓦时”，但日行数值疑似 kWh 级别，未自动换算","False"
"1、交易计算表2月.xls","2026-02","2026-02-10","10","09:00-10:00","90732","原表标题写“兆瓦时”，但日行数值疑似 kWh 级别，未自动换算","False"
"1、交易计算表2月.xls","2026-02","2026-02-10","11","10:00-11:00","91969","原表标题写“兆瓦时”，但日行数值疑似 kWh 级别，未自动换算","False"
"1、交易计算表2月.xls","2026-02","2026-02-10","12","11:00-12:00","80914","原表标题写“兆瓦时”，但日行数值疑似 kWh 级别，未自动换算","False"
"1、交易计算表2月.xls","2026-02","2026-02-10","13","12:00-13:00","85770","原表标题写“兆瓦时”，但日行数值疑似 kWh 级别，未自动换算","False"
"1、交易计算表2月.xls","2026-02","2026-02-10","14","13:00-14:00","76817","原表标题写“兆瓦时”，但日行数值疑似 kWh 级别，未自动换算","False"
"1、交易计算表2月.xls","2026-02","2026-02-10","15","14:00-15:00","85980","原表标题写“兆瓦时”，但日行数值疑似 kWh 级别，未自动换算","False"
"1、交易计算表2月.xls","2026-02","2026-02-10","16","15:00-16:00","83388","原表标题写“兆瓦时”，但日行数值疑似 kWh 级别，未自动换算","False"
"1、交易计算表2月.xls","2026-02","2026-02-10","17","16:00-17:00","87711","原表标题写“兆瓦时”，但日行数值疑似 kWh 级别，未自动换算","False"
"1、交易计算表2月.xls","2026-02","2026-02-10","18","17:00-18:00","86225","原表标题写“兆瓦时”，但日行数值疑似 kWh 级别，未自动换算","False"
"1、交易计算表2月.xls","2026-02","2026-02-10","19","18:00-19:00","94767","原表标题写“兆瓦时”，但日行数值疑似 kWh 级别，未自动换算","False"
"1、交易计算表2月.xls","2026-02","2026-02-10","20","19:00-20:00","97018","原表标题写“兆瓦时”，但日行数值疑似 kWh 级别，未自动换算","False"
"1、交易计算表2月.xls","2026-02","2026-02-10","21","20:00-21:00","77689","原表标题写“兆瓦时”，但日行数值疑似 kWh 级别，未自动换算","False"
"1、交易计算表2月.xls","2026-02","2026-02-10","22","21:00-22:00","72688","原表标题写“兆瓦时”，但日行数值疑似 kWh 级别，未自动换算","False"
"1、交易计算表2月.xls","2026-02","2026-02-10","23","22:00-23:00","82741","原表标题写“兆瓦时”，但日行数值疑似 kWh 级别，未自动换算","False"
"1、交易计算表2月.xls","2026-02","2026-02-10","24","23:00-24:00","53023","原表标题写“兆瓦时”，但日行数值疑似 kWh 级别，未自动换算","False"
"1、交易计算表2月.xls","2026-02","2026-02-09","1","00:00-01:00","46381","原表标题写“兆瓦时”，但日行数值疑似 kWh 级别，未自动换算","False"
"1、交易计算表2月.xls","2026-02","2026-02-09","2","01:00-02:00","30252","原表标题写“兆瓦时”，但日行数值疑似 kWh 级别，未自动换算","False"
"1、交易计算表2月.xls","2026-02","2026-02-09","3","02:00-03:00","34548","原表标题写“兆瓦时”，但日行数值疑似 kWh 级别，未自动换算","False"
"1、交易计算表2月.xls","2026-02","2026-02-09","4","03:00-04:00","33097","原表标题写“兆瓦时”，但日行数值疑似 kWh 级别，未自动换算","False"
"1、交易计算表2月.xls","2026-02","2026-02-09","5","04:00-05:00","37955","原表标题写“兆瓦时”，但日行数值疑似 kWh 级别，未自动换算","False"
"1、交易计算表2月.xls","2026-02","2026-02-09","6","05:00-06:00","52526","原表标题写“兆瓦时”，但日行数值疑似 kWh 级别，未自动换算","False"
"1、交易计算表2月.xls","2026-02","2026-02-09","7","06:00-07:00","75780","原表标题写“兆瓦时”，但日行数值疑似 kWh 级别，未自动换算","False"
"1、交易计算表2月.xls","2026-02","2026-02-09","8","07:00-08:00","98769","原表标题写“兆瓦时”，但日行数值疑似 kWh 级别，未自动换算","False"
"1、交易计算表2月.xls","2026-02","2026-02-09","9","08:00-09:00","89570","原表标题写“兆瓦时”，但日行数值疑似 kWh 级别，未自动换算","False"
"1、交易计算表2月.xls","2026-02","2026-02-09","10","09:00-10:00","87889","原表标题写“兆瓦时”，但日行数值疑似 kWh 级别，未自动换算","False"
"1、交易计算表2月.xls","2026-02","2026-02-09","11","10:00-11:00","98274","原表标题写“兆瓦时”，但日行数值疑似 kWh 级别，未自动换算","False"
"1、交易计算表2月.xls","2026-02","2026-02-09","12","11:00-12:00","80976","原表标题写“兆瓦时”，但日行数值疑似 kWh 级别，未自动换算","False"
"1、交易计算表2月.xls","2026-02","2026-02-09","13","12:00-13:00","75693","原表标题写“兆瓦时”，但日行数值疑似 kWh 级别，未自动换算","False"
"1、交易计算表2月.xls","2026-02","2026-02-09","14","13:00-14:00","89977","原表标题写“兆瓦时”，但日行数值疑似 kWh 级别，未自动换算","False"
"1、交易计算表2月.xls","2026-02","2026-02-09","15","14:00-15:00","73348","原表标题写“兆瓦时”，但日行数值疑似 kWh 级别，未自动换算","False"
"1、交易计算表2月.xls","2026-02","2026-02-09","16","15:00-16:00","83355","原表标题写“兆瓦时”，但日行数值疑似 kWh 级别，未自动换算","False"
"1、交易计算表2月.xls","2026-02","2026-02-09","17","16:00-17:00","95643","原表标题写“兆瓦时”，但日行数值疑似 kWh 级别，未自动换算","False"
"1、交易计算表2月.xls","2026-02","2026-02-09","18","17:00-18:00","93142","原表标题写“兆瓦时”，但日行数值疑似 kWh 级别，未自动换算","False"
"1、交易计算表2月.xls","2026-02","2026-02-09","19","18:00-19:00","92955","原表标题写“兆瓦时”，但日行数值疑似 kWh 级别，未自动换算","False"
"1、交易计算表2月.xls","2026-02","2026-02-09","20","19:00-20:00","85292","原表标题写“兆瓦时”，但日行数值疑似 kWh 级别，未自动换算","False"
"1、交易计算表2月.xls","2026-02","2026-02-09","21","20:00-21:00","78953","原表标题写“兆瓦时”，但日行数值疑似 kWh 级别，未自动换算","False"
"1、交易计算表2月.xls","2026-02","2026-02-09","22","21:00-22:00","79176","原表标题写“兆瓦时”，但日行数值疑似 kWh 级别，未自动换算","False"
"1、交易计算表2月.xls","2026-02","2026-02-09","23","22:00-23:00","75408","原表标题写“兆瓦时”，但日行数值疑似 kWh 级别，未自动换算","False"
"1、交易计算表2月.xls","2026-02","2026-02-09","24","23:00-24:00","55048","原表标题写“兆瓦时”，但日行数值疑似 kWh 级别，未自动换算","False"
"1、交易计算表2月.xls","2026-02","2026-02-08","1","00:00-01:00","43926","原表标题写“兆瓦时”，但日行数值疑似 kWh 级别，未自动换算","False"
"1、交易计算表2月.xls","2026-02","2026-02-08","2","01:00-02:00","38141","原表标题写“兆瓦时”，但日行数值疑似 kWh 级别，未自动换算","False"
"1、交易计算表2月.xls","2026-02","2026-02-08","3","02:00-03:00","23561","原表标题写“兆瓦时”，但日行数值疑似 kWh 级别，未自动换算","False"
"1、交易计算表2月.xls","2026-02","2026-02-08","4","03:00-04:00","39556","原表标题写“兆瓦时”，但日行数值疑似 kWh 级别，未自动换算","False"
"1、交易计算表2月.xls","2026-02","2026-02-08","5","04:00-05:00","31250","原表标题写“兆瓦时”，但日行数值疑似 kWh 级别，未自动换算","False"
"1、交易计算表2月.xls","2026-02","2026-02-08","6","05:00-06:00","53282","原表标题写“兆瓦时”，但日行数值疑似 kWh 级别，未自动换算","False"
"1、交易计算表2月.xls","2026-02","2026-02-08","7","06:00-07:00","73097","原表标题写“兆瓦时”，但日行数值疑似 kWh 级别，未自动换算","False"
"1、交易计算表2月.xls","2026-02","2026-02-08","8","07:00-08:00","72125","原表标题写“兆瓦时”，但日行数值疑似 kWh 级别，未自动换算","False"
"1、交易计算表2月.xls","2026-02","2026-02-08","9","08:00-09:00","84362","原表标题写“兆瓦时”，但日行数值疑似 kWh 级别，未自动换算","False"
"1、交易计算表2月.xls","2026-02","2026-02-08","10","09:00-10:00","88194","原表标题写“兆瓦时”，但日行数值疑似 kWh 级别，未自动换算","False"
"1、交易计算表2月.xls","2026-02","2026-02-08","11","10:00-11:00","84548","原表标题写“兆瓦时”，但日行数值疑似 kWh 级别，未自动换算","False"
"1、交易计算表2月.xls","2026-02","2026-02-08","12","11:00-12:00","77457","原表标题写“兆瓦时”，但日行数值疑似 kWh 级别，未自动换算","False"
"1、交易计算表2月.xls","2026-02","2026-02-08","13","12:00-13:00","84922","原表标题写“兆瓦时”，但日行数值疑似 kWh 级别，未自动换算","False"
"1、交易计算表2月.xls","2026-02","2026-02-08","14","13:00-14:00","87822","原表标题写“兆瓦时”，但日行数值疑似 kWh 级别，未自动换算","False"
"1、交易计算表2月.xls","2026-02","2026-02-08","15","14:00-15:00","83555","原表标题写“兆瓦时”，但日行数值疑似 kWh 级别，未自动换算","False"
"1、交易计算表2月.xls","2026-02","2026-02-08","16","15:00-16:00","82569","原表标题写“兆瓦时”，但日行数值疑似 kWh 级别，未自动换算","False"
"1、交易计算表2月.xls","2026-02","2026-02-08","17","16:00-17:00","89973","原表标题写“兆瓦时”，但日行数值疑似 kWh 级别，未自动换算","False"
"1、交易计算表2月.xls","2026-02","2026-02-08","18","17:00-18:00","81335","原表标题写“兆瓦时”，但日行数值疑似 kWh 级别，未自动换算","False"
"1、交易计算表2月.xls","2026-02","2026-02-08","19","18:00-19:00","90638","原表标题写“兆瓦时”，但日行数值疑似 kWh 级别，未自动换算","False"
"1、交易计算表2月.xls","2026-02","2026-02-08","20","19:00-20:00","87903","原表标题写“兆瓦时”，但日行数值疑似 kWh 级别，未自动换算","False"
"1、交易计算表2月.xls","2026-02","2026-02-08","21","20:00-21:00","77227","原表标题写“兆瓦时”，但日行数值疑似 kWh 级别，未自动换算","False"
"1、交易计算表2月.xls","2026-02","2026-02-08","22","21:00-22:00","85655","原表标题写“兆瓦时”，但日行数值疑似 kWh 级别，未自动换算","False"
"1、交易计算表2月.xls","2026-02","2026-02-08","23","22:00-23:00","75396","原表标题写“兆瓦时”，但日行数值疑似 kWh 级别，未自动换算","False"
"1、交易计算表2月.xls","2026-02","2026-02-08","24","23:00-24:00","61849","原表标题写“兆瓦时”，但日行数值疑似 kWh 级别，未自动换算","False"
"1、交易计算表2月.xls","2026-02","2026-02-07","1","00:00-01:00","37958","原表标题写“兆瓦时”，但日行数值疑似 kWh 级别，未自动换算","False"
"1、交易计算表2月.xls","2026-02","2026-02-07","2","01:00-02:00","34909","原表标题写“兆瓦时”，但日行数值疑似 kWh 级别，未自动换算","False"
"1、交易计算表2月.xls","2026-02","2026-02-07","3","02:00-03:00","34435","原表标题写“兆瓦时”，但日行数值疑似 kWh 级别，未自动换算","False"
"1、交易计算表2月.xls","2026-02","2026-02-07","4","03:00-04:00","38445","原表标题写“兆瓦时”，但日行数值疑似 kWh 级别，未自动换算","False"
"1、交易计算表2月.xls","2026-02","2026-02-07","5","04:00-05:00","33788","原表标题写“兆瓦时”，但日行数值疑似 kWh 级别，未自动换算","False"
"1、交易计算表2月.xls","2026-02","2026-02-07","6","05:00-06:00","50654","原表标题写“兆瓦时”，但日行数值疑似 kWh 级别，未自动换算","False"
"1、交易计算表2月.xls","2026-02","2026-02-07","7","06:00-07:00","72053","原表标题写“兆瓦时”，但日行数值疑似 kWh 级别，未自动换算","False"
"1、交易计算表2月.xls","2026-02","2026-02-07","8","07:00-08:00","79982","原表标题写“兆瓦时”，但日行数值疑似 kWh 级别，未自动换算","False"
"1、交易计算表2月.xls","2026-02","2026-02-07","9","08:00-09:00","82876","原表标题写“兆瓦时”，但日行数值疑似 kWh 级别，未自动换算","False"
"1、交易计算表2月.xls","2026-02","2026-02-07","10","09:00-10:00","79938","原表标题写“兆瓦时”，但日行数值疑似 kWh 级别，未自动换算","False"
"1、交易计算表2月.xls","2026-02","2026-02-07","11","10:00-11:00","90231","原表标题写“兆瓦时”，但日行数值疑似 kWh 级别，未自动换算","False"
"1、交易计算表2月.xls","2026-02","2026-02-07","12","11:00-12:00","77075","原表标题写“兆瓦时”，但日行数值疑似 kWh 级别，未自动换算","False"
"1、交易计算表2月.xls","2026-02","2026-02-07","13","12:00-13:00","90937","原表标题写“兆瓦时”，但日行数值疑似 kWh 级别，未自动换算","False"
"1、交易计算表2月.xls","2026-02","2026-02-07","14","13:00-14:00","97982","原表标题写“兆瓦时”，但日行数值疑似 kWh 级别，未自动换算","False"
"1、交易计算表2月.xls","2026-02","2026-02-07","15","14:00-15:00","75213","原表标题写“兆瓦时”，但日行数值疑似 kWh 级别，未自动换算","False"
"1、交易计算表2月.xls","2026-02","2026-02-07","16","15:00-16:00","86736","原表标题写“兆瓦时”，但日行数值疑似 kWh 级别，未自动换算","False"
"1、交易计算表2月.xls","2026-02","2026-02-07","17","16:00-17:00","87315","原表标题写“兆瓦时”，但日行数值疑似 kWh 级别，未自动换算","False"
"1、交易计算表2月.xls","2026-02","2026-02-07","18","17:00-18:00","83650","原表标题写“兆瓦时”，但日行数值疑似 kWh 级别，未自动换算","False"
"1、交易计算表2月.xls","2026-02","2026-02-07","19","18:00-19:00","88171","原表标题写“兆瓦时”，但日行数值疑似 kWh 级别，未自动换算","False"
"1、交易计算表2月.xls","2026-02","2026-02-07","20","19:00-20:00","94422","原表标题写“兆瓦时”，但日行数值疑似 kWh 级别，未自动换算","False"
"1、交易计算表2月.xls","2026-02","2026-02-07","21","20:00-21:00","80099","原表标题写“兆瓦时”，但日行数值疑似 kWh 级别，未自动换算","False"
"1、交易计算表2月.xls","2026-02","2026-02-07","22","21:00-22:00","80544","原表标题写“兆瓦时”，但日行数值疑似 kWh 级别，未自动换算","False"
"1、交易计算表2月.xls","2026-02","2026-02-07","23","22:00-23:00","78022","原表标题写“兆瓦时”，但日行数值疑似 kWh 级别，未自动换算","False"
"1、交易计算表2月.xls","2026-02","2026-02-07","24","23:00-24:00","64310","原表标题写“兆瓦时”，但日行数值疑似 kWh 级别，未自动换算","False"
"1、交易计算表2月.xls","2026-02","2026-02-06","1","00:00-01:00","37734","原表标题写“兆瓦时”，但日行数值疑似 kWh 级别，未自动换算","False"
"1、交易计算表2月.xls","2026-02","2026-02-06","2","01:00-02:00","27920","原表标题写“兆瓦时”，但日行数值疑似 kWh 级别，未自动换算","False"
"1、交易计算表2月.xls","2026-02","2026-02-06","3","02:00-03:00","27651","原表标题写“兆瓦时”，但日行数值疑似 kWh 级别，未自动换算","False"
"1、交易计算表2月.xls","2026-02","2026-02-06","4","03:00-04:00","32857","原表标题写“兆瓦时”，但日行数值疑似 kWh 级别，未自动换算","False"
"1、交易计算表2月.xls","2026-02","2026-02-06","5","04:00-05:00","34619","原表标题写“兆瓦时”，但日行数值疑似 kWh 级别，未自动换算","False"
"1、交易计算表2月.xls","2026-02","2026-02-06","6","05:00-06:00","49962","原表标题写“兆瓦时”，但日行数值疑似 kWh 级别，未自动换算","False"
"1、交易计算表2月.xls","2026-02","2026-02-06","7","06:00-07:00","76150","原表标题写“兆瓦时”，但日行数值疑似 kWh 级别，未自动换算","False"
"1、交易计算表2月.xls","2026-02","2026-02-06","8","07:00-08:00","89318","原表标题写“兆瓦时”，但日行数值疑似 kWh 级别，未自动换算","False"
"1、交易计算表2月.xls","2026-02","2026-02-06","9","08:00-09:00","90302","原表标题写“兆瓦时”，但日行数值疑似 kWh 级别，未自动换算","False"
"1、交易计算表2月.xls","2026-02","2026-02-06","10","09:00-10:00","104439","原表标题写“兆瓦时”，但日行数值疑似 kWh 级别，未自动换算","False"
"1、交易计算表2月.xls","2026-02","2026-02-06","11","10:00-11:00","72855","原表标题写“兆瓦时”，但日行数值疑似 kWh 级别，未自动换算","False"
"1、交易计算表2月.xls","2026-02","2026-02-06","12","11:00-12:00","92286","原表标题写“兆瓦时”，但日行数值疑似 kWh 级别，未自动换算","False"
"1、交易计算表2月.xls","2026-02","2026-02-06","13","12:00-13:00","84446","原表标题写“兆瓦时”，但日行数值疑似 kWh 级别，未自动换算","False"
"1、交易计算表2月.xls","2026-02","2026-02-06","14","13:00-14:00","88789","原表标题写“兆瓦时”，但日行数值疑似 kWh 级别，未自动换算","False"
"1、交易计算表2月.xls","2026-02","2026-02-06","15","14:00-15:00","81098","原表标题写“兆瓦时”，但日行数值疑似 kWh 级别，未自动换算","False"
"1、交易计算表2月.xls","2026-02","2026-02-06","16","15:00-16:00","87434","原表标题写“兆瓦时”，但日行数值疑似 kWh 级别，未自动换算","False"
"1、交易计算表2月.xls","2026-02","2026-02-06","17","16:00-17:00","90028","原表标题写“兆瓦时”，但日行数值疑似 kWh 级别，未自动换算","False"
"1、交易计算表2月.xls","2026-02","2026-02-06","18","17:00-18:00","94946","原表标题写“兆瓦时”，但日行数值疑似 kWh 级别，未自动换算","False"
"1、交易计算表2月.xls","2026-02","2026-02-06","19","18:00-19:00","87411","原表标题写“兆瓦时”，但日行数值疑似 kWh 级别，未自动换算","False"
"1、交易计算表2月.xls","2026-02","2026-02-06","20","19:00-20:00","88380","原表标题写“兆瓦时”，但日行数值疑似 kWh 级别，未自动换算","False"
"1、交易计算表2月.xls","2026-02","2026-02-06","21","20:00-21:00","93348","原表标题写“兆瓦时”，但日行数值疑似 kWh 级别，未自动换算","False"
"1、交易计算表2月.xls","2026-02","2026-02-06","22","21:00-22:00","79507","原表标题写“兆瓦时”，但日行数值疑似 kWh 级别，未自动换算","False"
"1、交易计算表2月.xls","2026-02","2026-02-06","23","22:00-23:00","69719","原表标题写“兆瓦时”，但日行数值疑似 kWh 级别，未自动换算","False"
"1、交易计算表2月.xls","2026-02","2026-02-06","24","23:00-24:00","61830","原表标题写“兆瓦时”，但日行数值疑似 kWh 级别，未自动换算","False"
"1、交易计算表2月.xls","2026-02","2026-02-05","1","00:00-01:00","29343","原表标题写“兆瓦时”，但日行数值疑似 kWh 级别，未自动换算","False"
"1、交易计算表2月.xls","2026-02","2026-02-05","2","01:00-02:00","33352","原表标题写“兆瓦时”，但日行数值疑似 kWh 级别，未自动换算","False"
"1、交易计算表2月.xls","2026-02","2026-02-05","3","02:00-03:00","38798","原表标题写“兆瓦时”，但日行数值疑似 kWh 级别，未自动换算","False"
"1、交易计算表2月.xls","2026-02","2026-02-05","4","03:00-04:00","27798","原表标题写“兆瓦时”，但日行数值疑似 kWh 级别，未自动换算","False"
"1、交易计算表2月.xls","2026-02","2026-02-05","5","04:00-05:00","31226","原表标题写“兆瓦时”，但日行数值疑似 kWh 级别，未自动换算","False"
"1、交易计算表2月.xls","2026-02","2026-02-05","6","05:00-06:00","57316","原表标题写“兆瓦时”，但日行数值疑似 kWh 级别，未自动换算","False"
"1、交易计算表2月.xls","2026-02","2026-02-05","7","06:00-07:00","68648","原表标题写“兆瓦时”，但日行数值疑似 kWh 级别，未自动换算","False"
"1、交易计算表2月.xls","2026-02","2026-02-05","8","07:00-08:00","87136","原表标题写“兆瓦时”，但日行数值疑似 kWh 级别，未自动换算","False"
"1、交易计算表2月.xls","2026-02","2026-02-05","9","08:00-09:00","99470","原表标题写“兆瓦时”，但日行数值疑似 kWh 级别，未自动换算","False"
"1、交易计算表2月.xls","2026-02","2026-02-05","10","09:00-10:00","90392","原表标题写“兆瓦时”，但日行数值疑似 kWh 级别，未自动换算","False"
"1、交易计算表2月.xls","2026-02","2026-02-05","11","10:00-11:00","80377","原表标题写“兆瓦时”，但日行数值疑似 kWh 级别，未自动换算","False"
"1、交易计算表2月.xls","2026-02","2026-02-05","12","11:00-12:00","87042","原表标题写“兆瓦时”，但日行数值疑似 kWh 级别，未自动换算","False"
"1、交易计算表2月.xls","2026-02","2026-02-05","13","12:00-13:00","79710","原表标题写“兆瓦时”，但日行数值疑似 kWh 级别，未自动换算","False"
"1、交易计算表2月.xls","2026-02","2026-02-05","14","13:00-14:00","79451","原表标题写“兆瓦时”，但日行数值疑似 kWh 级别，未自动换算","False"
"1、交易计算表2月.xls","2026-02","2026-02-05","15","14:00-15:00","81840","原表标题写“兆瓦时”，但日行数值疑似 kWh 级别，未自动换算","False"
"1、交易计算表2月.xls","2026-02","2026-02-05","16","15:00-16:00","90705","原表标题写“兆瓦时”，但日行数值疑似 kWh 级别，未自动换算","False"
"1、交易计算表2月.xls","2026-02","2026-02-05","17","16:00-17:00","80681","原表标题写“兆瓦时”，但日行数值疑似 kWh 级别，未自动换算","False"
"1、交易计算表2月.xls","2026-02","2026-02-05","18","17:00-18:00","85460","原表标题写“兆瓦时”，但日行数值疑似 kWh 级别，未自动换算","False"
"1、交易计算表2月.xls","2026-02","2026-02-05","19","18:00-19:00","106744","原表标题写“兆瓦时”，但日行数值疑似 kWh 级别，未自动换算","False"
"1、交易计算表2月.xls","2026-02","2026-02-05","20","19:00-20:00","71416","原表标题写“兆瓦时”，但日行数值疑似 kWh 级别，未自动换算","False"
"1、交易计算表2月.xls","2026-02","2026-02-05","21","20:00-21:00","86888","原表标题写“兆瓦时”，但日行数值疑似 kWh 级别，未自动换算","False"
"1、交易计算表2月.xls","2026-02","2026-02-05","22","21:00-22:00","83971","原表标题写“兆瓦时”，但日行数值疑似 kWh 级别，未自动换算","False"
"1、交易计算表2月.xls","2026-02","2026-02-05","23","22:00-23:00","71195","原表标题写“兆瓦时”，但日行数值疑似 kWh 级别，未自动换算","False"
"1、交易计算表2月.xls","2026-02","2026-02-05","24","23:00-24:00","50177","原表标题写“兆瓦时”，但日行数值疑似 kWh 级别，未自动换算","False"
"1、交易计算表2月.xls","2026-02","2026-02-04","1","00:00-01:00","33396","原表标题写“兆瓦时”，但日行数值疑似 kWh 级别，未自动换算","False"
"1、交易计算表2月.xls","2026-02","2026-02-04","2","01:00-02:00","37331","原表标题写“兆瓦时”，但日行数值疑似 kWh 级别，未自动换算","False"
"1、交易计算表2月.xls","2026-02","2026-02-04","3","02:00-03:00","29761","原表标题写“兆瓦时”，但日行数值疑似 kWh 级别，未自动换算","False"
"1、交易计算表2月.xls","2026-02","2026-02-04","4","03:00-04:00","35817","原表标题写“兆瓦时”，但日行数值疑似 kWh 级别，未自动换算","False"
"1、交易计算表2月.xls","2026-02","2026-02-04","5","04:00-05:00","33918","原表标题写“兆瓦时”，但日行数值疑似 kWh 级别，未自动换算","False"
"1、交易计算表2月.xls","2026-02","2026-02-04","6","05:00-06:00","47736","原表标题写“兆瓦时”，但日行数值疑似 kWh 级别，未自动换算","False"
"1、交易计算表2月.xls","2026-02","2026-02-04","7","06:00-07:00","76346","原表标题写“兆瓦时”，但日行数值疑似 kWh 级别，未自动换算","False"
"1、交易计算表2月.xls","2026-02","2026-02-04","8","07:00-08:00","93846","原表标题写“兆瓦时”，但日行数值疑似 kWh 级别，未自动换算","False"
"1、交易计算表2月.xls","2026-02","2026-02-04","9","08:00-09:00","90623","原表标题写“兆瓦时”，但日行数值疑似 kWh 级别，未自动换算","False"
"1、交易计算表2月.xls","2026-02","2026-02-04","10","09:00-10:00","88329","原表标题写“兆瓦时”，但日行数值疑似 kWh 级别，未自动换算","False"
"1、交易计算表2月.xls","2026-02","2026-02-04","11","10:00-11:00","92322","原表标题写“兆瓦时”，但日行数值疑似 kWh 级别，未自动换算","False"
"1、交易计算表2月.xls","2026-02","2026-02-04","12","11:00-12:00","83042","原表标题写“兆瓦时”，但日行数值疑似 kWh 级别，未自动换算","False"
"1、交易计算表2月.xls","2026-02","2026-02-04","13","12:00-13:00","77605","原表标题写“兆瓦时”，但日行数值疑似 kWh 级别，未自动换算","False"
"1、交易计算表2月.xls","2026-02","2026-02-04","14","13:00-14:00","79076","原表标题写“兆瓦时”，但日行数值疑似 kWh 级别，未自动换算","False"
"1、交易计算表2月.xls","2026-02","2026-02-04","15","14:00-15:00","82655","原表标题写“兆瓦时”，但日行数值疑似 kWh 级别，未自动换算","False"
"1、交易计算表2月.xls","2026-02","2026-02-04","16","15:00-16:00","75099","原表标题写“兆瓦时”，但日行数值疑似 kWh 级别，未自动换算","False"
"1、交易计算表2月.xls","2026-02","2026-02-04","17","16:00-17:00","95053","原表标题写“兆瓦时”，但日行数值疑似 kWh 级别，未自动换算","False"
"1、交易计算表2月.xls","2026-02","2026-02-04","18","17:00-18:00","86221","原表标题写“兆瓦时”，但日行数值疑似 kWh 级别，未自动换算","False"
"1、交易计算表2月.xls","2026-02","2026-02-04","19","18:00-19:00","98407","原表标题写“兆瓦时”，但日行数值疑似 kWh 级别，未自动换算","False"
"1、交易计算表2月.xls","2026-02","2026-02-04","20","19:00-20:00","90357","原表标题写“兆瓦时”，但日行数值疑似 kWh 级别，未自动换算","False"
"1、交易计算表2月.xls","2026-02","2026-02-04","21","20:00-21:00","76629","原表标题写“兆瓦时”，但日行数值疑似 kWh 级别，未自动换算","False"
"1、交易计算表2月.xls","2026-02","2026-02-04","22","21:00-22:00","77723","原表标题写“兆瓦时”，但日行数值疑似 kWh 级别，未自动换算","False"
"1、交易计算表2月.xls","2026-02","2026-02-04","23","22:00-23:00","75341","原表标题写“兆瓦时”，但日行数值疑似 kWh 级别，未自动换算","False"
"1、交易计算表2月.xls","2026-02","2026-02-04","24","23:00-24:00","55231","原表标题写“兆瓦时”，但日行数值疑似 kWh 级别，未自动换算","False"
"1、交易计算表2月.xls","2026-02","2026-02-03","1","00:00-01:00","30905","原表标题写“兆瓦时”，但日行数值疑似 kWh 级别，未自动换算","False"
"1、交易计算表2月.xls","2026-02","2026-02-03","2","01:00-02:00","37837","原表标题写“兆瓦时”，但日行数值疑似 kWh 级别，未自动换算","False"
"1、交易计算表2月.xls","2026-02","2026-02-03","3","02:00-03:00","35982","原表标题写“兆瓦时”，但日行数值疑似 kWh 级别，未自动换算","False"
"1、交易计算表2月.xls","2026-02","2026-02-03","4","03:00-04:00","27679","原表标题写“兆瓦时”，但日行数值疑似 kWh 级别，未自动换算","False"
"1、交易计算表2月.xls","2026-02","2026-02-03","5","04:00-05:00","38495","原表标题写“兆瓦时”，但日行数值疑似 kWh 级别，未自动换算","False"
"1、交易计算表2月.xls","2026-02","2026-02-03","6","05:00-06:00","53176","原表标题写“兆瓦时”，但日行数值疑似 kWh 级别，未自动换算","False"
"1、交易计算表2月.xls","2026-02","2026-02-03","7","06:00-07:00","76892","原表标题写“兆瓦时”，但日行数值疑似 kWh 级别，未自动换算","False"
"1、交易计算表2月.xls","2026-02","2026-02-03","8","07:00-08:00","87864","原表标题写“兆瓦时”，但日行数值疑似 kWh 级别，未自动换算","False"
"1、交易计算表2月.xls","2026-02","2026-02-03","9","08:00-09:00","96256","原表标题写“兆瓦时”，但日行数值疑似 kWh 级别，未自动换算","False"
"1、交易计算表2月.xls","2026-02","2026-02-03","10","09:00-10:00","93987","原表标题写“兆瓦时”，但日行数值疑似 kWh 级别，未自动换算","False"
"1、交易计算表2月.xls","2026-02","2026-02-03","11","10:00-11:00","85114","原表标题写“兆瓦时”，但日行数值疑似 kWh 级别，未自动换算","False"
"1、交易计算表2月.xls","2026-02","2026-02-03","12","11:00-12:00","80784","原表标题写“兆瓦时”，但日行数值疑似 kWh 级别，未自动换算","False"
"1、交易计算表2月.xls","2026-02","2026-02-03","13","12:00-13:00","77287","原表标题写“兆瓦时”，但日行数值疑似 kWh 级别，未自动换算","False"
"1、交易计算表2月.xls","2026-02","2026-02-03","14","13:00-14:00","82983","原表标题写“兆瓦时”，但日行数值疑似 kWh 级别，未自动换算","False"
"1、交易计算表2月.xls","2026-02","2026-02-03","15","14:00-15:00","83044","原表标题写“兆瓦时”，但日行数值疑似 kWh 级别，未自动换算","False"
"1、交易计算表2月.xls","2026-02","2026-02-03","16","15:00-16:00","82931","原表标题写“兆瓦时”，但日行数值疑似 kWh 级别，未自动换算","False"
"1、交易计算表2月.xls","2026-02","2026-02-03","17","16:00-17:00","93813","原表标题写“兆瓦时”，但日行数值疑似 kWh 级别，未自动换算","False"
"1、交易计算表2月.xls","2026-02","2026-02-03","18","17:00-18:00","81925","原表标题写“兆瓦时”，但日行数值疑似 kWh 级别，未自动换算","False"
"1、交易计算表2月.xls","2026-02","2026-02-03","19","18:00-19:00","99266","原表标题写“兆瓦时”，但日行数值疑似 kWh 级别，未自动换算","False"
"1、交易计算表2月.xls","2026-02","2026-02-03","20","19:00-20:00","89954","原表标题写“兆瓦时”，但日行数值疑似 kWh 级别，未自动换算","False"
"1、交易计算表2月.xls","2026-02","2026-02-03","21","20:00-21:00","83349","原表标题写“兆瓦时”，但日行数值疑似 kWh 级别，未自动换算","False"
"1、交易计算表2月.xls","2026-02","2026-02-03","22","21:00-22:00","77236","原表标题写“兆瓦时”，但日行数值疑似 kWh 级别，未自动换算","False"
"1、交易计算表2月.xls","2026-02","2026-02-03","23","22:00-23:00","75146","原表标题写“兆瓦时”，但日行数值疑似 kWh 级别，未自动换算","False"
"1、交易计算表2月.xls","2026-02","2026-02-03","24","23:00-24:00","46058","原表标题写“兆瓦时”，但日行数值疑似 kWh 级别，未自动换算","False"
"1、交易计算表2月.xls","2026-02","2026-02-02","1","00:00-01:00","35093","原表标题写“兆瓦时”，但日行数值疑似 kWh 级别，未自动换算","False"
"1、交易计算表2月.xls","2026-02","2026-02-02","2","01:00-02:00","35046","原表标题写“兆瓦时”，但日行数值疑似 kWh 级别，未自动换算","False"
"1、交易计算表2月.xls","2026-02","2026-02-02","3","02:00-03:00","27722","原表标题写“兆瓦时”，但日行数值疑似 kWh 级别，未自动换算","False"
"1、交易计算表2月.xls","2026-02","2026-02-02","4","03:00-04:00","32164","原表标题写“兆瓦时”，但日行数值疑似 kWh 级别，未自动换算","False"
"1、交易计算表2月.xls","2026-02","2026-02-02","5","04:00-05:00","43836","原表标题写“兆瓦时”，但日行数值疑似 kWh 级别，未自动换算","False"
"1、交易计算表2月.xls","2026-02","2026-02-02","6","05:00-06:00","39083","原表标题写“兆瓦时”，但日行数值疑似 kWh 级别，未自动换算","False"
"1、交易计算表2月.xls","2026-02","2026-02-02","7","06:00-07:00","77231","原表标题写“兆瓦时”，但日行数值疑似 kWh 级别，未自动换算","False"
"1、交易计算表2月.xls","2026-02","2026-02-02","8","07:00-08:00","103462","原表标题写“兆瓦时”，但日行数值疑似 kWh 级别，未自动换算","False"
"1、交易计算表2月.xls","2026-02","2026-02-02","9","08:00-09:00","87848","原表标题写“兆瓦时”，但日行数值疑似 kWh 级别，未自动换算","False"
"1、交易计算表2月.xls","2026-02","2026-02-02","10","09:00-10:00","96894","原表标题写“兆瓦时”，但日行数值疑似 kWh 级别，未自动换算","False"
"1、交易计算表2月.xls","2026-02","2026-02-02","11","10:00-11:00","87606","原表标题写“兆瓦时”，但日行数值疑似 kWh 级别，未自动换算","False"
"1、交易计算表2月.xls","2026-02","2026-02-02","12","11:00-12:00","80762","原表标题写“兆瓦时”，但日行数值疑似 kWh 级别，未自动换算","False"
"1、交易计算表2月.xls","2026-02","2026-02-02","13","12:00-13:00","89159","原表标题写“兆瓦时”，但日行数值疑似 kWh 级别，未自动换算","False"
"1、交易计算表2月.xls","2026-02","2026-02-02","14","13:00-14:00","75027","原表标题写“兆瓦时”，但日行数值疑似 kWh 级别，未自动换算","False"
"1、交易计算表2月.xls","2026-02","2026-02-02","15","14:00-15:00","84909","原表标题写“兆瓦时”，但日行数值疑似 kWh 级别，未自动换算","False"
"1、交易计算表2月.xls","2026-02","2026-02-02","16","15:00-16:00","85009","原表标题写“兆瓦时”，但日行数值疑似 kWh 级别，未自动换算","False"
"1、交易计算表2月.xls","2026-02","2026-02-02","17","16:00-17:00","93447","原表标题写“兆瓦时”，但日行数值疑似 kWh 级别，未自动换算","False"
"1、交易计算表2月.xls","2026-02","2026-02-02","18","17:00-18:00","89129","原表标题写“兆瓦时”，但日行数值疑似 kWh 级别，未自动换算","False"
"1、交易计算表2月.xls","2026-02","2026-02-02","19","18:00-19:00","97420","原表标题写“兆瓦时”，但日行数值疑似 kWh 级别，未自动换算","False"
"1、交易计算表2月.xls","2026-02","2026-02-02","20","19:00-20:00","78971","原表标题写“兆瓦时”，但日行数值疑似 kWh 级别，未自动换算","False"
"1、交易计算表2月.xls","2026-02","2026-02-02","21","20:00-21:00","90803","原表标题写“兆瓦时”，但日行数值疑似 kWh 级别，未自动换算","False"
"1、交易计算表2月.xls","2026-02","2026-02-02","22","21:00-22:00","74222","原表标题写“兆瓦时”，但日行数值疑似 kWh 级别，未自动换算","False"
"1、交易计算表2月.xls","2026-02","2026-02-02","23","22:00-23:00","74632","原表标题写“兆瓦时”，但日行数值疑似 kWh 级别，未自动换算","False"
"1、交易计算表2月.xls","2026-02","2026-02-02","24","23:00-24:00","52009","原表标题写“兆瓦时”，但日行数值疑似 kWh 级别，未自动换算","False"
"1、交易计算表2月.xls","2026-02","2026-02-01","1","00:00-01:00","33742","原表标题写“兆瓦时”，但日行数值疑似 kWh 级别，未自动换算","False"
"1、交易计算表2月.xls","2026-02","2026-02-01","2","01:00-02:00","36876","原表标题写“兆瓦时”，但日行数值疑似 kWh 级别，未自动换算","False"
"1、交易计算表2月.xls","2026-02","2026-02-01","3","02:00-03:00","32620","原表标题写“兆瓦时”，但日行数值疑似 kWh 级别，未自动换算","False"
"1、交易计算表2月.xls","2026-02","2026-02-01","4","03:00-04:00","22973","原表标题写“兆瓦时”，但日行数值疑似 kWh 级别，未自动换算","False"
"1、交易计算表2月.xls","2026-02","2026-02-01","5","04:00-05:00","45749","原表标题写“兆瓦时”，但日行数值疑似 kWh 级别，未自动换算","False"
"1、交易计算表2月.xls","2026-02","2026-02-01","6","05:00-06:00","48470","原表标题写“兆瓦时”，但日行数值疑似 kWh 级别，未自动换算","False"
"1、交易计算表2月.xls","2026-02","2026-02-01","7","06:00-07:00","69250","原表标题写“兆瓦时”，但日行数值疑似 kWh 级别，未自动换算","False"
"1、交易计算表2月.xls","2026-02","2026-02-01","8","07:00-08:00","86434","原表标题写“兆瓦时”，但日行数值疑似 kWh 级别，未自动换算","False"
"1、交易计算表2月.xls","2026-02","2026-02-01","9","08:00-09:00","75535","原表标题写“兆瓦时”，但日行数值疑似 kWh 级别，未自动换算","False"
"1、交易计算表2月.xls","2026-02","2026-02-01","10","09:00-10:00","86978","原表标题写“兆瓦时”，但日行数值疑似 kWh 级别，未自动换算","False"
"1、交易计算表2月.xls","2026-02","2026-02-01","11","10:00-11:00","83503","原表标题写“兆瓦时”，但日行数值疑似 kWh 级别，未自动换算","False"
"1、交易计算表2月.xls","2026-02","2026-02-01","12","11:00-12:00","81383","原表标题写“兆瓦时”，但日行数值疑似 kWh 级别，未自动换算","False"
"1、交易计算表2月.xls","2026-02","2026-02-01","13","12:00-13:00","86338","原表标题写“兆瓦时”，但日行数值疑似 kWh 级别，未自动换算","False"
"1、交易计算表2月.xls","2026-02","2026-02-01","14","13:00-14:00","78920","原表标题写“兆瓦时”，但日行数值疑似 kWh 级别，未自动换算","False"
"1、交易计算表2月.xls","2026-02","2026-02-01","15","14:00-15:00","83147","原表标题写“兆瓦时”，但日行数值疑似 kWh 级别，未自动换算","False"
"1、交易计算表2月.xls","2026-02","2026-02-01","16","15:00-16:00","93064","原表标题写“兆瓦时”，但日行数值疑似 kWh 级别，未自动换算","False"
"1、交易计算表2月.xls","2026-02","2026-02-01","17","16:00-17:00","83671","原表标题写“兆瓦时”，但日行数值疑似 kWh 级别，未自动换算","False"
"1、交易计算表2月.xls","2026-02","2026-02-01","18","17:00-18:00","84037","原表标题写“兆瓦时”，但日行数值疑似 kWh 级别，未自动换算","False"
"1、交易计算表2月.xls","2026-02","2026-02-01","19","18:00-19:00","93023","原表标题写“兆瓦时”，但日行数值疑似 kWh 级别，未自动换算","False"
"1、交易计算表2月.xls","2026-02","2026-02-01","20","19:00-20:00","90483","原表标题写“兆瓦时”，但日行数值疑似 kWh 级别，未自动换算","False"
"1、交易计算表2月.xls","2026-02","2026-02-01","21","20:00-21:00","73884","原表标题写“兆瓦时”，但日行数值疑似 kWh 级别，未自动换算","False"
"1、交易计算表2月.xls","2026-02","2026-02-01","22","21:00-22:00","72533","原表标题写“兆瓦时”，但日行数值疑似 kWh 级别，未自动换算","False"
"1、交易计算表2月.xls","2026-02","2026-02-01","23","22:00-23:00","89923","原表标题写“兆瓦时”，但日行数值疑似 kWh 级别，未自动换算","False"
"1、交易计算表2月.xls","2026-02","2026-02-01","24","23:00-24:00","63634","原表标题写“兆瓦时”，但日行数值疑似 kWh 级别，未自动换算","False"
"1、交易计算表3月.xls","2026-03","2026-03-31","1","00:00-01:00","24994","原表标题写“兆瓦时”，但日行数值疑似 kWh 级别，未自动换算","False"
"1、交易计算表3月.xls","2026-03","2026-03-31","2","01:00-02:00","34102","原表标题写“兆瓦时”，但日行数值疑似 kWh 级别，未自动换算","False"
"1、交易计算表3月.xls","2026-03","2026-03-31","3","02:00-03:00","38516","原表标题写“兆瓦时”，但日行数值疑似 kWh 级别，未自动换算","False"
"1、交易计算表3月.xls","2026-03","2026-03-31","4","03:00-04:00","18311","原表标题写“兆瓦时”，但日行数值疑似 kWh 级别，未自动换算","False"
"1、交易计算表3月.xls","2026-03","2026-03-31","5","04:00-05:00","34833","原表标题写“兆瓦时”，但日行数值疑似 kWh 级别，未自动换算","False"
"1、交易计算表3月.xls","2026-03","2026-03-31","6","05:00-06:00","47575","原表标题写“兆瓦时”，但日行数值疑似 kWh 级别，未自动换算","False"
"1、交易计算表3月.xls","2026-03","2026-03-31","7","06:00-07:00","77905","原表标题写“兆瓦时”，但日行数值疑似 kWh 级别，未自动换算","False"
"1、交易计算表3月.xls","2026-03","2026-03-31","8","07:00-08:00","86481","原表标题写“兆瓦时”，但日行数值疑似 kWh 级别，未自动换算","False"
"1、交易计算表3月.xls","2026-03","2026-03-31","9","08:00-09:00","95366","原表标题写“兆瓦时”，但日行数值疑似 kWh 级别，未自动换算","False"
"1、交易计算表3月.xls","2026-03","2026-03-31","10","09:00-10:00","91972","原表标题写“兆瓦时”，但日行数值疑似 kWh 级别，未自动换算","False"
"1、交易计算表3月.xls","2026-03","2026-03-31","11","10:00-11:00","75214","原表标题写“兆瓦时”，但日行数值疑似 kWh 级别，未自动换算","False"
"1、交易计算表3月.xls","2026-03","2026-03-31","12","11:00-12:00","87421","原表标题写“兆瓦时”，但日行数值疑似 kWh 级别，未自动换算","False"
"1、交易计算表3月.xls","2026-03","2026-03-31","13","12:00-13:00","82695","原表标题写“兆瓦时”，但日行数值疑似 kWh 级别，未自动换算","False"
"1、交易计算表3月.xls","2026-03","2026-03-31","14","13:00-14:00","76552","原表标题写“兆瓦时”，但日行数值疑似 kWh 级别，未自动换算","False"
"1、交易计算表3月.xls","2026-03","2026-03-31","15","14:00-15:00","80066","原表标题写“兆瓦时”，但日行数值疑似 kWh 级别，未自动换算","False"
"1、交易计算表3月.xls","2026-03","2026-03-31","16","15:00-16:00","86642","原表标题写“兆瓦时”，但日行数值疑似 kWh 级别，未自动换算","False"
"1、交易计算表3月.xls","2026-03","2026-03-31","17","16:00-17:00","87392","原表标题写“兆瓦时”，但日行数值疑似 kWh 级别，未自动换算","False"
"1、交易计算表3月.xls","2026-03","2026-03-31","18","17:00-18:00","88059","原表标题写“兆瓦时”，但日行数值疑似 kWh 级别，未自动换算","False"
"1、交易计算表3月.xls","2026-03","2026-03-31","19","18:00-19:00","101245","原表标题写“兆瓦时”，但日行数值疑似 kWh 级别，未自动换算","False"
"1、交易计算表3月.xls","2026-03","2026-03-31","20","19:00-20:00","85331","原表标题写“兆瓦时”，但日行数值疑似 kWh 级别，未自动换算","False"
"1、交易计算表3月.xls","2026-03","2026-03-31","21","20:00-21:00","73678","原表标题写“兆瓦时”，但日行数值疑似 kWh 级别，未自动换算","False"
"1、交易计算表3月.xls","2026-03","2026-03-31","22","21:00-22:00","82410","原表标题写“兆瓦时”，但日行数值疑似 kWh 级别，未自动换算","False"
"1、交易计算表3月.xls","2026-03","2026-03-31","23","22:00-23:00","72751","原表标题写“兆瓦时”，但日行数值疑似 kWh 级别，未自动换算","False"
"1、交易计算表3月.xls","2026-03","2026-03-31","24","23:00-24:00","48962","原表标题写“兆瓦时”，但日行数值疑似 kWh 级别，未自动换算","False"
"1、交易计算表3月.xls","2026-03","2026-03-30","1","00:00-01:00","34567","原表标题写“兆瓦时”，但日行数值疑似 kWh 级别，未自动换算","False"
"1、交易计算表3月.xls","2026-03","2026-03-30","2","01:00-02:00","27139","原表标题写“兆瓦时”，但日行数值疑似 kWh 级别，未自动换算","False"
"1、交易计算表3月.xls","2026-03","2026-03-30","3","02:00-03:00","33602","原表标题写“兆瓦时”，但日行数值疑似 kWh 级别，未自动换算","False"
"1、交易计算表3月.xls","2026-03","2026-03-30","4","03:00-04:00","32205","原表标题写“兆瓦时”，但日行数值疑似 kWh 级别，未自动换算","False"
"1、交易计算表3月.xls","2026-03","2026-03-30","5","04:00-05:00","32517","原表标题写“兆瓦时”，但日行数值疑似 kWh 级别，未自动换算","False"
"1、交易计算表3月.xls","2026-03","2026-03-30","6","05:00-06:00","51329","原表标题写“兆瓦时”，但日行数值疑似 kWh 级别，未自动换算","False"
"1、交易计算表3月.xls","2026-03","2026-03-30","7","06:00-07:00","60122","原表标题写“兆瓦时”，但日行数值疑似 kWh 级别，未自动换算","False"
"1、交易计算表3月.xls","2026-03","2026-03-30","8","07:00-08:00","94106","原表标题写“兆瓦时”，但日行数值疑似 kWh 级别，未自动换算","False"
"1、交易计算表3月.xls","2026-03","2026-03-30","9","08:00-09:00","95840","原表标题写“兆瓦时”，但日行数值疑似 kWh 级别，未自动换算","False"
"1、交易计算表3月.xls","2026-03","2026-03-30","10","09:00-10:00","89891","原表标题写“兆瓦时”，但日行数值疑似 kWh 级别，未自动换算","False"
"1、交易计算表3月.xls","2026-03","2026-03-30","11","10:00-11:00","83766","原表标题写“兆瓦时”，但日行数值疑似 kWh 级别，未自动换算","False"
"1、交易计算表3月.xls","2026-03","2026-03-30","12","11:00-12:00","84083","原表标题写“兆瓦时”，但日行数值疑似 kWh 级别，未自动换算","False"
"1、交易计算表3月.xls","2026-03","2026-03-30","13","12:00-13:00","81927","原表标题写“兆瓦时”，但日行数值疑似 kWh 级别，未自动换算","False"
"1、交易计算表3月.xls","2026-03","2026-03-30","14","13:00-14:00","84641","原表标题写“兆瓦时”，但日行数值疑似 kWh 级别，未自动换算","False"
"1、交易计算表3月.xls","2026-03","2026-03-30","15","14:00-15:00","74352","原表标题写“兆瓦时”，但日行数值疑似 kWh 级别，未自动换算","False"
"1、交易计算表3月.xls","2026-03","2026-03-30","16","15:00-16:00","86263","原表标题写“兆瓦时”，但日行数值疑似 kWh 级别，未自动换算","False"
"1、交易计算表3月.xls","2026-03","2026-03-30","17","16:00-17:00","82026","原表标题写“兆瓦时”，但日行数值疑似 kWh 级别，未自动换算","False"
"1、交易计算表3月.xls","2026-03","2026-03-30","18","17:00-18:00","85280","原表标题写“兆瓦时”，但日行数值疑似 kWh 级别，未自动换算","False"
"1、交易计算表3月.xls","2026-03","2026-03-30","19","18:00-19:00","103003","原表标题写“兆瓦时”，但日行数值疑似 kWh 级别，未自动换算","False"
"1、交易计算表3月.xls","2026-03","2026-03-30","20","19:00-20:00","80991","原表标题写“兆瓦时”，但日行数值疑似 kWh 级别，未自动换算","False"
"1、交易计算表3月.xls","2026-03","2026-03-30","21","20:00-21:00","88070","原表标题写“兆瓦时”，但日行数值疑似 kWh 级别，未自动换算","False"
"1、交易计算表3月.xls","2026-03","2026-03-30","22","21:00-22:00","71633","原表标题写“兆瓦时”，但日行数值疑似 kWh 级别，未自动换算","False"
"1、交易计算表3月.xls","2026-03","2026-03-30","23","22:00-23:00","79709","原表标题写“兆瓦时”，但日行数值疑似 kWh 级别，未自动换算","False"
"1、交易计算表3月.xls","2026-03","2026-03-30","24","23:00-24:00","49136","原表标题写“兆瓦时”，但日行数值疑似 kWh 级别，未自动换算","False"
"1、交易计算表3月.xls","2026-03","2026-03-29","1","00:00-01:00","31078","原表标题写“兆瓦时”，但日行数值疑似 kWh 级别，未自动换算","False"
"1、交易计算表3月.xls","2026-03","2026-03-29","2","01:00-02:00","36274","原表标题写“兆瓦时”，但日行数值疑似 kWh 级别，未自动换算","False"
"1、交易计算表3月.xls","2026-03","2026-03-29","3","02:00-03:00","29546","原表标题写“兆瓦时”，但日行数值疑似 kWh 级别，未自动换算","False"
"1、交易计算表3月.xls","2026-03","2026-03-29","4","03:00-04:00","26460","原表标题写“兆瓦时”，但日行数值疑似 kWh 级别，未自动换算","False"
"1、交易计算表3月.xls","2026-03","2026-03-29","5","04:00-05:00","30713","原表标题写“兆瓦时”，但日行数值疑似 kWh 级别，未自动换算","False"
"1、交易计算表3月.xls","2026-03","2026-03-29","6","05:00-06:00","48712","原表标题写“兆瓦时”，但日行数值疑似 kWh 级别，未自动换算","False"
"1、交易计算表3月.xls","2026-03","2026-03-29","7","06:00-07:00","69610","原表标题写“兆瓦时”，但日行数值疑似 kWh 级别，未自动换算","False"
"1、交易计算表3月.xls","2026-03","2026-03-29","8","07:00-08:00","82930","原表标题写“兆瓦时”，但日行数值疑似 kWh 级别，未自动换算","False"
"1、交易计算表3月.xls","2026-03","2026-03-29","9","08:00-09:00","70259","原表标题写“兆瓦时”，但日行数值疑似 kWh 级别，未自动换算","False"
"1、交易计算表3月.xls","2026-03","2026-03-29","10","09:00-10:00","83965","原表标题写“兆瓦时”，但日行数值疑似 kWh 级别，未自动换算","False"
"1、交易计算表3月.xls","2026-03","2026-03-29","11","10:00-11:00","80806","原表标题写“兆瓦时”，但日行数值疑似 kWh 级别，未自动换算","False"
"1、交易计算表3月.xls","2026-03","2026-03-29","12","11:00-12:00","82871","原表标题写“兆瓦时”，但日行数值疑似 kWh 级别，未自动换算","False"
"1、交易计算表3月.xls","2026-03","2026-03-29","13","12:00-13:00","86849","原表标题写“兆瓦时”，但日行数值疑似 kWh 级别，未自动换算","False"
"1、交易计算表3月.xls","2026-03","2026-03-29","14","13:00-14:00","75764","原表标题写“兆瓦时”，但日行数值疑似 kWh 级别，未自动换算","False"
"1、交易计算表3月.xls","2026-03","2026-03-29","15","14:00-15:00","85733","原表标题写“兆瓦时”，但日行数值疑似 kWh 级别，未自动换算","False"
"1、交易计算表3月.xls","2026-03","2026-03-29","16","15:00-16:00","78651","原表标题写“兆瓦时”，但日行数值疑似 kWh 级别，未自动换算","False"
"1、交易计算表3月.xls","2026-03","2026-03-29","17","16:00-17:00","84406","原表标题写“兆瓦时”，但日行数值疑似 kWh 级别，未自动换算","False"
"1、交易计算表3月.xls","2026-03","2026-03-29","18","17:00-18:00","93950","原表标题写“兆瓦时”，但日行数值疑似 kWh 级别，未自动换算","False"
"1、交易计算表3月.xls","2026-03","2026-03-29","19","18:00-19:00","84359","原表标题写“兆瓦时”，但日行数值疑似 kWh 级别，未自动换算","False"
"1、交易计算表3月.xls","2026-03","2026-03-29","20","19:00-20:00","80903","原表标题写“兆瓦时”，但日行数值疑似 kWh 级别，未自动换算","False"
"1、交易计算表3月.xls","2026-03","2026-03-29","21","20:00-21:00","86881","原表标题写“兆瓦时”，但日行数值疑似 kWh 级别，未自动换算","False"
"1、交易计算表3月.xls","2026-03","2026-03-29","22","21:00-22:00","72798","原表标题写“兆瓦时”，但日行数值疑似 kWh 级别，未自动换算","False"
"1、交易计算表3月.xls","2026-03","2026-03-29","23","22:00-23:00","80353","原表标题写“兆瓦时”，但日行数值疑似 kWh 级别，未自动换算","False"
"1、交易计算表3月.xls","2026-03","2026-03-29","24","23:00-24:00","64291","原表标题写“兆瓦时”，但日行数值疑似 kWh 级别，未自动换算","False"
"1、交易计算表3月.xls","2026-03","2026-03-28","1","00:00-01:00","42599","原表标题写“兆瓦时”，但日行数值疑似 kWh 级别，未自动换算","False"
"1、交易计算表3月.xls","2026-03","2026-03-28","2","01:00-02:00","28705","原表标题写“兆瓦时”，但日行数值疑似 kWh 级别，未自动换算","False"
"1、交易计算表3月.xls","2026-03","2026-03-28","3","02:00-03:00","34072","原表标题写“兆瓦时”，但日行数值疑似 kWh 级别，未自动换算","False"
"1、交易计算表3月.xls","2026-03","2026-03-28","4","03:00-04:00","28520","原表标题写“兆瓦时”，但日行数值疑似 kWh 级别，未自动换算","False"
"1、交易计算表3月.xls","2026-03","2026-03-28","5","04:00-05:00","28640","原表标题写“兆瓦时”，但日行数值疑似 kWh 级别，未自动换算","False"
"1、交易计算表3月.xls","2026-03","2026-03-28","6","05:00-06:00","48806","原表标题写“兆瓦时”，但日行数值疑似 kWh 级别，未自动换算","False"
"1、交易计算表3月.xls","2026-03","2026-03-28","7","06:00-07:00","69762","原表标题写“兆瓦时”，但日行数值疑似 kWh 级别，未自动换算","False"
"1、交易计算表3月.xls","2026-03","2026-03-28","8","07:00-08:00","78217","原表标题写“兆瓦时”，但日行数值疑似 kWh 级别，未自动换算","False"
"1、交易计算表3月.xls","2026-03","2026-03-28","9","08:00-09:00","74996","原表标题写“兆瓦时”，但日行数值疑似 kWh 级别，未自动换算","False"
"1、交易计算表3月.xls","2026-03","2026-03-28","10","09:00-10:00","86257","原表标题写“兆瓦时”，但日行数值疑似 kWh 级别，未自动换算","False"
"1、交易计算表3月.xls","2026-03","2026-03-28","11","10:00-11:00","83359","原表标题写“兆瓦时”，但日行数值疑似 kWh 级别，未自动换算","False"
"1、交易计算表3月.xls","2026-03","2026-03-28","12","11:00-12:00","77033","原表标题写“兆瓦时”，但日行数值疑似 kWh 级别，未自动换算","False"
"1、交易计算表3月.xls","2026-03","2026-03-28","13","12:00-13:00","78712","原表标题写“兆瓦时”，但日行数值疑似 kWh 级别，未自动换算","False"
"1、交易计算表3月.xls","2026-03","2026-03-28","14","13:00-14:00","89672","原表标题写“兆瓦时”，但日行数值疑似 kWh 级别，未自动换算","False"
"1、交易计算表3月.xls","2026-03","2026-03-28","15","14:00-15:00","84092","原表标题写“兆瓦时”，但日行数值疑似 kWh 级别，未自动换算","False"
"1、交易计算表3月.xls","2026-03","2026-03-28","16","15:00-16:00","80898","原表标题写“兆瓦时”，但日行数值疑似 kWh 级别，未自动换算","False"
"1、交易计算表3月.xls","2026-03","2026-03-28","17","16:00-17:00","90543","原表标题写“兆瓦时”，但日行数值疑似 kWh 级别，未自动换算","False"
"1、交易计算表3月.xls","2026-03","2026-03-28","18","17:00-18:00","74950","原表标题写“兆瓦时”，但日行数值疑似 kWh 级别，未自动换算","False"
"1、交易计算表3月.xls","2026-03","2026-03-28","19","18:00-19:00","95046","原表标题写“兆瓦时”，但日行数值疑似 kWh 级别，未自动换算","False"
"1、交易计算表3月.xls","2026-03","2026-03-28","20","19:00-20:00","94275","原表标题写“兆瓦时”，但日行数值疑似 kWh 级别，未自动换算","False"
"1、交易计算表3月.xls","2026-03","2026-03-28","21","20:00-21:00","73807","原表标题写“兆瓦时”，但日行数值疑似 kWh 级别，未自动换算","False"
"1、交易计算表3月.xls","2026-03","2026-03-28","22","21:00-22:00","82886","原表标题写“兆瓦时”，但日行数值疑似 kWh 级别，未自动换算","False"
"1、交易计算表3月.xls","2026-03","2026-03-28","23","22:00-23:00","75100","原表标题写“兆瓦时”，但日行数值疑似 kWh 级别，未自动换算","False"
"1、交易计算表3月.xls","2026-03","2026-03-28","24","23:00-24:00","60447","原表标题写“兆瓦时”，但日行数值疑似 kWh 级别，未自动换算","False"
"1、交易计算表3月.xls","2026-03","2026-03-27","1","00:00-01:00","31645","原表标题写“兆瓦时”，但日行数值疑似 kWh 级别，未自动换算","False"
"1、交易计算表3月.xls","2026-03","2026-03-27","2","01:00-02:00","27708","原表标题写“兆瓦时”，但日行数值疑似 kWh 级别，未自动换算","False"
"1、交易计算表3月.xls","2026-03","2026-03-27","3","02:00-03:00","36710","原表标题写“兆瓦时”，但日行数值疑似 kWh 级别，未自动换算","False"
"1、交易计算表3月.xls","2026-03","2026-03-27","4","03:00-04:00","23695","原表标题写“兆瓦时”，但日行数值疑似 kWh 级别，未自动换算","False"
"1、交易计算表3月.xls","2026-03","2026-03-27","5","04:00-05:00","41455","原表标题写“兆瓦时”，但日行数值疑似 kWh 级别，未自动换算","False"
"1、交易计算表3月.xls","2026-03","2026-03-27","6","05:00-06:00","38047","原表标题写“兆瓦时”，但日行数值疑似 kWh 级别，未自动换算","False"
"1、交易计算表3月.xls","2026-03","2026-03-27","7","06:00-07:00","82074","原表标题写“兆瓦时”，但日行数值疑似 kWh 级别，未自动换算","False"
"1、交易计算表3月.xls","2026-03","2026-03-27","8","07:00-08:00","90341","原表标题写“兆瓦时”，但日行数值疑似 kWh 级别，未自动换算","False"
"1、交易计算表3月.xls","2026-03","2026-03-27","9","08:00-09:00","85075","原表标题写“兆瓦时”，但日行数值疑似 kWh 级别，未自动换算","False"
"1、交易计算表3月.xls","2026-03","2026-03-27","10","09:00-10:00","92946","原表标题写“兆瓦时”，但日行数值疑似 kWh 级别，未自动换算","False"
"1、交易计算表3月.xls","2026-03","2026-03-27","11","10:00-11:00","84710","原表标题写“兆瓦时”，但日行数值疑似 kWh 级别，未自动换算","False"
"1、交易计算表3月.xls","2026-03","2026-03-27","12","11:00-12:00","78621","原表标题写“兆瓦时”，但日行数值疑似 kWh 级别，未自动换算","False"
"1、交易计算表3月.xls","2026-03","2026-03-27","13","12:00-13:00","83913","原表标题写“兆瓦时”，但日行数值疑似 kWh 级别，未自动换算","False"
"1、交易计算表3月.xls","2026-03","2026-03-27","14","13:00-14:00","77756","原表标题写“兆瓦时”，但日行数值疑似 kWh 级别，未自动换算","False"
"1、交易计算表3月.xls","2026-03","2026-03-27","15","14:00-15:00","81474","原表标题写“兆瓦时”，但日行数值疑似 kWh 级别，未自动换算","False"
"1、交易计算表3月.xls","2026-03","2026-03-27","16","15:00-16:00","84105","原表标题写“兆瓦时”，但日行数值疑似 kWh 级别，未自动换算","False"
"1、交易计算表3月.xls","2026-03","2026-03-27","17","16:00-17:00","88993","原表标题写“兆瓦时”，但日行数值疑似 kWh 级别，未自动换算","False"
"1、交易计算表3月.xls","2026-03","2026-03-27","18","17:00-18:00","85930","原表标题写“兆瓦时”，但日行数值疑似 kWh 级别，未自动换算","False"
"1、交易计算表3月.xls","2026-03","2026-03-27","19","18:00-19:00","101395","原表标题写“兆瓦时”，但日行数值疑似 kWh 级别，未自动换算","False"
"1、交易计算表3月.xls","2026-03","2026-03-27","20","19:00-20:00","90259","原表标题写“兆瓦时”，但日行数值疑似 kWh 级别，未自动换算","False"
"1、交易计算表3月.xls","2026-03","2026-03-27","21","20:00-21:00","78207","原表标题写“兆瓦时”，但日行数值疑似 kWh 级别，未自动换算","False"
"1、交易计算表3月.xls","2026-03","2026-03-27","22","21:00-22:00","79221","原表标题写“兆瓦时”，但日行数值疑似 kWh 级别，未自动换算","False"
"1、交易计算表3月.xls","2026-03","2026-03-27","23","22:00-23:00","74317","原表标题写“兆瓦时”，但日行数值疑似 kWh 级别，未自动换算","False"
"1、交易计算表3月.xls","2026-03","2026-03-27","24","23:00-24:00","57907","原表标题写“兆瓦时”，但日行数值疑似 kWh 级别，未自动换算","False"
"1、交易计算表3月.xls","2026-03","2026-03-26","1","00:00-01:00","32390","原表标题写“兆瓦时”，但日行数值疑似 kWh 级别，未自动换算","False"
"1、交易计算表3月.xls","2026-03","2026-03-26","2","01:00-02:00","29886","原表标题写“兆瓦时”，但日行数值疑似 kWh 级别，未自动换算","False"
"1、交易计算表3月.xls","2026-03","2026-03-26","3","02:00-03:00","33159","原表标题写“兆瓦时”，但日行数值疑似 kWh 级别，未自动换算","False"
"1、交易计算表3月.xls","2026-03","2026-03-26","4","03:00-04:00","28313","原表标题写“兆瓦时”，但日行数值疑似 kWh 级别，未自动换算","False"
"1、交易计算表3月.xls","2026-03","2026-03-26","5","04:00-05:00","39653","原表标题写“兆瓦时”，但日行数值疑似 kWh 级别，未自动换算","False"
"1、交易计算表3月.xls","2026-03","2026-03-26","6","05:00-06:00","36326","原表标题写“兆瓦时”，但日行数值疑似 kWh 级别，未自动换算","False"
"1、交易计算表3月.xls","2026-03","2026-03-26","7","06:00-07:00","74543","原表标题写“兆瓦时”，但日行数值疑似 kWh 级别，未自动换算","False"
"1、交易计算表3月.xls","2026-03","2026-03-26","8","07:00-08:00","96881","原表标题写“兆瓦时”，但日行数值疑似 kWh 级别，未自动换算","False"
"1、交易计算表3月.xls","2026-03","2026-03-26","9","08:00-09:00","91474","原表标题写“兆瓦时”，但日行数值疑似 kWh 级别，未自动换算","False"
"1、交易计算表3月.xls","2026-03","2026-03-26","10","09:00-10:00","84900","原表标题写“兆瓦时”，但日行数值疑似 kWh 级别，未自动换算","False"
"1、交易计算表3月.xls","2026-03","2026-03-26","11","10:00-11:00","90300","原表标题写“兆瓦时”，但日行数值疑似 kWh 级别，未自动换算","False"
"1、交易计算表3月.xls","2026-03","2026-03-26","12","11:00-12:00","80810","原表标题写“兆瓦时”，但日行数值疑似 kWh 级别，未自动换算","False"
"1、交易计算表3月.xls","2026-03","2026-03-26","13","12:00-13:00","74553","原表标题写“兆瓦时”，但日行数值疑似 kWh 级别，未自动换算","False"
"1、交易计算表3月.xls","2026-03","2026-03-26","14","13:00-14:00","88118","原表标题写“兆瓦时”，但日行数值疑似 kWh 级别，未自动换算","False"
"1、交易计算表3月.xls","2026-03","2026-03-26","15","14:00-15:00","74723","原表标题写“兆瓦时”，但日行数值疑似 kWh 级别，未自动换算","False"
"1、交易计算表3月.xls","2026-03","2026-03-26","16","15:00-16:00","91150","原表标题写“兆瓦时”，但日行数值疑似 kWh 级别，未自动换算","False"
"1、交易计算表3月.xls","2026-03","2026-03-26","17","16:00-17:00","78026","原表标题写“兆瓦时”，但日行数值疑似 kWh 级别，未自动换算","False"
"1、交易计算表3月.xls","2026-03","2026-03-26","18","17:00-18:00","91727","原表标题写“兆瓦时”，但日行数值疑似 kWh 级别，未自动换算","False"
"1、交易计算表3月.xls","2026-03","2026-03-26","19","18:00-19:00","90241","原表标题写“兆瓦时”，但日行数值疑似 kWh 级别，未自动换算","False"
"1、交易计算表3月.xls","2026-03","2026-03-26","20","19:00-20:00","91844","原表标题写“兆瓦时”，但日行数值疑似 kWh 级别，未自动换算","False"
"1、交易计算表3月.xls","2026-03","2026-03-26","21","20:00-21:00","80357","原表标题写“兆瓦时”，但日行数值疑似 kWh 级别，未自动换算","False"
"1、交易计算表3月.xls","2026-03","2026-03-26","22","21:00-22:00","76399","原表标题写“兆瓦时”，但日行数值疑似 kWh 级别，未自动换算","False"
"1、交易计算表3月.xls","2026-03","2026-03-26","23","22:00-23:00","75879","原表标题写“兆瓦时”，但日行数值疑似 kWh 级别，未自动换算","False"
"1、交易计算表3月.xls","2026-03","2026-03-26","24","23:00-24:00","51094","原表标题写“兆瓦时”，但日行数值疑似 kWh 级别，未自动换算","False"
"1、交易计算表3月.xls","2026-03","2026-03-25","1","00:00-01:00","37643","原表标题写“兆瓦时”，但日行数值疑似 kWh 级别，未自动换算","False"
"1、交易计算表3月.xls","2026-03","2026-03-25","2","01:00-02:00","27776","原表标题写“兆瓦时”，但日行数值疑似 kWh 级别，未自动换算","False"
"1、交易计算表3月.xls","2026-03","2026-03-25","3","02:00-03:00","35390","原表标题写“兆瓦时”，但日行数值疑似 kWh 级别，未自动换算","False"
"1、交易计算表3月.xls","2026-03","2026-03-25","4","03:00-04:00","24360","原表标题写“兆瓦时”，但日行数值疑似 kWh 级别，未自动换算","False"
"1、交易计算表3月.xls","2026-03","2026-03-25","5","04:00-05:00","37351","原表标题写“兆瓦时”，但日行数值疑似 kWh 级别，未自动换算","False"
"1、交易计算表3月.xls","2026-03","2026-03-25","6","05:00-06:00","57920","原表标题写“兆瓦时”，但日行数值疑似 kWh 级别，未自动换算","False"
"1、交易计算表3月.xls","2026-03","2026-03-25","7","06:00-07:00","69364","原表标题写“兆瓦时”，但日行数值疑似 kWh 级别，未自动换算","False"
"1、交易计算表3月.xls","2026-03","2026-03-25","8","07:00-08:00","84741","原表标题写“兆瓦时”，但日行数值疑似 kWh 级别，未自动换算","False"
"1、交易计算表3月.xls","2026-03","2026-03-25","9","08:00-09:00","95291","原表标题写“兆瓦时”，但日行数值疑似 kWh 级别，未自动换算","False"
"1、交易计算表3月.xls","2026-03","2026-03-25","10","09:00-10:00","85373","原表标题写“兆瓦时”，但日行数值疑似 kWh 级别，未自动换算","False"
"1、交易计算表3月.xls","2026-03","2026-03-25","11","10:00-11:00","83922","原表标题写“兆瓦时”，但日行数值疑似 kWh 级别，未自动换算","False"
"1、交易计算表3月.xls","2026-03","2026-03-25","12","11:00-12:00","79309","原表标题写“兆瓦时”，但日行数值疑似 kWh 级别，未自动换算","False"
"1、交易计算表3月.xls","2026-03","2026-03-25","13","12:00-13:00","85607","原表标题写“兆瓦时”，但日行数值疑似 kWh 级别，未自动换算","False"
"1、交易计算表3月.xls","2026-03","2026-03-25","14","13:00-14:00","78888","原表标题写“兆瓦时”，但日行数值疑似 kWh 级别，未自动换算","False"
"1、交易计算表3月.xls","2026-03","2026-03-25","15","14:00-15:00","76490","原表标题写“兆瓦时”，但日行数值疑似 kWh 级别，未自动换算","False"
"1、交易计算表3月.xls","2026-03","2026-03-25","16","15:00-16:00","79631","原表标题写“兆瓦时”，但日行数值疑似 kWh 级别，未自动换算","False"
"1、交易计算表3月.xls","2026-03","2026-03-25","17","16:00-17:00","85869","原表标题写“兆瓦时”，但日行数值疑似 kWh 级别，未自动换算","False"
"1、交易计算表3月.xls","2026-03","2026-03-25","18","17:00-18:00","96579","原表标题写“兆瓦时”，但日行数值疑似 kWh 级别，未自动换算","False"
"1、交易计算表3月.xls","2026-03","2026-03-25","19","18:00-19:00","95729","原表标题写“兆瓦时”，但日行数值疑似 kWh 级别，未自动换算","False"
"1、交易计算表3月.xls","2026-03","2026-03-25","20","19:00-20:00","77420","原表标题写“兆瓦时”，但日行数值疑似 kWh 级别，未自动换算","False"
"1、交易计算表3月.xls","2026-03","2026-03-25","21","20:00-21:00","80962","原表标题写“兆瓦时”，但日行数值疑似 kWh 级别，未自动换算","False"
"1、交易计算表3月.xls","2026-03","2026-03-25","22","21:00-22:00","84700","原表标题写“兆瓦时”，但日行数值疑似 kWh 级别，未自动换算","False"
"1、交易计算表3月.xls","2026-03","2026-03-25","23","22:00-23:00","78384","原表标题写“兆瓦时”，但日行数值疑似 kWh 级别，未自动换算","False"
"1、交易计算表3月.xls","2026-03","2026-03-25","24","23:00-24:00","40401","原表标题写“兆瓦时”，但日行数值疑似 kWh 级别，未自动换算","False"
"1、交易计算表3月.xls","2026-03","2026-03-24","1","00:00-01:00","31370","原表标题写“兆瓦时”，但日行数值疑似 kWh 级别，未自动换算","False"
"1、交易计算表3月.xls","2026-03","2026-03-24","2","01:00-02:00","38117","原表标题写“兆瓦时”，但日行数值疑似 kWh 级别，未自动换算","False"
"1、交易计算表3月.xls","2026-03","2026-03-24","3","02:00-03:00","31082","原表标题写“兆瓦时”，但日行数值疑似 kWh 级别，未自动换算","False"
"1、交易计算表3月.xls","2026-03","2026-03-24","4","03:00-04:00","34482","原表标题写“兆瓦时”，但日行数值疑似 kWh 级别，未自动换算","False"
"1、交易计算表3月.xls","2026-03","2026-03-24","5","04:00-05:00","24877","原表标题写“兆瓦时”，但日行数值疑似 kWh 级别，未自动换算","False"
"1、交易计算表3月.xls","2026-03","2026-03-24","6","05:00-06:00","43936","原表标题写“兆瓦时”，但日行数值疑似 kWh 级别，未自动换算","False"
"1、交易计算表3月.xls","2026-03","2026-03-24","7","06:00-07:00","86392","原表标题写“兆瓦时”，但日行数值疑似 kWh 级别，未自动换算","False"
"1、交易计算表3月.xls","2026-03","2026-03-24","8","07:00-08:00","77711","原表标题写“兆瓦时”，但日行数值疑似 kWh 级别，未自动换算","False"
"1、交易计算表3月.xls","2026-03","2026-03-24","9","08:00-09:00","101963","原表标题写“兆瓦时”，但日行数值疑似 kWh 级别，未自动换算","False"
"1、交易计算表3月.xls","2026-03","2026-03-24","10","09:00-10:00","89620","原表标题写“兆瓦时”，但日行数值疑似 kWh 级别，未自动换算","False"
"1、交易计算表3月.xls","2026-03","2026-03-24","11","10:00-11:00","77803","原表标题写“兆瓦时”，但日行数值疑似 kWh 级别，未自动换算","False"
"1、交易计算表3月.xls","2026-03","2026-03-24","12","11:00-12:00","89070","原表标题写“兆瓦时”，但日行数值疑似 kWh 级别，未自动换算","False"
"1、交易计算表3月.xls","2026-03","2026-03-24","13","12:00-13:00","81434","原表标题写“兆瓦时”，但日行数值疑似 kWh 级别，未自动换算","False"
"1、交易计算表3月.xls","2026-03","2026-03-24","14","13:00-14:00","77407","原表标题写“兆瓦时”，但日行数值疑似 kWh 级别，未自动换算","False"
"1、交易计算表3月.xls","2026-03","2026-03-24","15","14:00-15:00","83619","原表标题写“兆瓦时”，但日行数值疑似 kWh 级别，未自动换算","False"
"1、交易计算表3月.xls","2026-03","2026-03-24","16","15:00-16:00","76140","原表标题写“兆瓦时”，但日行数值疑似 kWh 级别，未自动换算","False"
"1、交易计算表3月.xls","2026-03","2026-03-24","17","16:00-17:00","90319","原表标题写“兆瓦时”，但日行数值疑似 kWh 级别，未自动换算","False"
"1、交易计算表3月.xls","2026-03","2026-03-24","18","17:00-18:00","86595","原表标题写“兆瓦时”，但日行数值疑似 kWh 级别，未自动换算","False"
"1、交易计算表3月.xls","2026-03","2026-03-24","19","18:00-19:00","98589","原表标题写“兆瓦时”，但日行数值疑似 kWh 级别，未自动换算","False"
"1、交易计算表3月.xls","2026-03","2026-03-24","20","19:00-20:00","89350","原表标题写“兆瓦时”，但日行数值疑似 kWh 级别，未自动换算","False"
"1、交易计算表3月.xls","2026-03","2026-03-24","21","20:00-21:00","72980","原表标题写“兆瓦时”，但日行数值疑似 kWh 级别，未自动换算","False"
"1、交易计算表3月.xls","2026-03","2026-03-24","22","21:00-22:00","81402","原表标题写“兆瓦时”，但日行数值疑似 kWh 级别，未自动换算","False"
"1、交易计算表3月.xls","2026-03","2026-03-24","23","22:00-23:00","70037","原表标题写“兆瓦时”，但日行数值疑似 kWh 级别，未自动换算","False"
"1、交易计算表3月.xls","2026-03","2026-03-24","24","23:00-24:00","52163","原表标题写“兆瓦时”，但日行数值疑似 kWh 级别，未自动换算","False"
"1、交易计算表3月.xls","2026-03","2026-03-23","1","00:00-01:00","34944","原表标题写“兆瓦时”，但日行数值疑似 kWh 级别，未自动换算","False"
"1、交易计算表3月.xls","2026-03","2026-03-23","2","01:00-02:00","42053","原表标题写“兆瓦时”，但日行数值疑似 kWh 级别，未自动换算","False"
"1、交易计算表3月.xls","2026-03","2026-03-23","3","02:00-03:00","28664","原表标题写“兆瓦时”，但日行数值疑似 kWh 级别，未自动换算","False"
"1、交易计算表3月.xls","2026-03","2026-03-23","4","03:00-04:00","22784","原表标题写“兆瓦时”，但日行数值疑似 kWh 级别，未自动换算","False"
"1、交易计算表3月.xls","2026-03","2026-03-23","5","04:00-05:00","40292","原表标题写“兆瓦时”，但日行数值疑似 kWh 级别，未自动换算","False"
"1、交易计算表3月.xls","2026-03","2026-03-23","6","05:00-06:00","37652","原表标题写“兆瓦时”，但日行数值疑似 kWh 级别，未自动换算","False"
"1、交易计算表3月.xls","2026-03","2026-03-23","7","06:00-07:00","79888","原表标题写“兆瓦时”，但日行数值疑似 kWh 级别，未自动换算","False"
"1、交易计算表3月.xls","2026-03","2026-03-23","8","07:00-08:00","85709","原表标题写“兆瓦时”，但日行数值疑似 kWh 级别，未自动换算","False"
"1、交易计算表3月.xls","2026-03","2026-03-23","9","08:00-09:00","93063","原表标题写“兆瓦时”，但日行数值疑似 kWh 级别，未自动换算","False"
"1、交易计算表3月.xls","2026-03","2026-03-23","10","09:00-10:00","92971","原表标题写“兆瓦时”，但日行数值疑似 kWh 级别，未自动换算","False"
"1、交易计算表3月.xls","2026-03","2026-03-23","11","10:00-11:00","88406","原表标题写“兆瓦时”，但日行数值疑似 kWh 级别，未自动换算","False"
"1、交易计算表3月.xls","2026-03","2026-03-23","12","11:00-12:00","80693","原表标题写“兆瓦时”，但日行数值疑似 kWh 级别，未自动换算","False"
"1、交易计算表3月.xls","2026-03","2026-03-23","13","12:00-13:00","78499","原表标题写“兆瓦时”，但日行数值疑似 kWh 级别，未自动换算","False"
"1、交易计算表3月.xls","2026-03","2026-03-23","14","13:00-14:00","73250","原表标题写“兆瓦时”，但日行数值疑似 kWh 级别，未自动换算","False"
"1、交易计算表3月.xls","2026-03","2026-03-23","15","14:00-15:00","81635","原表标题写“兆瓦时”，但日行数值疑似 kWh 级别，未自动换算","False"
"1、交易计算表3月.xls","2026-03","2026-03-23","16","15:00-16:00","85581","原表标题写“兆瓦时”，但日行数值疑似 kWh 级别，未自动换算","False"
"1、交易计算表3月.xls","2026-03","2026-03-23","17","16:00-17:00","94170","原表标题写“兆瓦时”，但日行数值疑似 kWh 级别，未自动换算","False"
"1、交易计算表3月.xls","2026-03","2026-03-23","18","17:00-18:00","80678","原表标题写“兆瓦时”，但日行数值疑似 kWh 级别，未自动换算","False"
"1、交易计算表3月.xls","2026-03","2026-03-23","19","18:00-19:00","92595","原表标题写“兆瓦时”，但日行数值疑似 kWh 级别，未自动换算","False"
"1、交易计算表3月.xls","2026-03","2026-03-23","20","19:00-20:00","98711","原表标题写“兆瓦时”，但日行数值疑似 kWh 级别，未自动换算","False"
"1、交易计算表3月.xls","2026-03","2026-03-23","21","20:00-21:00","64670","原表标题写“兆瓦时”，但日行数值疑似 kWh 级别，未自动换算","False"
"1、交易计算表3月.xls","2026-03","2026-03-23","22","21:00-22:00","81799","原表标题写“兆瓦时”，但日行数值疑似 kWh 级别，未自动换算","False"
"1、交易计算表3月.xls","2026-03","2026-03-23","23","22:00-23:00","76326","原表标题写“兆瓦时”，但日行数值疑似 kWh 级别，未自动换算","False"
"1、交易计算表3月.xls","2026-03","2026-03-23","24","23:00-24:00","48038","原表标题写“兆瓦时”，但日行数值疑似 kWh 级别，未自动换算","False"
"1、交易计算表3月.xls","2026-03","2026-03-22","1","00:00-01:00","39548","原表标题写“兆瓦时”，但日行数值疑似 kWh 级别，未自动换算","False"
"1、交易计算表3月.xls","2026-03","2026-03-22","2","01:00-02:00","31680","原表标题写“兆瓦时”，但日行数值疑似 kWh 级别，未自动换算","False"
"1、交易计算表3月.xls","2026-03","2026-03-22","3","02:00-03:00","29499","原表标题写“兆瓦时”，但日行数值疑似 kWh 级别，未自动换算","False"
"1、交易计算表3月.xls","2026-03","2026-03-22","4","03:00-04:00","29481","原表标题写“兆瓦时”，但日行数值疑似 kWh 级别，未自动换算","False"
"1、交易计算表3月.xls","2026-03","2026-03-22","5","04:00-05:00","30933","原表标题写“兆瓦时”，但日行数值疑似 kWh 级别，未自动换算","False"
"1、交易计算表3月.xls","2026-03","2026-03-22","6","05:00-06:00","50063","原表标题写“兆瓦时”，但日行数值疑似 kWh 级别，未自动换算","False"
"1、交易计算表3月.xls","2026-03","2026-03-22","7","06:00-07:00","64966","原表标题写“兆瓦时”，但日行数值疑似 kWh 级别，未自动换算","False"
"1、交易计算表3月.xls","2026-03","2026-03-22","8","07:00-08:00","74055","原表标题写“兆瓦时”，但日行数值疑似 kWh 级别，未自动换算","False"
"1、交易计算表3月.xls","2026-03","2026-03-22","9","08:00-09:00","83872","原表标题写“兆瓦时”，但日行数值疑似 kWh 级别，未自动换算","False"
"1、交易计算表3月.xls","2026-03","2026-03-22","10","09:00-10:00","82697","原表标题写“兆瓦时”，但日行数值疑似 kWh 级别，未自动换算","False"
"1、交易计算表3月.xls","2026-03","2026-03-22","11","10:00-11:00","79655","原表标题写“兆瓦时”，但日行数值疑似 kWh 级别，未自动换算","False"
"1、交易计算表3月.xls","2026-03","2026-03-22","12","11:00-12:00","76349","原表标题写“兆瓦时”，但日行数值疑似 kWh 级别，未自动换算","False"
"1、交易计算表3月.xls","2026-03","2026-03-22","13","12:00-13:00","93898","原表标题写“兆瓦时”，但日行数值疑似 kWh 级别，未自动换算","False"
"1、交易计算表3月.xls","2026-03","2026-03-22","14","13:00-14:00","81794","原表标题写“兆瓦时”，但日行数值疑似 kWh 级别，未自动换算","False"
"1、交易计算表3月.xls","2026-03","2026-03-22","15","14:00-15:00","87742","原表标题写“兆瓦时”，但日行数值疑似 kWh 级别，未自动换算","False"
"1、交易计算表3月.xls","2026-03","2026-03-22","16","15:00-16:00","72983","原表标题写“兆瓦时”，但日行数值疑似 kWh 级别，未自动换算","False"
"1、交易计算表3月.xls","2026-03","2026-03-22","17","16:00-17:00","84267","原表标题写“兆瓦时”，但日行数值疑似 kWh 级别，未自动换算","False"
"1、交易计算表3月.xls","2026-03","2026-03-22","18","17:00-18:00","88812","原表标题写“兆瓦时”，但日行数值疑似 kWh 级别，未自动换算","False"
"1、交易计算表3月.xls","2026-03","2026-03-22","19","18:00-19:00","89247","原表标题写“兆瓦时”，但日行数值疑似 kWh 级别，未自动换算","False"
"1、交易计算表3月.xls","2026-03","2026-03-22","20","19:00-20:00","81770","原表标题写“兆瓦时”，但日行数值疑似 kWh 级别，未自动换算","False"
"1、交易计算表3月.xls","2026-03","2026-03-22","21","20:00-21:00","87237","原表标题写“兆瓦时”，但日行数值疑似 kWh 级别，未自动换算","False"
"1、交易计算表3月.xls","2026-03","2026-03-22","22","21:00-22:00","77448","原表标题写“兆瓦时”，但日行数值疑似 kWh 级别，未自动换算","False"
"1、交易计算表3月.xls","2026-03","2026-03-22","23","22:00-23:00","74545","原表标题写“兆瓦时”，但日行数值疑似 kWh 级别，未自动换算","False"
"1、交易计算表3月.xls","2026-03","2026-03-22","24","23:00-24:00","57194","原表标题写“兆瓦时”，但日行数值疑似 kWh 级别，未自动换算","False"
"1、交易计算表3月.xls","2026-03","2026-03-21","1","00:00-01:00","39021","原表标题写“兆瓦时”，但日行数值疑似 kWh 级别，未自动换算","False"
"1、交易计算表3月.xls","2026-03","2026-03-21","2","01:00-02:00","29912","原表标题写“兆瓦时”，但日行数值疑似 kWh 级别，未自动换算","False"
"1、交易计算表3月.xls","2026-03","2026-03-21","3","02:00-03:00","33575","原表标题写“兆瓦时”，但日行数值疑似 kWh 级别，未自动换算","False"
"1、交易计算表3月.xls","2026-03","2026-03-21","4","03:00-04:00","32671","原表标题写“兆瓦时”，但日行数值疑似 kWh 级别，未自动换算","False"
"1、交易计算表3月.xls","2026-03","2026-03-21","5","04:00-05:00","30509","原表标题写“兆瓦时”，但日行数值疑似 kWh 级别，未自动换算","False"
"1、交易计算表3月.xls","2026-03","2026-03-21","6","05:00-06:00","48310","原表标题写“兆瓦时”，但日行数值疑似 kWh 级别，未自动换算","False"
"1、交易计算表3月.xls","2026-03","2026-03-21","7","06:00-07:00","72397","原表标题写“兆瓦时”，但日行数值疑似 kWh 级别，未自动换算","False"
"1、交易计算表3月.xls","2026-03","2026-03-21","8","07:00-08:00","70915","原表标题写“兆瓦时”，但日行数值疑似 kWh 级别，未自动换算","False"
"1、交易计算表3月.xls","2026-03","2026-03-21","9","08:00-09:00","82521","原表标题写“兆瓦时”，但日行数值疑似 kWh 级别，未自动换算","False"
"1、交易计算表3月.xls","2026-03","2026-03-21","10","09:00-10:00","84483","原表标题写“兆瓦时”，但日行数值疑似 kWh 级别，未自动换算","False"
"1、交易计算表3月.xls","2026-03","2026-03-21","11","10:00-11:00","84225","原表标题写“兆瓦时”，但日行数值疑似 kWh 级别，未自动换算","False"
"1、交易计算表3月.xls","2026-03","2026-03-21","12","11:00-12:00","73659","原表标题写“兆瓦时”，但日行数值疑似 kWh 级别，未自动换算","False"
"1、交易计算表3月.xls","2026-03","2026-03-21","13","12:00-13:00","86374","原表标题写“兆瓦时”，但日行数值疑似 kWh 级别，未自动换算","False"
"1、交易计算表3月.xls","2026-03","2026-03-21","14","13:00-14:00","85794","原表标题写“兆瓦时”，但日行数值疑似 kWh 级别，未自动换算","False"
"1、交易计算表3月.xls","2026-03","2026-03-21","15","14:00-15:00","77263","原表标题写“兆瓦时”，但日行数值疑似 kWh 级别，未自动换算","False"
"1、交易计算表3月.xls","2026-03","2026-03-21","16","15:00-16:00","86148","原表标题写“兆瓦时”，但日行数值疑似 kWh 级别，未自动换算","False"
"1、交易计算表3月.xls","2026-03","2026-03-21","17","16:00-17:00","87549","原表标题写“兆瓦时”，但日行数值疑似 kWh 级别，未自动换算","False"
"1、交易计算表3月.xls","2026-03","2026-03-21","18","17:00-18:00","81644","原表标题写“兆瓦时”，但日行数值疑似 kWh 级别，未自动换算","False"
"1、交易计算表3月.xls","2026-03","2026-03-21","19","18:00-19:00","86937","原表标题写“兆瓦时”，但日行数值疑似 kWh 级别，未自动换算","False"
"1、交易计算表3月.xls","2026-03","2026-03-21","20","19:00-20:00","84068","原表标题写“兆瓦时”，但日行数值疑似 kWh 级别，未自动换算","False"
"1、交易计算表3月.xls","2026-03","2026-03-21","21","20:00-21:00","93585","原表标题写“兆瓦时”，但日行数值疑似 kWh 级别，未自动换算","False"
"1、交易计算表3月.xls","2026-03","2026-03-21","22","21:00-22:00","80413","原表标题写“兆瓦时”，但日行数值疑似 kWh 级别，未自动换算","False"
"1、交易计算表3月.xls","2026-03","2026-03-21","23","22:00-23:00","74761","原表标题写“兆瓦时”，但日行数值疑似 kWh 级别，未自动换算","False"
"1、交易计算表3月.xls","2026-03","2026-03-21","24","23:00-24:00","59239","原表标题写“兆瓦时”，但日行数值疑似 kWh 级别，未自动换算","False"
"1、交易计算表3月.xls","2026-03","2026-03-20","1","00:00-01:00","39585","原表标题写“兆瓦时”，但日行数值疑似 kWh 级别，未自动换算","False"
"1、交易计算表3月.xls","2026-03","2026-03-20","2","01:00-02:00","30272","原表标题写“兆瓦时”，但日行数值疑似 kWh 级别，未自动换算","False"
"1、交易计算表3月.xls","2026-03","2026-03-20","3","02:00-03:00","32016","原表标题写“兆瓦时”，但日行数值疑似 kWh 级别，未自动换算","False"
"1、交易计算表3月.xls","2026-03","2026-03-20","4","03:00-04:00","26519","原表标题写“兆瓦时”，但日行数值疑似 kWh 级别，未自动换算","False"
"1、交易计算表3月.xls","2026-03","2026-03-20","5","04:00-05:00","36417","原表标题写“兆瓦时”，但日行数值疑似 kWh 级别，未自动换算","False"
"1、交易计算表3月.xls","2026-03","2026-03-20","6","05:00-06:00","48363","原表标题写“兆瓦时”，但日行数值疑似 kWh 级别，未自动换算","False"
"1、交易计算表3月.xls","2026-03","2026-03-20","7","06:00-07:00","71695","原表标题写“兆瓦时”，但日行数值疑似 kWh 级别，未自动换算","False"
"1、交易计算表3月.xls","2026-03","2026-03-20","8","07:00-08:00","94723","原表标题写“兆瓦时”，但日行数值疑似 kWh 级别，未自动换算","False"
"1、交易计算表3月.xls","2026-03","2026-03-20","9","08:00-09:00","87832","原表标题写“兆瓦时”，但日行数值疑似 kWh 级别，未自动换算","False"
"1、交易计算表3月.xls","2026-03","2026-03-20","10","09:00-10:00","89841","原表标题写“兆瓦时”，但日行数值疑似 kWh 级别，未自动换算","False"
"1、交易计算表3月.xls","2026-03","2026-03-20","11","10:00-11:00","91124","原表标题写“兆瓦时”，但日行数值疑似 kWh 级别，未自动换算","False"
"1、交易计算表3月.xls","2026-03","2026-03-20","12","11:00-12:00","76322","原表标题写“兆瓦时”，但日行数值疑似 kWh 级别，未自动换算","False"
"1、交易计算表3月.xls","2026-03","2026-03-20","13","12:00-13:00","81051","原表标题写“兆瓦时”，但日行数值疑似 kWh 级别，未自动换算","False"
"1、交易计算表3月.xls","2026-03","2026-03-20","14","13:00-14:00","78650","原表标题写“兆瓦时”，但日行数值疑似 kWh 级别，未自动换算","False"
"1、交易计算表3月.xls","2026-03","2026-03-20","15","14:00-15:00","81510","原表标题写“兆瓦时”，但日行数值疑似 kWh 级别，未自动换算","False"
"1、交易计算表3月.xls","2026-03","2026-03-20","16","15:00-16:00","79416","原表标题写“兆瓦时”，但日行数值疑似 kWh 级别，未自动换算","False"
"1、交易计算表3月.xls","2026-03","2026-03-20","17","16:00-17:00","97898","原表标题写“兆瓦时”，但日行数值疑似 kWh 级别，未自动换算","False"
"1、交易计算表3月.xls","2026-03","2026-03-20","18","17:00-18:00","87225","原表标题写“兆瓦时”，但日行数值疑似 kWh 级别，未自动换算","False"
"1、交易计算表3月.xls","2026-03","2026-03-20","19","18:00-19:00","94554","原表标题写“兆瓦时”，但日行数值疑似 kWh 级别，未自动换算","False"
"1、交易计算表3月.xls","2026-03","2026-03-20","20","19:00-20:00","94760","原表标题写“兆瓦时”，但日行数值疑似 kWh 级别，未自动换算","False"
"1、交易计算表3月.xls","2026-03","2026-03-20","21","20:00-21:00","79218","原表标题写“兆瓦时”，但日行数值疑似 kWh 级别，未自动换算","False"
"1、交易计算表3月.xls","2026-03","2026-03-20","22","21:00-22:00","79085","原表标题写“兆瓦时”，但日行数值疑似 kWh 级别，未自动换算","False"
"1、交易计算表3月.xls","2026-03","2026-03-20","23","22:00-23:00","74566","原表标题写“兆瓦时”，但日行数值疑似 kWh 级别，未自动换算","False"
"1、交易计算表3月.xls","2026-03","2026-03-20","24","23:00-24:00","57201","原表标题写“兆瓦时”，但日行数值疑似 kWh 级别，未自动换算","False"
"1、交易计算表3月.xls","2026-03","2026-03-19","1","00:00-01:00","27257","原表标题写“兆瓦时”，但日行数值疑似 kWh 级别，未自动换算","False"
"1、交易计算表3月.xls","2026-03","2026-03-19","2","01:00-02:00","33583","原表标题写“兆瓦时”，但日行数值疑似 kWh 级别，未自动换算","False"
"1、交易计算表3月.xls","2026-03","2026-03-19","3","02:00-03:00","31399","原表标题写“兆瓦时”，但日行数值疑似 kWh 级别，未自动换算","False"
"1、交易计算表3月.xls","2026-03","2026-03-19","4","03:00-04:00","27576","原表标题写“兆瓦时”，但日行数值疑似 kWh 级别，未自动换算","False"
"1、交易计算表3月.xls","2026-03","2026-03-19","5","04:00-05:00","34889","原表标题写“兆瓦时”，但日行数值疑似 kWh 级别，未自动换算","False"
"1、交易计算表3月.xls","2026-03","2026-03-19","6","05:00-06:00","54676","原表标题写“兆瓦时”，但日行数值疑似 kWh 级别，未自动换算","False"
"1、交易计算表3月.xls","2026-03","2026-03-19","7","06:00-07:00","72936","原表标题写“兆瓦时”，但日行数值疑似 kWh 级别，未自动换算","False"
"1、交易计算表3月.xls","2026-03","2026-03-19","8","07:00-08:00","87664","原表标题写“兆瓦时”，但日行数值疑似 kWh 级别，未自动换算","False"
"1、交易计算表3月.xls","2026-03","2026-03-19","9","08:00-09:00","96648","原表标题写“兆瓦时”，但日行数值疑似 kWh 级别，未自动换算","False"
"1、交易计算表3月.xls","2026-03","2026-03-19","10","09:00-10:00","88050","原表标题写“兆瓦时”，但日行数值疑似 kWh 级别，未自动换算","False"
"1、交易计算表3月.xls","2026-03","2026-03-19","11","10:00-11:00","83320","原表标题写“兆瓦时”，但日行数值疑似 kWh 级别，未自动换算","False"
"1、交易计算表3月.xls","2026-03","2026-03-19","12","11:00-12:00","77380","原表标题写“兆瓦时”，但日行数值疑似 kWh 级别，未自动换算","False"
"1、交易计算表3月.xls","2026-03","2026-03-19","13","12:00-13:00","85327","原表标题写“兆瓦时”，但日行数值疑似 kWh 级别，未自动换算","False"
"1、交易计算表3月.xls","2026-03","2026-03-19","14","13:00-14:00","80378","原表标题写“兆瓦时”，但日行数值疑似 kWh 级别，未自动换算","False"
"1、交易计算表3月.xls","2026-03","2026-03-19","15","14:00-15:00","74133","原表标题写“兆瓦时”，但日行数值疑似 kWh 级别，未自动换算","False"
"1、交易计算表3月.xls","2026-03","2026-03-19","16","15:00-16:00","88597","原表标题写“兆瓦时”，但日行数值疑似 kWh 级别，未自动换算","False"
"1、交易计算表3月.xls","2026-03","2026-03-19","17","16:00-17:00","87209","原表标题写“兆瓦时”，但日行数值疑似 kWh 级别，未自动换算","False"
"1、交易计算表3月.xls","2026-03","2026-03-19","18","17:00-18:00","91657","原表标题写“兆瓦时”，但日行数值疑似 kWh 级别，未自动换算","False"
"1、交易计算表3月.xls","2026-03","2026-03-19","19","18:00-19:00","97247","原表标题写“兆瓦时”，但日行数值疑似 kWh 级别，未自动换算","False"
"1、交易计算表3月.xls","2026-03","2026-03-19","20","19:00-20:00","87263","原表标题写“兆瓦时”，但日行数值疑似 kWh 级别，未自动换算","False"
"1、交易计算表3月.xls","2026-03","2026-03-19","21","20:00-21:00","75715","原表标题写“兆瓦时”，但日行数值疑似 kWh 级别，未自动换算","False"
"1、交易计算表3月.xls","2026-03","2026-03-19","22","21:00-22:00","77856","原表标题写“兆瓦时”，但日行数值疑似 kWh 级别，未自动换算","False"
"1、交易计算表3月.xls","2026-03","2026-03-19","23","22:00-23:00","75440","原表标题写“兆瓦时”，但日行数值疑似 kWh 级别，未自动换算","False"
"1、交易计算表3月.xls","2026-03","2026-03-19","24","23:00-24:00","44106","原表标题写“兆瓦时”，但日行数值疑似 kWh 级别，未自动换算","False"
"1、交易计算表3月.xls","2026-03","2026-03-18","1","00:00-01:00","28514","原表标题写“兆瓦时”，但日行数值疑似 kWh 级别，未自动换算","False"
"1、交易计算表3月.xls","2026-03","2026-03-18","2","01:00-02:00","36952","原表标题写“兆瓦时”，但日行数值疑似 kWh 级别，未自动换算","False"
"1、交易计算表3月.xls","2026-03","2026-03-18","3","02:00-03:00","32028","原表标题写“兆瓦时”，但日行数值疑似 kWh 级别，未自动换算","False"
"1、交易计算表3月.xls","2026-03","2026-03-18","4","03:00-04:00","28223","原表标题写“兆瓦时”，但日行数值疑似 kWh 级别，未自动换算","False"
"1、交易计算表3月.xls","2026-03","2026-03-18","5","04:00-05:00","37663","原表标题写“兆瓦时”，但日行数值疑似 kWh 级别，未自动换算","False"
"1、交易计算表3月.xls","2026-03","2026-03-18","6","05:00-06:00","50563","原表标题写“兆瓦时”，但日行数值疑似 kWh 级别，未自动换算","False"
"1、交易计算表3月.xls","2026-03","2026-03-18","7","06:00-07:00","68253","原表标题写“兆瓦时”，但日行数值疑似 kWh 级别，未自动换算","False"
"1、交易计算表3月.xls","2026-03","2026-03-18","8","07:00-08:00","98516","原表标题写“兆瓦时”，但日行数值疑似 kWh 级别，未自动换算","False"
"1、交易计算表3月.xls","2026-03","2026-03-18","9","08:00-09:00","84821","原表标题写“兆瓦时”，但日行数值疑似 kWh 级别，未自动换算","False"
"1、交易计算表3月.xls","2026-03","2026-03-18","10","09:00-10:00","97383","原表标题写“兆瓦时”，但日行数值疑似 kWh 级别，未自动换算","False"
"1、交易计算表3月.xls","2026-03","2026-03-18","11","10:00-11:00","85835","原表标题写“兆瓦时”，但日行数值疑似 kWh 级别，未自动换算","False"
"1、交易计算表3月.xls","2026-03","2026-03-18","12","11:00-12:00","85859","原表标题写“兆瓦时”，但日行数值疑似 kWh 级别，未自动换算","False"
"1、交易计算表3月.xls","2026-03","2026-03-18","13","12:00-13:00","78443","原表标题写“兆瓦时”，但日行数值疑似 kWh 级别，未自动换算","False"
"1、交易计算表3月.xls","2026-03","2026-03-18","14","13:00-14:00","79887","原表标题写“兆瓦时”，但日行数值疑似 kWh 级别，未自动换算","False"
"1、交易计算表3月.xls","2026-03","2026-03-18","15","14:00-15:00","83304","原表标题写“兆瓦时”，但日行数值疑似 kWh 级别，未自动换算","False"
"1、交易计算表3月.xls","2026-03","2026-03-18","16","15:00-16:00","85652","原表标题写“兆瓦时”，但日行数值疑似 kWh 级别，未自动换算","False"
"1、交易计算表3月.xls","2026-03","2026-03-18","17","16:00-17:00","86639","原表标题写“兆瓦时”，但日行数值疑似 kWh 级别，未自动换算","False"
"1、交易计算表3月.xls","2026-03","2026-03-18","18","17:00-18:00","91232","原表标题写“兆瓦时”，但日行数值疑似 kWh 级别，未自动换算","False"
"1、交易计算表3月.xls","2026-03","2026-03-18","19","18:00-19:00","98942","原表标题写“兆瓦时”，但日行数值疑似 kWh 级别，未自动换算","False"
"1、交易计算表3月.xls","2026-03","2026-03-18","20","19:00-20:00","80795","原表标题写“兆瓦时”，但日行数值疑似 kWh 级别，未自动换算","False"
"1、交易计算表3月.xls","2026-03","2026-03-18","21","20:00-21:00","85697","原表标题写“兆瓦时”，但日行数值疑似 kWh 级别，未自动换算","False"
"1、交易计算表3月.xls","2026-03","2026-03-18","22","21:00-22:00","77472","原表标题写“兆瓦时”，但日行数值疑似 kWh 级别，未自动换算","False"
"1、交易计算表3月.xls","2026-03","2026-03-18","23","22:00-23:00","75125","原表标题写“兆瓦时”，但日行数值疑似 kWh 级别，未自动换算","False"
"1、交易计算表3月.xls","2026-03","2026-03-18","24","23:00-24:00","60172","原表标题写“兆瓦时”，但日行数值疑似 kWh 级别，未自动换算","False"
"1、交易计算表3月.xls","2026-03","2026-03-17","1","00:00-01:00","38156","原表标题写“兆瓦时”，但日行数值疑似 kWh 级别，未自动换算","False"
"1、交易计算表3月.xls","2026-03","2026-03-17","2","01:00-02:00","32641","原表标题写“兆瓦时”，但日行数值疑似 kWh 级别，未自动换算","False"
"1、交易计算表3月.xls","2026-03","2026-03-17","3","02:00-03:00","29592","原表标题写“兆瓦时”，但日行数值疑似 kWh 级别，未自动换算","False"
"1、交易计算表3月.xls","2026-03","2026-03-17","4","03:00-04:00","24594","原表标题写“兆瓦时”，但日行数值疑似 kWh 级别，未自动换算","False"
"1、交易计算表3月.xls","2026-03","2026-03-17","5","04:00-05:00","35461","原表标题写“兆瓦时”，但日行数值疑似 kWh 级别，未自动换算","False"
"1、交易计算表3月.xls","2026-03","2026-03-17","6","05:00-06:00","48223","原表标题写“兆瓦时”，但日行数值疑似 kWh 级别，未自动换算","False"
"1、交易计算表3月.xls","2026-03","2026-03-17","7","06:00-07:00","80589","原表标题写“兆瓦时”，但日行数值疑似 kWh 级别，未自动换算","False"
"1、交易计算表3月.xls","2026-03","2026-03-17","8","07:00-08:00","76759","原表标题写“兆瓦时”，但日行数值疑似 kWh 级别，未自动换算","False"
"1、交易计算表3月.xls","2026-03","2026-03-17","9","08:00-09:00","103998","原表标题写“兆瓦时”，但日行数值疑似 kWh 级别，未自动换算","False"
"1、交易计算表3月.xls","2026-03","2026-03-17","10","09:00-10:00","95780","原表标题写“兆瓦时”，但日行数值疑似 kWh 级别，未自动换算","False"
"1、交易计算表3月.xls","2026-03","2026-03-17","11","10:00-11:00","81104","原表标题写“兆瓦时”，但日行数值疑似 kWh 级别，未自动换算","False"
"1、交易计算表3月.xls","2026-03","2026-03-17","12","11:00-12:00","86727","原表标题写“兆瓦时”，但日行数值疑似 kWh 级别，未自动换算","False"
"1、交易计算表3月.xls","2026-03","2026-03-17","13","12:00-13:00","84114","原表标题写“兆瓦时”，但日行数值疑似 kWh 级别，未自动换算","False"
"1、交易计算表3月.xls","2026-03","2026-03-17","14","13:00-14:00","80145","原表标题写“兆瓦时”，但日行数值疑似 kWh 级别，未自动换算","False"
"1、交易计算表3月.xls","2026-03","2026-03-17","15","14:00-15:00","75869","原表标题写“兆瓦时”，但日行数值疑似 kWh 级别，未自动换算","False"
"1、交易计算表3月.xls","2026-03","2026-03-17","16","15:00-16:00","83893","原表标题写“兆瓦时”，但日行数值疑似 kWh 级别，未自动换算","False"
"1、交易计算表3月.xls","2026-03","2026-03-17","17","16:00-17:00","79338","原表标题写“兆瓦时”，但日行数值疑似 kWh 级别，未自动换算","False"
"1、交易计算表3月.xls","2026-03","2026-03-17","18","17:00-18:00","108160","原表标题写“兆瓦时”，但日行数值疑似 kWh 级别，未自动换算","False"
"1、交易计算表3月.xls","2026-03","2026-03-17","19","18:00-19:00","85052","原表标题写“兆瓦时”，但日行数值疑似 kWh 级别，未自动换算","False"
"1、交易计算表3月.xls","2026-03","2026-03-17","20","19:00-20:00","91101","原表标题写“兆瓦时”，但日行数值疑似 kWh 级别，未自动换算","False"
"1、交易计算表3月.xls","2026-03","2026-03-17","21","20:00-21:00","84010","原表标题写“兆瓦时”，但日行数值疑似 kWh 级别，未自动换算","False"
"1、交易计算表3月.xls","2026-03","2026-03-17","22","21:00-22:00","77293","原表标题写“兆瓦时”，但日行数值疑似 kWh 级别，未自动换算","False"
"1、交易计算表3月.xls","2026-03","2026-03-17","23","22:00-23:00","68209","原表标题写“兆瓦时”，但日行数值疑似 kWh 级别，未自动换算","False"
"1、交易计算表3月.xls","2026-03","2026-03-17","24","23:00-24:00","55283","原表标题写“兆瓦时”，但日行数值疑似 kWh 级别，未自动换算","False"
"1、交易计算表3月.xls","2026-03","2026-03-16","1","00:00-01:00","33215","原表标题写“兆瓦时”，但日行数值疑似 kWh 级别，未自动换算","False"
"1、交易计算表3月.xls","2026-03","2026-03-16","2","01:00-02:00","34068","原表标题写“兆瓦时”，但日行数值疑似 kWh 级别，未自动换算","False"
"1、交易计算表3月.xls","2026-03","2026-03-16","3","02:00-03:00","29122","原表标题写“兆瓦时”，但日行数值疑似 kWh 级别，未自动换算","False"
"1、交易计算表3月.xls","2026-03","2026-03-16","4","03:00-04:00","25782","原表标题写“兆瓦时”，但日行数值疑似 kWh 级别，未自动换算","False"
"1、交易计算表3月.xls","2026-03","2026-03-16","5","04:00-05:00","39094","原表标题写“兆瓦时”，但日行数值疑似 kWh 级别，未自动换算","False"
"1、交易计算表3月.xls","2026-03","2026-03-16","6","05:00-06:00","41481","原表标题写“兆瓦时”，但日行数值疑似 kWh 级别，未自动换算","False"
"1、交易计算表3月.xls","2026-03","2026-03-16","7","06:00-07:00","75885","原表标题写“兆瓦时”，但日行数值疑似 kWh 级别，未自动换算","False"
"1、交易计算表3月.xls","2026-03","2026-03-16","8","07:00-08:00","89604","原表标题写“兆瓦时”，但日行数值疑似 kWh 级别，未自动换算","False"
"1、交易计算表3月.xls","2026-03","2026-03-16","9","08:00-09:00","100865","原表标题写“兆瓦时”，但日行数值疑似 kWh 级别，未自动换算","False"
"1、交易计算表3月.xls","2026-03","2026-03-16","10","09:00-10:00","88750","原表标题写“兆瓦时”，但日行数值疑似 kWh 级别，未自动换算","False"
"1、交易计算表3月.xls","2026-03","2026-03-16","11","10:00-11:00","82299","原表标题写“兆瓦时”，但日行数值疑似 kWh 级别，未自动换算","False"
"1、交易计算表3月.xls","2026-03","2026-03-16","12","11:00-12:00","86749","原表标题写“兆瓦时”，但日行数值疑似 kWh 级别，未自动换算","False"
"1、交易计算表3月.xls","2026-03","2026-03-16","13","12:00-13:00","77657","原表标题写“兆瓦时”，但日行数值疑似 kWh 级别，未自动换算","False"
"1、交易计算表3月.xls","2026-03","2026-03-16","14","13:00-14:00","84606","原表标题写“兆瓦时”，但日行数值疑似 kWh 级别，未自动换算","False"
"1、交易计算表3月.xls","2026-03","2026-03-16","15","14:00-15:00","80670","原表标题写“兆瓦时”，但日行数值疑似 kWh 级别，未自动换算","False"
"1、交易计算表3月.xls","2026-03","2026-03-16","16","15:00-16:00","82226","原表标题写“兆瓦时”，但日行数值疑似 kWh 级别，未自动换算","False"
"1、交易计算表3月.xls","2026-03","2026-03-16","17","16:00-17:00","88258","原表标题写“兆瓦时”，但日行数值疑似 kWh 级别，未自动换算","False"
"1、交易计算表3月.xls","2026-03","2026-03-16","18","17:00-18:00","90523","原表标题写“兆瓦时”，但日行数值疑似 kWh 级别，未自动换算","False"
"1、交易计算表3月.xls","2026-03","2026-03-16","19","18:00-19:00","89403","原表标题写“兆瓦时”，但日行数值疑似 kWh 级别，未自动换算","False"
"1、交易计算表3月.xls","2026-03","2026-03-16","20","19:00-20:00","86624","原表标题写“兆瓦时”，但日行数值疑似 kWh 级别，未自动换算","False"
"1、交易计算表3月.xls","2026-03","2026-03-16","21","20:00-21:00","82215","原表标题写“兆瓦时”，但日行数值疑似 kWh 级别，未自动换算","False"
"1、交易计算表3月.xls","2026-03","2026-03-16","22","21:00-22:00","79299","原表标题写“兆瓦时”，但日行数值疑似 kWh 级别，未自动换算","False"
"1、交易计算表3月.xls","2026-03","2026-03-16","23","22:00-23:00","75269","原表标题写“兆瓦时”，但日行数值疑似 kWh 级别，未自动换算","False"
"1、交易计算表3月.xls","2026-03","2026-03-16","24","23:00-24:00","46420","原表标题写“兆瓦时”，但日行数值疑似 kWh 级别，未自动换算","False"
"1、交易计算表3月.xls","2026-03","2026-03-15","1","00:00-01:00","43146","原表标题写“兆瓦时”，但日行数值疑似 kWh 级别，未自动换算","False"
"1、交易计算表3月.xls","2026-03","2026-03-15","2","01:00-02:00","27283","原表标题写“兆瓦时”，但日行数值疑似 kWh 级别，未自动换算","False"
"1、交易计算表3月.xls","2026-03","2026-03-15","3","02:00-03:00","31730","原表标题写“兆瓦时”，但日行数值疑似 kWh 级别，未自动换算","False"
"1、交易计算表3月.xls","2026-03","2026-03-15","4","03:00-04:00","22350","原表标题写“兆瓦时”，但日行数值疑似 kWh 级别，未自动换算","False"
"1、交易计算表3月.xls","2026-03","2026-03-15","5","04:00-05:00","41837","原表标题写“兆瓦时”，但日行数值疑似 kWh 级别，未自动换算","False"
"1、交易计算表3月.xls","2026-03","2026-03-15","6","05:00-06:00","41453","原表标题写“兆瓦时”，但日行数值疑似 kWh 级别，未自动换算","False"
"1、交易计算表3月.xls","2026-03","2026-03-15","7","06:00-07:00","70320","原表标题写“兆瓦时”，但日行数值疑似 kWh 级别，未自动换算","False"
"1、交易计算表3月.xls","2026-03","2026-03-15","8","07:00-08:00","69384","原表标题写“兆瓦时”，但日行数值疑似 kWh 级别，未自动换算","False"
"1、交易计算表3月.xls","2026-03","2026-03-15","9","08:00-09:00","86662","原表标题写“兆瓦时”，但日行数值疑似 kWh 级别，未自动换算","False"
"1、交易计算表3月.xls","2026-03","2026-03-15","10","09:00-10:00","81678","原表标题写“兆瓦时”，但日行数值疑似 kWh 级别，未自动换算","False"
"1、交易计算表3月.xls","2026-03","2026-03-15","11","10:00-11:00","74777","原表标题写“兆瓦时”，但日行数值疑似 kWh 级别，未自动换算","False"
"1、交易计算表3月.xls","2026-03","2026-03-15","12","11:00-12:00","91642","原表标题写“兆瓦时”，但日行数值疑似 kWh 级别，未自动换算","False"
"1、交易计算表3月.xls","2026-03","2026-03-15","13","12:00-13:00","75673","原表标题写“兆瓦时”，但日行数值疑似 kWh 级别，未自动换算","False"
"1、交易计算表3月.xls","2026-03","2026-03-15","14","13:00-14:00","90938","原表标题写“兆瓦时”，但日行数值疑似 kWh 级别，未自动换算","False"
"1、交易计算表3月.xls","2026-03","2026-03-15","15","14:00-15:00","79330","原表标题写“兆瓦时”，但日行数值疑似 kWh 级别，未自动换算","False"
"1、交易计算表3月.xls","2026-03","2026-03-15","16","15:00-16:00","85049","原表标题写“兆瓦时”，但日行数值疑似 kWh 级别，未自动换算","False"
"1、交易计算表3月.xls","2026-03","2026-03-15","17","16:00-17:00","85162","原表标题写“兆瓦时”，但日行数值疑似 kWh 级别，未自动换算","False"
"1、交易计算表3月.xls","2026-03","2026-03-15","18","17:00-18:00","83718","原表标题写“兆瓦时”，但日行数值疑似 kWh 级别，未自动换算","False"
"1、交易计算表3月.xls","2026-03","2026-03-15","19","18:00-19:00","90832","原表标题写“兆瓦时”，但日行数值疑似 kWh 级别，未自动换算","False"
"1、交易计算表3月.xls","2026-03","2026-03-15","20","19:00-20:00","79892","原表标题写“兆瓦时”，但日行数值疑似 kWh 级别，未自动换算","False"
"1、交易计算表3月.xls","2026-03","2026-03-15","21","20:00-21:00","81572","原表标题写“兆瓦时”，但日行数值疑似 kWh 级别，未自动换算","False"
"1、交易计算表3月.xls","2026-03","2026-03-15","22","21:00-22:00","83731","原表标题写“兆瓦时”，但日行数值疑似 kWh 级别，未自动换算","False"
"1、交易计算表3月.xls","2026-03","2026-03-15","23","22:00-23:00","80186","原表标题写“兆瓦时”，但日行数值疑似 kWh 级别，未自动换算","False"
"1、交易计算表3月.xls","2026-03","2026-03-15","24","23:00-24:00","55996","原表标题写“兆瓦时”，但日行数值疑似 kWh 级别，未自动换算","False"
"1、交易计算表3月.xls","2026-03","2026-03-14","1","00:00-01:00","34684","原表标题写“兆瓦时”，但日行数值疑似 kWh 级别，未自动换算","False"
"1、交易计算表3月.xls","2026-03","2026-03-14","2","01:00-02:00","38125","原表标题写“兆瓦时”，但日行数值疑似 kWh 级别，未自动换算","False"
"1、交易计算表3月.xls","2026-03","2026-03-14","3","02:00-03:00","23368","原表标题写“兆瓦时”，但日行数值疑似 kWh 级别，未自动换算","False"
"1、交易计算表3月.xls","2026-03","2026-03-14","4","03:00-04:00","32949","原表标题写“兆瓦时”，但日行数值疑似 kWh 级别，未自动换算","False"
"1、交易计算表3月.xls","2026-03","2026-03-14","5","04:00-05:00","38191","原表标题写“兆瓦时”，但日行数值疑似 kWh 级别，未自动换算","False"
"1、交易计算表3月.xls","2026-03","2026-03-14","6","05:00-06:00","40159","原表标题写“兆瓦时”，但日行数值疑似 kWh 级别，未自动换算","False"
"1、交易计算表3月.xls","2026-03","2026-03-14","7","06:00-07:00","71617","原表标题写“兆瓦时”，但日行数值疑似 kWh 级别，未自动换算","False"
"1、交易计算表3月.xls","2026-03","2026-03-14","8","07:00-08:00","86359","原表标题写“兆瓦时”，但日行数值疑似 kWh 级别，未自动换算","False"
"1、交易计算表3月.xls","2026-03","2026-03-14","9","08:00-09:00","70407","原表标题写“兆瓦时”，但日行数值疑似 kWh 级别，未自动换算","False"
"1、交易计算表3月.xls","2026-03","2026-03-14","10","09:00-10:00","85334","原表标题写“兆瓦时”，但日行数值疑似 kWh 级别，未自动换算","False"
"1、交易计算表3月.xls","2026-03","2026-03-14","11","10:00-11:00","80613","原表标题写“兆瓦时”，但日行数值疑似 kWh 级别，未自动换算","False"
"1、交易计算表3月.xls","2026-03","2026-03-14","12","11:00-12:00","78051","原表标题写“兆瓦时”，但日行数值疑似 kWh 级别，未自动换算","False"
"1、交易计算表3月.xls","2026-03","2026-03-14","13","12:00-13:00","87269","原表标题写“兆瓦时”，但日行数值疑似 kWh 级别，未自动换算","False"
"1、交易计算表3月.xls","2026-03","2026-03-14","14","13:00-14:00","86153","原表标题写“兆瓦时”，但日行数值疑似 kWh 级别，未自动换算","False"
"1、交易计算表3月.xls","2026-03","2026-03-14","15","14:00-15:00","78854","原表标题写“兆瓦时”，但日行数值疑似 kWh 级别，未自动换算","False"
"1、交易计算表3月.xls","2026-03","2026-03-14","16","15:00-16:00","87195","原表标题写“兆瓦时”，但日行数值疑似 kWh 级别，未自动换算","False"
"1、交易计算表3月.xls","2026-03","2026-03-14","17","16:00-17:00","81285","原表标题写“兆瓦时”，但日行数值疑似 kWh 级别，未自动换算","False"
"1、交易计算表3月.xls","2026-03","2026-03-14","18","17:00-18:00","88182","原表标题写“兆瓦时”，但日行数值疑似 kWh 级别，未自动换算","False"
"1、交易计算表3月.xls","2026-03","2026-03-14","19","18:00-19:00","85622","原表标题写“兆瓦时”，但日行数值疑似 kWh 级别，未自动换算","False"
"1、交易计算表3月.xls","2026-03","2026-03-14","20","19:00-20:00","80657","原表标题写“兆瓦时”，但日行数值疑似 kWh 级别，未自动换算","False"
"1、交易计算表3月.xls","2026-03","2026-03-14","21","20:00-21:00","88377","原表标题写“兆瓦时”，但日行数值疑似 kWh 级别，未自动换算","False"
"1、交易计算表3月.xls","2026-03","2026-03-14","22","21:00-22:00","80063","原表标题写“兆瓦时”，但日行数值疑似 kWh 级别，未自动换算","False"
"1、交易计算表3月.xls","2026-03","2026-03-14","23","22:00-23:00","77691","原表标题写“兆瓦时”，但日行数值疑似 kWh 级别，未自动换算","False"
"1、交易计算表3月.xls","2026-03","2026-03-14","24","23:00-24:00","57008","原表标题写“兆瓦时”，但日行数值疑似 kWh 级别，未自动换算","False"
"1、交易计算表3月.xls","2026-03","2026-03-13","1","00:00-01:00","34966","原表标题写“兆瓦时”，但日行数值疑似 kWh 级别，未自动换算","False"
"1、交易计算表3月.xls","2026-03","2026-03-13","2","01:00-02:00","38304","原表标题写“兆瓦时”，但日行数值疑似 kWh 级别，未自动换算","False"
"1、交易计算表3月.xls","2026-03","2026-03-13","3","02:00-03:00","15890","原表标题写“兆瓦时”，但日行数值疑似 kWh 级别，未自动换算","False"
"1、交易计算表3月.xls","2026-03","2026-03-13","4","03:00-04:00","41101","原表标题写“兆瓦时”，但日行数值疑似 kWh 级别，未自动换算","False"
"1、交易计算表3月.xls","2026-03","2026-03-13","5","04:00-05:00","30679","原表标题写“兆瓦时”，但日行数值疑似 kWh 级别，未自动换算","False"
"1、交易计算表3月.xls","2026-03","2026-03-13","6","05:00-06:00","51615","原表标题写“兆瓦时”，但日行数值疑似 kWh 级别，未自动换算","False"
"1、交易计算表3月.xls","2026-03","2026-03-13","7","06:00-07:00","74241","原表标题写“兆瓦时”，但日行数值疑似 kWh 级别，未自动换算","False"
"1、交易计算表3月.xls","2026-03","2026-03-13","8","07:00-08:00","86011","原表标题写“兆瓦时”，但日行数值疑似 kWh 级别，未自动换算","False"
"1、交易计算表3月.xls","2026-03","2026-03-13","9","08:00-09:00","103119","原表标题写“兆瓦时”，但日行数值疑似 kWh 级别，未自动换算","False"
"1、交易计算表3月.xls","2026-03","2026-03-13","10","09:00-10:00","84955","原表标题写“兆瓦时”，但日行数值疑似 kWh 级别，未自动换算","False"
"1、交易计算表3月.xls","2026-03","2026-03-13","11","10:00-11:00","80201","原表标题写“兆瓦时”，但日行数值疑似 kWh 级别，未自动换算","False"
"1、交易计算表3月.xls","2026-03","2026-03-13","12","11:00-12:00","85745","原表标题写“兆瓦时”，但日行数值疑似 kWh 级别，未自动换算","False"
"1、交易计算表3月.xls","2026-03","2026-03-13","13","12:00-13:00","77868","原表标题写“兆瓦时”，但日行数值疑似 kWh 级别，未自动换算","False"
"1、交易计算表3月.xls","2026-03","2026-03-13","14","13:00-14:00","79053","原表标题写“兆瓦时”，但日行数值疑似 kWh 级别，未自动换算","False"
"1、交易计算表3月.xls","2026-03","2026-03-13","15","14:00-15:00","79395","原表标题写“兆瓦时”，但日行数值疑似 kWh 级别，未自动换算","False"
"1、交易计算表3月.xls","2026-03","2026-03-13","16","15:00-16:00","79992","原表标题写“兆瓦时”，但日行数值疑似 kWh 级别，未自动换算","False"
"1、交易计算表3月.xls","2026-03","2026-03-13","17","16:00-17:00","84906","原表标题写“兆瓦时”，但日行数值疑似 kWh 级别，未自动换算","False"
"1、交易计算表3月.xls","2026-03","2026-03-13","18","17:00-18:00","96354","原表标题写“兆瓦时”，但日行数值疑似 kWh 级别，未自动换算","False"
"1、交易计算表3月.xls","2026-03","2026-03-13","19","18:00-19:00","93420","原表标题写“兆瓦时”，但日行数值疑似 kWh 级别，未自动换算","False"
"1、交易计算表3月.xls","2026-03","2026-03-13","20","19:00-20:00","78124","原表标题写“兆瓦时”，但日行数值疑似 kWh 级别，未自动换算","False"
"1、交易计算表3月.xls","2026-03","2026-03-13","21","20:00-21:00","82542","原表标题写“兆瓦时”，但日行数值疑似 kWh 级别，未自动换算","False"
"1、交易计算表3月.xls","2026-03","2026-03-13","22","21:00-22:00","77915","原表标题写“兆瓦时”，但日行数值疑似 kWh 级别，未自动换算","False"
"1、交易计算表3月.xls","2026-03","2026-03-13","23","22:00-23:00","80731","原表标题写“兆瓦时”，但日行数值疑似 kWh 级别，未自动换算","False"
"1、交易计算表3月.xls","2026-03","2026-03-13","24","23:00-24:00","59287","原表标题写“兆瓦时”，但日行数值疑似 kWh 级别，未自动换算","False"
"1、交易计算表3月.xls","2026-03","2026-03-12","1","00:00-01:00","29888","原表标题写“兆瓦时”，但日行数值疑似 kWh 级别，未自动换算","False"
"1、交易计算表3月.xls","2026-03","2026-03-12","2","01:00-02:00","34034","原表标题写“兆瓦时”，但日行数值疑似 kWh 级别，未自动换算","False"
"1、交易计算表3月.xls","2026-03","2026-03-12","3","02:00-03:00","28632","原表标题写“兆瓦时”，但日行数值疑似 kWh 级别，未自动换算","False"
"1、交易计算表3月.xls","2026-03","2026-03-12","4","03:00-04:00","29784","原表标题写“兆瓦时”，但日行数值疑似 kWh 级别，未自动换算","False"
"1、交易计算表3月.xls","2026-03","2026-03-12","5","04:00-05:00","34772","原表标题写“兆瓦时”，但日行数值疑似 kWh 级别，未自动换算","False"
"1、交易计算表3月.xls","2026-03","2026-03-12","6","05:00-06:00","50992","原表标题写“兆瓦时”，但日行数值疑似 kWh 级别，未自动换算","False"
"1、交易计算表3月.xls","2026-03","2026-03-12","7","06:00-07:00","69932","原表标题写“兆瓦时”，但日行数值疑似 kWh 级别，未自动换算","False"
"1、交易计算表3月.xls","2026-03","2026-03-12","8","07:00-08:00","92831","原表标题写“兆瓦时”，但日行数值疑似 kWh 级别，未自动换算","False"
"1、交易计算表3月.xls","2026-03","2026-03-12","9","08:00-09:00","94091","原表标题写“兆瓦时”，但日行数值疑似 kWh 级别，未自动换算","False"
"1、交易计算表3月.xls","2026-03","2026-03-12","10","09:00-10:00","84187","原表标题写“兆瓦时”，但日行数值疑似 kWh 级别，未自动换算","False"
"1、交易计算表3月.xls","2026-03","2026-03-12","11","10:00-11:00","84446","原表标题写“兆瓦时”，但日行数值疑似 kWh 级别，未自动换算","False"
"1、交易计算表3月.xls","2026-03","2026-03-12","12","11:00-12:00","78293","原表标题写“兆瓦时”，但日行数值疑似 kWh 级别，未自动换算","False"
"1、交易计算表3月.xls","2026-03","2026-03-12","13","12:00-13:00","77807","原表标题写“兆瓦时”，但日行数值疑似 kWh 级别，未自动换算","False"
"1、交易计算表3月.xls","2026-03","2026-03-12","14","13:00-14:00","84677","原表标题写“兆瓦时”，但日行数值疑似 kWh 级别，未自动换算","False"
"1、交易计算表3月.xls","2026-03","2026-03-12","15","14:00-15:00","76319","原表标题写“兆瓦时”，但日行数值疑似 kWh 级别，未自动换算","False"
"1、交易计算表3月.xls","2026-03","2026-03-12","16","15:00-16:00","75276","原表标题写“兆瓦时”，但日行数值疑似 kWh 级别，未自动换算","False"
"1、交易计算表3月.xls","2026-03","2026-03-12","17","16:00-17:00","89936","原表标题写“兆瓦时”，但日行数值疑似 kWh 级别，未自动换算","False"
"1、交易计算表3月.xls","2026-03","2026-03-12","18","17:00-18:00","94038","原表标题写“兆瓦时”，但日行数值疑似 kWh 级别，未自动换算","False"
"1、交易计算表3月.xls","2026-03","2026-03-12","19","18:00-19:00","90604","原表标题写“兆瓦时”，但日行数值疑似 kWh 级别，未自动换算","False"
"1、交易计算表3月.xls","2026-03","2026-03-12","20","19:00-20:00","84984","原表标题写“兆瓦时”，但日行数值疑似 kWh 级别，未自动换算","False"
"1、交易计算表3月.xls","2026-03","2026-03-12","21","20:00-21:00","87830","原表标题写“兆瓦时”，但日行数值疑似 kWh 级别，未自动换算","False"
"1、交易计算表3月.xls","2026-03","2026-03-12","22","21:00-22:00","72493","原表标题写“兆瓦时”，但日行数值疑似 kWh 级别，未自动换算","False"
"1、交易计算表3月.xls","2026-03","2026-03-12","23","22:00-23:00","73356","原表标题写“兆瓦时”，但日行数值疑似 kWh 级别，未自动换算","False"
"1、交易计算表3月.xls","2026-03","2026-03-12","24","23:00-24:00","49225","原表标题写“兆瓦时”，但日行数值疑似 kWh 级别，未自动换算","False"
"1、交易计算表3月.xls","2026-03","2026-03-11","1","00:00-01:00","26472","原表标题写“兆瓦时”，但日行数值疑似 kWh 级别，未自动换算","False"
"1、交易计算表3月.xls","2026-03","2026-03-11","2","01:00-02:00","45785","原表标题写“兆瓦时”，但日行数值疑似 kWh 级别，未自动换算","False"
"1、交易计算表3月.xls","2026-03","2026-03-11","3","02:00-03:00","22379","原表标题写“兆瓦时”，但日行数值疑似 kWh 级别，未自动换算","False"
"1、交易计算表3月.xls","2026-03","2026-03-11","4","03:00-04:00","29761","原表标题写“兆瓦时”，但日行数值疑似 kWh 级别，未自动换算","False"
"1、交易计算表3月.xls","2026-03","2026-03-11","5","04:00-05:00","39787","原表标题写“兆瓦时”，但日行数值疑似 kWh 级别，未自动换算","False"
"1、交易计算表3月.xls","2026-03","2026-03-11","6","05:00-06:00","38047","原表标题写“兆瓦时”，但日行数值疑似 kWh 级别，未自动换算","False"
"1、交易计算表3月.xls","2026-03","2026-03-11","7","06:00-07:00","78148","原表标题写“兆瓦时”，但日行数值疑似 kWh 级别，未自动换算","False"
"1、交易计算表3月.xls","2026-03","2026-03-11","8","07:00-08:00","92353","原表标题写“兆瓦时”，但日行数值疑似 kWh 级别，未自动换算","False"
"1、交易计算表3月.xls","2026-03","2026-03-11","9","08:00-09:00","95121","原表标题写“兆瓦时”，但日行数值疑似 kWh 级别，未自动换算","False"
"1、交易计算表3月.xls","2026-03","2026-03-11","10","09:00-10:00","87398","原表标题写“兆瓦时”，但日行数值疑似 kWh 级别，未自动换算","False"
"1、交易计算表3月.xls","2026-03","2026-03-11","11","10:00-11:00","80398","原表标题写“兆瓦时”，但日行数值疑似 kWh 级别，未自动换算","False"
"1、交易计算表3月.xls","2026-03","2026-03-11","12","11:00-12:00","79827","原表标题写“兆瓦时”，但日行数值疑似 kWh 级别，未自动换算","False"
"1、交易计算表3月.xls","2026-03","2026-03-11","13","12:00-13:00","80403","原表标题写“兆瓦时”，但日行数值疑似 kWh 级别，未自动换算","False"
"1、交易计算表3月.xls","2026-03","2026-03-11","14","13:00-14:00","74566","原表标题写“兆瓦时”，但日行数值疑似 kWh 级别，未自动换算","False"
"1、交易计算表3月.xls","2026-03","2026-03-11","15","14:00-15:00","72160","原表标题写“兆瓦时”，但日行数值疑似 kWh 级别，未自动换算","False"
"1、交易计算表3月.xls","2026-03","2026-03-11","16","15:00-16:00","97773","原表标题写“兆瓦时”，但日行数值疑似 kWh 级别，未自动换算","False"
"1、交易计算表3月.xls","2026-03","2026-03-11","17","16:00-17:00","72510","原表标题写“兆瓦时”，但日行数值疑似 kWh 级别，未自动换算","False"
"1、交易计算表3月.xls","2026-03","2026-03-11","18","17:00-18:00","95307","原表标题写“兆瓦时”，但日行数值疑似 kWh 级别，未自动换算","False"
"1、交易计算表3月.xls","2026-03","2026-03-11","19","18:00-19:00","89333","原表标题写“兆瓦时”，但日行数值疑似 kWh 级别，未自动换算","False"
"1、交易计算表3月.xls","2026-03","2026-03-11","20","19:00-20:00","91187","原表标题写“兆瓦时”，但日行数值疑似 kWh 级别，未自动换算","False"
"1、交易计算表3月.xls","2026-03","2026-03-11","21","20:00-21:00","81118","原表标题写“兆瓦时”，但日行数值疑似 kWh 级别，未自动换算","False"
"1、交易计算表3月.xls","2026-03","2026-03-11","22","21:00-22:00","77074","原表标题写“兆瓦时”，但日行数值疑似 kWh 级别，未自动换算","False"
"1、交易计算表3月.xls","2026-03","2026-03-11","23","22:00-23:00","69590","原表标题写“兆瓦时”，但日行数值疑似 kWh 级别，未自动换算","False"
"1、交易计算表3月.xls","2026-03","2026-03-11","24","23:00-24:00","48537","原表标题写“兆瓦时”，但日行数值疑似 kWh 级别，未自动换算","False"
"1、交易计算表3月.xls","2026-03","2026-03-10","1","00:00-01:00","30787","原表标题写“兆瓦时”，但日行数值疑似 kWh 级别，未自动换算","False"
"1、交易计算表3月.xls","2026-03","2026-03-10","2","01:00-02:00","41186","原表标题写“兆瓦时”，但日行数值疑似 kWh 级别，未自动换算","False"
"1、交易计算表3月.xls","2026-03","2026-03-10","3","02:00-03:00","22818","原表标题写“兆瓦时”，但日行数值疑似 kWh 级别，未自动换算","False"
"1、交易计算表3月.xls","2026-03","2026-03-10","4","03:00-04:00","41455","原表标题写“兆瓦时”，但日行数值疑似 kWh 级别，未自动换算","False"
"1、交易计算表3月.xls","2026-03","2026-03-10","5","04:00-05:00","28687","原表标题写“兆瓦时”，但日行数值疑似 kWh 级别，未自动换算","False"
"1、交易计算表3月.xls","2026-03","2026-03-10","6","05:00-06:00","51995","原表标题写“兆瓦时”，但日行数值疑似 kWh 级别，未自动换算","False"
"1、交易计算表3月.xls","2026-03","2026-03-10","7","06:00-07:00","73963","原表标题写“兆瓦时”，但日行数值疑似 kWh 级别，未自动换算","False"
"1、交易计算表3月.xls","2026-03","2026-03-10","8","07:00-08:00","88524","原表标题写“兆瓦时”，但日行数值疑似 kWh 级别，未自动换算","False"
"1、交易计算表3月.xls","2026-03","2026-03-10","9","08:00-09:00","100080","原表标题写“兆瓦时”，但日行数值疑似 kWh 级别，未自动换算","False"
"1、交易计算表3月.xls","2026-03","2026-03-10","10","09:00-10:00","84108","原表标题写“兆瓦时”，但日行数值疑似 kWh 级别，未自动换算","False"
"1、交易计算表3月.xls","2026-03","2026-03-10","11","10:00-11:00","87694","原表标题写“兆瓦时”，但日行数值疑似 kWh 级别，未自动换算","False"
"1、交易计算表3月.xls","2026-03","2026-03-10","12","11:00-12:00","66726","原表标题写“兆瓦时”，但日行数值疑似 kWh 级别，未自动换算","False"
"1、交易计算表3月.xls","2026-03","2026-03-10","13","12:00-13:00","88173","原表标题写“兆瓦时”，但日行数值疑似 kWh 级别，未自动换算","False"
"1、交易计算表3月.xls","2026-03","2026-03-10","14","13:00-14:00","75729","原表标题写“兆瓦时”，但日行数值疑似 kWh 级别，未自动换算","False"
"1、交易计算表3月.xls","2026-03","2026-03-10","15","14:00-15:00","78298","原表标题写“兆瓦时”，但日行数值疑似 kWh 级别，未自动换算","False"
"1、交易计算表3月.xls","2026-03","2026-03-10","16","15:00-16:00","88603","原表标题写“兆瓦时”，但日行数值疑似 kWh 级别，未自动换算","False"
"1、交易计算表3月.xls","2026-03","2026-03-10","17","16:00-17:00","78559","原表标题写“兆瓦时”，但日行数值疑似 kWh 级别，未自动换算","False"
"1、交易计算表3月.xls","2026-03","2026-03-10","18","17:00-18:00","88896","原表标题写“兆瓦时”，但日行数值疑似 kWh 级别，未自动换算","False"
"1、交易计算表3月.xls","2026-03","2026-03-10","19","18:00-19:00","92641","原表标题写“兆瓦时”，但日行数值疑似 kWh 级别，未自动换算","False"
"1、交易计算表3月.xls","2026-03","2026-03-10","20","19:00-20:00","95324","原表标题写“兆瓦时”，但日行数值疑似 kWh 级别，未自动换算","False"
"1、交易计算表3月.xls","2026-03","2026-03-10","21","20:00-21:00","77734","原表标题写“兆瓦时”，但日行数值疑似 kWh 级别，未自动换算","False"
"1、交易计算表3月.xls","2026-03","2026-03-10","22","21:00-22:00","75361","原表标题写“兆瓦时”，但日行数值疑似 kWh 级别，未自动换算","False"
"1、交易计算表3月.xls","2026-03","2026-03-10","23","22:00-23:00","75239","原表标题写“兆瓦时”，但日行数值疑似 kWh 级别，未自动换算","False"
"1、交易计算表3月.xls","2026-03","2026-03-10","24","23:00-24:00","51118","原表标题写“兆瓦时”，但日行数值疑似 kWh 级别，未自动换算","False"
"1、交易计算表3月.xls","2026-03","2026-03-09","1","00:00-01:00","36716","原表标题写“兆瓦时”，但日行数值疑似 kWh 级别，未自动换算","False"
"1、交易计算表3月.xls","2026-03","2026-03-09","2","01:00-02:00","33816","原表标题写“兆瓦时”，但日行数值疑似 kWh 级别，未自动换算","False"
"1、交易计算表3月.xls","2026-03","2026-03-09","3","02:00-03:00","28176","原表标题写“兆瓦时”，但日行数值疑似 kWh 级别，未自动换算","False"
"1、交易计算表3月.xls","2026-03","2026-03-09","4","03:00-04:00","23242","原表标题写“兆瓦时”，但日行数值疑似 kWh 级别，未自动换算","False"
"1、交易计算表3月.xls","2026-03","2026-03-09","5","04:00-05:00","46359","原表标题写“兆瓦时”，但日行数值疑似 kWh 级别，未自动换算","False"
"1、交易计算表3月.xls","2026-03","2026-03-09","6","05:00-06:00","43498","原表标题写“兆瓦时”，但日行数值疑似 kWh 级别，未自动换算","False"
"1、交易计算表3月.xls","2026-03","2026-03-09","7","06:00-07:00","78447","原表标题写“兆瓦时”，但日行数值疑似 kWh 级别，未自动换算","False"
"1、交易计算表3月.xls","2026-03","2026-03-09","8","07:00-08:00","83679","原表标题写“兆瓦时”，但日行数值疑似 kWh 级别，未自动换算","False"
"1、交易计算表3月.xls","2026-03","2026-03-09","9","08:00-09:00","93963","原表标题写“兆瓦时”，但日行数值疑似 kWh 级别，未自动换算","False"
"1、交易计算表3月.xls","2026-03","2026-03-09","10","09:00-10:00","91725","原表标题写“兆瓦时”，但日行数值疑似 kWh 级别，未自动换算","False"
"1、交易计算表3月.xls","2026-03","2026-03-09","11","10:00-11:00","78688","原表标题写“兆瓦时”，但日行数值疑似 kWh 级别，未自动换算","False"
"1、交易计算表3月.xls","2026-03","2026-03-09","12","11:00-12:00","77717","原表标题写“兆瓦时”，但日行数值疑似 kWh 级别，未自动换算","False"
"1、交易计算表3月.xls","2026-03","2026-03-09","13","12:00-13:00","79899","原表标题写“兆瓦时”，但日行数值疑似 kWh 级别，未自动换算","False"
"1、交易计算表3月.xls","2026-03","2026-03-09","14","13:00-14:00","82733","原表标题写“兆瓦时”，但日行数值疑似 kWh 级别，未自动换算","False"
"1、交易计算表3月.xls","2026-03","2026-03-09","15","14:00-15:00","79206","原表标题写“兆瓦时”，但日行数值疑似 kWh 级别，未自动换算","False"
"1、交易计算表3月.xls","2026-03","2026-03-09","16","15:00-16:00","76258","原表标题写“兆瓦时”，但日行数值疑似 kWh 级别，未自动换算","False"
"1、交易计算表3月.xls","2026-03","2026-03-09","17","16:00-17:00","89165","原表标题写“兆瓦时”，但日行数值疑似 kWh 级别，未自动换算","False"
"1、交易计算表3月.xls","2026-03","2026-03-09","18","17:00-18:00","91590","原表标题写“兆瓦时”，但日行数值疑似 kWh 级别，未自动换算","False"
"1、交易计算表3月.xls","2026-03","2026-03-09","19","18:00-19:00","86608","原表标题写“兆瓦时”，但日行数值疑似 kWh 级别，未自动换算","False"
"1、交易计算表3月.xls","2026-03","2026-03-09","20","19:00-20:00","90980","原表标题写“兆瓦时”，但日行数值疑似 kWh 级别，未自动换算","False"
"1、交易计算表3月.xls","2026-03","2026-03-09","21","20:00-21:00","80089","原表标题写“兆瓦时”，但日行数值疑似 kWh 级别，未自动换算","False"
"1、交易计算表3月.xls","2026-03","2026-03-09","22","21:00-22:00","77516","原表标题写“兆瓦时”，但日行数值疑似 kWh 级别，未自动换算","False"
"1、交易计算表3月.xls","2026-03","2026-03-09","23","22:00-23:00","75151","原表标题写“兆瓦时”，但日行数值疑似 kWh 级别，未自动换算","False"
"1、交易计算表3月.xls","2026-03","2026-03-09","24","23:00-24:00","48817","原表标题写“兆瓦时”，但日行数值疑似 kWh 级别，未自动换算","False"
"1、交易计算表3月.xls","2026-03","2026-03-08","1","00:00-01:00","45150","原表标题写“兆瓦时”，但日行数值疑似 kWh 级别，未自动换算","False"
"1、交易计算表3月.xls","2026-03","2026-03-08","2","01:00-02:00","21320","原表标题写“兆瓦时”，但日行数值疑似 kWh 级别，未自动换算","False"
"1、交易计算表3月.xls","2026-03","2026-03-08","3","02:00-03:00","43072","原表标题写“兆瓦时”，但日行数值疑似 kWh 级别，未自动换算","False"
"1、交易计算表3月.xls","2026-03","2026-03-08","4","03:00-04:00","21591","原表标题写“兆瓦时”，但日行数值疑似 kWh 级别，未自动换算","False"
"1、交易计算表3月.xls","2026-03","2026-03-08","5","04:00-05:00","46019","原表标题写“兆瓦时”，但日行数值疑似 kWh 级别，未自动换算","False"
"1、交易计算表3月.xls","2026-03","2026-03-08","6","05:00-06:00","42418","原表标题写“兆瓦时”，但日行数值疑似 kWh 级别，未自动换算","False"
"1、交易计算表3月.xls","2026-03","2026-03-08","7","06:00-07:00","69673","原表标题写“兆瓦时”，但日行数值疑似 kWh 级别，未自动换算","False"
"1、交易计算表3月.xls","2026-03","2026-03-08","8","07:00-08:00","74490","原表标题写“兆瓦时”，但日行数值疑似 kWh 级别，未自动换算","False"
"1、交易计算表3月.xls","2026-03","2026-03-08","9","08:00-09:00","78634","原表标题写“兆瓦时”，但日行数值疑似 kWh 级别，未自动换算","False"
"1、交易计算表3月.xls","2026-03","2026-03-08","10","09:00-10:00","85696","原表标题写“兆瓦时”，但日行数值疑似 kWh 级别，未自动换算","False"
"1、交易计算表3月.xls","2026-03","2026-03-08","11","10:00-11:00","76059","原表标题写“兆瓦时”，但日行数值疑似 kWh 级别，未自动换算","False"
"1、交易计算表3月.xls","2026-03","2026-03-08","12","11:00-12:00","90936","原表标题写“兆瓦时”，但日行数值疑似 kWh 级别，未自动换算","False"
"1、交易计算表3月.xls","2026-03","2026-03-08","13","12:00-13:00","75851","原表标题写“兆瓦时”，但日行数值疑似 kWh 级别，未自动换算","False"
"1、交易计算表3月.xls","2026-03","2026-03-08","14","13:00-14:00","82515","原表标题写“兆瓦时”，但日行数值疑似 kWh 级别，未自动换算","False"
"1、交易计算表3月.xls","2026-03","2026-03-08","15","14:00-15:00","73510","原表标题写“兆瓦时”，但日行数值疑似 kWh 级别，未自动换算","False"
"1、交易计算表3月.xls","2026-03","2026-03-08","16","15:00-16:00","91865","原表标题写“兆瓦时”，但日行数值疑似 kWh 级别，未自动换算","False"
"1、交易计算表3月.xls","2026-03","2026-03-08","17","16:00-17:00","86532","原表标题写“兆瓦时”，但日行数值疑似 kWh 级别，未自动换算","False"
"1、交易计算表3月.xls","2026-03","2026-03-08","18","17:00-18:00","81736","原表标题写“兆瓦时”，但日行数值疑似 kWh 级别，未自动换算","False"
"1、交易计算表3月.xls","2026-03","2026-03-08","19","18:00-19:00","85972","原表标题写“兆瓦时”，但日行数值疑似 kWh 级别，未自动换算","False"
"1、交易计算表3月.xls","2026-03","2026-03-08","20","19:00-20:00","78167","原表标题写“兆瓦时”，但日行数值疑似 kWh 级别，未自动换算","False"
"1、交易计算表3月.xls","2026-03","2026-03-08","21","20:00-21:00","86828","原表标题写“兆瓦时”，但日行数值疑似 kWh 级别，未自动换算","False"
"1、交易计算表3月.xls","2026-03","2026-03-08","22","21:00-22:00","83088","原表标题写“兆瓦时”，但日行数值疑似 kWh 级别，未自动换算","False"
"1、交易计算表3月.xls","2026-03","2026-03-08","23","22:00-23:00","74292","原表标题写“兆瓦时”，但日行数值疑似 kWh 级别，未自动换算","False"
"1、交易计算表3月.xls","2026-03","2026-03-08","24","23:00-24:00","58826","原表标题写“兆瓦时”，但日行数值疑似 kWh 级别，未自动换算","False"
"1、交易计算表3月.xls","2026-03","2026-03-07","1","00:00-01:00","39709","原表标题写“兆瓦时”，但日行数值疑似 kWh 级别，未自动换算","False"
"1、交易计算表3月.xls","2026-03","2026-03-07","2","01:00-02:00","31084","原表标题写“兆瓦时”，但日行数值疑似 kWh 级别，未自动换算","False"
"1、交易计算表3月.xls","2026-03","2026-03-07","3","02:00-03:00","31328","原表标题写“兆瓦时”，但日行数值疑似 kWh 级别，未自动换算","False"
"1、交易计算表3月.xls","2026-03","2026-03-07","4","03:00-04:00","20982","原表标题写“兆瓦时”，但日行数值疑似 kWh 级别，未自动换算","False"
"1、交易计算表3月.xls","2026-03","2026-03-07","5","04:00-05:00","40189","原表标题写“兆瓦时”，但日行数值疑似 kWh 级别，未自动换算","False"
"1、交易计算表3月.xls","2026-03","2026-03-07","6","05:00-06:00","45073","原表标题写“兆瓦时”，但日行数值疑似 kWh 级别，未自动换算","False"
"1、交易计算表3月.xls","2026-03","2026-03-07","7","06:00-07:00","67902","原表标题写“兆瓦时”，但日行数值疑似 kWh 级别，未自动换算","False"
"1、交易计算表3月.xls","2026-03","2026-03-07","8","07:00-08:00","89044","原表标题写“兆瓦时”，但日行数值疑似 kWh 级别，未自动换算","False"
"1、交易计算表3月.xls","2026-03","2026-03-07","9","08:00-09:00","76463","原表标题写“兆瓦时”，但日行数值疑似 kWh 级别，未自动换算","False"
"1、交易计算表3月.xls","2026-03","2026-03-07","10","09:00-10:00","81043","原表标题写“兆瓦时”，但日行数值疑似 kWh 级别，未自动换算","False"
"1、交易计算表3月.xls","2026-03","2026-03-07","11","10:00-11:00","84578","原表标题写“兆瓦时”，但日行数值疑似 kWh 级别，未自动换算","False"
"1、交易计算表3月.xls","2026-03","2026-03-07","12","11:00-12:00","73003","原表标题写“兆瓦时”，但日行数值疑似 kWh 级别，未自动换算","False"
"1、交易计算表3月.xls","2026-03","2026-03-07","13","12:00-13:00","87870","原表标题写“兆瓦时”，但日行数值疑似 kWh 级别，未自动换算","False"
"1、交易计算表3月.xls","2026-03","2026-03-07","14","13:00-14:00","80602","原表标题写“兆瓦时”，但日行数值疑似 kWh 级别，未自动换算","False"
"1、交易计算表3月.xls","2026-03","2026-03-07","15","14:00-15:00","81070","原表标题写“兆瓦时”，但日行数值疑似 kWh 级别，未自动换算","False"
"1、交易计算表3月.xls","2026-03","2026-03-07","16","15:00-16:00","84383","原表标题写“兆瓦时”，但日行数值疑似 kWh 级别，未自动换算","False"
"1、交易计算表3月.xls","2026-03","2026-03-07","17","16:00-17:00","82817","原表标题写“兆瓦时”，但日行数值疑似 kWh 级别，未自动换算","False"
"1、交易计算表3月.xls","2026-03","2026-03-07","18","17:00-18:00","92124","原表标题写“兆瓦时”，但日行数值疑似 kWh 级别，未自动换算","False"
"1、交易计算表3月.xls","2026-03","2026-03-07","19","18:00-19:00","82127","原表标题写“兆瓦时”，但日行数值疑似 kWh 级别，未自动换算","False"
"1、交易计算表3月.xls","2026-03","2026-03-07","20","19:00-20:00","80608","原表标题写“兆瓦时”，但日行数值疑似 kWh 级别，未自动换算","False"
"1、交易计算表3月.xls","2026-03","2026-03-07","21","20:00-21:00","88763","原表标题写“兆瓦时”，但日行数值疑似 kWh 级别，未自动换算","False"
"1、交易计算表3月.xls","2026-03","2026-03-07","22","21:00-22:00","79569","原表标题写“兆瓦时”，但日行数值疑似 kWh 级别，未自动换算","False"
"1、交易计算表3月.xls","2026-03","2026-03-07","23","22:00-23:00","75500","原表标题写“兆瓦时”，但日行数值疑似 kWh 级别，未自动换算","False"
"1、交易计算表3月.xls","2026-03","2026-03-07","24","23:00-24:00","62678","原表标题写“兆瓦时”，但日行数值疑似 kWh 级别，未自动换算","False"
"1、交易计算表3月.xls","2026-03","2026-03-06","1","00:00-01:00","37278","原表标题写“兆瓦时”，但日行数值疑似 kWh 级别，未自动换算","False"
"1、交易计算表3月.xls","2026-03","2026-03-06","2","01:00-02:00","38583","原表标题写“兆瓦时”，但日行数值疑似 kWh 级别，未自动换算","False"
"1、交易计算表3月.xls","2026-03","2026-03-06","3","02:00-03:00","27627","原表标题写“兆瓦时”，但日行数值疑似 kWh 级别，未自动换算","False"
"1、交易计算表3月.xls","2026-03","2026-03-06","4","03:00-04:00","40464","原表标题写“兆瓦时”，但日行数值疑似 kWh 级别，未自动换算","False"
"1、交易计算表3月.xls","2026-03","2026-03-06","5","04:00-05:00","23478","原表标题写“兆瓦时”，但日行数值疑似 kWh 级别，未自动换算","False"
"1、交易计算表3月.xls","2026-03","2026-03-06","6","05:00-06:00","50675","原表标题写“兆瓦时”，但日行数值疑似 kWh 级别，未自动换算","False"
"1、交易计算表3月.xls","2026-03","2026-03-06","7","06:00-07:00","77609","原表标题写“兆瓦时”，但日行数值疑似 kWh 级别，未自动换算","False"
"1、交易计算表3月.xls","2026-03","2026-03-06","8","07:00-08:00","84726","原表标题写“兆瓦时”，但日行数值疑似 kWh 级别，未自动换算","False"
"1、交易计算表3月.xls","2026-03","2026-03-06","9","08:00-09:00","92427","原表标题写“兆瓦时”，但日行数值疑似 kWh 级别，未自动换算","False"
"1、交易计算表3月.xls","2026-03","2026-03-06","10","09:00-10:00","92066","原表标题写“兆瓦时”，但日行数值疑似 kWh 级别，未自动换算","False"
"1、交易计算表3月.xls","2026-03","2026-03-06","11","10:00-11:00","78417","原表标题写“兆瓦时”，但日行数值疑似 kWh 级别，未自动换算","False"
"1、交易计算表3月.xls","2026-03","2026-03-06","12","11:00-12:00","82246","原表标题写“兆瓦时”，但日行数值疑似 kWh 级别，未自动换算","False"
"1、交易计算表3月.xls","2026-03","2026-03-06","13","12:00-13:00","85483","原表标题写“兆瓦时”，但日行数值疑似 kWh 级别，未自动换算","False"
"1、交易计算表3月.xls","2026-03","2026-03-06","14","13:00-14:00","81391","原表标题写“兆瓦时”，但日行数值疑似 kWh 级别，未自动换算","False"
"1、交易计算表3月.xls","2026-03","2026-03-06","15","14:00-15:00","81526","原表标题写“兆瓦时”，但日行数值疑似 kWh 级别，未自动换算","False"
"1、交易计算表3月.xls","2026-03","2026-03-06","16","15:00-16:00","72577","原表标题写“兆瓦时”，但日行数值疑似 kWh 级别，未自动换算","False"
"1、交易计算表3月.xls","2026-03","2026-03-06","17","16:00-17:00","92960","原表标题写“兆瓦时”，但日行数值疑似 kWh 级别，未自动换算","False"
"1、交易计算表3月.xls","2026-03","2026-03-06","18","17:00-18:00","85748","原表标题写“兆瓦时”，但日行数值疑似 kWh 级别，未自动换算","False"
"1、交易计算表3月.xls","2026-03","2026-03-06","19","18:00-19:00","94017","原表标题写“兆瓦时”，但日行数值疑似 kWh 级别，未自动换算","False"
"1、交易计算表3月.xls","2026-03","2026-03-06","20","19:00-20:00","97421","原表标题写“兆瓦时”，但日行数值疑似 kWh 级别，未自动换算","False"
"1、交易计算表3月.xls","2026-03","2026-03-06","21","20:00-21:00","82361","原表标题写“兆瓦时”，但日行数值疑似 kWh 级别，未自动换算","False"
"1、交易计算表3月.xls","2026-03","2026-03-06","22","21:00-22:00","83704","原表标题写“兆瓦时”，但日行数值疑似 kWh 级别，未自动换算","False"
"1、交易计算表3月.xls","2026-03","2026-03-06","23","22:00-23:00","66976","原表标题写“兆瓦时”，但日行数值疑似 kWh 级别，未自动换算","False"
"1、交易计算表3月.xls","2026-03","2026-03-06","24","23:00-24:00","59803","原表标题写“兆瓦时”，但日行数值疑似 kWh 级别，未自动换算","False"
"1、交易计算表3月.xls","2026-03","2026-03-05","1","00:00-01:00","25556","原表标题写“兆瓦时”，但日行数值疑似 kWh 级别，未自动换算","False"
"1、交易计算表3月.xls","2026-03","2026-03-05","2","01:00-02:00","38834","原表标题写“兆瓦时”，但日行数值疑似 kWh 级别，未自动换算","False"
"1、交易计算表3月.xls","2026-03","2026-03-05","3","02:00-03:00","24586","原表标题写“兆瓦时”，但日行数值疑似 kWh 级别，未自动换算","False"
"1、交易计算表3月.xls","2026-03","2026-03-05","4","03:00-04:00","36424","原表标题写“兆瓦时”，但日行数值疑似 kWh 级别，未自动换算","False"
"1、交易计算表3月.xls","2026-03","2026-03-05","5","04:00-05:00","37618","原表标题写“兆瓦时”，但日行数值疑似 kWh 级别，未自动换算","False"
"1、交易计算表3月.xls","2026-03","2026-03-05","6","05:00-06:00","43791","原表标题写“兆瓦时”，但日行数值疑似 kWh 级别，未自动换算","False"
"1、交易计算表3月.xls","2026-03","2026-03-05","7","06:00-07:00","72155","原表标题写“兆瓦时”，但日行数值疑似 kWh 级别，未自动换算","False"
"1、交易计算表3月.xls","2026-03","2026-03-05","8","07:00-08:00","88423","原表标题写“兆瓦时”，但日行数值疑似 kWh 级别，未自动换算","False"
"1、交易计算表3月.xls","2026-03","2026-03-05","9","08:00-09:00","95163","原表标题写“兆瓦时”，但日行数值疑似 kWh 级别，未自动换算","False"
"1、交易计算表3月.xls","2026-03","2026-03-05","10","09:00-10:00","90755","原表标题写“兆瓦时”，但日行数值疑似 kWh 级别，未自动换算","False"
"1、交易计算表3月.xls","2026-03","2026-03-05","11","10:00-11:00","88761","原表标题写“兆瓦时”，但日行数值疑似 kWh 级别，未自动换算","False"
"1、交易计算表3月.xls","2026-03","2026-03-05","12","11:00-12:00","78241","原表标题写“兆瓦时”，但日行数值疑似 kWh 级别，未自动换算","False"
"1、交易计算表3月.xls","2026-03","2026-03-05","13","12:00-13:00","83768","原表标题写“兆瓦时”，但日行数值疑似 kWh 级别，未自动换算","False"
"1、交易计算表3月.xls","2026-03","2026-03-05","14","13:00-14:00","70781","原表标题写“兆瓦时”，但日行数值疑似 kWh 级别，未自动换算","False"
"1、交易计算表3月.xls","2026-03","2026-03-05","15","14:00-15:00","87597","原表标题写“兆瓦时”，但日行数值疑似 kWh 级别，未自动换算","False"
"1、交易计算表3月.xls","2026-03","2026-03-05","16","15:00-16:00","82924","原表标题写“兆瓦时”，但日行数值疑似 kWh 级别，未自动换算","False"
"1、交易计算表3月.xls","2026-03","2026-03-05","17","16:00-17:00","83669","原表标题写“兆瓦时”，但日行数值疑似 kWh 级别，未自动换算","False"
"1、交易计算表3月.xls","2026-03","2026-03-05","18","17:00-18:00","90410","原表标题写“兆瓦时”，但日行数值疑似 kWh 级别，未自动换算","False"
"1、交易计算表3月.xls","2026-03","2026-03-05","19","18:00-19:00","91948","原表标题写“兆瓦时”，但日行数值疑似 kWh 级别，未自动换算","False"
"1、交易计算表3月.xls","2026-03","2026-03-05","20","19:00-20:00","87016","原表标题写“兆瓦时”，但日行数值疑似 kWh 级别，未自动换算","False"
"1、交易计算表3月.xls","2026-03","2026-03-05","21","20:00-21:00","87204","原表标题写“兆瓦时”，但日行数值疑似 kWh 级别，未自动换算","False"
"1、交易计算表3月.xls","2026-03","2026-03-05","22","21:00-22:00","71126","原表标题写“兆瓦时”，但日行数值疑似 kWh 级别，未自动换算","False"
"1、交易计算表3月.xls","2026-03","2026-03-05","23","22:00-23:00","72291","原表标题写“兆瓦时”，但日行数值疑似 kWh 级别，未自动换算","False"
"1、交易计算表3月.xls","2026-03","2026-03-05","24","23:00-24:00","41508","原表标题写“兆瓦时”，但日行数值疑似 kWh 级别，未自动换算","False"
"1、交易计算表3月.xls","2026-03","2026-03-04","1","00:00-01:00","49770","原表标题写“兆瓦时”，但日行数值疑似 kWh 级别，未自动换算","False"
"1、交易计算表3月.xls","2026-03","2026-03-04","2","01:00-02:00","30231","原表标题写“兆瓦时”，但日行数值疑似 kWh 级别，未自动换算","False"
"1、交易计算表3月.xls","2026-03","2026-03-04","3","02:00-03:00","40609","原表标题写“兆瓦时”，但日行数值疑似 kWh 级别，未自动换算","False"
"1、交易计算表3月.xls","2026-03","2026-03-04","4","03:00-04:00","22640","原表标题写“兆瓦时”，但日行数值疑似 kWh 级别，未自动换算","False"
"1、交易计算表3月.xls","2026-03","2026-03-04","5","04:00-05:00","39886","原表标题写“兆瓦时”，但日行数值疑似 kWh 级别，未自动换算","False"
"1、交易计算表3月.xls","2026-03","2026-03-04","6","05:00-06:00","52851","原表标题写“兆瓦时”，但日行数值疑似 kWh 级别，未自动换算","False"
"1、交易计算表3月.xls","2026-03","2026-03-04","7","06:00-07:00","72160","原表标题写“兆瓦时”，但日行数值疑似 kWh 级别，未自动换算","False"
"1、交易计算表3月.xls","2026-03","2026-03-04","8","07:00-08:00","84778","原表标题写“兆瓦时”，但日行数值疑似 kWh 级别，未自动换算","False"
"1、交易计算表3月.xls","2026-03","2026-03-04","9","08:00-09:00","98560","原表标题写“兆瓦时”，但日行数值疑似 kWh 级别，未自动换算","False"
"1、交易计算表3月.xls","2026-03","2026-03-04","10","09:00-10:00","91368","原表标题写“兆瓦时”，但日行数值疑似 kWh 级别，未自动换算","False"
"1、交易计算表3月.xls","2026-03","2026-03-04","11","10:00-11:00","81983","原表标题写“兆瓦时”，但日行数值疑似 kWh 级别，未自动换算","False"
"1、交易计算表3月.xls","2026-03","2026-03-04","12","11:00-12:00","85511","原表标题写“兆瓦时”，但日行数值疑似 kWh 级别，未自动换算","False"
"1、交易计算表3月.xls","2026-03","2026-03-04","13","12:00-13:00","82259","原表标题写“兆瓦时”，但日行数值疑似 kWh 级别，未自动换算","False"
"1、交易计算表3月.xls","2026-03","2026-03-04","14","13:00-14:00","71255","原表标题写“兆瓦时”，但日行数值疑似 kWh 级别，未自动换算","False"
"1、交易计算表3月.xls","2026-03","2026-03-04","15","14:00-15:00","88213","原表标题写“兆瓦时”，但日行数值疑似 kWh 级别，未自动换算","False"
"1、交易计算表3月.xls","2026-03","2026-03-04","16","15:00-16:00","74114","原表标题写“兆瓦时”，但日行数值疑似 kWh 级别，未自动换算","False"
"1、交易计算表3月.xls","2026-03","2026-03-04","17","16:00-17:00","87987","原表标题写“兆瓦时”，但日行数值疑似 kWh 级别，未自动换算","False"
"1、交易计算表3月.xls","2026-03","2026-03-04","18","17:00-18:00","94031","原表标题写“兆瓦时”，但日行数值疑似 kWh 级别，未自动换算","False"
"1、交易计算表3月.xls","2026-03","2026-03-04","19","18:00-19:00","93198","原表标题写“兆瓦时”，但日行数值疑似 kWh 级别，未自动换算","False"
"1、交易计算表3月.xls","2026-03","2026-03-04","20","19:00-20:00","91598","原表标题写“兆瓦时”，但日行数值疑似 kWh 级别，未自动换算","False"
"1、交易计算表3月.xls","2026-03","2026-03-04","21","20:00-21:00","81307","原表标题写“兆瓦时”，但日行数值疑似 kWh 级别，未自动换算","False"
"1、交易计算表3月.xls","2026-03","2026-03-04","22","21:00-22:00","74761","原表标题写“兆瓦时”，但日行数值疑似 kWh 级别，未自动换算","False"
"1、交易计算表3月.xls","2026-03","2026-03-04","23","22:00-23:00","74414","原表标题写“兆瓦时”，但日行数值疑似 kWh 级别，未自动换算","False"
"1、交易计算表3月.xls","2026-03","2026-03-04","24","23:00-24:00","52155","原表标题写“兆瓦时”，但日行数值疑似 kWh 级别，未自动换算","False"
"1、交易计算表3月.xls","2026-03","2026-03-03","1","00:00-01:00","34379","原表标题写“兆瓦时”，但日行数值疑似 kWh 级别，未自动换算","False"
"1、交易计算表3月.xls","2026-03","2026-03-03","2","01:00-02:00","34258","原表标题写“兆瓦时”，但日行数值疑似 kWh 级别，未自动换算","False"
"1、交易计算表3月.xls","2026-03","2026-03-03","3","02:00-03:00","29670","原表标题写“兆瓦时”，但日行数值疑似 kWh 级别，未自动换算","False"
"1、交易计算表3月.xls","2026-03","2026-03-03","4","03:00-04:00","31949","原表标题写“兆瓦时”，但日行数值疑似 kWh 级别，未自动换算","False"
"1、交易计算表3月.xls","2026-03","2026-03-03","5","04:00-05:00","34337","原表标题写“兆瓦时”，但日行数值疑似 kWh 级别，未自动换算","False"
"1、交易计算表3月.xls","2026-03","2026-03-03","6","05:00-06:00","50828","原表标题写“兆瓦时”，但日行数值疑似 kWh 级别，未自动换算","False"
"1、交易计算表3月.xls","2026-03","2026-03-03","7","06:00-07:00","74448","原表标题写“兆瓦时”，但日行数值疑似 kWh 级别，未自动换算","False"
"1、交易计算表3月.xls","2026-03","2026-03-03","8","07:00-08:00","96310","原表标题写“兆瓦时”，但日行数值疑似 kWh 级别，未自动换算","False"
"1、交易计算表3月.xls","2026-03","2026-03-03","9","08:00-09:00","79785","原表标题写“兆瓦时”，但日行数值疑似 kWh 级别，未自动换算","False"
"1、交易计算表3月.xls","2026-03","2026-03-03","10","09:00-10:00","97810","原表标题写“兆瓦时”，但日行数值疑似 kWh 级别，未自动换算","False"
"1、交易计算表3月.xls","2026-03","2026-03-03","11","10:00-11:00","83855","原表标题写“兆瓦时”，但日行数值疑似 kWh 级别，未自动换算","False"
"1、交易计算表3月.xls","2026-03","2026-03-03","12","11:00-12:00","83384","原表标题写“兆瓦时”，但日行数值疑似 kWh 级别，未自动换算","False"
"1、交易计算表3月.xls","2026-03","2026-03-03","13","12:00-13:00","75850","原表标题写“兆瓦时”，但日行数值疑似 kWh 级别，未自动换算","False"
"1、交易计算表3月.xls","2026-03","2026-03-03","14","13:00-14:00","86168","原表标题写“兆瓦时”，但日行数值疑似 kWh 级别，未自动换算","False"
"1、交易计算表3月.xls","2026-03","2026-03-03","15","14:00-15:00","88967","原表标题写“兆瓦时”，但日行数值疑似 kWh 级别，未自动换算","False"
"1、交易计算表3月.xls","2026-03","2026-03-03","16","15:00-16:00","76560","原表标题写“兆瓦时”，但日行数值疑似 kWh 级别，未自动换算","False"
"1、交易计算表3月.xls","2026-03","2026-03-03","17","16:00-17:00","89249","原表标题写“兆瓦时”，但日行数值疑似 kWh 级别，未自动换算","False"
"1、交易计算表3月.xls","2026-03","2026-03-03","18","17:00-18:00","87859","原表标题写“兆瓦时”，但日行数值疑似 kWh 级别，未自动换算","False"
"1、交易计算表3月.xls","2026-03","2026-03-03","19","18:00-19:00","96087","原表标题写“兆瓦时”，但日行数值疑似 kWh 级别，未自动换算","False"
"1、交易计算表3月.xls","2026-03","2026-03-03","20","19:00-20:00","89478","原表标题写“兆瓦时”，但日行数值疑似 kWh 级别，未自动换算","False"
"1、交易计算表3月.xls","2026-03","2026-03-03","21","20:00-21:00","80656","原表标题写“兆瓦时”，但日行数值疑似 kWh 级别，未自动换算","False"
"1、交易计算表3月.xls","2026-03","2026-03-03","22","21:00-22:00","74956","原表标题写“兆瓦时”，但日行数值疑似 kWh 级别，未自动换算","False"
"1、交易计算表3月.xls","2026-03","2026-03-03","23","22:00-23:00","77158","原表标题写“兆瓦时”，但日行数值疑似 kWh 级别，未自动换算","False"
"1、交易计算表3月.xls","2026-03","2026-03-03","24","23:00-24:00","59623","原表标题写“兆瓦时”，但日行数值疑似 kWh 级别，未自动换算","False"
"1、交易计算表3月.xls","2026-03","2026-03-02","1","00:00-01:00","32872","原表标题写“兆瓦时”，但日行数值疑似 kWh 级别，未自动换算","False"
"1、交易计算表3月.xls","2026-03","2026-03-02","2","01:00-02:00","34789","原表标题写“兆瓦时”，但日行数值疑似 kWh 级别，未自动换算","False"
"1、交易计算表3月.xls","2026-03","2026-03-02","3","02:00-03:00","25280","原表标题写“兆瓦时”，但日行数值疑似 kWh 级别，未自动换算","False"
"1、交易计算表3月.xls","2026-03","2026-03-02","4","03:00-04:00","38709","原表标题写“兆瓦时”，但日行数值疑似 kWh 级别，未自动换算","False"
"1、交易计算表3月.xls","2026-03","2026-03-02","5","04:00-05:00","22426","原表标题写“兆瓦时”，但日行数值疑似 kWh 级别，未自动换算","False"
"1、交易计算表3月.xls","2026-03","2026-03-02","6","05:00-06:00","56493","原表标题写“兆瓦时”，但日行数值疑似 kWh 级别，未自动换算","False"
"1、交易计算表3月.xls","2026-03","2026-03-02","7","06:00-07:00","73579","原表标题写“兆瓦时”，但日行数值疑似 kWh 级别，未自动换算","False"
"1、交易计算表3月.xls","2026-03","2026-03-02","8","07:00-08:00","81937","原表标题写“兆瓦时”，但日行数值疑似 kWh 级别，未自动换算","False"
"1、交易计算表3月.xls","2026-03","2026-03-02","9","08:00-09:00","100523","原表标题写“兆瓦时”，但日行数值疑似 kWh 级别，未自动换算","False"
"1、交易计算表3月.xls","2026-03","2026-03-02","10","09:00-10:00","81471","原表标题写“兆瓦时”，但日行数值疑似 kWh 级别，未自动换算","False"
"1、交易计算表3月.xls","2026-03","2026-03-02","11","10:00-11:00","89136","原表标题写“兆瓦时”，但日行数值疑似 kWh 级别，未自动换算","False"
"1、交易计算表3月.xls","2026-03","2026-03-02","12","11:00-12:00","79416","原表标题写“兆瓦时”，但日行数值疑似 kWh 级别，未自动换算","False"
"1、交易计算表3月.xls","2026-03","2026-03-02","13","12:00-13:00","85959","原表标题写“兆瓦时”，但日行数值疑似 kWh 级别，未自动换算","False"
"1、交易计算表3月.xls","2026-03","2026-03-02","14","13:00-14:00","85393","原表标题写“兆瓦时”，但日行数值疑似 kWh 级别，未自动换算","False"
"1、交易计算表3月.xls","2026-03","2026-03-02","15","14:00-15:00","84662","原表标题写“兆瓦时”，但日行数值疑似 kWh 级别，未自动换算","False"
"1、交易计算表3月.xls","2026-03","2026-03-02","16","15:00-16:00","73618","原表标题写“兆瓦时”，但日行数值疑似 kWh 级别，未自动换算","False"
"1、交易计算表3月.xls","2026-03","2026-03-02","17","16:00-17:00","87533","原表标题写“兆瓦时”，但日行数值疑似 kWh 级别，未自动换算","False"
"1、交易计算表3月.xls","2026-03","2026-03-02","18","17:00-18:00","94419","原表标题写“兆瓦时”，但日行数值疑似 kWh 级别，未自动换算","False"
"1、交易计算表3月.xls","2026-03","2026-03-02","19","18:00-19:00","87834","原表标题写“兆瓦时”，但日行数值疑似 kWh 级别，未自动换算","False"
"1、交易计算表3月.xls","2026-03","2026-03-02","20","19:00-20:00","88618","原表标题写“兆瓦时”，但日行数值疑似 kWh 级别，未自动换算","False"
"1、交易计算表3月.xls","2026-03","2026-03-02","21","20:00-21:00","86722","原表标题写“兆瓦时”，但日行数值疑似 kWh 级别，未自动换算","False"
"1、交易计算表3月.xls","2026-03","2026-03-02","22","21:00-22:00","69320","原表标题写“兆瓦时”，但日行数值疑似 kWh 级别，未自动换算","False"
"1、交易计算表3月.xls","2026-03","2026-03-02","23","22:00-23:00","84903","原表标题写“兆瓦时”，但日行数值疑似 kWh 级别，未自动换算","False"
"1、交易计算表3月.xls","2026-03","2026-03-02","24","23:00-24:00","41699","原表标题写“兆瓦时”，但日行数值疑似 kWh 级别，未自动换算","False"
"1、交易计算表3月.xls","2026-03","2026-03-01","1","00:00-01:00","39018","原表标题写“兆瓦时”，但日行数值疑似 kWh 级别，未自动换算","False"
"1、交易计算表3月.xls","2026-03","2026-03-01","2","01:00-02:00","27578","原表标题写“兆瓦时”，但日行数值疑似 kWh 级别，未自动换算","False"
"1、交易计算表3月.xls","2026-03","2026-03-01","3","02:00-03:00","29069","原表标题写“兆瓦时”，但日行数值疑似 kWh 级别，未自动换算","False"
"1、交易计算表3月.xls","2026-03","2026-03-01","4","03:00-04:00","31907","原表标题写“兆瓦时”，但日行数值疑似 kWh 级别，未自动换算","False"
"1、交易计算表3月.xls","2026-03","2026-03-01","5","04:00-05:00","37073","原表标题写“兆瓦时”，但日行数值疑似 kWh 级别，未自动换算","False"
"1、交易计算表3月.xls","2026-03","2026-03-01","6","05:00-06:00","39247","原表标题写“兆瓦时”，但日行数值疑似 kWh 级别，未自动换算","False"
"1、交易计算表3月.xls","2026-03","2026-03-01","7","06:00-07:00","71303","原表标题写“兆瓦时”，但日行数值疑似 kWh 级别，未自动换算","False"
"1、交易计算表3月.xls","2026-03","2026-03-01","8","07:00-08:00","73070","原表标题写“兆瓦时”，但日行数值疑似 kWh 级别，未自动换算","False"
"1、交易计算表3月.xls","2026-03","2026-03-01","9","08:00-09:00","82802","原表标题写“兆瓦时”，但日行数值疑似 kWh 级别，未自动换算","False"
"1、交易计算表3月.xls","2026-03","2026-03-01","10","09:00-10:00","79182","原表标题写“兆瓦时”，但日行数值疑似 kWh 级别，未自动换算","False"
"1、交易计算表3月.xls","2026-03","2026-03-01","11","10:00-11:00","76784","原表标题写“兆瓦时”，但日行数值疑似 kWh 级别，未自动换算","False"
"1、交易计算表3月.xls","2026-03","2026-03-01","12","11:00-12:00","94402","原表标题写“兆瓦时”，但日行数值疑似 kWh 级别，未自动换算","False"
"1、交易计算表3月.xls","2026-03","2026-03-01","13","12:00-13:00","81974","原表标题写“兆瓦时”，但日行数值疑似 kWh 级别，未自动换算","False"
"1、交易计算表3月.xls","2026-03","2026-03-01","14","13:00-14:00","81362","原表标题写“兆瓦时”，但日行数值疑似 kWh 级别，未自动换算","False"
"1、交易计算表3月.xls","2026-03","2026-03-01","15","14:00-15:00","78490","原表标题写“兆瓦时”，但日行数值疑似 kWh 级别，未自动换算","False"
"1、交易计算表3月.xls","2026-03","2026-03-01","16","15:00-16:00","88866","原表标题写“兆瓦时”，但日行数值疑似 kWh 级别，未自动换算","False"
"1、交易计算表3月.xls","2026-03","2026-03-01","17","16:00-17:00","76297","原表标题写“兆瓦时”，但日行数值疑似 kWh 级别，未自动换算","False"
"1、交易计算表3月.xls","2026-03","2026-03-01","18","17:00-18:00","83240","原表标题写“兆瓦时”，但日行数值疑似 kWh 级别，未自动换算","False"
"1、交易计算表3月.xls","2026-03","2026-03-01","19","18:00-19:00","94489","原表标题写“兆瓦时”，但日行数值疑似 kWh 级别，未自动换算","False"
"1、交易计算表3月.xls","2026-03","2026-03-01","20","19:00-20:00","83330","原表标题写“兆瓦时”，但日行数值疑似 kWh 级别，未自动换算","False"
"1、交易计算表3月.xls","2026-03","2026-03-01","21","20:00-21:00","81137","原表标题写“兆瓦时”，但日行数值疑似 kWh 级别，未自动换算","False"
"1、交易计算表3月.xls","2026-03","2026-03-01","22","21:00-22:00","79180","原表标题写“兆瓦时”，但日行数值疑似 kWh 级别，未自动换算","False"
"1、交易计算表3月.xls","2026-03","2026-03-01","23","22:00-23:00","69618","原表标题写“兆瓦时”，但日行数值疑似 kWh 级别，未自动换算","False"
"1、交易计算表3月.xls","2026-03","2026-03-01","24","23:00-24:00","63774","原表标题写“兆瓦时”，但日行数值疑似 kWh 级别，未自动换算","False"
"1、交易计算表4月.xls","2026-04","2026-04-30","1","00:00-01:00","24525","原表标题写“兆瓦时”，但日行数值疑似 kWh 级别，未自动换算","False"
"1、交易计算表4月.xls","2026-04","2026-04-30","2","01:00-02:00","41202","原表标题写“兆瓦时”，但日行数值疑似 kWh 级别，未自动换算","False"
"1、交易计算表4月.xls","2026-04","2026-04-30","3","02:00-03:00","27032","原表标题写“兆瓦时”，但日行数值疑似 kWh 级别，未自动换算","False"
"1、交易计算表4月.xls","2026-04","2026-04-30","4","03:00-04:00","36743","原表标题写“兆瓦时”，但日行数值疑似 kWh 级别，未自动换算","False"
"1、交易计算表4月.xls","2026-04","2026-04-30","5","04:00-05:00","30497","原表标题写“兆瓦时”，但日行数值疑似 kWh 级别，未自动换算","False"
"1、交易计算表4月.xls","2026-04","2026-04-30","6","05:00-06:00","48268","原表标题写“兆瓦时”，但日行数值疑似 kWh 级别，未自动换算","False"
"1、交易计算表4月.xls","2026-04","2026-04-30","7","06:00-07:00","74610","原表标题写“兆瓦时”，但日行数值疑似 kWh 级别，未自动换算","False"
"1、交易计算表4月.xls","2026-04","2026-04-30","8","07:00-08:00","91048","原表标题写“兆瓦时”，但日行数值疑似 kWh 级别，未自动换算","False"
"1、交易计算表4月.xls","2026-04","2026-04-30","9","08:00-09:00","90947","原表标题写“兆瓦时”，但日行数值疑似 kWh 级别，未自动换算","False"
"1、交易计算表4月.xls","2026-04","2026-04-30","10","09:00-10:00","94803","原表标题写“兆瓦时”，但日行数值疑似 kWh 级别，未自动换算","False"
"1、交易计算表4月.xls","2026-04","2026-04-30","11","10:00-11:00","83989","原表标题写“兆瓦时”，但日行数值疑似 kWh 级别，未自动换算","False"
"1、交易计算表4月.xls","2026-04","2026-04-30","12","11:00-12:00","78722","原表标题写“兆瓦时”，但日行数值疑似 kWh 级别，未自动换算","False"
"1、交易计算表4月.xls","2026-04","2026-04-30","13","12:00-13:00","78473","原表标题写“兆瓦时”，但日行数值疑似 kWh 级别，未自动换算","False"
"1、交易计算表4月.xls","2026-04","2026-04-30","14","13:00-14:00","83438","原表标题写“兆瓦时”，但日行数值疑似 kWh 级别，未自动换算","False"
"1、交易计算表4月.xls","2026-04","2026-04-30","15","14:00-15:00","83528","原表标题写“兆瓦时”，但日行数值疑似 kWh 级别，未自动换算","False"
"1、交易计算表4月.xls","2026-04","2026-04-30","16","15:00-16:00","81683","原表标题写“兆瓦时”，但日行数值疑似 kWh 级别，未自动换算","False"
"1、交易计算表4月.xls","2026-04","2026-04-30","17","16:00-17:00","82247","原表标题写“兆瓦时”，但日行数值疑似 kWh 级别，未自动换算","False"
"1、交易计算表4月.xls","2026-04","2026-04-30","18","17:00-18:00","101287","原表标题写“兆瓦时”，但日行数值疑似 kWh 级别，未自动换算","False"
"1、交易计算表4月.xls","2026-04","2026-04-30","19","18:00-19:00","95140","原表标题写“兆瓦时”，但日行数值疑似 kWh 级别，未自动换算","False"
"1、交易计算表4月.xls","2026-04","2026-04-30","20","19:00-20:00","86269","原表标题写“兆瓦时”，但日行数值疑似 kWh 级别，未自动换算","False"
"1、交易计算表4月.xls","2026-04","2026-04-30","21","20:00-21:00","86701","原表标题写“兆瓦时”，但日行数值疑似 kWh 级别，未自动换算","False"
"1、交易计算表4月.xls","2026-04","2026-04-30","22","21:00-22:00","76942","原表标题写“兆瓦时”，但日行数值疑似 kWh 级别，未自动换算","False"
"1、交易计算表4月.xls","2026-04","2026-04-30","23","22:00-23:00","77497","原表标题写“兆瓦时”，但日行数值疑似 kWh 级别，未自动换算","False"
"1、交易计算表4月.xls","2026-04","2026-04-30","24","23:00-24:00","61210","原表标题写“兆瓦时”，但日行数值疑似 kWh 级别，未自动换算","False"
"1、交易计算表4月.xls","2026-04","2026-04-29","1","00:00-01:00","35206","原表标题写“兆瓦时”，但日行数值疑似 kWh 级别，未自动换算","False"
"1、交易计算表4月.xls","2026-04","2026-04-29","2","01:00-02:00","29245","原表标题写“兆瓦时”，但日行数值疑似 kWh 级别，未自动换算","False"
"1、交易计算表4月.xls","2026-04","2026-04-29","3","02:00-03:00","44999","原表标题写“兆瓦时”，但日行数值疑似 kWh 级别，未自动换算","False"
"1、交易计算表4月.xls","2026-04","2026-04-29","4","03:00-04:00","17603","原表标题写“兆瓦时”，但日行数值疑似 kWh 级别，未自动换算","False"
"1、交易计算表4月.xls","2026-04","2026-04-29","5","04:00-05:00","39793","原表标题写“兆瓦时”，但日行数值疑似 kWh 级别，未自动换算","False"
"1、交易计算表4月.xls","2026-04","2026-04-29","6","05:00-06:00","45362","原表标题写“兆瓦时”，但日行数值疑似 kWh 级别，未自动换算","False"
"1、交易计算表4月.xls","2026-04","2026-04-29","7","06:00-07:00","68134","原表标题写“兆瓦时”，但日行数值疑似 kWh 级别，未自动换算","False"
"1、交易计算表4月.xls","2026-04","2026-04-29","8","07:00-08:00","97916","原表标题写“兆瓦时”，但日行数值疑似 kWh 级别，未自动换算","False"
"1、交易计算表4月.xls","2026-04","2026-04-29","9","08:00-09:00","89281","原表标题写“兆瓦时”，但日行数值疑似 kWh 级别，未自动换算","False"
"1、交易计算表4月.xls","2026-04","2026-04-29","10","09:00-10:00","91284","原表标题写“兆瓦时”，但日行数值疑似 kWh 级别，未自动换算","False"
"1、交易计算表4月.xls","2026-04","2026-04-29","11","10:00-11:00","79606","原表标题写“兆瓦时”，但日行数值疑似 kWh 级别，未自动换算","False"
"1、交易计算表4月.xls","2026-04","2026-04-29","12","11:00-12:00","88862","原表标题写“兆瓦时”，但日行数值疑似 kWh 级别，未自动换算","False"
"1、交易计算表4月.xls","2026-04","2026-04-29","13","12:00-13:00","85311","原表标题写“兆瓦时”，但日行数值疑似 kWh 级别，未自动换算","False"
"1、交易计算表4月.xls","2026-04","2026-04-29","14","13:00-14:00","76483","原表标题写“兆瓦时”，但日行数值疑似 kWh 级别，未自动换算","False"
"1、交易计算表4月.xls","2026-04","2026-04-29","15","14:00-15:00","82243","原表标题写“兆瓦时”，但日行数值疑似 kWh 级别，未自动换算","False"
"1、交易计算表4月.xls","2026-04","2026-04-29","16","15:00-16:00","85595","原表标题写“兆瓦时”，但日行数值疑似 kWh 级别，未自动换算","False"
"1、交易计算表4月.xls","2026-04","2026-04-29","17","16:00-17:00","78753","原表标题写“兆瓦时”，但日行数值疑似 kWh 级别，未自动换算","False"
"1、交易计算表4月.xls","2026-04","2026-04-29","18","17:00-18:00","94936","原表标题写“兆瓦时”，但日行数值疑似 kWh 级别，未自动换算","False"
"1、交易计算表4月.xls","2026-04","2026-04-29","19","18:00-19:00","107102","原表标题写“兆瓦时”，但日行数值疑似 kWh 级别，未自动换算","False"
"1、交易计算表4月.xls","2026-04","2026-04-29","20","19:00-20:00","82866","原表标题写“兆瓦时”，但日行数值疑似 kWh 级别，未自动换算","False"
"1、交易计算表4月.xls","2026-04","2026-04-29","21","20:00-21:00","74931","原表标题写“兆瓦时”，但日行数值疑似 kWh 级别，未自动换算","False"
"1、交易计算表4月.xls","2026-04","2026-04-29","22","21:00-22:00","80209","原表标题写“兆瓦时”，但日行数值疑似 kWh 级别，未自动换算","False"
"1、交易计算表4月.xls","2026-04","2026-04-29","23","22:00-23:00","74549","原表标题写“兆瓦时”，但日行数值疑似 kWh 级别，未自动换算","False"
"1、交易计算表4月.xls","2026-04","2026-04-29","24","23:00-24:00","52186","原表标题写“兆瓦时”，但日行数值疑似 kWh 级别，未自动换算","False"
"1、交易计算表4月.xls","2026-04","2026-04-28","1","00:00-01:00","41171","原表标题写“兆瓦时”，但日行数值疑似 kWh 级别，未自动换算","False"
"1、交易计算表4月.xls","2026-04","2026-04-28","2","01:00-02:00","28313","原表标题写“兆瓦时”，但日行数值疑似 kWh 级别，未自动换算","False"
"1、交易计算表4月.xls","2026-04","2026-04-28","3","02:00-03:00","30292","原表标题写“兆瓦时”，但日行数值疑似 kWh 级别，未自动换算","False"
"1、交易计算表4月.xls","2026-04","2026-04-28","4","03:00-04:00","30317","原表标题写“兆瓦时”，但日行数值疑似 kWh 级别，未自动换算","False"
"1、交易计算表4月.xls","2026-04","2026-04-28","5","04:00-05:00","37003","原表标题写“兆瓦时”，但日行数值疑似 kWh 级别，未自动换算","False"
"1、交易计算表4月.xls","2026-04","2026-04-28","6","05:00-06:00","44031","原表标题写“兆瓦时”，但日行数值疑似 kWh 级别，未自动换算","False"
"1、交易计算表4月.xls","2026-04","2026-04-28","7","06:00-07:00","79645","原表标题写“兆瓦时”，但日行数值疑似 kWh 级别，未自动换算","False"
"1、交易计算表4月.xls","2026-04","2026-04-28","8","07:00-08:00","88434","原表标题写“兆瓦时”，但日行数值疑似 kWh 级别，未自动换算","False"
"1、交易计算表4月.xls","2026-04","2026-04-28","9","08:00-09:00","91182","原表标题写“兆瓦时”，但日行数值疑似 kWh 级别，未自动换算","False"
"1、交易计算表4月.xls","2026-04","2026-04-28","10","09:00-10:00","89508","原表标题写“兆瓦时”，但日行数值疑似 kWh 级别，未自动换算","False"
"1、交易计算表4月.xls","2026-04","2026-04-28","11","10:00-11:00","91215","原表标题写“兆瓦时”，但日行数值疑似 kWh 级别，未自动换算","False"
"1、交易计算表4月.xls","2026-04","2026-04-28","12","11:00-12:00","76551","原表标题写“兆瓦时”，但日行数值疑似 kWh 级别，未自动换算","False"
"1、交易计算表4月.xls","2026-04","2026-04-28","13","12:00-13:00","82525","原表标题写“兆瓦时”，但日行数值疑似 kWh 级别，未自动换算","False"
"1、交易计算表4月.xls","2026-04","2026-04-28","14","13:00-14:00","86173","原表标题写“兆瓦时”，但日行数值疑似 kWh 级别，未自动换算","False"
"1、交易计算表4月.xls","2026-04","2026-04-28","15","14:00-15:00","77491","原表标题写“兆瓦时”，但日行数值疑似 kWh 级别，未自动换算","False"
"1、交易计算表4月.xls","2026-04","2026-04-28","16","15:00-16:00","83000","原表标题写“兆瓦时”，但日行数值疑似 kWh 级别，未自动换算","False"
"1、交易计算表4月.xls","2026-04","2026-04-28","17","16:00-17:00","88992","原表标题写“兆瓦时”，但日行数值疑似 kWh 级别，未自动换算","False"
"1、交易计算表4月.xls","2026-04","2026-04-28","18","17:00-18:00","95412","原表标题写“兆瓦时”，但日行数值疑似 kWh 级别，未自动换算","False"
"1、交易计算表4月.xls","2026-04","2026-04-28","19","18:00-19:00","81945","原表标题写“兆瓦时”，但日行数值疑似 kWh 级别，未自动换算","False"
"1、交易计算表4月.xls","2026-04","2026-04-28","20","19:00-20:00","96304","原表标题写“兆瓦时”，但日行数值疑似 kWh 级别，未自动换算","False"
"1、交易计算表4月.xls","2026-04","2026-04-28","21","20:00-21:00","76310","原表标题写“兆瓦时”，但日行数值疑似 kWh 级别，未自动换算","False"
"1、交易计算表4月.xls","2026-04","2026-04-28","22","21:00-22:00","82192","原表标题写“兆瓦时”，但日行数值疑似 kWh 级别，未自动换算","False"
"1、交易计算表4月.xls","2026-04","2026-04-28","23","22:00-23:00","73290","原表标题写“兆瓦时”，但日行数值疑似 kWh 级别，未自动换算","False"
"1、交易计算表4月.xls","2026-04","2026-04-28","24","23:00-24:00","43526","原表标题写“兆瓦时”，但日行数值疑似 kWh 级别，未自动换算","False"
"1、交易计算表4月.xls","2026-04","2026-04-27","1","00:00-01:00","38806","原表标题写“兆瓦时”，但日行数值疑似 kWh 级别，未自动换算","False"
"1、交易计算表4月.xls","2026-04","2026-04-27","2","01:00-02:00","23339","原表标题写“兆瓦时”，但日行数值疑似 kWh 级别，未自动换算","False"
"1、交易计算表4月.xls","2026-04","2026-04-27","3","02:00-03:00","45633","原表标题写“兆瓦时”，但日行数值疑似 kWh 级别，未自动换算","False"
"1、交易计算表4月.xls","2026-04","2026-04-27","4","03:00-04:00","12735","原表标题写“兆瓦时”，但日行数值疑似 kWh 级别，未自动换算","False"
"1、交易计算表4月.xls","2026-04","2026-04-27","5","04:00-05:00","44778","原表标题写“兆瓦时”，但日行数值疑似 kWh 级别，未自动换算","False"
"1、交易计算表4月.xls","2026-04","2026-04-27","6","05:00-06:00","43418","原表标题写“兆瓦时”，但日行数值疑似 kWh 级别，未自动换算","False"
"1、交易计算表4月.xls","2026-04","2026-04-27","7","06:00-07:00","66266","原表标题写“兆瓦时”，但日行数值疑似 kWh 级别，未自动换算","False"
"1、交易计算表4月.xls","2026-04","2026-04-27","8","07:00-08:00","101462","原表标题写“兆瓦时”，但日行数值疑似 kWh 级别，未自动换算","False"
"1、交易计算表4月.xls","2026-04","2026-04-27","9","08:00-09:00","87919","原表标题写“兆瓦时”，但日行数值疑似 kWh 级别，未自动换算","False"
"1、交易计算表4月.xls","2026-04","2026-04-27","10","09:00-10:00","89347","原表标题写“兆瓦时”，但日行数值疑似 kWh 级别，未自动换算","False"
"1、交易计算表4月.xls","2026-04","2026-04-27","11","10:00-11:00","84079","原表标题写“兆瓦时”，但日行数值疑似 kWh 级别，未自动换算","False"
"1、交易计算表4月.xls","2026-04","2026-04-27","12","11:00-12:00","79948","原表标题写“兆瓦时”，但日行数值疑似 kWh 级别，未自动换算","False"
"1、交易计算表4月.xls","2026-04","2026-04-27","13","12:00-13:00","80821","原表标题写“兆瓦时”，但日行数值疑似 kWh 级别，未自动换算","False"
"1、交易计算表4月.xls","2026-04","2026-04-27","14","13:00-14:00","81135","原表标题写“兆瓦时”，但日行数值疑似 kWh 级别，未自动换算","False"
"1、交易计算表4月.xls","2026-04","2026-04-27","15","14:00-15:00","84443","原表标题写“兆瓦时”，但日行数值疑似 kWh 级别，未自动换算","False"
"1、交易计算表4月.xls","2026-04","2026-04-27","16","15:00-16:00","86217","原表标题写“兆瓦时”，但日行数值疑似 kWh 级别，未自动换算","False"
"1、交易计算表4月.xls","2026-04","2026-04-27","17","16:00-17:00","80099","原表标题写“兆瓦时”，但日行数值疑似 kWh 级别，未自动换算","False"
"1、交易计算表4月.xls","2026-04","2026-04-27","18","17:00-18:00","99497","原表标题写“兆瓦时”，但日行数值疑似 kWh 级别，未自动换算","False"
"1、交易计算表4月.xls","2026-04","2026-04-27","19","18:00-19:00","90884","原表标题写“兆瓦时”，但日行数值疑似 kWh 级别，未自动换算","False"
"1、交易计算表4月.xls","2026-04","2026-04-27","20","19:00-20:00","80947","原表标题写“兆瓦时”，但日行数值疑似 kWh 级别，未自动换算","False"
"1、交易计算表4月.xls","2026-04","2026-04-27","21","20:00-21:00","94547","原表标题写“兆瓦时”，但日行数值疑似 kWh 级别，未自动换算","False"
"1、交易计算表4月.xls","2026-04","2026-04-27","22","21:00-22:00","75780","原表标题写“兆瓦时”，但日行数值疑似 kWh 级别，未自动换算","False"
"1、交易计算表4月.xls","2026-04","2026-04-27","23","22:00-23:00","72960","原表标题写“兆瓦时”，但日行数值疑似 kWh 级别，未自动换算","False"
"1、交易计算表4月.xls","2026-04","2026-04-27","24","23:00-24:00","49148","原表标题写“兆瓦时”，但日行数值疑似 kWh 级别，未自动换算","False"
"1、交易计算表4月.xls","2026-04","2026-04-26","1","00:00-01:00","40073","原表标题写“兆瓦时”，但日行数值疑似 kWh 级别，未自动换算","False"
"1、交易计算表4月.xls","2026-04","2026-04-26","2","01:00-02:00","28041","原表标题写“兆瓦时”，但日行数值疑似 kWh 级别，未自动换算","False"
"1、交易计算表4月.xls","2026-04","2026-04-26","3","02:00-03:00","30390","原表标题写“兆瓦时”，但日行数值疑似 kWh 级别，未自动换算","False"
"1、交易计算表4月.xls","2026-04","2026-04-26","4","03:00-04:00","28330","原表标题写“兆瓦时”，但日行数值疑似 kWh 级别，未自动换算","False"
"1、交易计算表4月.xls","2026-04","2026-04-26","5","04:00-05:00","28861","原表标题写“兆瓦时”，但日行数值疑似 kWh 级别，未自动换算","False"
"1、交易计算表4月.xls","2026-04","2026-04-26","6","05:00-06:00","53295","原表标题写“兆瓦时”，但日行数值疑似 kWh 级别，未自动换算","False"
"1、交易计算表4月.xls","2026-04","2026-04-26","7","06:00-07:00","65582","原表标题写“兆瓦时”，但日行数值疑似 kWh 级别，未自动换算","False"
"1、交易计算表4月.xls","2026-04","2026-04-26","8","07:00-08:00","78044","原表标题写“兆瓦时”，但日行数值疑似 kWh 级别，未自动换算","False"
"1、交易计算表4月.xls","2026-04","2026-04-26","9","08:00-09:00","78453","原表标题写“兆瓦时”，但日行数值疑似 kWh 级别，未自动换算","False"
"1、交易计算表4月.xls","2026-04","2026-04-26","10","09:00-10:00","70616","原表标题写“兆瓦时”，但日行数值疑似 kWh 级别，未自动换算","False"
"1、交易计算表4月.xls","2026-04","2026-04-26","11","10:00-11:00","88932","原表标题写“兆瓦时”，但日行数值疑似 kWh 级别，未自动换算","False"
"1、交易计算表4月.xls","2026-04","2026-04-26","12","11:00-12:00","87907","原表标题写“兆瓦时”，但日行数值疑似 kWh 级别，未自动换算","False"
"1、交易计算表4月.xls","2026-04","2026-04-26","13","12:00-13:00","85532","原表标题写“兆瓦时”，但日行数值疑似 kWh 级别，未自动换算","False"
"1、交易计算表4月.xls","2026-04","2026-04-26","14","13:00-14:00","85601","原表标题写“兆瓦时”，但日行数值疑似 kWh 级别，未自动换算","False"
"1、交易计算表4月.xls","2026-04","2026-04-26","15","14:00-15:00","84322","原表标题写“兆瓦时”，但日行数值疑似 kWh 级别，未自动换算","False"
"1、交易计算表4月.xls","2026-04","2026-04-26","16","15:00-16:00","77227","原表标题写“兆瓦时”，但日行数值疑似 kWh 级别，未自动换算","False"
"1、交易计算表4月.xls","2026-04","2026-04-26","17","16:00-17:00","82270","原表标题写“兆瓦时”，但日行数值疑似 kWh 级别，未自动换算","False"
"1、交易计算表4月.xls","2026-04","2026-04-26","18","17:00-18:00","89209","原表标题写“兆瓦时”，但日行数值疑似 kWh 级别，未自动换算","False"
"1、交易计算表4月.xls","2026-04","2026-04-26","19","18:00-19:00","87815","原表标题写“兆瓦时”，但日行数值疑似 kWh 级别，未自动换算","False"
"1、交易计算表4月.xls","2026-04","2026-04-26","20","19:00-20:00","87056","原表标题写“兆瓦时”，但日行数值疑似 kWh 级别，未自动换算","False"
"1、交易计算表4月.xls","2026-04","2026-04-26","21","20:00-21:00","83879","原表标题写“兆瓦时”，但日行数值疑似 kWh 级别，未自动换算","False"
"1、交易计算表4月.xls","2026-04","2026-04-26","22","21:00-22:00","81165","原表标题写“兆瓦时”，但日行数值疑似 kWh 级别，未自动换算","False"
"1、交易计算表4月.xls","2026-04","2026-04-26","23","22:00-23:00","72224","原表标题写“兆瓦时”，但日行数值疑似 kWh 级别，未自动换算","False"
"1、交易计算表4月.xls","2026-04","2026-04-26","24","23:00-24:00","60132","原表标题写“兆瓦时”，但日行数值疑似 kWh 级别，未自动换算","False"
"1、交易计算表4月.xls","2026-04","2026-04-25","1","00:00-01:00","38987","原表标题写“兆瓦时”，但日行数值疑似 kWh 级别，未自动换算","False"
"1、交易计算表4月.xls","2026-04","2026-04-25","2","01:00-02:00","32715","原表标题写“兆瓦时”，但日行数值疑似 kWh 级别，未自动换算","False"
"1、交易计算表4月.xls","2026-04","2026-04-25","3","02:00-03:00","33905","原表标题写“兆瓦时”，但日行数值疑似 kWh 级别，未自动换算","False"
"1、交易计算表4月.xls","2026-04","2026-04-25","4","03:00-04:00","28019","原表标题写“兆瓦时”，但日行数值疑似 kWh 级别，未自动换算","False"
"1、交易计算表4月.xls","2026-04","2026-04-25","5","04:00-05:00","36966","原表标题写“兆瓦时”，但日行数值疑似 kWh 级别，未自动换算","False"
"1、交易计算表4月.xls","2026-04","2026-04-25","6","05:00-06:00","41196","原表标题写“兆瓦时”，但日行数值疑似 kWh 级别，未自动换算","False"
"1、交易计算表4月.xls","2026-04","2026-04-25","7","06:00-07:00","65568","原表标题写“兆瓦时”，但日行数值疑似 kWh 级别，未自动换算","False"
"1、交易计算表4月.xls","2026-04","2026-04-25","8","07:00-08:00","80285","原表标题写“兆瓦时”，但日行数值疑似 kWh 级别，未自动换算","False"
"1、交易计算表4月.xls","2026-04","2026-04-25","9","08:00-09:00","79012","原表标题写“兆瓦时”，但日行数值疑似 kWh 级别，未自动换算","False"
"1、交易计算表4月.xls","2026-04","2026-04-25","10","09:00-10:00","87644","原表标题写“兆瓦时”，但日行数值疑似 kWh 级别，未自动换算","False"
"1、交易计算表4月.xls","2026-04","2026-04-25","11","10:00-11:00","85808","原表标题写“兆瓦时”，但日行数值疑似 kWh 级别，未自动换算","False"
"1、交易计算表4月.xls","2026-04","2026-04-25","12","11:00-12:00","69208","原表标题写“兆瓦时”，但日行数值疑似 kWh 级别，未自动换算","False"
"1、交易计算表4月.xls","2026-04","2026-04-25","13","12:00-13:00","86632","原表标题写“兆瓦时”，但日行数值疑似 kWh 级别，未自动换算","False"
"1、交易计算表4月.xls","2026-04","2026-04-25","14","13:00-14:00","81045","原表标题写“兆瓦时”，但日行数值疑似 kWh 级别，未自动换算","False"
"1、交易计算表4月.xls","2026-04","2026-04-25","15","14:00-15:00","87554","原表标题写“兆瓦时”，但日行数值疑似 kWh 级别，未自动换算","False"
"1、交易计算表4月.xls","2026-04","2026-04-25","16","15:00-16:00","86474","原表标题写“兆瓦时”，但日行数值疑似 kWh 级别，未自动换算","False"
"1、交易计算表4月.xls","2026-04","2026-04-25","17","16:00-17:00","88221","原表标题写“兆瓦时”，但日行数值疑似 kWh 级别，未自动换算","False"
"1、交易计算表4月.xls","2026-04","2026-04-25","18","17:00-18:00","77129","原表标题写“兆瓦时”，但日行数值疑似 kWh 级别，未自动换算","False"
"1、交易计算表4月.xls","2026-04","2026-04-25","19","18:00-19:00","90938","原表标题写“兆瓦时”，但日行数值疑似 kWh 级别，未自动换算","False"
"1、交易计算表4月.xls","2026-04","2026-04-25","20","19:00-20:00","86547","原表标题写“兆瓦时”，但日行数值疑似 kWh 级别，未自动换算","False"
"1、交易计算表4月.xls","2026-04","2026-04-25","21","20:00-21:00","91690","原表标题写“兆瓦时”，但日行数值疑似 kWh 级别，未自动换算","False"
"1、交易计算表4月.xls","2026-04","2026-04-25","22","21:00-22:00","70782","原表标题写“兆瓦时”，但日行数值疑似 kWh 级别，未自动换算","False"
"1、交易计算表4月.xls","2026-04","2026-04-25","23","22:00-23:00","84428","原表标题写“兆瓦时”，但日行数值疑似 kWh 级别，未自动换算","False"
"1、交易计算表4月.xls","2026-04","2026-04-25","24","23:00-24:00","59383","原表标题写“兆瓦时”，但日行数值疑似 kWh 级别，未自动换算","False"
"1、交易计算表4月.xls","2026-04","2026-04-24","1","00:00-01:00","39362","原表标题写“兆瓦时”，但日行数值疑似 kWh 级别，未自动换算","False"
"1、交易计算表4月.xls","2026-04","2026-04-24","2","01:00-02:00","24518","原表标题写“兆瓦时”，但日行数值疑似 kWh 级别，未自动换算","False"
"1、交易计算表4月.xls","2026-04","2026-04-24","3","02:00-03:00","29068","原表标题写“兆瓦时”，但日行数值疑似 kWh 级别，未自动换算","False"
"1、交易计算表4月.xls","2026-04","2026-04-24","4","03:00-04:00","32381","原表标题写“兆瓦时”，但日行数值疑似 kWh 级别，未自动换算","False"
"1、交易计算表4月.xls","2026-04","2026-04-24","5","04:00-05:00","30335","原表标题写“兆瓦时”，但日行数值疑似 kWh 级别，未自动换算","False"
"1、交易计算表4月.xls","2026-04","2026-04-24","6","05:00-06:00","54687","原表标题写“兆瓦时”，但日行数值疑似 kWh 级别，未自动换算","False"
"1、交易计算表4月.xls","2026-04","2026-04-24","7","06:00-07:00","74083","原表标题写“兆瓦时”，但日行数值疑似 kWh 级别，未自动换算","False"
"1、交易计算表4月.xls","2026-04","2026-04-24","8","07:00-08:00","89079","原表标题写“兆瓦时”，但日行数值疑似 kWh 级别，未自动换算","False"
"1、交易计算表4月.xls","2026-04","2026-04-24","9","08:00-09:00","87832","原表标题写“兆瓦时”，但日行数值疑似 kWh 级别，未自动换算","False"
"1、交易计算表4月.xls","2026-04","2026-04-24","10","09:00-10:00","88745","原表标题写“兆瓦时”，但日行数值疑似 kWh 级别，未自动换算","False"
"1、交易计算表4月.xls","2026-04","2026-04-24","11","10:00-11:00","82902","原表标题写“兆瓦时”，但日行数值疑似 kWh 级别，未自动换算","False"
"1、交易计算表4月.xls","2026-04","2026-04-24","12","11:00-12:00","89172","原表标题写“兆瓦时”，但日行数值疑似 kWh 级别，未自动换算","False"
"1、交易计算表4月.xls","2026-04","2026-04-24","13","12:00-13:00","73625","原表标题写“兆瓦时”，但日行数值疑似 kWh 级别，未自动换算","False"
"1、交易计算表4月.xls","2026-04","2026-04-24","14","13:00-14:00","76295","原表标题写“兆瓦时”，但日行数值疑似 kWh 级别，未自动换算","False"
"1、交易计算表4月.xls","2026-04","2026-04-24","15","14:00-15:00","76400","原表标题写“兆瓦时”，但日行数值疑似 kWh 级别，未自动换算","False"
"1、交易计算表4月.xls","2026-04","2026-04-24","16","15:00-16:00","82647","原表标题写“兆瓦时”，但日行数值疑似 kWh 级别，未自动换算","False"
"1、交易计算表4月.xls","2026-04","2026-04-24","17","16:00-17:00","87666","原表标题写“兆瓦时”，但日行数值疑似 kWh 级别，未自动换算","False"
"1、交易计算表4月.xls","2026-04","2026-04-24","18","17:00-18:00","94272","原表标题写“兆瓦时”，但日行数值疑似 kWh 级别，未自动换算","False"
"1、交易计算表4月.xls","2026-04","2026-04-24","19","18:00-19:00","101890","原表标题写“兆瓦时”，但日行数值疑似 kWh 级别，未自动换算","False"
"1、交易计算表4月.xls","2026-04","2026-04-24","20","19:00-20:00","88052","原表标题写“兆瓦时”，但日行数值疑似 kWh 级别，未自动换算","False"
"1、交易计算表4月.xls","2026-04","2026-04-24","21","20:00-21:00","70092","原表标题写“兆瓦时”，但日行数值疑似 kWh 级别，未自动换算","False"
"1、交易计算表4月.xls","2026-04","2026-04-24","22","21:00-22:00","86466","原表标题写“兆瓦时”，但日行数值疑似 kWh 级别，未自动换算","False"
"1、交易计算表4月.xls","2026-04","2026-04-24","23","22:00-23:00","74668","原表标题写“兆瓦时”，但日行数值疑似 kWh 级别，未自动换算","False"
"1、交易计算表4月.xls","2026-04","2026-04-24","24","23:00-24:00","54876","原表标题写“兆瓦时”，但日行数值疑似 kWh 级别，未自动换算","False"
"1、交易计算表4月.xls","2026-04","2026-04-23","1","00:00-01:00","36467","原表标题写“兆瓦时”，但日行数值疑似 kWh 级别，未自动换算","False"
"1、交易计算表4月.xls","2026-04","2026-04-23","2","01:00-02:00","32007","原表标题写“兆瓦时”，但日行数值疑似 kWh 级别，未自动换算","False"
"1、交易计算表4月.xls","2026-04","2026-04-23","3","02:00-03:00","27416","原表标题写“兆瓦时”，但日行数值疑似 kWh 级别，未自动换算","False"
"1、交易计算表4月.xls","2026-04","2026-04-23","4","03:00-04:00","28788","原表标题写“兆瓦时”，但日行数值疑似 kWh 级别，未自动换算","False"
"1、交易计算表4月.xls","2026-04","2026-04-23","5","04:00-05:00","37547","原表标题写“兆瓦时”，但日行数值疑似 kWh 级别，未自动换算","False"
"1、交易计算表4月.xls","2026-04","2026-04-23","6","05:00-06:00","39470","原表标题写“兆瓦时”，但日行数值疑似 kWh 级别，未自动换算","False"
"1、交易计算表4月.xls","2026-04","2026-04-23","7","06:00-07:00","76157","原表标题写“兆瓦时”，但日行数值疑似 kWh 级别，未自动换算","False"
"1、交易计算表4月.xls","2026-04","2026-04-23","8","07:00-08:00","90640","原表标题写“兆瓦时”，但日行数值疑似 kWh 级别，未自动换算","False"
"1、交易计算表4月.xls","2026-04","2026-04-23","9","08:00-09:00","96815","原表标题写“兆瓦时”，但日行数值疑似 kWh 级别，未自动换算","False"
"1、交易计算表4月.xls","2026-04","2026-04-23","10","09:00-10:00","90001","原表标题写“兆瓦时”，但日行数值疑似 kWh 级别，未自动换算","False"
"1、交易计算表4月.xls","2026-04","2026-04-23","11","10:00-11:00","84852","原表标题写“兆瓦时”，但日行数值疑似 kWh 级别，未自动换算","False"
"1、交易计算表4月.xls","2026-04","2026-04-23","12","11:00-12:00","78827","原表标题写“兆瓦时”，但日行数值疑似 kWh 级别，未自动换算","False"
"1、交易计算表4月.xls","2026-04","2026-04-23","13","12:00-13:00","88057","原表标题写“兆瓦时”，但日行数值疑似 kWh 级别，未自动换算","False"
"1、交易计算表4月.xls","2026-04","2026-04-23","14","13:00-14:00","77646","原表标题写“兆瓦时”，但日行数值疑似 kWh 级别，未自动换算","False"
"1、交易计算表4月.xls","2026-04","2026-04-23","15","14:00-15:00","78960","原表标题写“兆瓦时”，但日行数值疑似 kWh 级别，未自动换算","False"
"1、交易计算表4月.xls","2026-04","2026-04-23","16","15:00-16:00","81413","原表标题写“兆瓦时”，但日行数值疑似 kWh 级别，未自动换算","False"
"1、交易计算表4月.xls","2026-04","2026-04-23","17","16:00-17:00","93689","原表标题写“兆瓦时”，但日行数值疑似 kWh 级别，未自动换算","False"
"1、交易计算表4月.xls","2026-04","2026-04-23","18","17:00-18:00","90446","原表标题写“兆瓦时”，但日行数值疑似 kWh 级别，未自动换算","False"
"1、交易计算表4月.xls","2026-04","2026-04-23","19","18:00-19:00","88185","原表标题写“兆瓦时”，但日行数值疑似 kWh 级别，未自动换算","False"
"1、交易计算表4月.xls","2026-04","2026-04-23","20","19:00-20:00","90879","原表标题写“兆瓦时”，但日行数值疑似 kWh 级别，未自动换算","False"
"1、交易计算表4月.xls","2026-04","2026-04-23","21","20:00-21:00","86742","原表标题写“兆瓦时”，但日行数值疑似 kWh 级别，未自动换算","False"
"1、交易计算表4月.xls","2026-04","2026-04-23","22","21:00-22:00","75629","原表标题写“兆瓦时”，但日行数值疑似 kWh 级别，未自动换算","False"
"1、交易计算表4月.xls","2026-04","2026-04-23","23","22:00-23:00","65082","原表标题写“兆瓦时”，但日行数值疑似 kWh 级别，未自动换算","False"
"1、交易计算表4月.xls","2026-04","2026-04-23","24","23:00-24:00","50915","原表标题写“兆瓦时”，但日行数值疑似 kWh 级别，未自动换算","False"
"1、交易计算表4月.xls","2026-04","2026-04-22","1","00:00-01:00","36377","原表标题写“兆瓦时”，但日行数值疑似 kWh 级别，未自动换算","False"
"1、交易计算表4月.xls","2026-04","2026-04-22","2","01:00-02:00","28198","原表标题写“兆瓦时”，但日行数值疑似 kWh 级别，未自动换算","False"
"1、交易计算表4月.xls","2026-04","2026-04-22","3","02:00-03:00","38195","原表标题写“兆瓦时”，但日行数值疑似 kWh 级别，未自动换算","False"
"1、交易计算表4月.xls","2026-04","2026-04-22","4","03:00-04:00","25217","原表标题写“兆瓦时”，但日行数值疑似 kWh 级别，未自动换算","False"
"1、交易计算表4月.xls","2026-04","2026-04-22","5","04:00-05:00","39427","原表标题写“兆瓦时”，但日行数值疑似 kWh 级别，未自动换算","False"
"1、交易计算表4月.xls","2026-04","2026-04-22","6","05:00-06:00","40930","原表标题写“兆瓦时”，但日行数值疑似 kWh 级别，未自动换算","False"
"1、交易计算表4月.xls","2026-04","2026-04-22","7","06:00-07:00","71870","原表标题写“兆瓦时”，但日行数值疑似 kWh 级别，未自动换算","False"
"1、交易计算表4月.xls","2026-04","2026-04-22","8","07:00-08:00","99919","原表标题写“兆瓦时”，但日行数值疑似 kWh 级别，未自动换算","False"
"1、交易计算表4月.xls","2026-04","2026-04-22","9","08:00-09:00","84468","原表标题写“兆瓦时”，但日行数值疑似 kWh 级别，未自动换算","False"
"1、交易计算表4月.xls","2026-04","2026-04-22","10","09:00-10:00","98538","原表标题写“兆瓦时”，但日行数值疑似 kWh 级别，未自动换算","False"
"1、交易计算表4月.xls","2026-04","2026-04-22","11","10:00-11:00","86679","原表标题写“兆瓦时”，但日行数值疑似 kWh 级别，未自动换算","False"
"1、交易计算表4月.xls","2026-04","2026-04-22","12","11:00-12:00","82887","原表标题写“兆瓦时”，但日行数值疑似 kWh 级别，未自动换算","False"
"1、交易计算表4月.xls","2026-04","2026-04-22","13","12:00-13:00","76205","原表标题写“兆瓦时”，但日行数值疑似 kWh 级别，未自动换算","False"
"1、交易计算表4月.xls","2026-04","2026-04-22","14","13:00-14:00","74915","原表标题写“兆瓦时”，但日行数值疑似 kWh 级别，未自动换算","False"
"1、交易计算表4月.xls","2026-04","2026-04-22","15","14:00-15:00","88432","原表标题写“兆瓦时”，但日行数值疑似 kWh 级别，未自动换算","False"
"1、交易计算表4月.xls","2026-04","2026-04-22","16","15:00-16:00","74243","原表标题写“兆瓦时”，但日行数值疑似 kWh 级别，未自动换算","False"
"1、交易计算表4月.xls","2026-04","2026-04-22","17","16:00-17:00","92545","原表标题写“兆瓦时”，但日行数值疑似 kWh 级别，未自动换算","False"
"1、交易计算表4月.xls","2026-04","2026-04-22","18","17:00-18:00","92235","原表标题写“兆瓦时”，但日行数值疑似 kWh 级别，未自动换算","False"
"1、交易计算表4月.xls","2026-04","2026-04-22","19","18:00-19:00","94367","原表标题写“兆瓦时”，但日行数值疑似 kWh 级别，未自动换算","False"
"1、交易计算表4月.xls","2026-04","2026-04-22","20","19:00-20:00","88949","原表标题写“兆瓦时”，但日行数值疑似 kWh 级别，未自动换算","False"
"1、交易计算表4月.xls","2026-04","2026-04-22","21","20:00-21:00","81801","原表标题写“兆瓦时”，但日行数值疑似 kWh 级别，未自动换算","False"
"1、交易计算表4月.xls","2026-04","2026-04-22","22","21:00-22:00","72557","原表标题写“兆瓦时”，但日行数值疑似 kWh 级别，未自动换算","False"
"1、交易计算表4月.xls","2026-04","2026-04-22","23","22:00-23:00","78502","原表标题写“兆瓦时”，但日行数值疑似 kWh 级别，未自动换算","False"
"1、交易计算表4月.xls","2026-04","2026-04-22","24","23:00-24:00","51642","原表标题写“兆瓦时”，但日行数值疑似 kWh 级别，未自动换算","False"
"1、交易计算表4月.xls","2026-04","2026-04-21","1","00:00-01:00","38540","原表标题写“兆瓦时”，但日行数值疑似 kWh 级别，未自动换算","False"
"1、交易计算表4月.xls","2026-04","2026-04-21","2","01:00-02:00","31885","原表标题写“兆瓦时”，但日行数值疑似 kWh 级别，未自动换算","False"
"1、交易计算表4月.xls","2026-04","2026-04-21","3","02:00-03:00","26952","原表标题写“兆瓦时”，但日行数值疑似 kWh 级别，未自动换算","False"
"1、交易计算表4月.xls","2026-04","2026-04-21","4","03:00-04:00","35950","原表标题写“兆瓦时”，但日行数值疑似 kWh 级别，未自动换算","False"
"1、交易计算表4月.xls","2026-04","2026-04-21","5","04:00-05:00","25945","原表标题写“兆瓦时”，但日行数值疑似 kWh 级别，未自动换算","False"
"1、交易计算表4月.xls","2026-04","2026-04-21","6","05:00-06:00","49412","原表标题写“兆瓦时”，但日行数值疑似 kWh 级别，未自动换算","False"
"1、交易计算表4月.xls","2026-04","2026-04-21","7","06:00-07:00","66998","原表标题写“兆瓦时”，但日行数值疑似 kWh 级别，未自动换算","False"
"1、交易计算表4月.xls","2026-04","2026-04-21","8","07:00-08:00","96489","原表标题写“兆瓦时”，但日行数值疑似 kWh 级别，未自动换算","False"
"1、交易计算表4月.xls","2026-04","2026-04-21","9","08:00-09:00","91746","原表标题写“兆瓦时”，但日行数值疑似 kWh 级别，未自动换算","False"
"1、交易计算表4月.xls","2026-04","2026-04-21","10","09:00-10:00","98253","原表标题写“兆瓦时”，但日行数值疑似 kWh 级别，未自动换算","False"
"1、交易计算表4月.xls","2026-04","2026-04-21","11","10:00-11:00","83743","原表标题写“兆瓦时”，但日行数值疑似 kWh 级别，未自动换算","False"
"1、交易计算表4月.xls","2026-04","2026-04-21","12","11:00-12:00","72763","原表标题写“兆瓦时”，但日行数值疑似 kWh 级别，未自动换算","False"
"1、交易计算表4月.xls","2026-04","2026-04-21","13","12:00-13:00","81442","原表标题写“兆瓦时”，但日行数值疑似 kWh 级别，未自动换算","False"
"1、交易计算表4月.xls","2026-04","2026-04-21","14","13:00-14:00","88911","原表标题写“兆瓦时”，但日行数值疑似 kWh 级别，未自动换算","False"
"1、交易计算表4月.xls","2026-04","2026-04-21","15","14:00-15:00","84336","原表标题写“兆瓦时”，但日行数值疑似 kWh 级别，未自动换算","False"
"1、交易计算表4月.xls","2026-04","2026-04-21","16","15:00-16:00","77768","原表标题写“兆瓦时”，但日行数值疑似 kWh 级别，未自动换算","False"
"1、交易计算表4月.xls","2026-04","2026-04-21","17","16:00-17:00","86339","原表标题写“兆瓦时”，但日行数值疑似 kWh 级别，未自动换算","False"
"1、交易计算表4月.xls","2026-04","2026-04-21","18","17:00-18:00","85063","原表标题写“兆瓦时”，但日行数值疑似 kWh 级别，未自动换算","False"
"1、交易计算表4月.xls","2026-04","2026-04-21","19","18:00-19:00","99162","原表标题写“兆瓦时”，但日行数值疑似 kWh 级别，未自动换算","False"
"1、交易计算表4月.xls","2026-04","2026-04-21","20","19:00-20:00","82823","原表标题写“兆瓦时”，但日行数值疑似 kWh 级别，未自动换算","False"
"1、交易计算表4月.xls","2026-04","2026-04-21","21","20:00-21:00","89429","原表标题写“兆瓦时”，但日行数值疑似 kWh 级别，未自动换算","False"
"1、交易计算表4月.xls","2026-04","2026-04-21","22","21:00-22:00","79024","原表标题写“兆瓦时”，但日行数值疑似 kWh 级别，未自动换算","False"
"1、交易计算表4月.xls","2026-04","2026-04-21","23","22:00-23:00","66288","原表标题写“兆瓦时”，但日行数值疑似 kWh 级别，未自动换算","False"
"1、交易计算表4月.xls","2026-04","2026-04-21","24","23:00-24:00","51932","原表标题写“兆瓦时”，但日行数值疑似 kWh 级别，未自动换算","False"
"1、交易计算表4月.xls","2026-04","2026-04-20","1","00:00-01:00","48068","原表标题写“兆瓦时”，但日行数值疑似 kWh 级别，未自动换算","False"
"1、交易计算表4月.xls","2026-04","2026-04-20","2","01:00-02:00","32260","原表标题写“兆瓦时”，但日行数值疑似 kWh 级别，未自动换算","False"
"1、交易计算表4月.xls","2026-04","2026-04-20","3","02:00-03:00","25919","原表标题写“兆瓦时”，但日行数值疑似 kWh 级别，未自动换算","False"
"1、交易计算表4月.xls","2026-04","2026-04-20","4","03:00-04:00","31554","原表标题写“兆瓦时”，但日行数值疑似 kWh 级别，未自动换算","False"
"1、交易计算表4月.xls","2026-04","2026-04-20","5","04:00-05:00","32541","原表标题写“兆瓦时”，但日行数值疑似 kWh 级别，未自动换算","False"
"1、交易计算表4月.xls","2026-04","2026-04-20","6","05:00-06:00","46716","原表标题写“兆瓦时”，但日行数值疑似 kWh 级别，未自动换算","False"
"1、交易计算表4月.xls","2026-04","2026-04-20","7","06:00-07:00","74620","原表标题写“兆瓦时”，但日行数值疑似 kWh 级别，未自动换算","False"
"1、交易计算表4月.xls","2026-04","2026-04-20","8","07:00-08:00","88775","原表标题写“兆瓦时”，但日行数值疑似 kWh 级别，未自动换算","False"
"1、交易计算表4月.xls","2026-04","2026-04-20","9","08:00-09:00","95621","原表标题写“兆瓦时”，但日行数值疑似 kWh 级别，未自动换算","False"
"1、交易计算表4月.xls","2026-04","2026-04-20","10","09:00-10:00","87944","原表标题写“兆瓦时”，但日行数值疑似 kWh 级别，未自动换算","False"
"1、交易计算表4月.xls","2026-04","2026-04-20","11","10:00-11:00","86628","原表标题写“兆瓦时”，但日行数值疑似 kWh 级别，未自动换算","False"
"1、交易计算表4月.xls","2026-04","2026-04-20","12","11:00-12:00","77736","原表标题写“兆瓦时”，但日行数值疑似 kWh 级别，未自动换算","False"
"1、交易计算表4月.xls","2026-04","2026-04-20","13","12:00-13:00","83459","原表标题写“兆瓦时”，但日行数值疑似 kWh 级别，未自动换算","False"
"1、交易计算表4月.xls","2026-04","2026-04-20","14","13:00-14:00","79995","原表标题写“兆瓦时”，但日行数值疑似 kWh 级别，未自动换算","False"
"1、交易计算表4月.xls","2026-04","2026-04-20","15","14:00-15:00","82215","原表标题写“兆瓦时”，但日行数值疑似 kWh 级别，未自动换算","False"
"1、交易计算表4月.xls","2026-04","2026-04-20","16","15:00-16:00","79278","原表标题写“兆瓦时”，但日行数值疑似 kWh 级别，未自动换算","False"
"1、交易计算表4月.xls","2026-04","2026-04-20","17","16:00-17:00","93194","原表标题写“兆瓦时”，但日行数值疑似 kWh 级别，未自动换算","False"
"1、交易计算表4月.xls","2026-04","2026-04-20","18","17:00-18:00","85418","原表标题写“兆瓦时”，但日行数值疑似 kWh 级别，未自动换算","False"
"1、交易计算表4月.xls","2026-04","2026-04-20","19","18:00-19:00","97394","原表标题写“兆瓦时”，但日行数值疑似 kWh 级别，未自动换算","False"
"1、交易计算表4月.xls","2026-04","2026-04-20","20","19:00-20:00","82776","原表标题写“兆瓦时”，但日行数值疑似 kWh 级别，未自动换算","False"
"1、交易计算表4月.xls","2026-04","2026-04-20","21","20:00-21:00","87073","原表标题写“兆瓦时”，但日行数值疑似 kWh 级别，未自动换算","False"
"1、交易计算表4月.xls","2026-04","2026-04-20","22","21:00-22:00","74957","原表标题写“兆瓦时”，但日行数值疑似 kWh 级别，未自动换算","False"
"1、交易计算表4月.xls","2026-04","2026-04-20","23","22:00-23:00","71838","原表标题写“兆瓦时”，但日行数值疑似 kWh 级别，未自动换算","False"
"1、交易计算表4月.xls","2026-04","2026-04-20","24","23:00-24:00","50533","原表标题写“兆瓦时”，但日行数值疑似 kWh 级别，未自动换算","False"
"1、交易计算表4月.xls","2026-04","2026-04-19","1","00:00-01:00","39465","原表标题写“兆瓦时”，但日行数值疑似 kWh 级别，未自动换算","False"
"1、交易计算表4月.xls","2026-04","2026-04-19","2","01:00-02:00","28786","原表标题写“兆瓦时”，但日行数值疑似 kWh 级别，未自动换算","False"
"1、交易计算表4月.xls","2026-04","2026-04-19","3","02:00-03:00","42734","原表标题写“兆瓦时”，但日行数值疑似 kWh 级别，未自动换算","False"
"1、交易计算表4月.xls","2026-04","2026-04-19","4","03:00-04:00","18048","原表标题写“兆瓦时”，但日行数值疑似 kWh 级别，未自动换算","False"
"1、交易计算表4月.xls","2026-04","2026-04-19","5","04:00-05:00","35657","原表标题写“兆瓦时”，但日行数值疑似 kWh 级别，未自动换算","False"
"1、交易计算表4月.xls","2026-04","2026-04-19","6","05:00-06:00","46329","原表标题写“兆瓦时”，但日行数值疑似 kWh 级别，未自动换算","False"
"1、交易计算表4月.xls","2026-04","2026-04-19","7","06:00-07:00","61086","原表标题写“兆瓦时”，但日行数值疑似 kWh 级别，未自动换算","False"
"1、交易计算表4月.xls","2026-04","2026-04-19","8","07:00-08:00","80318","原表标题写“兆瓦时”，但日行数值疑似 kWh 级别，未自动换算","False"
"1、交易计算表4月.xls","2026-04","2026-04-19","9","08:00-09:00","84212","原表标题写“兆瓦时”，但日行数值疑似 kWh 级别，未自动换算","False"
"1、交易计算表4月.xls","2026-04","2026-04-19","10","09:00-10:00","83877","原表标题写“兆瓦时”，但日行数值疑似 kWh 级别，未自动换算","False"
"1、交易计算表4月.xls","2026-04","2026-04-19","11","10:00-11:00","75158","原表标题写“兆瓦时”，但日行数值疑似 kWh 级别，未自动换算","False"
"1、交易计算表4月.xls","2026-04","2026-04-19","12","11:00-12:00","82437","原表标题写“兆瓦时”，但日行数值疑似 kWh 级别，未自动换算","False"
"1、交易计算表4月.xls","2026-04","2026-04-19","13","12:00-13:00","80164","原表标题写“兆瓦时”，但日行数值疑似 kWh 级别，未自动换算","False"
"1、交易计算表4月.xls","2026-04","2026-04-19","14","13:00-14:00","90077","原表标题写“兆瓦时”，但日行数值疑似 kWh 级别，未自动换算","False"
"1、交易计算表4月.xls","2026-04","2026-04-19","15","14:00-15:00","91083","原表标题写“兆瓦时”，但日行数值疑似 kWh 级别，未自动换算","False"
"1、交易计算表4月.xls","2026-04","2026-04-19","16","15:00-16:00","73613","原表标题写“兆瓦时”，但日行数值疑似 kWh 级别，未自动换算","False"
"1、交易计算表4月.xls","2026-04","2026-04-19","17","16:00-17:00","86543","原表标题写“兆瓦时”，但日行数值疑似 kWh 级别，未自动换算","False"
"1、交易计算表4月.xls","2026-04","2026-04-19","18","17:00-18:00","84459","原表标题写“兆瓦时”，但日行数值疑似 kWh 级别，未自动换算","False"
"1、交易计算表4月.xls","2026-04","2026-04-19","19","18:00-19:00","88128","原表标题写“兆瓦时”，但日行数值疑似 kWh 级别，未自动换算","False"
"1、交易计算表4月.xls","2026-04","2026-04-19","20","19:00-20:00","86829","原表标题写“兆瓦时”，但日行数值疑似 kWh 级别，未自动换算","False"
"1、交易计算表4月.xls","2026-04","2026-04-19","21","20:00-21:00","80632","原表标题写“兆瓦时”，但日行数值疑似 kWh 级别，未自动换算","False"
"1、交易计算表4月.xls","2026-04","2026-04-19","22","21:00-22:00","81225","原表标题写“兆瓦时”，但日行数值疑似 kWh 级别，未自动换算","False"
"1、交易计算表4月.xls","2026-04","2026-04-19","23","22:00-23:00","76524","原表标题写“兆瓦时”，但日行数值疑似 kWh 级别，未自动换算","False"
"1、交易计算表4月.xls","2026-04","2026-04-19","24","23:00-24:00","50938","原表标题写“兆瓦时”，但日行数值疑似 kWh 级别，未自动换算","False"
"1、交易计算表4月.xls","2026-04","2026-04-18","1","00:00-01:00","43797","原表标题写“兆瓦时”，但日行数值疑似 kWh 级别，未自动换算","False"
"1、交易计算表4月.xls","2026-04","2026-04-18","2","01:00-02:00","28345","原表标题写“兆瓦时”，但日行数值疑似 kWh 级别，未自动换算","False"
"1、交易计算表4月.xls","2026-04","2026-04-18","3","02:00-03:00","29763","原表标题写“兆瓦时”，但日行数值疑似 kWh 级别，未自动换算","False"
"1、交易计算表4月.xls","2026-04","2026-04-18","4","03:00-04:00","34044","原表标题写“兆瓦时”，但日行数值疑似 kWh 级别，未自动换算","False"
"1、交易计算表4月.xls","2026-04","2026-04-18","5","04:00-05:00","28631","原表标题写“兆瓦时”，但日行数值疑似 kWh 级别，未自动换算","False"
"1、交易计算表4月.xls","2026-04","2026-04-18","6","05:00-06:00","53426","原表标题写“兆瓦时”，但日行数值疑似 kWh 级别，未自动换算","False"
"1、交易计算表4月.xls","2026-04","2026-04-18","7","06:00-07:00","59796","原表标题写“兆瓦时”，但日行数值疑似 kWh 级别，未自动换算","False"
"1、交易计算表4月.xls","2026-04","2026-04-18","8","07:00-08:00","81669","原表标题写“兆瓦时”，但日行数值疑似 kWh 级别，未自动换算","False"
"1、交易计算表4月.xls","2026-04","2026-04-18","9","08:00-09:00","81684","原表标题写“兆瓦时”，但日行数值疑似 kWh 级别，未自动换算","False"
"1、交易计算表4月.xls","2026-04","2026-04-18","10","09:00-10:00","82174","原表标题写“兆瓦时”，但日行数值疑似 kWh 级别，未自动换算","False"
"1、交易计算表4月.xls","2026-04","2026-04-18","11","10:00-11:00","84389","原表标题写“兆瓦时”，但日行数值疑似 kWh 级别，未自动换算","False"
"1、交易计算表4月.xls","2026-04","2026-04-18","12","11:00-12:00","86049","原表标题写“兆瓦时”，但日行数值疑似 kWh 级别，未自动换算","False"
"1、交易计算表4月.xls","2026-04","2026-04-18","13","12:00-13:00","77648","原表标题写“兆瓦时”，但日行数值疑似 kWh 级别，未自动换算","False"
"1、交易计算表4月.xls","2026-04","2026-04-18","14","13:00-14:00","83554","原表标题写“兆瓦时”，但日行数值疑似 kWh 级别，未自动换算","False"
"1、交易计算表4月.xls","2026-04","2026-04-18","15","14:00-15:00","96111","原表标题写“兆瓦时”，但日行数值疑似 kWh 级别，未自动换算","False"
"1、交易计算表4月.xls","2026-04","2026-04-18","16","15:00-16:00","79510","原表标题写“兆瓦时”，但日行数值疑似 kWh 级别，未自动换算","False"
"1、交易计算表4月.xls","2026-04","2026-04-18","17","16:00-17:00","92369","原表标题写“兆瓦时”，但日行数值疑似 kWh 级别，未自动换算","False"
"1、交易计算表4月.xls","2026-04","2026-04-18","18","17:00-18:00","73903","原表标题写“兆瓦时”，但日行数值疑似 kWh 级别，未自动换算","False"
"1、交易计算表4月.xls","2026-04","2026-04-18","19","18:00-19:00","95598","原表标题写“兆瓦时”，但日行数值疑似 kWh 级别，未自动换算","False"
"1、交易计算表4月.xls","2026-04","2026-04-18","20","19:00-20:00","88031","原表标题写“兆瓦时”，但日行数值疑似 kWh 级别，未自动换算","False"
"1、交易计算表4月.xls","2026-04","2026-04-18","21","20:00-21:00","86148","原表标题写“兆瓦时”，但日行数值疑似 kWh 级别，未自动换算","False"
"1、交易计算表4月.xls","2026-04","2026-04-18","22","21:00-22:00","80000","原表标题写“兆瓦时”，但日行数值疑似 kWh 级别，未自动换算","False"
"1、交易计算表4月.xls","2026-04","2026-04-18","23","22:00-23:00","76468","原表标题写“兆瓦时”，但日行数值疑似 kWh 级别，未自动换算","False"
"1、交易计算表4月.xls","2026-04","2026-04-18","24","23:00-24:00","54060","原表标题写“兆瓦时”，但日行数值疑似 kWh 级别，未自动换算","False"
"1、交易计算表4月.xls","2026-04","2026-04-17","1","00:00-01:00","32139","原表标题写“兆瓦时”，但日行数值疑似 kWh 级别，未自动换算","False"
"1、交易计算表4月.xls","2026-04","2026-04-17","2","01:00-02:00","40899","原表标题写“兆瓦时”，但日行数值疑似 kWh 级别，未自动换算","False"
"1、交易计算表4月.xls","2026-04","2026-04-17","3","02:00-03:00","18525","原表标题写“兆瓦时”，但日行数值疑似 kWh 级别，未自动换算","False"
"1、交易计算表4月.xls","2026-04","2026-04-17","4","03:00-04:00","40496","原表标题写“兆瓦时”，但日行数值疑似 kWh 级别，未自动换算","False"
"1、交易计算表4月.xls","2026-04","2026-04-17","5","04:00-05:00","35601","原表标题写“兆瓦时”，但日行数值疑似 kWh 级别，未自动换算","False"
"1、交易计算表4月.xls","2026-04","2026-04-17","6","05:00-06:00","37585","原表标题写“兆瓦时”，但日行数值疑似 kWh 级别，未自动换算","False"
"1、交易计算表4月.xls","2026-04","2026-04-17","7","06:00-07:00","74878","原表标题写“兆瓦时”，但日行数值疑似 kWh 级别，未自动换算","False"
"1、交易计算表4月.xls","2026-04","2026-04-17","8","07:00-08:00","88803","原表标题写“兆瓦时”，但日行数值疑似 kWh 级别，未自动换算","False"
"1、交易计算表4月.xls","2026-04","2026-04-17","9","08:00-09:00","96676","原表标题写“兆瓦时”，但日行数值疑似 kWh 级别，未自动换算","False"
"1、交易计算表4月.xls","2026-04","2026-04-17","10","09:00-10:00","83491","原表标题写“兆瓦时”，但日行数值疑似 kWh 级别，未自动换算","False"
"1、交易计算表4月.xls","2026-04","2026-04-17","11","10:00-11:00","88338","原表标题写“兆瓦时”，但日行数值疑似 kWh 级别，未自动换算","False"
"1、交易计算表4月.xls","2026-04","2026-04-17","12","11:00-12:00","77745","原表标题写“兆瓦时”，但日行数值疑似 kWh 级别，未自动换算","False"
"1、交易计算表4月.xls","2026-04","2026-04-17","13","12:00-13:00","85926","原表标题写“兆瓦时”，但日行数值疑似 kWh 级别，未自动换算","False"
"1、交易计算表4月.xls","2026-04","2026-04-17","14","13:00-14:00","79208","原表标题写“兆瓦时”，但日行数值疑似 kWh 级别，未自动换算","False"
"1、交易计算表4月.xls","2026-04","2026-04-17","15","14:00-15:00","82104","原表标题写“兆瓦时”，但日行数值疑似 kWh 级别，未自动换算","False"
"1、交易计算表4月.xls","2026-04","2026-04-17","16","15:00-16:00","82561","原表标题写“兆瓦时”，但日行数值疑似 kWh 级别，未自动换算","False"
"1、交易计算表4月.xls","2026-04","2026-04-17","17","16:00-17:00","87716","原表标题写“兆瓦时”，但日行数值疑似 kWh 级别，未自动换算","False"
"1、交易计算表4月.xls","2026-04","2026-04-17","18","17:00-18:00","84173","原表标题写“兆瓦时”，但日行数值疑似 kWh 级别，未自动换算","False"
"1、交易计算表4月.xls","2026-04","2026-04-17","19","18:00-19:00","102656","原表标题写“兆瓦时”，但日行数值疑似 kWh 级别，未自动换算","False"
"1、交易计算表4月.xls","2026-04","2026-04-17","20","19:00-20:00","86224","原表标题写“兆瓦时”，但日行数值疑似 kWh 级别，未自动换算","False"
"1、交易计算表4月.xls","2026-04","2026-04-17","21","20:00-21:00","80399","原表标题写“兆瓦时”，但日行数值疑似 kWh 级别，未自动换算","False"
"1、交易计算表4月.xls","2026-04","2026-04-17","22","21:00-22:00","82463","原表标题写“兆瓦时”，但日行数值疑似 kWh 级别，未自动换算","False"
"1、交易计算表4月.xls","2026-04","2026-04-17","23","22:00-23:00","74554","原表标题写“兆瓦时”，但日行数值疑似 kWh 级别，未自动换算","False"
"1、交易计算表4月.xls","2026-04","2026-04-17","24","23:00-24:00","57785","原表标题写“兆瓦时”，但日行数值疑似 kWh 级别，未自动换算","False"
"1、交易计算表4月.xls","2026-04","2026-04-16","1","00:00-01:00","32666","原表标题写“兆瓦时”，但日行数值疑似 kWh 级别，未自动换算","False"
"1、交易计算表4月.xls","2026-04","2026-04-16","2","01:00-02:00","28422","原表标题写“兆瓦时”，但日行数值疑似 kWh 级别，未自动换算","False"
"1、交易计算表4月.xls","2026-04","2026-04-16","3","02:00-03:00","29883","原表标题写“兆瓦时”，但日行数值疑似 kWh 级别，未自动换算","False"
"1、交易计算表4月.xls","2026-04","2026-04-16","4","03:00-04:00","30505","原表标题写“兆瓦时”，但日行数值疑似 kWh 级别，未自动换算","False"
"1、交易计算表4月.xls","2026-04","2026-04-16","5","04:00-05:00","27311","原表标题写“兆瓦时”，但日行数值疑似 kWh 级别，未自动换算","False"
"1、交易计算表4月.xls","2026-04","2026-04-16","6","05:00-06:00","57350","原表标题写“兆瓦时”，但日行数值疑似 kWh 级别，未自动换算","False"
"1、交易计算表4月.xls","2026-04","2026-04-16","7","06:00-07:00","71430","原表标题写“兆瓦时”，但日行数值疑似 kWh 级别，未自动换算","False"
"1、交易计算表4月.xls","2026-04","2026-04-16","8","07:00-08:00","79822","原表标题写“兆瓦时”，但日行数值疑似 kWh 级别，未自动换算","False"
"1、交易计算表4月.xls","2026-04","2026-04-16","9","08:00-09:00","97161","原表标题写“兆瓦时”，但日行数值疑似 kWh 级别，未自动换算","False"
"1、交易计算表4月.xls","2026-04","2026-04-16","10","09:00-10:00","94893","原表标题写“兆瓦时”，但日行数值疑似 kWh 级别，未自动换算","False"
"1、交易计算表4月.xls","2026-04","2026-04-16","11","10:00-11:00","78826","原表标题写“兆瓦时”，但日行数值疑似 kWh 级别，未自动换算","False"
"1、交易计算表4月.xls","2026-04","2026-04-16","12","11:00-12:00","83966","原表标题写“兆瓦时”，但日行数值疑似 kWh 级别，未自动换算","False"
"1、交易计算表4月.xls","2026-04","2026-04-16","13","12:00-13:00","90054","原表标题写“兆瓦时”，但日行数值疑似 kWh 级别，未自动换算","False"
"1、交易计算表4月.xls","2026-04","2026-04-16","14","13:00-14:00","72841","原表标题写“兆瓦时”，但日行数值疑似 kWh 级别，未自动换算","False"
"1、交易计算表4月.xls","2026-04","2026-04-16","15","14:00-15:00","75115","原表标题写“兆瓦时”，但日行数值疑似 kWh 级别，未自动换算","False"
"1、交易计算表4月.xls","2026-04","2026-04-16","16","15:00-16:00","89531","原表标题写“兆瓦时”，但日行数值疑似 kWh 级别，未自动换算","False"
"1、交易计算表4月.xls","2026-04","2026-04-16","17","16:00-17:00","83622","原表标题写“兆瓦时”，但日行数值疑似 kWh 级别，未自动换算","False"
"1、交易计算表4月.xls","2026-04","2026-04-16","18","17:00-18:00","93626","原表标题写“兆瓦时”，但日行数值疑似 kWh 级别，未自动换算","False"
"1、交易计算表4月.xls","2026-04","2026-04-16","19","18:00-19:00","90228","原表标题写“兆瓦时”，但日行数值疑似 kWh 级别，未自动换算","False"
"1、交易计算表4月.xls","2026-04","2026-04-16","20","19:00-20:00","92814","原表标题写“兆瓦时”，但日行数值疑似 kWh 级别，未自动换算","False"
"1、交易计算表4月.xls","2026-04","2026-04-16","21","20:00-21:00","81970","原表标题写“兆瓦时”，但日行数值疑似 kWh 级别，未自动换算","False"
"1、交易计算表4月.xls","2026-04","2026-04-16","22","21:00-22:00","78673","原表标题写“兆瓦时”，但日行数值疑似 kWh 级别，未自动换算","False"
"1、交易计算表4月.xls","2026-04","2026-04-16","23","22:00-23:00","67002","原表标题写“兆瓦时”，但日行数值疑似 kWh 级别，未自动换算","False"
"1、交易计算表4月.xls","2026-04","2026-04-16","24","23:00-24:00","50500","原表标题写“兆瓦时”，但日行数值疑似 kWh 级别，未自动换算","False"
"1、交易计算表4月.xls","2026-04","2026-04-15","1","00:00-01:00","22363","原表标题写“兆瓦时”，但日行数值疑似 kWh 级别，未自动换算","False"
"1、交易计算表4月.xls","2026-04","2026-04-15","2","01:00-02:00","32316","原表标题写“兆瓦时”，但日行数值疑似 kWh 级别，未自动换算","False"
"1、交易计算表4月.xls","2026-04","2026-04-15","3","02:00-03:00","36567","原表标题写“兆瓦时”，但日行数值疑似 kWh 级别，未自动换算","False"
"1、交易计算表4月.xls","2026-04","2026-04-15","4","03:00-04:00","25841","原表标题写“兆瓦时”，但日行数值疑似 kWh 级别，未自动换算","False"
"1、交易计算表4月.xls","2026-04","2026-04-15","5","04:00-05:00","33246","原表标题写“兆瓦时”，但日行数值疑似 kWh 级别，未自动换算","False"
"1、交易计算表4月.xls","2026-04","2026-04-15","6","05:00-06:00","46850","原表标题写“兆瓦时”，但日行数值疑似 kWh 级别，未自动换算","False"
"1、交易计算表4月.xls","2026-04","2026-04-15","7","06:00-07:00","73135","原表标题写“兆瓦时”，但日行数值疑似 kWh 级别，未自动换算","False"
"1、交易计算表4月.xls","2026-04","2026-04-15","8","07:00-08:00","93159","原表标题写“兆瓦时”，但日行数值疑似 kWh 级别，未自动换算","False"
"1、交易计算表4月.xls","2026-04","2026-04-15","9","08:00-09:00","91560","原表标题写“兆瓦时”，但日行数值疑似 kWh 级别，未自动换算","False"
"1、交易计算表4月.xls","2026-04","2026-04-15","10","09:00-10:00","84310","原表标题写“兆瓦时”，但日行数值疑似 kWh 级别，未自动换算","False"
"1、交易计算表4月.xls","2026-04","2026-04-15","11","10:00-11:00","85658","原表标题写“兆瓦时”，但日行数值疑似 kWh 级别，未自动换算","False"
"1、交易计算表4月.xls","2026-04","2026-04-15","12","11:00-12:00","86204","原表标题写“兆瓦时”，但日行数值疑似 kWh 级别，未自动换算","False"
"1、交易计算表4月.xls","2026-04","2026-04-15","13","12:00-13:00","75197","原表标题写“兆瓦时”，但日行数值疑似 kWh 级别，未自动换算","False"
"1、交易计算表4月.xls","2026-04","2026-04-15","14","13:00-14:00","79740","原表标题写“兆瓦时”，但日行数值疑似 kWh 级别，未自动换算","False"
"1、交易计算表4月.xls","2026-04","2026-04-15","15","14:00-15:00","78242","原表标题写“兆瓦时”，但日行数值疑似 kWh 级别，未自动换算","False"
"1、交易计算表4月.xls","2026-04","2026-04-15","16","15:00-16:00","83123","原表标题写“兆瓦时”，但日行数值疑似 kWh 级别，未自动换算","False"
"1、交易计算表4月.xls","2026-04","2026-04-15","17","16:00-17:00","85559","原表标题写“兆瓦时”，但日行数值疑似 kWh 级别，未自动换算","False"
"1、交易计算表4月.xls","2026-04","2026-04-15","18","17:00-18:00","89355","原表标题写“兆瓦时”，但日行数值疑似 kWh 级别，未自动换算","False"
"1、交易计算表4月.xls","2026-04","2026-04-15","19","18:00-19:00","99656","原表标题写“兆瓦时”，但日行数值疑似 kWh 级别，未自动换算","False"
"1、交易计算表4月.xls","2026-04","2026-04-15","20","19:00-20:00","86688","原表标题写“兆瓦时”，但日行数值疑似 kWh 级别，未自动换算","False"
"1、交易计算表4月.xls","2026-04","2026-04-15","21","20:00-21:00","76578","原表标题写“兆瓦时”，但日行数值疑似 kWh 级别，未自动换算","False"
"1、交易计算表4月.xls","2026-04","2026-04-15","22","21:00-22:00","76317","原表标题写“兆瓦时”，但日行数值疑似 kWh 级别，未自动换算","False"
"1、交易计算表4月.xls","2026-04","2026-04-15","23","22:00-23:00","71489","原表标题写“兆瓦时”，但日行数值疑似 kWh 级别，未自动换算","False"
"1、交易计算表4月.xls","2026-04","2026-04-15","24","23:00-24:00","56245","原表标题写“兆瓦时”，但日行数值疑似 kWh 级别，未自动换算","False"
"1、交易计算表4月.xls","2026-04","2026-04-14","1","00:00-01:00","32753","原表标题写“兆瓦时”，但日行数值疑似 kWh 级别，未自动换算","False"
"1、交易计算表4月.xls","2026-04","2026-04-14","2","01:00-02:00","34719","原表标题写“兆瓦时”，但日行数值疑似 kWh 级别，未自动换算","False"
"1、交易计算表4月.xls","2026-04","2026-04-14","3","02:00-03:00","22483","原表标题写“兆瓦时”，但日行数值疑似 kWh 级别，未自动换算","False"
"1、交易计算表4月.xls","2026-04","2026-04-14","4","03:00-04:00","36567","原表标题写“兆瓦时”，但日行数值疑似 kWh 级别，未自动换算","False"
"1、交易计算表4月.xls","2026-04","2026-04-14","5","04:00-05:00","28906","原表标题写“兆瓦时”，但日行数值疑似 kWh 级别，未自动换算","False"
"1、交易计算表4月.xls","2026-04","2026-04-14","6","05:00-06:00","51160","原表标题写“兆瓦时”，但日行数值疑似 kWh 级别，未自动换算","False"
"1、交易计算表4月.xls","2026-04","2026-04-14","7","06:00-07:00","72443","原表标题写“兆瓦时”，但日行数值疑似 kWh 级别，未自动换算","False"
"1、交易计算表4月.xls","2026-04","2026-04-14","8","07:00-08:00","89088","原表标题写“兆瓦时”，但日行数值疑似 kWh 级别，未自动换算","False"
"1、交易计算表4月.xls","2026-04","2026-04-14","9","08:00-09:00","89029","原表标题写“兆瓦时”，但日行数值疑似 kWh 级别，未自动换算","False"
"1、交易计算表4月.xls","2026-04","2026-04-14","10","09:00-10:00","94831","原表标题写“兆瓦时”，但日行数值疑似 kWh 级别，未自动换算","False"
"1、交易计算表4月.xls","2026-04","2026-04-14","11","10:00-11:00","85814","原表标题写“兆瓦时”，但日行数值疑似 kWh 级别，未自动换算","False"
"1、交易计算表4月.xls","2026-04","2026-04-14","12","11:00-12:00","80619","原表标题写“兆瓦时”，但日行数值疑似 kWh 级别，未自动换算","False"
"1、交易计算表4月.xls","2026-04","2026-04-14","13","12:00-13:00","80141","原表标题写“兆瓦时”，但日行数值疑似 kWh 级别，未自动换算","False"
"1、交易计算表4月.xls","2026-04","2026-04-14","14","13:00-14:00","76797","原表标题写“兆瓦时”，但日行数值疑似 kWh 级别，未自动换算","False"
"1、交易计算表4月.xls","2026-04","2026-04-14","15","14:00-15:00","83018","原表标题写“兆瓦时”，但日行数值疑似 kWh 级别，未自动换算","False"
"1、交易计算表4月.xls","2026-04","2026-04-14","16","15:00-16:00","77252","原表标题写“兆瓦时”，但日行数值疑似 kWh 级别，未自动换算","False"
"1、交易计算表4月.xls","2026-04","2026-04-14","17","16:00-17:00","84870","原表标题写“兆瓦时”，但日行数值疑似 kWh 级别，未自动换算","False"
"1、交易计算表4月.xls","2026-04","2026-04-14","18","17:00-18:00","92367","原表标题写“兆瓦时”，但日行数值疑似 kWh 级别，未自动换算","False"
"1、交易计算表4月.xls","2026-04","2026-04-14","19","18:00-19:00","94719","原表标题写“兆瓦时”，但日行数值疑似 kWh 级别，未自动换算","False"
"1、交易计算表4月.xls","2026-04","2026-04-14","20","19:00-20:00","93805","原表标题写“兆瓦时”，但日行数值疑似 kWh 级别，未自动换算","False"
"1、交易计算表4月.xls","2026-04","2026-04-14","21","20:00-21:00","72866","原表标题写“兆瓦时”，但日行数值疑似 kWh 级别，未自动换算","False"
"1、交易计算表4月.xls","2026-04","2026-04-14","22","21:00-22:00","80628","原表标题写“兆瓦时”，但日行数值疑似 kWh 级别，未自动换算","False"
"1、交易计算表4月.xls","2026-04","2026-04-14","23","22:00-23:00","71398","原表标题写“兆瓦时”，但日行数值疑似 kWh 级别，未自动换算","False"
"1、交易计算表4月.xls","2026-04","2026-04-14","24","23:00-24:00","59264","原表标题写“兆瓦时”，但日行数值疑似 kWh 级别，未自动换算","False"
"1、交易计算表4月.xls","2026-04","2026-04-13","1","00:00-01:00","28818","原表标题写“兆瓦时”，但日行数值疑似 kWh 级别，未自动换算","False"
"1、交易计算表4月.xls","2026-04","2026-04-13","2","01:00-02:00","34903","原表标题写“兆瓦时”，但日行数值疑似 kWh 级别，未自动换算","False"
"1、交易计算表4月.xls","2026-04","2026-04-13","3","02:00-03:00","29620","原表标题写“兆瓦时”，但日行数值疑似 kWh 级别，未自动换算","False"
"1、交易计算表4月.xls","2026-04","2026-04-13","4","03:00-04:00","28133","原表标题写“兆瓦时”，但日行数值疑似 kWh 级别，未自动换算","False"
"1、交易计算表4月.xls","2026-04","2026-04-13","5","04:00-05:00","34636","原表标题写“兆瓦时”，但日行数值疑似 kWh 级别，未自动换算","False"
"1、交易计算表4月.xls","2026-04","2026-04-13","6","05:00-06:00","45763","原表标题写“兆瓦时”，但日行数值疑似 kWh 级别，未自动换算","False"
"1、交易计算表4月.xls","2026-04","2026-04-13","7","06:00-07:00","68314","原表标题写“兆瓦时”，但日行数值疑似 kWh 级别，未自动换算","False"
"1、交易计算表4月.xls","2026-04","2026-04-13","8","07:00-08:00","98640","原表标题写“兆瓦时”，但日行数值疑似 kWh 级别，未自动换算","False"
"1、交易计算表4月.xls","2026-04","2026-04-13","9","08:00-09:00","88228","原表标题写“兆瓦时”，但日行数值疑似 kWh 级别，未自动换算","False"
"1、交易计算表4月.xls","2026-04","2026-04-13","10","09:00-10:00","96955","原表标题写“兆瓦时”，但日行数值疑似 kWh 级别，未自动换算","False"
"1、交易计算表4月.xls","2026-04","2026-04-13","11","10:00-11:00","76638","原表标题写“兆瓦时”，但日行数值疑似 kWh 级别，未自动换算","False"
"1、交易计算表4月.xls","2026-04","2026-04-13","12","11:00-12:00","79025","原表标题写“兆瓦时”，但日行数值疑似 kWh 级别，未自动换算","False"
"1、交易计算表4月.xls","2026-04","2026-04-13","13","12:00-13:00","82350","原表标题写“兆瓦时”，但日行数值疑似 kWh 级别，未自动换算","False"
"1、交易计算表4月.xls","2026-04","2026-04-13","14","13:00-14:00","86558","原表标题写“兆瓦时”，但日行数值疑似 kWh 级别，未自动换算","False"
"1、交易计算表4月.xls","2026-04","2026-04-13","15","14:00-15:00","72693","原表标题写“兆瓦时”，但日行数值疑似 kWh 级别，未自动换算","False"
"1、交易计算表4月.xls","2026-04","2026-04-13","16","15:00-16:00","83235","原表标题写“兆瓦时”，但日行数值疑似 kWh 级别，未自动换算","False"
"1、交易计算表4月.xls","2026-04","2026-04-13","17","16:00-17:00","80518","原表标题写“兆瓦时”，但日行数值疑似 kWh 级别，未自动换算","False"
"1、交易计算表4月.xls","2026-04","2026-04-13","18","17:00-18:00","102878","原表标题写“兆瓦时”，但日行数值疑似 kWh 级别，未自动换算","False"
"1、交易计算表4月.xls","2026-04","2026-04-13","19","18:00-19:00","88210","原表标题写“兆瓦时”，但日行数值疑似 kWh 级别，未自动换算","False"
"1、交易计算表4月.xls","2026-04","2026-04-13","20","19:00-20:00","95756","原表标题写“兆瓦时”，但日行数值疑似 kWh 级别，未自动换算","False"
"1、交易计算表4月.xls","2026-04","2026-04-13","21","20:00-21:00","80659","原表标题写“兆瓦时”，但日行数值疑似 kWh 级别，未自动换算","False"
"1、交易计算表4月.xls","2026-04","2026-04-13","22","21:00-22:00","68817","原表标题写“兆瓦时”，但日行数值疑似 kWh 级别，未自动换算","False"
"1、交易计算表4月.xls","2026-04","2026-04-13","23","22:00-23:00","74759","原表标题写“兆瓦时”，但日行数值疑似 kWh 级别，未自动换算","False"
"1、交易计算表4月.xls","2026-04","2026-04-13","24","23:00-24:00","47523","原表标题写“兆瓦时”，但日行数值疑似 kWh 级别，未自动换算","False"
"1、交易计算表4月.xls","2026-04","2026-04-12","1","00:00-01:00","43301","原表标题写“兆瓦时”，但日行数值疑似 kWh 级别，未自动换算","False"
"1、交易计算表4月.xls","2026-04","2026-04-12","2","01:00-02:00","24546","原表标题写“兆瓦时”，但日行数值疑似 kWh 级别，未自动换算","False"
"1、交易计算表4月.xls","2026-04","2026-04-12","3","02:00-03:00","33816","原表标题写“兆瓦时”，但日行数值疑似 kWh 级别，未自动换算","False"
"1、交易计算表4月.xls","2026-04","2026-04-12","4","03:00-04:00","25130","原表标题写“兆瓦时”，但日行数值疑似 kWh 级别，未自动换算","False"
"1、交易计算表4月.xls","2026-04","2026-04-12","5","04:00-05:00","32747","原表标题写“兆瓦时”，但日行数值疑似 kWh 级别，未自动换算","False"
"1、交易计算表4月.xls","2026-04","2026-04-12","6","05:00-06:00","48620","原表标题写“兆瓦时”，但日行数值疑似 kWh 级别，未自动换算","False"
"1、交易计算表4月.xls","2026-04","2026-04-12","7","06:00-07:00","67964","原表标题写“兆瓦时”，但日行数值疑似 kWh 级别，未自动换算","False"
"1、交易计算表4月.xls","2026-04","2026-04-12","8","07:00-08:00","71956","原表标题写“兆瓦时”，但日行数值疑似 kWh 级别，未自动换算","False"
"1、交易计算表4月.xls","2026-04","2026-04-12","9","08:00-09:00","79388","原表标题写“兆瓦时”，但日行数值疑似 kWh 级别，未自动换算","False"
"1、交易计算表4月.xls","2026-04","2026-04-12","10","09:00-10:00","81081","原表标题写“兆瓦时”，但日行数值疑似 kWh 级别，未自动换算","False"
"1、交易计算表4月.xls","2026-04","2026-04-12","11","10:00-11:00","93382","原表标题写“兆瓦时”，但日行数值疑似 kWh 级别，未自动换算","False"
"1、交易计算表4月.xls","2026-04","2026-04-12","12","11:00-12:00","81564","原表标题写“兆瓦时”，但日行数值疑似 kWh 级别，未自动换算","False"
"1、交易计算表4月.xls","2026-04","2026-04-12","13","12:00-13:00","78071","原表标题写“兆瓦时”，但日行数值疑似 kWh 级别，未自动换算","False"
"1、交易计算表4月.xls","2026-04","2026-04-12","14","13:00-14:00","93446","原表标题写“兆瓦时”，但日行数值疑似 kWh 级别，未自动换算","False"
"1、交易计算表4月.xls","2026-04","2026-04-12","15","14:00-15:00","75975","原表标题写“兆瓦时”，但日行数值疑似 kWh 级别，未自动换算","False"
"1、交易计算表4月.xls","2026-04","2026-04-12","16","15:00-16:00","80390","原表标题写“兆瓦时”，但日行数值疑似 kWh 级别，未自动换算","False"
"1、交易计算表4月.xls","2026-04","2026-04-12","17","16:00-17:00","93729","原表标题写“兆瓦时”，但日行数值疑似 kWh 级别，未自动换算","False"
"1、交易计算表4月.xls","2026-04","2026-04-12","18","17:00-18:00","84189","原表标题写“兆瓦时”，但日行数值疑似 kWh 级别，未自动换算","False"
"1、交易计算表4月.xls","2026-04","2026-04-12","19","18:00-19:00","84078","原表标题写“兆瓦时”，但日行数值疑似 kWh 级别，未自动换算","False"
"1、交易计算表4月.xls","2026-04","2026-04-12","20","19:00-20:00","91528","原表标题写“兆瓦时”，但日行数值疑似 kWh 级别，未自动换算","False"
"1、交易计算表4月.xls","2026-04","2026-04-12","21","20:00-21:00","80591","原表标题写“兆瓦时”，但日行数值疑似 kWh 级别，未自动换算","False"
"1、交易计算表4月.xls","2026-04","2026-04-12","22","21:00-22:00","71002","原表标题写“兆瓦时”，但日行数值疑似 kWh 级别，未自动换算","False"
"1、交易计算表4月.xls","2026-04","2026-04-12","23","22:00-23:00","83024","原表标题写“兆瓦时”，但日行数值疑似 kWh 级别，未自动换算","False"
"1、交易计算表4月.xls","2026-04","2026-04-12","24","23:00-24:00","65341","原表标题写“兆瓦时”，但日行数值疑似 kWh 级别，未自动换算","False"
"1、交易计算表4月.xls","2026-04","2026-04-11","1","00:00-01:00","36543","原表标题写“兆瓦时”，但日行数值疑似 kWh 级别，未自动换算","False"
"1、交易计算表4月.xls","2026-04","2026-04-11","2","01:00-02:00","34694","原表标题写“兆瓦时”，但日行数值疑似 kWh 级别，未自动换算","False"
"1、交易计算表4月.xls","2026-04","2026-04-11","3","02:00-03:00","34541","原表标题写“兆瓦时”，但日行数值疑似 kWh 级别，未自动换算","False"
"1、交易计算表4月.xls","2026-04","2026-04-11","4","03:00-04:00","23297","原表标题写“兆瓦时”，但日行数值疑似 kWh 级别，未自动换算","False"
"1、交易计算表4月.xls","2026-04","2026-04-11","5","04:00-05:00","41388","原表标题写“兆瓦时”，但日行数值疑似 kWh 级别，未自动换算","False"
"1、交易计算表4月.xls","2026-04","2026-04-11","6","05:00-06:00","36810","原表标题写“兆瓦时”，但日行数值疑似 kWh 级别，未自动换算","False"
"1、交易计算表4月.xls","2026-04","2026-04-11","7","06:00-07:00","67454","原表标题写“兆瓦时”，但日行数值疑似 kWh 级别，未自动换算","False"
"1、交易计算表4月.xls","2026-04","2026-04-11","8","07:00-08:00","86111","原表标题写“兆瓦时”，但日行数值疑似 kWh 级别，未自动换算","False"
"1、交易计算表4月.xls","2026-04","2026-04-11","9","08:00-09:00","77558","原表标题写“兆瓦时”，但日行数值疑似 kWh 级别，未自动换算","False"
"1、交易计算表4月.xls","2026-04","2026-04-11","10","09:00-10:00","84098","原表标题写“兆瓦时”，但日行数值疑似 kWh 级别，未自动换算","False"
"1、交易计算表4月.xls","2026-04","2026-04-11","11","10:00-11:00","80586","原表标题写“兆瓦时”，但日行数值疑似 kWh 级别，未自动换算","False"
"1、交易计算表4月.xls","2026-04","2026-04-11","12","11:00-12:00","82907","原表标题写“兆瓦时”，但日行数值疑似 kWh 级别，未自动换算","False"
"1、交易计算表4月.xls","2026-04","2026-04-11","13","12:00-13:00","90941","原表标题写“兆瓦时”，但日行数值疑似 kWh 级别，未自动换算","False"
"1、交易计算表4月.xls","2026-04","2026-04-11","14","13:00-14:00","78400","原表标题写“兆瓦时”，但日行数值疑似 kWh 级别，未自动换算","False"
"1、交易计算表4月.xls","2026-04","2026-04-11","15","14:00-15:00","92030","原表标题写“兆瓦时”，但日行数值疑似 kWh 级别，未自动换算","False"
"1、交易计算表4月.xls","2026-04","2026-04-11","16","15:00-16:00","82185","原表标题写“兆瓦时”，但日行数值疑似 kWh 级别，未自动换算","False"
"1、交易计算表4月.xls","2026-04","2026-04-11","17","16:00-17:00","87575","原表标题写“兆瓦时”，但日行数值疑似 kWh 级别，未自动换算","False"
"1、交易计算表4月.xls","2026-04","2026-04-11","18","17:00-18:00","90462","原表标题写“兆瓦时”，但日行数值疑似 kWh 级别，未自动换算","False"
"1、交易计算表4月.xls","2026-04","2026-04-11","19","18:00-19:00","79141","原表标题写“兆瓦时”，但日行数值疑似 kWh 级别，未自动换算","False"
"1、交易计算表4月.xls","2026-04","2026-04-11","20","19:00-20:00","88253","原表标题写“兆瓦时”，但日行数值疑似 kWh 级别，未自动换算","False"
"1、交易计算表4月.xls","2026-04","2026-04-11","21","20:00-21:00","89348","原表标题写“兆瓦时”，但日行数值疑似 kWh 级别，未自动换算","False"
"1、交易计算表4月.xls","2026-04","2026-04-11","22","21:00-22:00","76049","原表标题写“兆瓦时”，但日行数值疑似 kWh 级别，未自动换算","False"
"1、交易计算表4月.xls","2026-04","2026-04-11","23","22:00-23:00","86050","原表标题写“兆瓦时”，但日行数值疑似 kWh 级别，未自动换算","False"
"1、交易计算表4月.xls","2026-04","2026-04-11","24","23:00-24:00","59299","原表标题写“兆瓦时”，但日行数值疑似 kWh 级别，未自动换算","False"
"1、交易计算表4月.xls","2026-04","2026-04-10","1","00:00-01:00","23714","原表标题写“兆瓦时”，但日行数值疑似 kWh 级别，未自动换算","False"
"1、交易计算表4月.xls","2026-04","2026-04-10","2","01:00-02:00","48232","原表标题写“兆瓦时”，但日行数值疑似 kWh 级别，未自动换算","False"
"1、交易计算表4月.xls","2026-04","2026-04-10","3","02:00-03:00","21979","原表标题写“兆瓦时”，但日行数值疑似 kWh 级别，未自动换算","False"
"1、交易计算表4月.xls","2026-04","2026-04-10","4","03:00-04:00","28749","原表标题写“兆瓦时”，但日行数值疑似 kWh 级别，未自动换算","False"
"1、交易计算表4月.xls","2026-04","2026-04-10","5","04:00-05:00","38787","原表标题写“兆瓦时”，但日行数值疑似 kWh 级别，未自动换算","False"
"1、交易计算表4月.xls","2026-04","2026-04-10","6","05:00-06:00","44829","原表标题写“兆瓦时”，但日行数值疑似 kWh 级别，未自动换算","False"
"1、交易计算表4月.xls","2026-04","2026-04-10","7","06:00-07:00","68622","原表标题写“兆瓦时”，但日行数值疑似 kWh 级别，未自动换算","False"
"1、交易计算表4月.xls","2026-04","2026-04-10","8","07:00-08:00","91575","原表标题写“兆瓦时”，但日行数值疑似 kWh 级别，未自动换算","False"
"1、交易计算表4月.xls","2026-04","2026-04-10","9","08:00-09:00","104520","原表标题写“兆瓦时”，但日行数值疑似 kWh 级别，未自动换算","False"
"1、交易计算表4月.xls","2026-04","2026-04-10","10","09:00-10:00","78016","原表标题写“兆瓦时”，但日行数值疑似 kWh 级别，未自动换算","False"
"1、交易计算表4月.xls","2026-04","2026-04-10","11","10:00-11:00","83139","原表标题写“兆瓦时”，但日行数值疑似 kWh 级别，未自动换算","False"
"1、交易计算表4月.xls","2026-04","2026-04-10","12","11:00-12:00","77094","原表标题写“兆瓦时”，但日行数值疑似 kWh 级别，未自动换算","False"
"1、交易计算表4月.xls","2026-04","2026-04-10","13","12:00-13:00","91456","原表标题写“兆瓦时”，但日行数值疑似 kWh 级别，未自动换算","False"
"1、交易计算表4月.xls","2026-04","2026-04-10","14","13:00-14:00","76568","原表标题写“兆瓦时”，但日行数值疑似 kWh 级别，未自动换算","False"
"1、交易计算表4月.xls","2026-04","2026-04-10","15","14:00-15:00","77963","原表标题写“兆瓦时”，但日行数值疑似 kWh 级别，未自动换算","False"
"1、交易计算表4月.xls","2026-04","2026-04-10","16","15:00-16:00","80268","原表标题写“兆瓦时”，但日行数值疑似 kWh 级别，未自动换算","False"
"1、交易计算表4月.xls","2026-04","2026-04-10","17","16:00-17:00","91615","原表标题写“兆瓦时”，但日行数值疑似 kWh 级别，未自动换算","False"
"1、交易计算表4月.xls","2026-04","2026-04-10","18","17:00-18:00","92998","原表标题写“兆瓦时”，但日行数值疑似 kWh 级别，未自动换算","False"
"1、交易计算表4月.xls","2026-04","2026-04-10","19","18:00-19:00","97555","原表标题写“兆瓦时”，但日行数值疑似 kWh 级别，未自动换算","False"
"1、交易计算表4月.xls","2026-04","2026-04-10","20","19:00-20:00","86801","原表标题写“兆瓦时”，但日行数值疑似 kWh 级别，未自动换算","False"
"1、交易计算表4月.xls","2026-04","2026-04-10","21","20:00-21:00","84404","原表标题写“兆瓦时”，但日行数值疑似 kWh 级别，未自动换算","False"
"1、交易计算表4月.xls","2026-04","2026-04-10","22","21:00-22:00","77056","原表标题写“兆瓦时”，但日行数值疑似 kWh 级别，未自动换算","False"
"1、交易计算表4月.xls","2026-04","2026-04-10","23","22:00-23:00","77365","原表标题写“兆瓦时”，但日行数值疑似 kWh 级别，未自动换算","False"
"1、交易计算表4月.xls","2026-04","2026-04-10","24","23:00-24:00","52568","原表标题写“兆瓦时”，但日行数值疑似 kWh 级别，未自动换算","False"
"1、交易计算表4月.xls","2026-04","2026-04-09","1","00:00-01:00","31629","原表标题写“兆瓦时”，但日行数值疑似 kWh 级别，未自动换算","False"
"1、交易计算表4月.xls","2026-04","2026-04-09","2","01:00-02:00","28365","原表标题写“兆瓦时”，但日行数值疑似 kWh 级别，未自动换算","False"
"1、交易计算表4月.xls","2026-04","2026-04-09","3","02:00-03:00","26339","原表标题写“兆瓦时”，但日行数值疑似 kWh 级别，未自动换算","False"
"1、交易计算表4月.xls","2026-04","2026-04-09","4","03:00-04:00","40768","原表标题写“兆瓦时”，但日行数值疑似 kWh 级别，未自动换算","False"
"1、交易计算表4月.xls","2026-04","2026-04-09","5","04:00-05:00","25810","原表标题写“兆瓦时”，但日行数值疑似 kWh 级别，未自动换算","False"
"1、交易计算表4月.xls","2026-04","2026-04-09","6","05:00-06:00","44601","原表标题写“兆瓦时”，但日行数值疑似 kWh 级别，未自动换算","False"
"1、交易计算表4月.xls","2026-04","2026-04-09","7","06:00-07:00","83313","原表标题写“兆瓦时”，但日行数值疑似 kWh 级别，未自动换算","False"
"1、交易计算表4月.xls","2026-04","2026-04-09","8","07:00-08:00","82201","原表标题写“兆瓦时”，但日行数值疑似 kWh 级别，未自动换算","False"
"1、交易计算表4月.xls","2026-04","2026-04-09","9","08:00-09:00","88018","原表标题写“兆瓦时”，但日行数值疑似 kWh 级别，未自动换算","False"
"1、交易计算表4月.xls","2026-04","2026-04-09","10","09:00-10:00","96695","原表标题写“兆瓦时”，但日行数值疑似 kWh 级别，未自动换算","False"
"1、交易计算表4月.xls","2026-04","2026-04-09","11","10:00-11:00","78608","原表标题写“兆瓦时”，但日行数值疑似 kWh 级别，未自动换算","False"
"1、交易计算表4月.xls","2026-04","2026-04-09","12","11:00-12:00","82522","原表标题写“兆瓦时”，但日行数值疑似 kWh 级别，未自动换算","False"
"1、交易计算表4月.xls","2026-04","2026-04-09","13","12:00-13:00","79107","原表标题写“兆瓦时”，但日行数值疑似 kWh 级别，未自动换算","False"
"1、交易计算表4月.xls","2026-04","2026-04-09","14","13:00-14:00","80767","原表标题写“兆瓦时”，但日行数值疑似 kWh 级别，未自动换算","False"
"1、交易计算表4月.xls","2026-04","2026-04-09","15","14:00-15:00","82179","原表标题写“兆瓦时”，但日行数值疑似 kWh 级别，未自动换算","False"
"1、交易计算表4月.xls","2026-04","2026-04-09","16","15:00-16:00","76259","原表标题写“兆瓦时”，但日行数值疑似 kWh 级别，未自动换算","False"
"1、交易计算表4月.xls","2026-04","2026-04-09","17","16:00-17:00","94029","原表标题写“兆瓦时”，但日行数值疑似 kWh 级别，未自动换算","False"
"1、交易计算表4月.xls","2026-04","2026-04-09","18","17:00-18:00","85428","原表标题写“兆瓦时”，但日行数值疑似 kWh 级别，未自动换算","False"
"1、交易计算表4月.xls","2026-04","2026-04-09","19","18:00-19:00","97580","原表标题写“兆瓦时”，但日行数值疑似 kWh 级别，未自动换算","False"
"1、交易计算表4月.xls","2026-04","2026-04-09","20","19:00-20:00","91958","原表标题写“兆瓦时”，但日行数值疑似 kWh 级别，未自动换算","False"
"1、交易计算表4月.xls","2026-04","2026-04-09","21","20:00-21:00","69948","原表标题写“兆瓦时”，但日行数值疑似 kWh 级别，未自动换算","False"
"1、交易计算表4月.xls","2026-04","2026-04-09","22","21:00-22:00","79795","原表标题写“兆瓦时”，但日行数值疑似 kWh 级别，未自动换算","False"
"1、交易计算表4月.xls","2026-04","2026-04-09","23","22:00-23:00","76818","原表标题写“兆瓦时”，但日行数值疑似 kWh 级别，未自动换算","False"
"1、交易计算表4月.xls","2026-04","2026-04-09","24","23:00-24:00","49696","原表标题写“兆瓦时”，但日行数值疑似 kWh 级别，未自动换算","False"
"1、交易计算表4月.xls","2026-04","2026-04-08","1","00:00-01:00","32380","原表标题写“兆瓦时”，但日行数值疑似 kWh 级别，未自动换算","False"
"1、交易计算表4月.xls","2026-04","2026-04-08","2","01:00-02:00","35209","原表标题写“兆瓦时”，但日行数值疑似 kWh 级别，未自动换算","False"
"1、交易计算表4月.xls","2026-04","2026-04-08","3","02:00-03:00","24923","原表标题写“兆瓦时”，但日行数值疑似 kWh 级别，未自动换算","False"
"1、交易计算表4月.xls","2026-04","2026-04-08","4","03:00-04:00","31158","原表标题写“兆瓦时”，但日行数值疑似 kWh 级别，未自动换算","False"
"1、交易计算表4月.xls","2026-04","2026-04-08","5","04:00-05:00","35750","原表标题写“兆瓦时”，但日行数值疑似 kWh 级别，未自动换算","False"
"1、交易计算表4月.xls","2026-04","2026-04-08","6","05:00-06:00","41458","原表标题写“兆瓦时”，但日行数值疑似 kWh 级别，未自动换算","False"
"1、交易计算表4月.xls","2026-04","2026-04-08","7","06:00-07:00","80181","原表标题写“兆瓦时”，但日行数值疑似 kWh 级别，未自动换算","False"
"1、交易计算表4月.xls","2026-04","2026-04-08","8","07:00-08:00","78346","原表标题写“兆瓦时”，但日行数值疑似 kWh 级别，未自动换算","False"
"1、交易计算表4月.xls","2026-04","2026-04-08","9","08:00-09:00","102753","原表标题写“兆瓦时”，但日行数值疑似 kWh 级别，未自动换算","False"
"1、交易计算表4月.xls","2026-04","2026-04-08","10","09:00-10:00","89588","原表标题写“兆瓦时”，但日行数值疑似 kWh 级别，未自动换算","False"
"1、交易计算表4月.xls","2026-04","2026-04-08","11","10:00-11:00","75255","原表标题写“兆瓦时”，但日行数值疑似 kWh 级别，未自动换算","False"
"1、交易计算表4月.xls","2026-04","2026-04-08","12","11:00-12:00","77602","原表标题写“兆瓦时”，但日行数值疑似 kWh 级别，未自动换算","False"
"1、交易计算表4月.xls","2026-04","2026-04-08","13","12:00-13:00","82743","原表标题写“兆瓦时”，但日行数值疑似 kWh 级别，未自动换算","False"
"1、交易计算表4月.xls","2026-04","2026-04-08","14","13:00-14:00","80385","原表标题写“兆瓦时”，但日行数值疑似 kWh 级别，未自动换算","False"
"1、交易计算表4月.xls","2026-04","2026-04-08","15","14:00-15:00","87238","原表标题写“兆瓦时”，但日行数值疑似 kWh 级别，未自动换算","False"
"1、交易计算表4月.xls","2026-04","2026-04-08","16","15:00-16:00","72058","原表标题写“兆瓦时”，但日行数值疑似 kWh 级别，未自动换算","False"
"1、交易计算表4月.xls","2026-04","2026-04-08","17","16:00-17:00","90740","原表标题写“兆瓦时”，但日行数值疑似 kWh 级别，未自动换算","False"
"1、交易计算表4月.xls","2026-04","2026-04-08","18","17:00-18:00","86017","原表标题写“兆瓦时”，但日行数值疑似 kWh 级别，未自动换算","False"
"1、交易计算表4月.xls","2026-04","2026-04-08","19","18:00-19:00","99243","原表标题写“兆瓦时”，但日行数值疑似 kWh 级别，未自动换算","False"
"1、交易计算表4月.xls","2026-04","2026-04-08","20","19:00-20:00","89269","原表标题写“兆瓦时”，但日行数值疑似 kWh 级别，未自动换算","False"
"1、交易计算表4月.xls","2026-04","2026-04-08","21","20:00-21:00","80630","原表标题写“兆瓦时”，但日行数值疑似 kWh 级别，未自动换算","False"
"1、交易计算表4月.xls","2026-04","2026-04-08","22","21:00-22:00","70744","原表标题写“兆瓦时”，但日行数值疑似 kWh 级别，未自动换算","False"
"1、交易计算表4月.xls","2026-04","2026-04-08","23","22:00-23:00","79101","原表标题写“兆瓦时”，但日行数值疑似 kWh 级别，未自动换算","False"
"1、交易计算表4月.xls","2026-04","2026-04-08","24","23:00-24:00","46476","原表标题写“兆瓦时”，但日行数值疑似 kWh 级别，未自动换算","False"
"1、交易计算表4月.xls","2026-04","2026-04-07","1","00:00-01:00","39337","原表标题写“兆瓦时”，但日行数值疑似 kWh 级别，未自动换算","False"
"1、交易计算表4月.xls","2026-04","2026-04-07","2","01:00-02:00","35404","原表标题写“兆瓦时”，但日行数值疑似 kWh 级别，未自动换算","False"
"1、交易计算表4月.xls","2026-04","2026-04-07","3","02:00-03:00","18073","原表标题写“兆瓦时”，但日行数值疑似 kWh 级别，未自动换算","False"
"1、交易计算表4月.xls","2026-04","2026-04-07","4","03:00-04:00","42310","原表标题写“兆瓦时”，但日行数值疑似 kWh 级别，未自动换算","False"
"1、交易计算表4月.xls","2026-04","2026-04-07","5","04:00-05:00","25761","原表标题写“兆瓦时”，但日行数值疑似 kWh 级别，未自动换算","False"
"1、交易计算表4月.xls","2026-04","2026-04-07","6","05:00-06:00","48325","原表标题写“兆瓦时”，但日行数值疑似 kWh 级别，未自动换算","False"
"1、交易计算表4月.xls","2026-04","2026-04-07","7","06:00-07:00","77359","原表标题写“兆瓦时”，但日行数值疑似 kWh 级别，未自动换算","False"
"1、交易计算表4月.xls","2026-04","2026-04-07","8","07:00-08:00","81029","原表标题写“兆瓦时”，但日行数值疑似 kWh 级别，未自动换算","False"
"1、交易计算表4月.xls","2026-04","2026-04-07","9","08:00-09:00","97310","原表标题写“兆瓦时”，但日行数值疑似 kWh 级别，未自动换算","False"
"1、交易计算表4月.xls","2026-04","2026-04-07","10","09:00-10:00","85991","原表标题写“兆瓦时”，但日行数值疑似 kWh 级别，未自动换算","False"
"1、交易计算表4月.xls","2026-04","2026-04-07","11","10:00-11:00","81904","原表标题写“兆瓦时”，但日行数值疑似 kWh 级别，未自动换算","False"
"1、交易计算表4月.xls","2026-04","2026-04-07","12","11:00-12:00","74417","原表标题写“兆瓦时”，但日行数值疑似 kWh 级别，未自动换算","False"
"1、交易计算表4月.xls","2026-04","2026-04-07","13","12:00-13:00","80775","原表标题写“兆瓦时”，但日行数值疑似 kWh 级别，未自动换算","False"
"1、交易计算表4月.xls","2026-04","2026-04-07","14","13:00-14:00","82874","原表标题写“兆瓦时”，但日行数值疑似 kWh 级别，未自动换算","False"
"1、交易计算表4月.xls","2026-04","2026-04-07","15","14:00-15:00","76441","原表标题写“兆瓦时”，但日行数值疑似 kWh 级别，未自动换算","False"
"1、交易计算表4月.xls","2026-04","2026-04-07","16","15:00-16:00","85985","原表标题写“兆瓦时”，但日行数值疑似 kWh 级别，未自动换算","False"
"1、交易计算表4月.xls","2026-04","2026-04-07","17","16:00-17:00","76917","原表标题写“兆瓦时”，但日行数值疑似 kWh 级别，未自动换算","False"
"1、交易计算表4月.xls","2026-04","2026-04-07","18","17:00-18:00","93672","原表标题写“兆瓦时”，但日行数值疑似 kWh 级别，未自动换算","False"
"1、交易计算表4月.xls","2026-04","2026-04-07","19","18:00-19:00","98036","原表标题写“兆瓦时”，但日行数值疑似 kWh 级别，未自动换算","False"
"1、交易计算表4月.xls","2026-04","2026-04-07","20","19:00-20:00","87190","原表标题写“兆瓦时”，但日行数值疑似 kWh 级别，未自动换算","False"
"1、交易计算表4月.xls","2026-04","2026-04-07","21","20:00-21:00","85951","原表标题写“兆瓦时”，但日行数值疑似 kWh 级别，未自动换算","False"
"1、交易计算表4月.xls","2026-04","2026-04-07","22","21:00-22:00","72656","原表标题写“兆瓦时”，但日行数值疑似 kWh 级别，未自动换算","False"
"1、交易计算表4月.xls","2026-04","2026-04-07","23","22:00-23:00","70024","原表标题写“兆瓦时”，但日行数值疑似 kWh 级别，未自动换算","False"
"1、交易计算表4月.xls","2026-04","2026-04-07","24","23:00-24:00","50668","原表标题写“兆瓦时”，但日行数值疑似 kWh 级别，未自动换算","False"
"1、交易计算表4月.xls","2026-04","2026-04-06","1","00:00-01:00","31496","原表标题写“兆瓦时”，但日行数值疑似 kWh 级别，未自动换算","False"
"1、交易计算表4月.xls","2026-04","2026-04-06","2","01:00-02:00","30547","原表标题写“兆瓦时”，但日行数值疑似 kWh 级别，未自动换算","False"
"1、交易计算表4月.xls","2026-04","2026-04-06","3","02:00-03:00","26460","原表标题写“兆瓦时”，但日行数值疑似 kWh 级别，未自动换算","False"
"1、交易计算表4月.xls","2026-04","2026-04-06","4","03:00-04:00","36958","原表标题写“兆瓦时”，但日行数值疑似 kWh 级别，未自动换算","False"
"1、交易计算表4月.xls","2026-04","2026-04-06","5","04:00-05:00","31910","原表标题写“兆瓦时”，但日行数值疑似 kWh 级别，未自动换算","False"
"1、交易计算表4月.xls","2026-04","2026-04-06","6","05:00-06:00","46016","原表标题写“兆瓦时”，但日行数值疑似 kWh 级别，未自动换算","False"
"1、交易计算表4月.xls","2026-04","2026-04-06","7","06:00-07:00","66774","原表标题写“兆瓦时”，但日行数值疑似 kWh 级别，未自动换算","False"
"1、交易计算表4月.xls","2026-04","2026-04-06","8","07:00-08:00","78682","原表标题写“兆瓦时”，但日行数值疑似 kWh 级别，未自动换算","False"
"1、交易计算表4月.xls","2026-04","2026-04-06","9","08:00-09:00","75831","原表标题写“兆瓦时”，但日行数值疑似 kWh 级别，未自动换算","False"
"1、交易计算表4月.xls","2026-04","2026-04-06","10","09:00-10:00","85890","原表标题写“兆瓦时”，但日行数值疑似 kWh 级别，未自动换算","False"
"1、交易计算表4月.xls","2026-04","2026-04-06","11","10:00-11:00","84358","原表标题写“兆瓦时”，但日行数值疑似 kWh 级别，未自动换算","False"
"1、交易计算表4月.xls","2026-04","2026-04-06","12","11:00-12:00","81647","原表标题写“兆瓦时”，但日行数值疑似 kWh 级别，未自动换算","False"
"1、交易计算表4月.xls","2026-04","2026-04-06","13","12:00-13:00","85476","原表标题写“兆瓦时”，但日行数值疑似 kWh 级别，未自动换算","False"
"1、交易计算表4月.xls","2026-04","2026-04-06","14","13:00-14:00","81691","原表标题写“兆瓦时”，但日行数值疑似 kWh 级别，未自动换算","False"
"1、交易计算表4月.xls","2026-04","2026-04-06","15","14:00-15:00","90956","原表标题写“兆瓦时”，但日行数值疑似 kWh 级别，未自动换算","False"
"1、交易计算表4月.xls","2026-04","2026-04-06","16","15:00-16:00","83962","原表标题写“兆瓦时”，但日行数值疑似 kWh 级别，未自动换算","False"
"1、交易计算表4月.xls","2026-04","2026-04-06","17","16:00-17:00","76906","原表标题写“兆瓦时”，但日行数值疑似 kWh 级别，未自动换算","False"
"1、交易计算表4月.xls","2026-04","2026-04-06","18","17:00-18:00","99535","原表标题写“兆瓦时”，但日行数值疑似 kWh 级别，未自动换算","False"
"1、交易计算表4月.xls","2026-04","2026-04-06","19","18:00-19:00","84782","原表标题写“兆瓦时”，但日行数值疑似 kWh 级别，未自动换算","False"
"1、交易计算表4月.xls","2026-04","2026-04-06","20","19:00-20:00","87145","原表标题写“兆瓦时”，但日行数值疑似 kWh 级别，未自动换算","False"
"1、交易计算表4月.xls","2026-04","2026-04-06","21","20:00-21:00","84024","原表标题写“兆瓦时”，但日行数值疑似 kWh 级别，未自动换算","False"
"1、交易计算表4月.xls","2026-04","2026-04-06","22","21:00-22:00","81662","原表标题写“兆瓦时”，但日行数值疑似 kWh 级别，未自动换算","False"
"1、交易计算表4月.xls","2026-04","2026-04-06","23","22:00-23:00","80921","原表标题写“兆瓦时”，但日行数值疑似 kWh 级别，未自动换算","False"
"1、交易计算表4月.xls","2026-04","2026-04-06","24","23:00-24:00","60776","原表标题写“兆瓦时”，但日行数值疑似 kWh 级别，未自动换算","False"
"1、交易计算表4月.xls","2026-04","2026-04-05","1","00:00-01:00","39865","原表标题写“兆瓦时”，但日行数值疑似 kWh 级别，未自动换算","False"
"1、交易计算表4月.xls","2026-04","2026-04-05","2","01:00-02:00","30383","原表标题写“兆瓦时”，但日行数值疑似 kWh 级别，未自动换算","False"
"1、交易计算表4月.xls","2026-04","2026-04-05","3","02:00-03:00","27049","原表标题写“兆瓦时”，但日行数值疑似 kWh 级别，未自动换算","False"
"1、交易计算表4月.xls","2026-04","2026-04-05","4","03:00-04:00","35339","原表标题写“兆瓦时”，但日行数值疑似 kWh 级别，未自动换算","False"
"1、交易计算表4月.xls","2026-04","2026-04-05","5","04:00-05:00","33357","原表标题写“兆瓦时”，但日行数值疑似 kWh 级别，未自动换算","False"
"1、交易计算表4月.xls","2026-04","2026-04-05","6","05:00-06:00","46526","原表标题写“兆瓦时”，但日行数值疑似 kWh 级别，未自动换算","False"
"1、交易计算表4月.xls","2026-04","2026-04-05","7","06:00-07:00","70287","原表标题写“兆瓦时”，但日行数值疑似 kWh 级别，未自动换算","False"
"1、交易计算表4月.xls","2026-04","2026-04-05","8","07:00-08:00","75520","原表标题写“兆瓦时”，但日行数值疑似 kWh 级别，未自动换算","False"
"1、交易计算表4月.xls","2026-04","2026-04-05","9","08:00-09:00","78789","原表标题写“兆瓦时”，但日行数值疑似 kWh 级别，未自动换算","False"
"1、交易计算表4月.xls","2026-04","2026-04-05","10","09:00-10:00","82897","原表标题写“兆瓦时”，但日行数值疑似 kWh 级别，未自动换算","False"
"1、交易计算表4月.xls","2026-04","2026-04-05","11","10:00-11:00","88854","原表标题写“兆瓦时”，但日行数值疑似 kWh 级别，未自动换算","False"
"1、交易计算表4月.xls","2026-04","2026-04-05","12","11:00-12:00","80008","原表标题写“兆瓦时”，但日行数值疑似 kWh 级别，未自动换算","False"
"1、交易计算表4月.xls","2026-04","2026-04-05","13","12:00-13:00","81875","原表标题写“兆瓦时”，但日行数值疑似 kWh 级别，未自动换算","False"
"1、交易计算表4月.xls","2026-04","2026-04-05","14","13:00-14:00","102909","原表标题写“兆瓦时”，但日行数值疑似 kWh 级别，未自动换算","False"
"1、交易计算表4月.xls","2026-04","2026-04-05","15","14:00-15:00","73883","原表标题写“兆瓦时”，但日行数值疑似 kWh 级别，未自动换算","False"
"1、交易计算表4月.xls","2026-04","2026-04-05","16","15:00-16:00","106604","原表标题写“兆瓦时”，但日行数值疑似 kWh 级别，未自动换算","False"
"1、交易计算表4月.xls","2026-04","2026-04-05","17","16:00-17:00","84409","原表标题写“兆瓦时”，但日行数值疑似 kWh 级别，未自动换算","False"
"1、交易计算表4月.xls","2026-04","2026-04-05","18","17:00-18:00","98956","原表标题写“兆瓦时”，但日行数值疑似 kWh 级别，未自动换算","False"
"1、交易计算表4月.xls","2026-04","2026-04-05","19","18:00-19:00","93325","原表标题写“兆瓦时”，但日行数值疑似 kWh 级别，未自动换算","False"
"1、交易计算表4月.xls","2026-04","2026-04-05","20","19:00-20:00","92496","原表标题写“兆瓦时”，但日行数值疑似 kWh 级别，未自动换算","False"
"1、交易计算表4月.xls","2026-04","2026-04-05","21","20:00-21:00","87065","原表标题写“兆瓦时”，但日行数值疑似 kWh 级别，未自动换算","False"
"1、交易计算表4月.xls","2026-04","2026-04-05","22","21:00-22:00","95686","原表标题写“兆瓦时”，但日行数值疑似 kWh 级别，未自动换算","False"
"1、交易计算表4月.xls","2026-04","2026-04-05","23","22:00-23:00","81864","原表标题写“兆瓦时”，但日行数值疑似 kWh 级别，未自动换算","False"
"1、交易计算表4月.xls","2026-04","2026-04-05","24","23:00-24:00","78574","原表标题写“兆瓦时”，但日行数值疑似 kWh 级别，未自动换算","False"
"1、交易计算表4月.xls","2026-04","2026-04-04","1","00:00-01:00","30780","原表标题写“兆瓦时”，但日行数值疑似 kWh 级别，未自动换算","False"
"1、交易计算表4月.xls","2026-04","2026-04-04","2","01:00-02:00","35400","原表标题写“兆瓦时”，但日行数值疑似 kWh 级别，未自动换算","False"
"1、交易计算表4月.xls","2026-04","2026-04-04","3","02:00-03:00","29295","原表标题写“兆瓦时”，但日行数值疑似 kWh 级别，未自动换算","False"
"1、交易计算表4月.xls","2026-04","2026-04-04","4","03:00-04:00","24334","原表标题写“兆瓦时”，但日行数值疑似 kWh 级别，未自动换算","False"
"1、交易计算表4月.xls","2026-04","2026-04-04","5","04:00-05:00","46892","原表标题写“兆瓦时”，但日行数值疑似 kWh 级别，未自动换算","False"
"1、交易计算表4月.xls","2026-04","2026-04-04","6","05:00-06:00","38277","原表标题写“兆瓦时”，但日行数值疑似 kWh 级别，未自动换算","False"
"1、交易计算表4月.xls","2026-04","2026-04-04","7","06:00-07:00","70021","原表标题写“兆瓦时”，但日行数值疑似 kWh 级别，未自动换算","False"
"1、交易计算表4月.xls","2026-04","2026-04-04","8","07:00-08:00","84527","原表标题写“兆瓦时”，但日行数值疑似 kWh 级别，未自动换算","False"
"1、交易计算表4月.xls","2026-04","2026-04-04","9","08:00-09:00","73280","原表标题写“兆瓦时”，但日行数值疑似 kWh 级别，未自动换算","False"
"1、交易计算表4月.xls","2026-04","2026-04-04","10","09:00-10:00","85538","原表标题写“兆瓦时”，但日行数值疑似 kWh 级别，未自动换算","False"
"1、交易计算表4月.xls","2026-04","2026-04-04","11","10:00-11:00","78809","原表标题写“兆瓦时”，但日行数值疑似 kWh 级别，未自动换算","False"
"1、交易计算表4月.xls","2026-04","2026-04-04","12","11:00-12:00","88066","原表标题写“兆瓦时”，但日行数值疑似 kWh 级别，未自动换算","False"
"1、交易计算表4月.xls","2026-04","2026-04-04","13","12:00-13:00","89886","原表标题写“兆瓦时”，但日行数值疑似 kWh 级别，未自动换算","False"
"1、交易计算表4月.xls","2026-04","2026-04-04","14","13:00-14:00","82188","原表标题写“兆瓦时”，但日行数值疑似 kWh 级别，未自动换算","False"
"1、交易计算表4月.xls","2026-04","2026-04-04","15","14:00-15:00","89898","原表标题写“兆瓦时”，但日行数值疑似 kWh 级别，未自动换算","False"
"1、交易计算表4月.xls","2026-04","2026-04-04","16","15:00-16:00","94324","原表标题写“兆瓦时”，但日行数值疑似 kWh 级别，未自动换算","False"
"1、交易计算表4月.xls","2026-04","2026-04-04","17","16:00-17:00","97454","原表标题写“兆瓦时”，但日行数值疑似 kWh 级别，未自动换算","False"
"1、交易计算表4月.xls","2026-04","2026-04-04","18","17:00-18:00","80618","原表标题写“兆瓦时”，但日行数值疑似 kWh 级别，未自动换算","False"
"1、交易计算表4月.xls","2026-04","2026-04-04","19","18:00-19:00","97416","原表标题写“兆瓦时”，但日行数值疑似 kWh 级别，未自动换算","False"
"1、交易计算表4月.xls","2026-04","2026-04-04","20","19:00-20:00","98780","原表标题写“兆瓦时”，但日行数值疑似 kWh 级别，未自动换算","False"
"1、交易计算表4月.xls","2026-04","2026-04-04","21","20:00-21:00","101049","原表标题写“兆瓦时”，但日行数值疑似 kWh 级别，未自动换算","False"
"1、交易计算表4月.xls","2026-04","2026-04-04","22","21:00-22:00","80881","原表标题写“兆瓦时”，但日行数值疑似 kWh 级别，未自动换算","False"
"1、交易计算表4月.xls","2026-04","2026-04-04","23","22:00-23:00","82381","原表标题写“兆瓦时”，但日行数值疑似 kWh 级别，未自动换算","False"
"1、交易计算表4月.xls","2026-04","2026-04-04","24","23:00-24:00","74653","原表标题写“兆瓦时”，但日行数值疑似 kWh 级别，未自动换算","False"
"1、交易计算表4月.xls","2026-04","2026-04-03","1","00:00-01:00","35489","原表标题写“兆瓦时”，但日行数值疑似 kWh 级别，未自动换算","False"
"1、交易计算表4月.xls","2026-04","2026-04-03","2","01:00-02:00","23218","原表标题写“兆瓦时”，但日行数值疑似 kWh 级别，未自动换算","False"
"1、交易计算表4月.xls","2026-04","2026-04-03","3","02:00-03:00","36893","原表标题写“兆瓦时”，但日行数值疑似 kWh 级别，未自动换算","False"
"1、交易计算表4月.xls","2026-04","2026-04-03","4","03:00-04:00","27743","原表标题写“兆瓦时”，但日行数值疑似 kWh 级别，未自动换算","False"
"1、交易计算表4月.xls","2026-04","2026-04-03","5","04:00-05:00","31010","原表标题写“兆瓦时”，但日行数值疑似 kWh 级别，未自动换算","False"
"1、交易计算表4月.xls","2026-04","2026-04-03","6","05:00-06:00","49994","原表标题写“兆瓦时”，但日行数值疑似 kWh 级别，未自动换算","False"
"1、交易计算表4月.xls","2026-04","2026-04-03","7","06:00-07:00","75163","原表标题写“兆瓦时”，但日行数值疑似 kWh 级别，未自动换算","False"
"1、交易计算表4月.xls","2026-04","2026-04-03","8","07:00-08:00","81698","原表标题写“兆瓦时”，但日行数值疑似 kWh 级别，未自动换算","False"
"1、交易计算表4月.xls","2026-04","2026-04-03","9","08:00-09:00","94790","原表标题写“兆瓦时”，但日行数值疑似 kWh 级别，未自动换算","False"
"1、交易计算表4月.xls","2026-04","2026-04-03","10","09:00-10:00","100360","原表标题写“兆瓦时”，但日行数值疑似 kWh 级别，未自动换算","False"
"1、交易计算表4月.xls","2026-04","2026-04-03","11","10:00-11:00","75765","原表标题写“兆瓦时”，但日行数值疑似 kWh 级别，未自动换算","False"
"1、交易计算表4月.xls","2026-04","2026-04-03","12","11:00-12:00","90146","原表标题写“兆瓦时”，但日行数值疑似 kWh 级别，未自动换算","False"
"1、交易计算表4月.xls","2026-04","2026-04-03","13","12:00-13:00","76416","原表标题写“兆瓦时”，但日行数值疑似 kWh 级别，未自动换算","False"
"1、交易计算表4月.xls","2026-04","2026-04-03","14","13:00-14:00","78991","原表标题写“兆瓦时”，但日行数值疑似 kWh 级别，未自动换算","False"
"1、交易计算表4月.xls","2026-04","2026-04-03","15","14:00-15:00","83074","原表标题写“兆瓦时”，但日行数值疑似 kWh 级别，未自动换算","False"
"1、交易计算表4月.xls","2026-04","2026-04-03","16","15:00-16:00","87109","原表标题写“兆瓦时”，但日行数值疑似 kWh 级别，未自动换算","False"
"1、交易计算表4月.xls","2026-04","2026-04-03","17","16:00-17:00","86195","原表标题写“兆瓦时”，但日行数值疑似 kWh 级别，未自动换算","False"
"1、交易计算表4月.xls","2026-04","2026-04-03","18","17:00-18:00","89639","原表标题写“兆瓦时”，但日行数值疑似 kWh 级别，未自动换算","False"
"1、交易计算表4月.xls","2026-04","2026-04-03","19","18:00-19:00","90850","原表标题写“兆瓦时”，但日行数值疑似 kWh 级别，未自动换算","False"
"1、交易计算表4月.xls","2026-04","2026-04-03","20","19:00-20:00","90892","原表标题写“兆瓦时”，但日行数值疑似 kWh 级别，未自动换算","False"
"1、交易计算表4月.xls","2026-04","2026-04-03","21","20:00-21:00","85338","原表标题写“兆瓦时”，但日行数值疑似 kWh 级别，未自动换算","False"
"1、交易计算表4月.xls","2026-04","2026-04-03","22","21:00-22:00","78671","原表标题写“兆瓦时”，但日行数值疑似 kWh 级别，未自动换算","False"
"1、交易计算表4月.xls","2026-04","2026-04-03","23","22:00-23:00","68425","原表标题写“兆瓦时”，但日行数值疑似 kWh 级别，未自动换算","False"
"1、交易计算表4月.xls","2026-04","2026-04-03","24","23:00-24:00","76525","原表标题写“兆瓦时”，但日行数值疑似 kWh 级别，未自动换算","False"
"1、交易计算表4月.xls","2026-04","2026-04-02","1","00:00-01:00","35802","原表标题写“兆瓦时”，但日行数值疑似 kWh 级别，未自动换算","False"
"1、交易计算表4月.xls","2026-04","2026-04-02","2","01:00-02:00","27275","原表标题写“兆瓦时”，但日行数值疑似 kWh 级别，未自动换算","False"
"1、交易计算表4月.xls","2026-04","2026-04-02","3","02:00-03:00","28416","原表标题写“兆瓦时”，但日行数值疑似 kWh 级别，未自动换算","False"
"1、交易计算表4月.xls","2026-04","2026-04-02","4","03:00-04:00","31547","原表标题写“兆瓦时”，但日行数值疑似 kWh 级别，未自动换算","False"
"1、交易计算表4月.xls","2026-04","2026-04-02","5","04:00-05:00","38125","原表标题写“兆瓦时”，但日行数值疑似 kWh 级别，未自动换算","False"
"1、交易计算表4月.xls","2026-04","2026-04-02","6","05:00-06:00","40383","原表标题写“兆瓦时”，但日行数值疑似 kWh 级别，未自动换算","False"
"1、交易计算表4月.xls","2026-04","2026-04-02","7","06:00-07:00","70133","原表标题写“兆瓦时”，但日行数值疑似 kWh 级别，未自动换算","False"
"1、交易计算表4月.xls","2026-04","2026-04-02","8","07:00-08:00","95906","原表标题写“兆瓦时”，但日行数值疑似 kWh 级别，未自动换算","False"
"1、交易计算表4月.xls","2026-04","2026-04-02","9","08:00-09:00","94350","原表标题写“兆瓦时”，但日行数值疑似 kWh 级别，未自动换算","False"
"1、交易计算表4月.xls","2026-04","2026-04-02","10","09:00-10:00","82746","原表标题写“兆瓦时”，但日行数值疑似 kWh 级别，未自动换算","False"
"1、交易计算表4月.xls","2026-04","2026-04-02","11","10:00-11:00","87395","原表标题写“兆瓦时”，但日行数值疑似 kWh 级别，未自动换算","False"
"1、交易计算表4月.xls","2026-04","2026-04-02","12","11:00-12:00","75406","原表标题写“兆瓦时”，但日行数值疑似 kWh 级别，未自动换算","False"
"1、交易计算表4月.xls","2026-04","2026-04-02","13","12:00-13:00","84826","原表标题写“兆瓦时”，但日行数值疑似 kWh 级别，未自动换算","False"
"1、交易计算表4月.xls","2026-04","2026-04-02","14","13:00-14:00","77540","原表标题写“兆瓦时”，但日行数值疑似 kWh 级别，未自动换算","False"
"1、交易计算表4月.xls","2026-04","2026-04-02","15","14:00-15:00","75582","原表标题写“兆瓦时”，但日行数值疑似 kWh 级别，未自动换算","False"
"1、交易计算表4月.xls","2026-04","2026-04-02","16","15:00-16:00","82294","原表标题写“兆瓦时”，但日行数值疑似 kWh 级别，未自动换算","False"
"1、交易计算表4月.xls","2026-04","2026-04-02","17","16:00-17:00","87892","原表标题写“兆瓦时”，但日行数值疑似 kWh 级别，未自动换算","False"
"1、交易计算表4月.xls","2026-04","2026-04-02","18","17:00-18:00","94382","原表标题写“兆瓦时”，但日行数值疑似 kWh 级别，未自动换算","False"
"1、交易计算表4月.xls","2026-04","2026-04-02","19","18:00-19:00","94323","原表标题写“兆瓦时”，但日行数值疑似 kWh 级别，未自动换算","False"
"1、交易计算表4月.xls","2026-04","2026-04-02","20","19:00-20:00","84429","原表标题写“兆瓦时”，但日行数值疑似 kWh 级别，未自动换算","False"
"1、交易计算表4月.xls","2026-04","2026-04-02","21","20:00-21:00","83290","原表标题写“兆瓦时”，但日行数值疑似 kWh 级别，未自动换算","False"
"1、交易计算表4月.xls","2026-04","2026-04-02","22","21:00-22:00","78828","原表标题写“兆瓦时”，但日行数值疑似 kWh 级别，未自动换算","False"
"1、交易计算表4月.xls","2026-04","2026-04-02","23","22:00-23:00","75791","原表标题写“兆瓦时”，但日行数值疑似 kWh 级别，未自动换算","False"
"1、交易计算表4月.xls","2026-04","2026-04-02","24","23:00-24:00","46830","原表标题写“兆瓦时”，但日行数值疑似 kWh 级别，未自动换算","False"
"1、交易计算表4月.xls","2026-04","2026-04-01","1","00:00-01:00","39892","原表标题写“兆瓦时”，但日行数值疑似 kWh 级别，未自动换算","False"
"1、交易计算表4月.xls","2026-04","2026-04-01","2","01:00-02:00","24423","原表标题写“兆瓦时”，但日行数值疑似 kWh 级别，未自动换算","False"
"1、交易计算表4月.xls","2026-04","2026-04-01","3","02:00-03:00","42501","原表标题写“兆瓦时”，但日行数值疑似 kWh 级别，未自动换算","False"
"1、交易计算表4月.xls","2026-04","2026-04-01","4","03:00-04:00","21841","原表标题写“兆瓦时”，但日行数值疑似 kWh 级别，未自动换算","False"
"1、交易计算表4月.xls","2026-04","2026-04-01","5","04:00-05:00","39781","原表标题写“兆瓦时”，但日行数值疑似 kWh 级别，未自动换算","False"
"1、交易计算表4月.xls","2026-04","2026-04-01","6","05:00-06:00","42691","原表标题写“兆瓦时”，但日行数值疑似 kWh 级别，未自动换算","False"
"1、交易计算表4月.xls","2026-04","2026-04-01","7","06:00-07:00","76218","原表标题写“兆瓦时”，但日行数值疑似 kWh 级别，未自动换算","False"
"1、交易计算表4月.xls","2026-04","2026-04-01","8","07:00-08:00","91602","原表标题写“兆瓦时”，但日行数值疑似 kWh 级别，未自动换算","False"
"1、交易计算表4月.xls","2026-04","2026-04-01","9","08:00-09:00","89541","原表标题写“兆瓦时”，但日行数值疑似 kWh 级别，未自动换算","False"
"1、交易计算表4月.xls","2026-04","2026-04-01","10","09:00-10:00","82395","原表标题写“兆瓦时”，但日行数值疑似 kWh 级别，未自动换算","False"
"1、交易计算表4月.xls","2026-04","2026-04-01","11","10:00-11:00","91298","原表标题写“兆瓦时”，但日行数值疑似 kWh 级别，未自动换算","False"
"1、交易计算表4月.xls","2026-04","2026-04-01","12","11:00-12:00","84750","原表标题写“兆瓦时”，但日行数值疑似 kWh 级别，未自动换算","False"
"1、交易计算表4月.xls","2026-04","2026-04-01","13","12:00-13:00","70421","原表标题写“兆瓦时”，但日行数值疑似 kWh 级别，未自动换算","False"
"1、交易计算表4月.xls","2026-04","2026-04-01","14","13:00-14:00","87417","原表标题写“兆瓦时”，但日行数值疑似 kWh 级别，未自动换算","False"
"1、交易计算表4月.xls","2026-04","2026-04-01","15","14:00-15:00","70803","原表标题写“兆瓦时”，但日行数值疑似 kWh 级别，未自动换算","False"
"1、交易计算表4月.xls","2026-04","2026-04-01","16","15:00-16:00","90765","原表标题写“兆瓦时”，但日行数值疑似 kWh 级别，未自动换算","False"
"1、交易计算表4月.xls","2026-04","2026-04-01","17","16:00-17:00","78600","原表标题写“兆瓦时”，但日行数值疑似 kWh 级别，未自动换算","False"
"1、交易计算表4月.xls","2026-04","2026-04-01","18","17:00-18:00","84907","原表标题写“兆瓦时”，但日行数值疑似 kWh 级别，未自动换算","False"
"1、交易计算表4月.xls","2026-04","2026-04-01","19","18:00-19:00","104837","原表标题写“兆瓦时”，但日行数值疑似 kWh 级别，未自动换算","False"
"1、交易计算表4月.xls","2026-04","2026-04-01","20","19:00-20:00","85083","原表标题写“兆瓦时”，但日行数值疑似 kWh 级别，未自动换算","False"
"1、交易计算表4月.xls","2026-04","2026-04-01","21","20:00-21:00","76289","原表标题写“兆瓦时”，但日行数值疑似 kWh 级别，未自动换算","False"
"1、交易计算表4月.xls","2026-04","2026-04-01","22","21:00-22:00","89909","原表标题写“兆瓦时”，但日行数值疑似 kWh 级别，未自动换算","False"
"1、交易计算表4月.xls","2026-04","2026-04-01","23","22:00-23:00","65194","原表标题写“兆瓦时”，但日行数值疑似 kWh 级别，未自动换算","False"
"1、交易计算表4月.xls","2026-04","2026-04-01","24","23:00-24:00","49086","原表标题写“兆瓦时”，但日行数值疑似 kWh 级别，未自动换算","False"
"1、交易计算表5月.xls","2026-05","2026-05-05","1","00:00-01:00","45540","原表标题写“兆瓦时”，但日行数值疑似 kWh 级别，未自动换算","False"
"1、交易计算表5月.xls","2026-05","2026-05-05","2","01:00-02:00","28066","原表标题写“兆瓦时”，但日行数值疑似 kWh 级别，未自动换算","False"
"1、交易计算表5月.xls","2026-05","2026-05-05","3","02:00-03:00","33036","原表标题写“兆瓦时”，但日行数值疑似 kWh 级别，未自动换算","False"
"1、交易计算表5月.xls","2026-05","2026-05-05","4","03:00-04:00","29334","原表标题写“兆瓦时”，但日行数值疑似 kWh 级别，未自动换算","False"
"1、交易计算表5月.xls","2026-05","2026-05-05","5","04:00-05:00","36190","原表标题写“兆瓦时”，但日行数值疑似 kWh 级别，未自动换算","False"
"1、交易计算表5月.xls","2026-05","2026-05-05","6","05:00-06:00","43788","原表标题写“兆瓦时”，但日行数值疑似 kWh 级别，未自动换算","False"
"1、交易计算表5月.xls","2026-05","2026-05-05","7","06:00-07:00","68962","原表标题写“兆瓦时”，但日行数值疑似 kWh 级别，未自动换算","False"
"1、交易计算表5月.xls","2026-05","2026-05-05","8","07:00-08:00","82003","原表标题写“兆瓦时”，但日行数值疑似 kWh 级别，未自动换算","False"
"1、交易计算表5月.xls","2026-05","2026-05-05","9","08:00-09:00","77991","原表标题写“兆瓦时”，但日行数值疑似 kWh 级别，未自动换算","False"
"1、交易计算表5月.xls","2026-05","2026-05-05","10","09:00-10:00","79013","原表标题写“兆瓦时”，但日行数值疑似 kWh 级别，未自动换算","False"
"1、交易计算表5月.xls","2026-05","2026-05-05","11","10:00-11:00","88257","原表标题写“兆瓦时”，但日行数值疑似 kWh 级别，未自动换算","False"
"1、交易计算表5月.xls","2026-05","2026-05-05","12","11:00-12:00","89400","原表标题写“兆瓦时”，但日行数值疑似 kWh 级别，未自动换算","False"
"1、交易计算表5月.xls","2026-05","2026-05-05","13","12:00-13:00","90434","原表标题写“兆瓦时”，但日行数值疑似 kWh 级别，未自动换算","False"
"1、交易计算表5月.xls","2026-05","2026-05-05","14","13:00-14:00","67368","原表标题写“兆瓦时”，但日行数值疑似 kWh 级别，未自动换算","False"
"1、交易计算表5月.xls","2026-05","2026-05-05","15","14:00-15:00","96107","原表标题写“兆瓦时”，但日行数值疑似 kWh 级别，未自动换算","False"
"1、交易计算表5月.xls","2026-05","2026-05-05","16","15:00-16:00","86413","原表标题写“兆瓦时”，但日行数值疑似 kWh 级别，未自动换算","False"
"1、交易计算表5月.xls","2026-05","2026-05-05","17","16:00-17:00","91279","原表标题写“兆瓦时”，但日行数值疑似 kWh 级别，未自动换算","False"
"1、交易计算表5月.xls","2026-05","2026-05-05","18","17:00-18:00","85346","原表标题写“兆瓦时”，但日行数值疑似 kWh 级别，未自动换算","False"
"1、交易计算表5月.xls","2026-05","2026-05-05","19","18:00-19:00","94690","原表标题写“兆瓦时”，但日行数值疑似 kWh 级别，未自动换算","False"
"1、交易计算表5月.xls","2026-05","2026-05-05","20","19:00-20:00","89029","原表标题写“兆瓦时”，但日行数值疑似 kWh 级别，未自动换算","False"
"1、交易计算表5月.xls","2026-05","2026-05-05","21","20:00-21:00","80307","原表标题写“兆瓦时”，但日行数值疑似 kWh 级别，未自动换算","False"
"1、交易计算表5月.xls","2026-05","2026-05-05","22","21:00-22:00","87673","原表标题写“兆瓦时”，但日行数值疑似 kWh 级别，未自动换算","False"
"1、交易计算表5月.xls","2026-05","2026-05-05","23","22:00-23:00","82021","原表标题写“兆瓦时”，但日行数值疑似 kWh 级别，未自动换算","False"
"1、交易计算表5月.xls","2026-05","2026-05-05","24","23:00-24:00","65857","原表标题写“兆瓦时”，但日行数值疑似 kWh 级别，未自动换算","False"
"1、交易计算表5月.xls","2026-05","2026-05-04","1","00:00-01:00","56586","原表标题写“兆瓦时”，但日行数值疑似 kWh 级别，未自动换算","False"
"1、交易计算表5月.xls","2026-05","2026-05-04","2","01:00-02:00","28230","原表标题写“兆瓦时”，但日行数值疑似 kWh 级别，未自动换算","False"
"1、交易计算表5月.xls","2026-05","2026-05-04","3","02:00-03:00","38122","原表标题写“兆瓦时”，但日行数值疑似 kWh 级别，未自动换算","False"
"1、交易计算表5月.xls","2026-05","2026-05-04","4","03:00-04:00","22165","原表标题写“兆瓦时”，但日行数值疑似 kWh 级别，未自动换算","False"
"1、交易计算表5月.xls","2026-05","2026-05-04","5","04:00-05:00","31105","原表标题写“兆瓦时”，但日行数值疑似 kWh 级别，未自动换算","False"
"1、交易计算表5月.xls","2026-05","2026-05-04","6","05:00-06:00","47509","原表标题写“兆瓦时”，但日行数值疑似 kWh 级别，未自动换算","False"
"1、交易计算表5月.xls","2026-05","2026-05-04","7","06:00-07:00","72330","原表标题写“兆瓦时”，但日行数值疑似 kWh 级别，未自动换算","False"
"1、交易计算表5月.xls","2026-05","2026-05-04","8","07:00-08:00","84107","原表标题写“兆瓦时”，但日行数值疑似 kWh 级别，未自动换算","False"
"1、交易计算表5月.xls","2026-05","2026-05-04","9","08:00-09:00","74537","原表标题写“兆瓦时”，但日行数值疑似 kWh 级别，未自动换算","False"
"1、交易计算表5月.xls","2026-05","2026-05-04","10","09:00-10:00","89571","原表标题写“兆瓦时”，但日行数值疑似 kWh 级别，未自动换算","False"
"1、交易计算表5月.xls","2026-05","2026-05-04","11","10:00-11:00","88185","原表标题写“兆瓦时”，但日行数值疑似 kWh 级别，未自动换算","False"
"1、交易计算表5月.xls","2026-05","2026-05-04","12","11:00-12:00","78048","原表标题写“兆瓦时”，但日行数值疑似 kWh 级别，未自动换算","False"
"1、交易计算表5月.xls","2026-05","2026-05-04","13","12:00-13:00","87770","原表标题写“兆瓦时”，但日行数值疑似 kWh 级别，未自动换算","False"
"1、交易计算表5月.xls","2026-05","2026-05-04","14","13:00-14:00","85993","原表标题写“兆瓦时”，但日行数值疑似 kWh 级别，未自动换算","False"
"1、交易计算表5月.xls","2026-05","2026-05-04","15","14:00-15:00","86522","原表标题写“兆瓦时”，但日行数值疑似 kWh 级别，未自动换算","False"
"1、交易计算表5月.xls","2026-05","2026-05-04","16","15:00-16:00","88742","原表标题写“兆瓦时”，但日行数值疑似 kWh 级别，未自动换算","False"
"1、交易计算表5月.xls","2026-05","2026-05-04","17","16:00-17:00","88238","原表标题写“兆瓦时”，但日行数值疑似 kWh 级别，未自动换算","False"
"1、交易计算表5月.xls","2026-05","2026-05-04","18","17:00-18:00","89213","原表标题写“兆瓦时”，但日行数值疑似 kWh 级别，未自动换算","False"
"1、交易计算表5月.xls","2026-05","2026-05-04","19","18:00-19:00","93773","原表标题写“兆瓦时”，但日行数值疑似 kWh 级别，未自动换算","False"
"1、交易计算表5月.xls","2026-05","2026-05-04","20","19:00-20:00","85843","原表标题写“兆瓦时”，但日行数值疑似 kWh 级别，未自动换算","False"
"1、交易计算表5月.xls","2026-05","2026-05-04","21","20:00-21:00","93307","原表标题写“兆瓦时”，但日行数值疑似 kWh 级别，未自动换算","False"
"1、交易计算表5月.xls","2026-05","2026-05-04","22","21:00-22:00","82980","原表标题写“兆瓦时”，但日行数值疑似 kWh 级别，未自动换算","False"
"1、交易计算表5月.xls","2026-05","2026-05-04","23","22:00-23:00","80718","原表标题写“兆瓦时”，但日行数值疑似 kWh 级别，未自动换算","False"
"1、交易计算表5月.xls","2026-05","2026-05-04","24","23:00-24:00","62059","原表标题写“兆瓦时”，但日行数值疑似 kWh 级别，未自动换算","False"
"1、交易计算表5月.xls","2026-05","2026-05-03","1","00:00-01:00","61145","原表标题写“兆瓦时”，但日行数值疑似 kWh 级别，未自动换算","False"
"1、交易计算表5月.xls","2026-05","2026-05-03","2","01:00-02:00","38667","原表标题写“兆瓦时”，但日行数值疑似 kWh 级别，未自动换算","False"
"1、交易计算表5月.xls","2026-05","2026-05-03","3","02:00-03:00","22128","原表标题写“兆瓦时”，但日行数值疑似 kWh 级别，未自动换算","False"
"1、交易计算表5月.xls","2026-05","2026-05-03","4","03:00-04:00","34855","原表标题写“兆瓦时”，但日行数值疑似 kWh 级别，未自动换算","False"
"1、交易计算表5月.xls","2026-05","2026-05-03","5","04:00-05:00","34837","原表标题写“兆瓦时”，但日行数值疑似 kWh 级别，未自动换算","False"
"1、交易计算表5月.xls","2026-05","2026-05-03","6","05:00-06:00","41277","原表标题写“兆瓦时”，但日行数值疑似 kWh 级别，未自动换算","False"
"1、交易计算表5月.xls","2026-05","2026-05-03","7","06:00-07:00","73691","原表标题写“兆瓦时”，但日行数值疑似 kWh 级别，未自动换算","False"
"1、交易计算表5月.xls","2026-05","2026-05-03","8","07:00-08:00","82061","原表标题写“兆瓦时”，但日行数值疑似 kWh 级别，未自动换算","False"
"1、交易计算表5月.xls","2026-05","2026-05-03","9","08:00-09:00","75289","原表标题写“兆瓦时”，但日行数值疑似 kWh 级别，未自动换算","False"
"1、交易计算表5月.xls","2026-05","2026-05-03","10","09:00-10:00","88261","原表标题写“兆瓦时”，但日行数值疑似 kWh 级别，未自动换算","False"
"1、交易计算表5月.xls","2026-05","2026-05-03","11","10:00-11:00","93782","原表标题写“兆瓦时”，但日行数值疑似 kWh 级别，未自动换算","False"
"1、交易计算表5月.xls","2026-05","2026-05-03","12","11:00-12:00","82080","原表标题写“兆瓦时”，但日行数值疑似 kWh 级别，未自动换算","False"
"1、交易计算表5月.xls","2026-05","2026-05-03","13","12:00-13:00","95919","原表标题写“兆瓦时”，但日行数值疑似 kWh 级别，未自动换算","False"
"1、交易计算表5月.xls","2026-05","2026-05-03","14","13:00-14:00","84473","原表标题写“兆瓦时”，但日行数值疑似 kWh 级别，未自动换算","False"
"1、交易计算表5月.xls","2026-05","2026-05-03","15","14:00-15:00","98229","原表标题写“兆瓦时”，但日行数值疑似 kWh 级别，未自动换算","False"
"1、交易计算表5月.xls","2026-05","2026-05-03","16","15:00-16:00","93345","原表标题写“兆瓦时”，但日行数值疑似 kWh 级别，未自动换算","False"
"1、交易计算表5月.xls","2026-05","2026-05-03","17","16:00-17:00","91752","原表标题写“兆瓦时”，但日行数值疑似 kWh 级别，未自动换算","False"
"1、交易计算表5月.xls","2026-05","2026-05-03","18","17:00-18:00","95189","原表标题写“兆瓦时”，但日行数值疑似 kWh 级别，未自动换算","False"
"1、交易计算表5月.xls","2026-05","2026-05-03","19","18:00-19:00","102048","原表标题写“兆瓦时”，但日行数值疑似 kWh 级别，未自动换算","False"
"1、交易计算表5月.xls","2026-05","2026-05-03","20","19:00-20:00","88072","原表标题写“兆瓦时”，但日行数值疑似 kWh 级别，未自动换算","False"
"1、交易计算表5月.xls","2026-05","2026-05-03","21","20:00-21:00","89836","原表标题写“兆瓦时”，但日行数值疑似 kWh 级别，未自动换算","False"
"1、交易计算表5月.xls","2026-05","2026-05-03","22","21:00-22:00","90566","原表标题写“兆瓦时”，但日行数值疑似 kWh 级别，未自动换算","False"
"1、交易计算表5月.xls","2026-05","2026-05-03","23","22:00-23:00","98219","原表标题写“兆瓦时”，但日行数值疑似 kWh 级别，未自动换算","False"
"1、交易计算表5月.xls","2026-05","2026-05-03","24","23:00-24:00","67295","原表标题写“兆瓦时”，但日行数值疑似 kWh 级别，未自动换算","False"
"1、交易计算表5月.xls","2026-05","2026-05-02","1","00:00-01:00","53084","原表标题写“兆瓦时”，但日行数值疑似 kWh 级别，未自动换算","False"
"1、交易计算表5月.xls","2026-05","2026-05-02","2","01:00-02:00","36500","原表标题写“兆瓦时”，但日行数值疑似 kWh 级别，未自动换算","False"
"1、交易计算表5月.xls","2026-05","2026-05-02","3","02:00-03:00","23772","原表标题写“兆瓦时”，但日行数值疑似 kWh 级别，未自动换算","False"
"1、交易计算表5月.xls","2026-05","2026-05-02","4","03:00-04:00","26917","原表标题写“兆瓦时”，但日行数值疑似 kWh 级别，未自动换算","False"
"1、交易计算表5月.xls","2026-05","2026-05-02","5","04:00-05:00","44228","原表标题写“兆瓦时”，但日行数值疑似 kWh 级别，未自动换算","False"
"1、交易计算表5月.xls","2026-05","2026-05-02","6","05:00-06:00","47078","原表标题写“兆瓦时”，但日行数值疑似 kWh 级别，未自动换算","False"
"1、交易计算表5月.xls","2026-05","2026-05-02","7","06:00-07:00","63118","原表标题写“兆瓦时”，但日行数值疑似 kWh 级别，未自动换算","False"
"1、交易计算表5月.xls","2026-05","2026-05-02","8","07:00-08:00","77241","原表标题写“兆瓦时”，但日行数值疑似 kWh 级别，未自动换算","False"
"1、交易计算表5月.xls","2026-05","2026-05-02","9","08:00-09:00","83224","原表标题写“兆瓦时”，但日行数值疑似 kWh 级别，未自动换算","False"
"1、交易计算表5月.xls","2026-05","2026-05-02","10","09:00-10:00","87863","原表标题写“兆瓦时”，但日行数值疑似 kWh 级别，未自动换算","False"
"1、交易计算表5月.xls","2026-05","2026-05-02","11","10:00-11:00","93211","原表标题写“兆瓦时”，但日行数值疑似 kWh 级别，未自动换算","False"
"1、交易计算表5月.xls","2026-05","2026-05-02","12","11:00-12:00","82070","原表标题写“兆瓦时”，但日行数值疑似 kWh 级别，未自动换算","False"
"1、交易计算表5月.xls","2026-05","2026-05-02","13","12:00-13:00","97027","原表标题写“兆瓦时”，但日行数值疑似 kWh 级别，未自动换算","False"
"1、交易计算表5月.xls","2026-05","2026-05-02","14","13:00-14:00","91695","原表标题写“兆瓦时”，但日行数值疑似 kWh 级别，未自动换算","False"
"1、交易计算表5月.xls","2026-05","2026-05-02","15","14:00-15:00","89457","原表标题写“兆瓦时”，但日行数值疑似 kWh 级别，未自动换算","False"
"1、交易计算表5月.xls","2026-05","2026-05-02","16","15:00-16:00","99967","原表标题写“兆瓦时”，但日行数值疑似 kWh 级别，未自动换算","False"
"1、交易计算表5月.xls","2026-05","2026-05-02","17","16:00-17:00","90112","原表标题写“兆瓦时”，但日行数值疑似 kWh 级别，未自动换算","False"
"1、交易计算表5月.xls","2026-05","2026-05-02","18","17:00-18:00","99190","原表标题写“兆瓦时”，但日行数值疑似 kWh 级别，未自动换算","False"
"1、交易计算表5月.xls","2026-05","2026-05-02","19","18:00-19:00","96681","原表标题写“兆瓦时”，但日行数值疑似 kWh 级别，未自动换算","False"
"1、交易计算表5月.xls","2026-05","2026-05-02","20","19:00-20:00","91394","原表标题写“兆瓦时”，但日行数值疑似 kWh 级别，未自动换算","False"
"1、交易计算表5月.xls","2026-05","2026-05-02","21","20:00-21:00","95769","原表标题写“兆瓦时”，但日行数值疑似 kWh 级别，未自动换算","False"
"1、交易计算表5月.xls","2026-05","2026-05-02","22","21:00-22:00","91093","原表标题写“兆瓦时”，但日行数值疑似 kWh 级别，未自动换算","False"
"1、交易计算表5月.xls","2026-05","2026-05-02","23","22:00-23:00","84409","原表标题写“兆瓦时”，但日行数值疑似 kWh 级别，未自动换算","False"
"1、交易计算表5月.xls","2026-05","2026-05-02","24","23:00-24:00","68200","原表标题写“兆瓦时”，但日行数值疑似 kWh 级别，未自动换算","False"
"1、交易计算表5月.xls","2026-05","2026-05-01","1","00:00-01:00","61171","原表标题写“兆瓦时”，但日行数值疑似 kWh 级别，未自动换算","False"
"1、交易计算表5月.xls","2026-05","2026-05-01","2","01:00-02:00","34625","原表标题写“兆瓦时”，但日行数值疑似 kWh 级别，未自动换算","False"
"1、交易计算表5月.xls","2026-05","2026-05-01","3","02:00-03:00","30586","原表标题写“兆瓦时”，但日行数值疑似 kWh 级别，未自动换算","False"
"1、交易计算表5月.xls","2026-05","2026-05-01","4","03:00-04:00","24049","原表标题写“兆瓦时”，但日行数值疑似 kWh 级别，未自动换算","False"
"1、交易计算表5月.xls","2026-05","2026-05-01","5","04:00-05:00","43719","原表标题写“兆瓦时”，但日行数值疑似 kWh 级别，未自动换算","False"
"1、交易计算表5月.xls","2026-05","2026-05-01","6","05:00-06:00","47739","原表标题写“兆瓦时”，但日行数值疑似 kWh 级别，未自动换算","False"
"1、交易计算表5月.xls","2026-05","2026-05-01","7","06:00-07:00","61047","原表标题写“兆瓦时”，但日行数值疑似 kWh 级别，未自动换算","False"
"1、交易计算表5月.xls","2026-05","2026-05-01","8","07:00-08:00","84644","原表标题写“兆瓦时”，但日行数值疑似 kWh 级别，未自动换算","False"
"1、交易计算表5月.xls","2026-05","2026-05-01","9","08:00-09:00","78690","原表标题写“兆瓦时”，但日行数值疑似 kWh 级别，未自动换算","False"
"1、交易计算表5月.xls","2026-05","2026-05-01","10","09:00-10:00","87156","原表标题写“兆瓦时”，但日行数值疑似 kWh 级别，未自动换算","False"
"1、交易计算表5月.xls","2026-05","2026-05-01","11","10:00-11:00","84291","原表标题写“兆瓦时”，但日行数值疑似 kWh 级别，未自动换算","False"
"1、交易计算表5月.xls","2026-05","2026-05-01","12","11:00-12:00","92951","原表标题写“兆瓦时”，但日行数值疑似 kWh 级别，未自动换算","False"
"1、交易计算表5月.xls","2026-05","2026-05-01","13","12:00-13:00","94329","原表标题写“兆瓦时”，但日行数值疑似 kWh 级别，未自动换算","False"
"1、交易计算表5月.xls","2026-05","2026-05-01","14","13:00-14:00","91575","原表标题写“兆瓦时”，但日行数值疑似 kWh 级别，未自动换算","False"
"1、交易计算表5月.xls","2026-05","2026-05-01","15","14:00-15:00","88307","原表标题写“兆瓦时”，但日行数值疑似 kWh 级别，未自动换算","False"
"1、交易计算表5月.xls","2026-05","2026-05-01","16","15:00-16:00","95001","原表标题写“兆瓦时”，但日行数值疑似 kWh 级别，未自动换算","False"
"1、交易计算表5月.xls","2026-05","2026-05-01","17","16:00-17:00","98295","原表标题写“兆瓦时”，但日行数值疑似 kWh 级别，未自动换算","False"
"1、交易计算表5月.xls","2026-05","2026-05-01","18","17:00-18:00","98391","原表标题写“兆瓦时”，但日行数值疑似 kWh 级别，未自动换算","False"
"1、交易计算表5月.xls","2026-05","2026-05-01","19","18:00-19:00","90850","原表标题写“兆瓦时”，但日行数值疑似 kWh 级别，未自动换算","False"
"1、交易计算表5月.xls","2026-05","2026-05-01","20","19:00-20:00","100896","原表标题写“兆瓦时”，但日行数值疑似 kWh 级别，未自动换算","False"
"1、交易计算表5月.xls","2026-05","2026-05-01","21","20:00-21:00","88469","原表标题写“兆瓦时”，但日行数值疑似 kWh 级别，未自动换算","False"
"1、交易计算表5月.xls","2026-05","2026-05-01","22","21:00-22:00","89086","原表标题写“兆瓦时”，但日行数值疑似 kWh 级别，未自动换算","False"
"1、交易计算表5月.xls","2026-05","2026-05-01","23","22:00-23:00","89006","原表标题写“兆瓦时”，但日行数值疑似 kWh 级别，未自动换算","False"
"1、交易计算表5月.xls","2026-05","2026-05-01","24","23:00-24:00","74162","原表标题写“兆瓦时”，但日行数值疑似 kWh 级别，未自动换算","False"
